runnum,evnum,HALLA_p
13305,54121,5964.82
13305,74093,5964.75
13305,93814,5964.75
13305,113527,5964.81
13305,133368,5964.81
13305,153194,5964.75
13305,173018,5964.75
13305,192870,5964.75
13305,212564,5964.79
13305,232280,5964.79
13305,251987,5964.76
13305,271980,5964.76
13305,291713,5964.8
13305,311666,5964.8
13305,331507,5964.7
13305,351735,5964.7
13305,371580,5964.7
13305,391600,5964.73
13305,411340,5964.73
13305,431327,5964.82
13305,451299,5964.82
13305,470965,5964.7
13305,490981,5964.7
13305,510964,5964.89
13305,530435,5964.89
13305,536368,5964.89
13305,536678,5964.8
13305,537043,5964.8
13305,537358,5965.54
13305,537602,5965.54
13305,546491,5965.54
13305,565772,5965.54
13305,586133,5964.75
13305,599593,5964.75
13305,599921,5964.75
13305,600146,5964.48
13305,611492,5964.48
13305,631475,5965.54
13305,652118,5965.54
13305,672832,5964.65
13305,693160,5964.65
13305,713801,5964.72
13305,734232,5964.72
13305,754603,5964.72
13305,775077,5964.8
13305,7694148,5964.74
13305,7716525,5964.7
13305,7738681,5964.7
13305,7760448,5964.7
13305,7782310,5964.75
13305,7804102,5964.75
13305,7826065,5964.7
13305,7848031,5964.7
13305,7869596,5964.73
13305,7891420,5964.73
13305,7913505,5964.84
13305,7935395,5964.84
13305,7957383,5964.84
13305,7979403,5964.83
13305,8001310,5964.83
13305,8023490,5964.72
13305,8045636,5964.72
13305,8067251,5964.79
13305,795688,5964.8
13305,815901,5964.77
13305,836368,5964.77
13305,856765,5964.78
13305,877488,5964.78
13305,898293,5964.74
13305,918854,5964.74
13305,939288,5964.75
13305,960196,5964.75
13305,980634,5964.75
13305,1001429,5964.64
13305,1021995,5964.64
13305,1042868,5964.74
13305,1063637,5964.74
13305,1084451,5964.78
13305,1105298,5964.78
13305,1126062,5964.77
13305,1147042,5964.77
13305,1561115,5964.8
13305,1581854,5964.8
13305,1602210,5964.83
13305,1623199,5964.83
13305,1643923,5964.7
13305,1664681,5964.7
13305,1685682,5964.75
13305,1706537,5964.75
13305,1727391,5964.75
13305,1748245,5964.8
13305,1769637,5964.8
13305,1790642,5964.58
13305,1811232,5964.58
13305,1831987,5964.78
13305,1852719,5964.78
13305,1873332,5964.75
13305,1894052,5964.75
13305,1914914,5964.75
13305,1935788,5964.74
13305,2333350,5964.77
13305,2354200,5964.8
13305,2375203,5964.8
13305,2396404,5964.86
13305,2417449,5964.86
13305,2438164,5964.69
13305,2459188,5964.69
13305,2479921,5964.69
13305,2501039,5964.8
13305,2521765,5964.8
13305,2542874,5964.68
13305,2564070,5964.68
13305,2585646,5964.83
13305,2606749,5964.83
13305,2627381,5964.76
13305,2648199,5964.76
13305,2668948,5964.76
13305,2689966,5964.73
13305,3111193,5964.73
13305,3132076,5964.73
13305,3153299,5964.76
13305,3174577,5964.76
13305,3195687,5964.82
13305,3217134,5964.82
13305,3238244,5964.7
13305,3259240,5964.7
13305,3280465,5964.7
13305,3301296,5964.68
13305,3322269,5964.68
13305,3343387,5964.83
13305,3364432,5964.83
13305,3385517,5964.85
13305,3406695,5964.85
13305,3427750,5964.78
13305,3449050,5964.78
13305,3470497,5964.78
13305,3872786,5964.6
13305,3894184,5964.6
13305,3915813,5964.8
13305,3936937,5964.8
13305,3958172,5964.84
13305,3979353,5964.84
13305,4000821,5964.78
13305,4021938,5964.78
13305,4042788,5964.66
13305,4064290,5964.66
13305,4086036,5964.66
13305,4107573,5964.83
13305,4128792,5964.83
13305,4149902,5964.68
13305,4171042,5964.68
13305,4192509,5964.75
13305,4213549,5964.75
13305,4234764,5964.7
13305,4641308,5964.74
13305,4662748,5964.74
13305,4684193,5964.7
13305,4705715,5964.7
13305,4727334,5964.76
13305,4748833,5964.76
13305,4770119,5964.66
13305,4791699,5964.66
13305,4812855,5964.66
13305,4834737,5964.71
13305,4856353,5964.71
13305,4877746,5964.94
13305,4899371,5964.94
13305,4920797,5964.79
13305,4942509,5964.79
13305,4964195,5964.84
13305,4985900,5964.84
13305,5007269,5964.78
13305,5028893,5964.78
13305,5050656,5964.78
13305,5072136,5964.7
13305,5093680,5964.7
13305,5115047,5964.74
13305,5136730,5964.74
13305,5158181,5964.75
13305,5179666,5964.75
13305,5201054,5964.88
13305,5222555,5964.88
13305,5396096,5964.85
13305,5417441,5964.85
13305,5438882,5964.85
13305,5460709,5964.76
13305,5482277,5964.76
13305,5503911,5964.77
13305,5525614,5964.77
13305,5547142,5964.8
13305,5568468,5964.8
13305,5590196,5964.75
13305,5612010,5964.75
13305,5633334,5964.75
13305,5654962,5964.81
13305,5676670,5964.81
13305,5698261,5964.81
13305,5719854,5964.81
13305,5741369,5964.77
13305,5762930,5964.77
13305,6176083,5964.76
13305,6198367,5964.76
13305,6220244,5964.76
13305,6242091,5964.83
13305,6263578,5964.83
13305,6285334,5964.88
13305,6307170,5964.88
13305,6329234,5964.84
13305,6350763,5964.84
13305,6372463,5964.8
13305,6394129,5964.8
13305,6416080,5964.8
13305,6438041,5964.76
13305,6459952,5964.76
13305,6482085,5964.73
13305,6503977,5964.73
13305,6525853,5964.77
13305,6942747,5964.85
13305,6964402,5964.83
13305,6985755,5964.83
13305,7007510,5964.77
13305,7029046,5964.77
13305,7050539,5964.77
13305,7072148,5964.8
13305,7093780,5964.8
13305,7115124,5964.8
13305,7136830,5964.8
13305,7158706,5964.74
13305,7180844,5964.74
13305,7202333,5964.75
13305,7223877,5964.75
13305,7245700,5964.75
13305,7263258,5964.82
13305,7263482,5964.82
13305,7263867,5964.75
13305,7264185,5964.75
13305,7277350,5965.54
13305,7298680,5965.54
13305,7320365,5964.83
13305,7341863,5964.83
13305,7363491,5964.83
13305,7385394,5964.79
13305,7407354,5964.79
13305,7429037,5964.71
13305,7451197,5964.71
13305,7473002,5964.6
13305,7494797,5964.6
13305,7516988,5964.72
13305,7539215,5964.72
13305,7561395,5964.72
13305,7583296,5964.8
13305,7605556,5964.8
13305,7627432,5964.82
13305,7649585,5964.82
13305,7671591,5964.74
13306,786,5965.54
13306,1152,5965.54
13306,7555,5965.54
13306,26953,5965.54
13306,47974,5965.06
13306,69024,5965.06
13306,90701,5964.63
13306,112277,5964.63
13306,133960,5964.74
13306,155854,5964.74
13306,177885,5964.87
13306,199618,5964.87
13306,221465,5964.87
13306,243017,5964.75
13306,264839,5964.75
13306,286940,5964.79
13306,308958,5964.79
13306,331211,5964.82
13306,353359,5964.82
13306,375499,5964.82
13306,398171,5964.78
13306,420363,5964.78
13306,442719,5964.77
13306,465253,5964.77
13306,488004,5964.7
13306,510848,5964.7
13306,533586,5964.76
13306,556682,5964.76
13306,579574,5964.76
13306,602169,5964.75
13306,624944,5964.75
13306,647003,5964.81
13306,669021,5964.81
13306,691147,5964.79
13306,713416,5964.79
13306,735407,5964.76
13306,757439,5964.76
13306,760978,5964.73
13306,761285,5964.73
13306,7664137,5964.69
13306,7686709,5964.69
13306,7708995,5964.74
13306,7731748,5964.74
13306,7754396,5964.73
13306,7777008,5964.73
13306,7799920,5964.72
13306,7822601,5964.72
13306,7845390,5964.76
13306,7867811,5964.76
13306,7890717,5964.76
13306,7913607,5964.68
13306,7936178,5964.68
13306,7959073,5964.72
13306,7982466,5964.72
13306,8005782,5964.79
13306,8028887,5964.79
13306,8052249,5964.79
13306,8075181,5964.67
13306,8098321,5964.67
13306,8121732,5964.76
13306,8144776,5964.76
13306,8168038,5964.71
13306,8190998,5964.71
13306,8213909,5964.77
13306,8236832,5964.77
13306,8259896,5964.77
13306,8282510,5964.77
13306,8305295,5964.77
13306,8327694,5964.74
13306,8350090,5964.74
13306,8372614,5964.76
13306,8395274,5964.76
13306,8417904,5964.77
13306,767950,5964.73
13306,780123,5965.54
13306,780465,5965.54
13306,780860,5965.54
13306,781185,5965.54
13306,784938,5965.54
13306,804122,5965.54
13306,824998,5965.54
13306,846745,5964.4
13306,868388,5964.4
13306,890250,5964.92
13306,912021,5964.92
13306,933930,5964.84
13306,945891,5964.84
13306,946138,5964.73
13306,946446,5964.73
13306,946740,5965.54
13306,947070,5965.54
13306,947435,5965.54
13306,947737,5965.54
13306,947989,5965.54
13306,948357,5965.54
13306,958411,5965.54
13306,979031,5965.54
13306,1000235,5965.54
13306,1022173,5965.54
13306,1044125,5964.66
13306,1066426,5964.66
13306,1088713,5964.77
13306,1111254,5964.77
13306,1133503,5964.73
13306,1155914,5964.73
13306,1178467,5964.81
13306,1200831,5964.81
13306,1223509,5964.81
13306,1246015,5964.79
13306,1268421,5964.79
13306,1290713,5964.7
13306,1313642,5964.7
13306,1335997,5964.88
13306,1358532,5964.88
13306,1380824,5964.78
13306,1403283,5964.78
13306,1426108,5964.78
13306,1448902,5964.89
13306,1471961,5964.89
13306,1494880,5964.85
13306,1517902,5964.85
13306,8440268,5964.77
13306,8463106,5964.77
13306,8486037,5964.81
13306,8508827,5964.81
13306,8531222,5964.77
13306,8553616,5964.77
13306,8575775,5964.69
13306,8597893,5964.69
13306,8620186,5964.78
13306,8642591,5964.78
13306,8664976,5964.78
13306,8687256,5964.65
13306,8709522,5964.65
13306,8732062,5964.68
13306,8754710,5964.68
13306,8777307,5964.82
13306,8799909,5964.82
13306,8822801,5964.75
13306,8845378,5964.75
13306,8867981,5964.75
13306,8890896,5964.62
13306,8913806,5964.62
13306,8936961,5964.77
13306,8959752,5964.77
13306,8982773,5964.74
13306,9005388,5964.74
13306,9028490,5964.73
13306,9051422,5964.73
13306,9074310,5964.73
13306,9097186,5964.77
13306,9120141,5964.77
13306,9143056,5964.75
13306,9166097,5964.75
13306,9188818,5964.75
13306,9211541,5964.75
13306,9234055,5964.77
13306,9256581,5964.77
13306,9279512,5964.77
13306,9284437,5964.77
13306,9284742,5964.77
13306,9285037,5965.54
13306,9285303,5965.54
13306,9285794,5965.54
13306,9299882,5965.54
13306,9320483,5964.86
13306,9342383,5964.86
13306,9364640,5964.86
13306,9387062,5964.94
13306,9409439,5964.94
13306,9431804,5964.72
13306,9454225,5964.72
13306,9476598,5964.78
13306,9499192,5964.78
13306,9521441,5964.77
13306,9544237,5964.77
13306,9566701,5964.77
13306,9589156,5964.72
13306,9611694,5964.72
13306,9634482,5964.74
13306,9656824,5964.74
13306,9679155,5964.72
13306,9701633,5964.72
13306,9724191,5964.8
13306,9746343,5964.8
13306,9768742,5964.8
13306,9791395,5964.79
13306,9814156,5964.79
13306,9837335,5964.8
13306,9860252,5964.8
13306,9883422,5964.71
13306,9906584,5964.71
13306,9929966,5964.76
13306,9953229,5964.76
13306,9959679,5964.76
13306,9960048,5964.79
13306,9960346,5964.79
13306,9964743,5965.54
13306,9985839,5965.54
13306,10008700,5964.85
13306,10032311,5964.85
13306,10055738,5964.85
13306,10078908,5964.51
13306,10101835,5964.51
13306,10124855,5964.73
13306,10148384,5964.73
13306,10170961,5964.77
13306,10194116,5964.77
13306,10216903,5964.72
13306,10239489,5964.72
13306,10262289,5964.72
13306,10284753,5964.72
13306,10304039,5964.72
13306,10304114,5964.64
13306,1541045,5964.84
13306,1563736,5964.84
13306,1586156,5964.81
13306,1608593,5964.81
13306,1631084,5964.81
13306,1653569,5964.84
13306,1675836,5964.84
13306,1698104,5964.83
13306,1720889,5964.83
13306,1743323,5964.83
13306,1766103,5964.83
13306,1788507,5964.8
13306,1811553,5964.8
13306,1834446,5964.8
13306,1857208,5964.79
13306,1880025,5964.79
13306,1902976,5964.75
13306,1925961,5964.75
13306,1948621,5964.8
13306,1971409,5964.8
13306,1994306,5964.76
13306,2017085,5964.76
13306,2039231,5964.8
13306,2061631,5964.8
13306,2083845,5964.8
13306,2106061,5964.73
13306,2128102,5964.73
13306,2150477,5964.76
13306,2172849,5964.76
13306,2194814,5964.83
13306,2216924,5964.83
13306,2239438,5964.83
13306,2261692,5964.84
13306,2283865,5964.84
13306,2306456,5964.73
13306,2328901,5964.73
13306,2350928,5964.82
13306,2373021,5964.82
13306,2395169,5964.71
13306,2417094,5964.71
13306,2439488,5964.71
13306,2461776,5964.72
13306,2483529,5964.72
13306,2505561,5964.79
13306,2527444,5964.79
13306,2549468,5964.8
13306,2571353,5964.8
13306,2593731,5964.85
13306,2616167,5964.85
13306,2638660,5964.85
13306,2661221,5964.76
13306,2683819,5964.76
13306,2706510,5964.88
13306,2729334,5964.88
13306,2752050,5964.87
13306,2774470,5964.87
13306,2796988,5964.81
13306,2819512,5964.81
13306,2842228,5964.81
13306,2864971,5964.77
13306,2887625,5964.77
13306,2910268,5964.73
13306,2932807,5964.73
13306,2955215,5964.77
13306,2977388,5964.77
13306,2999772,5964.79
13306,3022280,5964.79
13306,3044882,5964.79
13306,3067421,5964.74
13306,3089772,5964.74
13306,3112401,5964.71
13306,3134844,5964.71
13306,3157284,5964.83
13306,3179835,5964.83
13306,3202212,5964.9
13306,3224640,5964.9
13306,3246994,5964.9
13306,3269333,5964.86
13306,3291581,5964.86
13306,3314011,5964.82
13306,3336264,5964.82
13306,3358923,5964.74
13306,3381724,5964.74
13306,3404375,5964.69
13306,3427000,5964.69
13306,3449319,5964.76
13306,3471674,5964.76
13306,3494217,5964.76
13306,3516759,5964.73
13306,3539066,5964.73
13306,3561433,5964.81
13306,3583549,5964.81
13306,3606076,5964.73
13306,3628376,5964.73
13306,3650879,5964.76
13306,3673300,5964.76
13306,3695636,5964.76
13306,3717692,5964.8
13306,3739994,5964.8
13306,3762629,5964.95
13306,3785155,5964.95
13306,3807688,5964.73
13306,3830726,5964.73
13306,3853511,5964.75
13306,3876212,5964.75
13306,3899201,5964.75
13306,3922380,5964.82
13306,3945401,5964.82
13306,3968336,5964.7
13306,3991000,5964.7
13306,4013386,5964.76
13306,4035525,5964.76
13306,4057571,5964.83
13306,4079633,5964.83
13306,4101540,5964.83
13306,4123461,5964.76
13306,4145997,5964.76
13306,4168663,5964.74
13306,4191911,5964.74
13306,4214500,5964.83
13306,4237344,5964.83
13306,4260162,5964.79
13306,4283466,5964.79
13306,4306246,5964.79
13306,4328763,5964.81
13306,4351310,5964.81
13306,4374095,5964.75
13306,4396637,5964.75
13306,4419509,5964.77
13306,4441789,5964.77
13306,4464474,5964.75
13306,4487142,5964.75
13306,4509542,5964.75
13306,4531757,5964.72
13306,4553568,5964.72
13306,4575581,5964.92
13306,4597654,5964.92
13306,4619923,5964.77
13306,4642139,5964.77
13306,4664134,5964.83
13306,4686537,5964.83
13306,4708845,5964.83
13306,4731005,5964.66
13306,4753068,5964.66
13306,4775245,5964.72
13306,4797624,5964.72
13306,4819770,5964.79
13306,4842067,5964.79
13306,4864424,5964.72
13306,4886501,5964.72
13306,4908859,5964.72
13306,4931522,5964.8
13306,4954307,5964.8
13306,4977410,5964.71
13306,5000273,5964.71
13306,5023448,5964.74
13306,5046486,5964.74
13306,5069119,5964.85
13306,5092153,5964.85
13306,5115071,5964.85
13306,5138269,5964.77
13306,5161689,5964.77
13306,5184316,5964.76
13306,5207175,5964.76
13306,5230239,5964.77
13306,5253515,5964.77
13306,5276904,5964.74
13306,5299647,5964.74
13306,5322206,5964.74
13306,5344780,5964.76
13306,5366939,5964.76
13306,5389471,5964.87
13306,5411808,5964.87
13306,5434569,5964.86
13306,5444575,5964.86
13306,5444812,5964.85
13306,5448559,5964.85
13306,5469617,5965.54
13306,5492267,5965.54
13306,5515318,5965.54
13306,5538446,5964.52
13306,5560994,5964.52
13306,5583507,5964.9
13306,5605936,5964.9
13306,5628697,5964.77
13306,5651214,5964.77
13306,5673780,5964.75
13306,5696401,5964.75
13306,5719085,5964.75
13306,5741923,5964.74
13306,5764641,5964.74
13306,5787159,5964.8
13306,5809809,5964.8
13306,5832567,5964.74
13306,5854751,5964.74
13306,5877300,5964.88
13306,5899586,5964.88
13306,5921826,5964.88
13306,5943948,5964.71
13306,5966148,5964.71
13306,5988139,5964.76
13306,6010192,5964.76
13306,6032659,5964.8
13306,6054999,5964.8
13306,6077037,5964.78
13306,6099241,5964.78
13306,6121388,5964.78
13306,6143640,5964.83
13306,6166180,5964.83
13306,6188432,5964.88
13306,6210607,5964.88
13306,6232617,5964.75
13306,6255001,5964.75
13306,6277743,5964.75
13306,6300161,5964.75
13306,6322796,5964.75
13306,6345122,5964.75
13306,6367783,5964.75
13306,6390426,5964.83
13306,6412971,5964.83
13306,6435232,5964.78
13306,6457885,5964.78
13306,6480035,5964.77
13306,6502188,5964.77
13306,6524707,5964.77
13306,6547348,5964.76
13306,6570389,5964.76
13306,6593229,5964.72
13306,6616369,5964.72
13306,6639537,5964.73
13306,6662671,5964.73
13306,6685077,5964.73
13306,6699763,5964.73
13306,6700048,5964.73
13306,6707011,5964.76
13306,6728746,5964.76
13306,6751265,5964.73
13306,6774436,5964.73
13306,6797234,5964.67
13306,6820397,5964.67
13306,6843344,5964.81
13306,6866336,5964.81
13306,6889157,5964.81
13306,6912312,5964.81
13306,6935639,5964.81
13306,6958631,5964.76
13306,6981670,5964.76
13306,7004847,5964.77
13306,7010375,5964.77
13306,7010684,5964.7
13306,7010967,5964.7
13306,7011300,5964.7
13306,7011590,5965.54
13306,7011855,5965.54
13306,7012156,5965.54
13306,7012530,5965.54
13306,7012833,5965.54
13306,7013136,5965.54
13306,7013384,5965.54
13306,7014004,5965.54
13306,7031297,5965.54
13306,7052626,5965.54
13306,7074739,5965.54
13306,7097512,5964.41
13306,7120550,5964.41
13306,7143818,5964.86
13306,7166875,5964.86
13306,7190016,5964.82
13306,7213220,5964.82
13306,7236484,5964.66
13306,7259406,5964.66
13306,7282038,5964.66
13306,7304334,5964.74
13306,7326908,5964.74
13306,7349412,5964.75
13306,7372213,5964.75
13306,7394193,5964.66
13306,7416853,5964.66
13306,7439244,5964.66
13306,7461774,5964.71
13306,7484167,5964.71
13306,7506965,5964.91
13306,7529616,5964.91
13306,7551891,5964.7
13306,7574288,5964.7
13306,7596668,5964.8
13306,7619064,5964.8
13306,7641734,5964.69
13307,63730,5964.73
13307,64968,5964.73
13307,65277,5964.73
13307,65526,5965.54
13307,65841,5965.54
13307,66179,5965.54
13307,66508,5965.54
13307,66826,5965.54
13307,67052,5965.54
13307,67371,5965.54
13307,67676,5965.54
13307,68120,5965.54
13307,76180,5965.54
13307,96151,5965.54
13307,117640,5965.07
13307,139949,5965.07
13307,162586,5964.82
13307,185387,5964.82
13307,208023,5964.71
13307,230798,5964.71
13307,253606,5964.71
13307,261847,5964.78
13307,262210,5964.78
13307,269936,5965.54
13307,292130,5965.54
13307,315270,5964.81
13307,338520,5964.81
13307,361656,5964.52
13307,384927,5964.52
13307,392984,5964.52
13307,393286,5964.69
13307,393526,5964.69
13307,396676,5965.54
13307,417631,5965.54
13307,440366,5964.73
13307,463576,5964.73
13307,486845,5964.73
13307,509931,5964.66
13307,533223,5964.66
13307,556440,5964.78
13307,579342,5964.78
13307,602205,5964.77
13307,625098,5964.77
13307,647765,5964.89
13307,670565,5964.89
13307,693466,5964.89
13307,716249,5964.64
13307,739293,5964.64
13307,762071,5964.84
13307,7589338,5964.75
13307,7613056,5964.68
13307,7636558,5964.68
13307,7660372,5964.68
13307,7683875,5964.73
13307,7707060,5964.73
13307,7730382,5964.6
13307,7753776,5964.6
13307,7777308,5964.67
13307,7800865,5964.67
13307,7824276,5964.67
13307,7847852,5964.67
13307,7871151,5964.67
13307,7894700,5964.67
13307,7917927,5964.67
13307,7941547,5964.64
13307,7965213,5964.64
13307,7988636,5964.79
13307,8012180,5964.79
13307,8035678,5964.68
13307,8058765,5964.68
13307,8081817,5964.68
13307,8104607,5964.75
13307,8127476,5964.75
13307,8150033,5964.67
13307,8173346,5964.67
13307,8196417,5964.57
13307,8219546,5964.57
13307,8243338,5964.62
13307,8260355,5964.62
13307,8260659,5964.62
13307,8260910,5964.62
13307,8261226,5964.62
13307,8261678,5965.54
13307,8277986,5965.54
13307,8300754,5964.88
13307,8324011,5964.88
13307,784992,5964.84
13307,807895,5964.76
13307,830301,5964.76
13307,853021,5964.79
13307,875507,5964.79
13307,898021,5964.79
13307,920524,5964.74
13307,943061,5964.74
13307,965862,5964.78
13307,988399,5964.78
13307,1011033,5964.67
13307,1033458,5964.67
13307,1055859,5964.76
13307,1078232,5964.76
13307,1100690,5964.76
13307,1123179,5964.71
13307,1145712,5964.71
13307,1168346,5964.71
13307,1191206,5964.71
13307,1213798,5964.76
13307,1236566,5964.76
13307,1259161,5964.71
13307,1282100,5964.71
13307,1305386,5964.71
13307,1329083,5964.73
13307,1352280,5964.73
13307,1375540,5964.85
13307,1395024,5964.85
13307,1395397,5964.68
13307,1395648,5964.68
13307,1395949,5965.54
13307,1396318,5965.54
13307,1401086,5965.54
13307,1422137,5965.54
13307,1445868,5965.54
13307,1469677,5964.54
13307,1492983,5964.54
13307,1516140,5964.75
13307,8347338,5964.4
13307,8370907,5964.4
13307,8394471,5964.4
13307,8418140,5964.65
13307,8441812,5964.65
13307,8464849,5964.65
13307,8488042,5964.65
13307,8511314,5964.53
13307,8534681,5964.53
13307,8557802,5964.73
13307,8581335,5964.73
13307,8604892,5964.73
13307,8628554,5964.67
13307,8652016,5964.67
13307,8675187,5964.72
13307,8698638,5964.72
13307,8721972,5964.76
13307,8745237,5964.76
13307,8768799,5964.68
13307,8792782,5964.68
13307,8815796,5964.78
13307,8839316,5964.78
13307,8862309,5964.78
13307,8885985,5964.75
13307,8909132,5964.75
13307,8932461,5964.65
13307,8955988,5964.65
13307,8979428,5964.7
13307,9002448,5964.7
13307,9025376,5964.7
13307,9048480,5964.7
13307,9071762,5964.7
13307,9094284,5964.75
13307,9117001,5964.75
13307,9140173,5964.62
13307,9163627,5964.62
13307,9186908,5964.7
13307,9210255,5964.7
13307,9233234,5964.7
13307,9257036,5964.99
13307,9280344,5964.99
13307,9303640,5964.67
13307,9326928,5964.67
13307,9350240,5964.7
13307,9373668,5964.7
13307,9396954,5964.74
13307,9420363,5964.74
13307,9443965,5964.69
13307,9466970,5964.69
13307,9490169,5964.69
13307,9513544,5964.55
13307,9536747,5964.55
13307,9560019,5964.73
13307,9583206,5964.73
13307,9606856,5964.68
13307,9630504,5964.68
13307,9654024,5964.68
13307,9677011,5964.68
13307,9700695,5964.68
13307,9724223,5964.67
13307,9747425,5964.67
13307,9770651,5964.76
13307,9793867,5964.76
13307,9817288,5964.75
13307,9840587,5964.75
13307,9863898,5964.76
13307,9887192,5964.76
13307,9910217,5964.76
13307,9933280,5964.61
13307,9956705,5964.61
13307,9979864,5964.7
13307,10003282,5964.7
13307,10026459,5964.57
13307,10049648,5964.57
13307,10073186,5964.64
13307,10096543,5964.64
13307,10120139,5964.64
13307,10143524,5964.76
13307,10166603,5964.76
13307,10190058,5964.72
13307,10213241,5964.72
13307,10236908,5964.71
13307,10260300,5964.71
13307,10283597,5964.67
13307,10307050,5964.67
13307,10330410,5964.67
13307,10353711,5964.84
13307,10376903,5964.84
13307,10400205,5964.78
13307,10423528,5964.78
13307,10447074,5964.78
13307,10470480,5964.78
13307,10493791,5964.74
13307,10517082,5964.74
13307,10530718,5964.74
13307,10531089,5964.87
13307,10531447,5964.87
13307,10531447,5965.54
13307,1539437,5964.75
13307,1561964,5964.79
13307,1585166,5964.79
13307,1608069,5964.79
13307,1630925,5964.66
13307,1653577,5964.66
13307,1658591,5964.81
13307,1658830,5964.81
13307,1659133,5965.54
13307,1666719,5965.54
13307,1688918,5965.54
13307,1711873,5965.54
13307,1735168,5965.54
13307,1758466,5964.89
13307,1782157,5964.89
13307,1805485,5964.55
13307,1829052,5964.55
13307,1852717,5964.75
13307,1876176,5964.75
13307,1899840,5964.71
13307,1923466,5964.71
13307,1946775,5964.71
13307,1969856,5964.82
13307,1992908,5964.82
13307,2015498,5964.68
13307,2038205,5964.68
13307,2061059,5964.71
13307,2083870,5964.71
13307,2106746,5964.73
13307,2130034,5964.73
13307,2152974,5964.65
13307,2176038,5964.65
13307,2199123,5964.65
13307,2222353,5964.75
13307,2245638,5964.75
13307,2268841,5964.79
13307,2292099,5964.79
13307,2315005,5964.76
13307,2338063,5964.76
13307,2360868,5964.82
13307,2384023,5964.82
13307,2384588,5964.82
13307,2384924,5964.64
13307,2385241,5964.64
13307,2385472,5965.54
13307,2385784,5965.54
13307,2386094,5965.54
13307,2386449,5965.54
13307,2386709,5965.54
13307,2387021,5965.54
13307,2390058,5965.54
13307,2409390,5965.54
13307,2431781,5965.54
13307,2454915,5964.84
13307,2477721,5964.84
13307,2500915,5964.75
13307,2524661,5964.75
13307,2547637,5964.73
13307,2570676,5964.73
13307,2593990,5964.73
13307,2616859,5964.78
13307,2640022,5964.78
13307,2663060,5964.78
13307,2686107,5964.78
13307,2708777,5964.77
13307,2731700,5964.77
13307,2754217,5964.51
13307,2776928,5964.51
13307,2799506,5964.51
13307,2822546,5964.64
13307,2845432,5964.64
13307,2868374,5964.74
13307,2891182,5964.74
13307,2913867,5964.68
13307,2937236,5964.68
13307,2960794,5964.71
13307,2984098,5964.71
13307,3007135,5964.71
13307,3030547,5964.72
13307,3053854,5964.72
13307,3077242,5964.71
13307,3100186,5964.71
13307,3123252,5964.79
13307,3146273,5964.79
13307,3169585,5964.72
13307,3193233,5964.72
13307,3216165,5964.72
13307,3239077,5964.72
13307,3262242,5964.72
13307,3285158,5964.61
13307,3308076,5964.61
13307,3331316,5964.8
13307,3354621,5964.8
13307,3377793,5964.72
13307,3400986,5964.72
13307,3424034,5964.72
13307,3447219,5964.72
13307,3470619,5964.72
13307,3493927,5964.6
13307,3517207,5964.6
13307,3540127,5964.73
13307,3563057,5964.73
13307,3585996,5964.73
13307,3609063,5964.62
13307,3632051,5964.62
13307,3655337,5964.52
13307,3678383,5964.52
13307,3701382,5964.75
13307,3724666,5964.75
13307,3747377,5964.62
13307,3770469,5964.62
13307,3793183,5964.62
13307,3816175,5964.73
13307,3838973,5964.73
13307,3861798,5964.62
13307,3884500,5964.62
13307,3907497,5964.73
13307,3930421,5964.73
13307,3953553,5964.64
13307,3976093,5964.64
13307,3999599,5964.72
13307,4022462,5964.72
13307,4045470,5964.72
13307,4068769,5964.69
13307,4091800,5964.69
13307,4114716,5964.75
13307,4138133,5964.75
13307,4161704,5964.75
13307,4185508,5964.75
13307,4209198,5964.75
13307,4232739,5964.75
13307,4256163,5964.75
13307,4280111,5964.73
13307,4304055,5964.73
13307,4327572,5964.72
13307,4351396,5964.72
13307,4375221,5964.68
13307,4399021,5964.68
13307,4422549,5964.81
13307,4445617,5964.81
13307,4468506,5964.81
13307,4491267,5964.77
13307,4514241,5964.77
13307,4537114,5964.71
13307,4560047,5964.71
13307,4583456,5964.76
13307,4606377,5964.76
13307,4629810,5964.72
13307,4652821,5964.72
13307,4676365,5964.72
13307,4699689,5964.77
13307,4723204,5964.77
13307,4746660,5964.78
13307,4769952,5964.78
13307,4793013,5964.76
13307,4816168,5964.76
13307,4839580,5964.76
13307,4862862,5964.76
13307,4886342,5964.76
13307,4909602,5964.76
13307,4933119,5964.76
13307,4945209,5964.8
13307,4945442,5964.8
13307,4945750,5965.54
13307,4946071,5965.54
13307,4946439,5965.54
13307,4946747,5965.54
13307,4947055,5965.54
13307,4947277,5965.54
13307,4947605,5965.54
13307,4947983,5965.54
13307,4948287,5965.54
13307,4948514,5965.54
13307,4948881,5965.54
13307,4949203,5965.54
13307,4949447,5965.54
13307,4949754,5965.54
13307,4950122,5965.54
13307,4950368,5965.54
13307,4950677,5965.54
13307,4950988,5965.54
13307,4951292,5965.54
13307,4951667,5965.54
13307,4951897,5965.54
13307,4952217,5965.54
13307,4952574,5965.54
13307,4952964,5965.54
13307,4953280,5965.54
13307,4953509,5965.54
13307,4953827,5965.54
13307,4954147,5965.54
13307,4954454,5965.54
13307,4954746,5965.54
13307,4955066,5965.54
13307,4955369,5965.54
13307,4955667,5965.54
13307,4956051,5965.54
13307,4956364,5965.54
13307,4956672,5965.54
13307,4956909,5965.54
13307,4957253,5965.54
13307,4957585,5965.54
13307,4957891,5965.54
13307,4958190,5965.54
13307,4958436,5965.54
13307,4958747,5965.54
13307,4959056,5965.54
13307,4959364,5965.54
13307,4959720,5965.54
13307,4959969,5965.54
13307,4960261,5965.54
13307,4960582,5965.54
13307,4960940,5965.54
13307,4961256,5965.54
13307,4961573,5965.54
13307,4963792,5965.54
13307,4980281,5965.54
13307,5000515,5964.56
13307,5022128,5964.56
13307,5044072,5964.56
13307,5066473,5964.71
13307,5089051,5964.71
13307,5111760,5964.79
13307,5134542,5964.79
13307,5157564,5964.64
13307,5181009,5964.64
13307,5204150,5964.64
13307,5227458,5964.8
13307,5250427,5964.8
13307,5273336,5964.71
13307,5296447,5964.71
13307,5319875,5964.71
13307,5342911,5964.71
13307,5366205,5964.8
13307,5389491,5964.8
13307,5413327,5964.74
13307,5436602,5964.74
13307,5459509,5964.74
13307,5483198,5964.71
13307,5506379,5964.71
13307,5529526,5964.55
13307,5552836,5964.55
13307,5576139,5964.82
13307,5599379,5964.82
13307,5622528,5964.71
13307,5645570,5964.71
13307,5668786,5964.71
13307,5692341,5964.78
13307,5715633,5964.78
13307,5739110,5964.68
13307,5762386,5964.68
13307,5785799,5964.65
13307,5809214,5964.65
13307,5832868,5964.65
13307,5856569,5964.65
13307,5879989,5964.65
13307,5903098,5964.66
13307,5926325,5964.66
13307,5949755,5964.74
13307,5973312,5964.74
13307,5996326,5964.69
13307,6019535,5964.69
13307,6042809,5964.69
13307,6066177,5964.69
13307,6089556,5964.69
13307,6112874,5964.66
13307,6136268,5964.66
13307,6159447,5964.81
13307,6182668,5964.81
13307,6206239,5964.59
13307,6229693,5964.59
13307,6252945,5964.71
13307,6276155,5964.71
13307,6299586,5964.71
13307,6322761,5964.59
13307,6346013,5964.59
13307,6369101,5964.81
13307,6391887,5964.81
13307,6415038,5964.77
13307,6438459,5964.77
13307,6461400,5964.67
13307,6484611,5964.67
13307,6508096,5964.67
13307,6531320,5964.69
13307,6554534,5964.69
13307,6577775,5964.67
13307,6600888,5964.67
13307,6624065,5964.72
13307,6647310,5964.72
13307,6670310,5964.56
13307,6693424,5964.56
13307,6716722,5964.56
13307,6740056,5964.71
13307,6764106,5964.71
13307,6788032,5964.76
13307,6812034,5964.76
13307,6828605,5964.69
13307,6828984,5964.69
13307,6829300,5965.54
13307,6829586,5965.54
13307,6829916,5965.54
13307,6830218,5965.54
13307,6830528,5965.54
13307,6830831,5965.54
13307,6831130,5965.54
13307,6831438,5965.54
13307,6831742,5965.54
13307,6832055,5965.54
13307,6832367,5965.54
13307,6832662,5965.54
13307,6844999,5965.54
13307,6865793,5965.54
13307,6887564,5964.72
13307,6910334,5964.72
13307,6933017,5965
13307,6955955,5965
13307,6979150,5964.69
13307,7002948,5964.69
13307,7026532,5964.69
13307,7050319,5964.64
13307,7073814,5964.64
13307,7097706,5964.75
13307,7121364,5964.75
13307,7144900,5964.85
13307,7168810,5964.85
13307,7192078,5964.78
13307,7215996,5964.78
13307,7239456,5964.78
13307,7262908,5964.75
13307,7286046,5964.75
13307,7309086,5964.79
13307,7332290,5964.79
13307,7355595,5964.72
13307,7379334,5964.72
13307,7402713,5964.7
13307,7425722,5964.7
13307,7449174,5964.7
13307,7472326,5964.56
13307,7495718,5964.56
13307,7519166,5964.69
13307,7542561,5964.69
13307,7566010,5964.75
13308,67238,5964.74
13308,90732,5964.74
13308,114026,5964.6
13308,137587,5964.6
13308,160996,5964.66
13308,184819,5964.66
13308,208249,5964.66
13308,231391,5964.63
13308,254941,5964.63
13308,278516,5964.81
13308,302306,5964.81
13308,326117,5964.74
13308,349536,5964.74
13308,373276,5964.68
13308,397067,5964.68
13308,420739,5964.87
13308,444637,5964.87
13308,468324,5964.87
13308,491970,5964.75
13308,515721,5964.75
13308,539380,5964.82
13308,563056,5964.82
13308,586545,5964.63
13308,610041,5964.63
13308,633701,5964.75
13308,657207,5964.75
13308,680699,5964.75
13308,704381,5964.8
13308,728198,5964.8
13308,752050,5964.74
13308,7610482,5964.45
13308,7633828,5964.45
13308,7645651,5964.8
13308,7645945,5964.8
13308,7646306,5965.54
13308,7646609,5965.54
13308,7646936,5965.54
13308,7647183,5965.54
13308,7656280,5965.54
13308,7678819,5965.54
13308,7701824,5965.54
13308,7725548,5964.3
13308,7749465,5964.3
13308,7773591,5964.72
13308,7797892,5964.72
13308,7821850,5964.84
13308,7845204,5964.84
13308,7868513,5964.84
13308,7892161,5964.84
13308,7915726,5964.84
13308,7939410,5964.88
13308,7962898,5964.88
13308,7986507,5964.72
13308,8010201,5964.72
13308,8033911,5964.8
13308,8057779,5964.8
13308,8081220,5964.68
13308,8104919,5964.68
13308,8128528,5964.68
13308,8152167,5964.73
13308,8175577,5964.73
13308,8198855,5964.74
13308,8222408,5964.74
13308,8246112,5964.76
13308,8269673,5964.76
13308,8293458,5964.76
13308,8317131,5964.72
13308,8340690,5964.72
13308,775387,5964.74
13308,798957,5964.71
13308,822384,5964.71
13308,845806,5964.71
13308,869219,5964.75
13308,892833,5964.75
13308,916451,5964.78
13308,940147,5964.78
13308,963775,5964.63
13308,987511,5964.63
13308,1011485,5964.7
13308,1035444,5964.7
13308,1058928,5964.7
13308,1082845,5964.65
13308,1106424,5964.65
13308,1129562,5964.79
13308,1153384,5964.79
13308,1176929,5964.8
13308,1200096,5964.8
13308,1223797,5964.79
13308,1247115,5964.79
13308,1270483,5964.79
13308,1293650,5964.7
13308,1316519,5964.7
13308,1339638,5964.78
13308,1362429,5964.78
13308,1385367,5964.75
13308,1408756,5964.75
13308,1432042,5964.73
13308,1455337,5964.73
13308,1478888,5964.86
13308,1502260,5964.86
13308,8364373,5964.8
13308,8388073,5964.8
13308,8411396,5964.8
13308,8434851,5964.8
13308,8458459,5964.71
13308,8482241,5964.71
13308,8505963,5964.71
13308,8529664,5964.7
13308,8552921,5964.7
13308,8573278,5964.7
13308,8573559,5964.7
13308,8578650,5965.54
13308,8600005,5965.54
13308,8623125,5964.69
13308,8646510,5964.69
13308,8670223,5964.69
13308,8694564,5964.79
13308,8719053,5964.79
13308,8743115,5964.67
13308,8767196,5964.67
13308,8791610,5964.67
13308,8815844,5964.67
13308,8839834,5964.75
13308,8863706,5964.75
13308,8887509,5964.75
13308,8911352,5964.84
13308,8935653,5964.84
13308,8959545,5964.84
13308,8983512,5964.84
13308,9007078,5964.69
13308,9030915,5964.69
13308,9055183,5964.69
13308,9079431,5964.72
13308,9103476,5964.72
13308,9127275,5964.72
13308,9151107,5964.72
13308,9174884,5964.72
13308,9198799,5964.72
13308,9222698,5964.65
13308,9246569,5964.65
13308,9270026,5964.65
13308,9293429,5964.74
13308,9316697,5964.74
13308,9340253,5964.79
13308,9363410,5964.79
13308,9386796,5964.74
13308,9409893,5964.74
13308,9433680,5964.8
13308,9456979,5964.8
13308,9480402,5964.8
13308,9504067,5964.63
13308,9527753,5964.63
13308,9551172,5964.76
13308,9574486,5964.76
13308,9598293,5964.71
13308,9621839,5964.71
13308,9644998,5964.71
13308,9668720,5964.71
13308,9692640,5964.71
13308,9716175,5964.78
13308,9739464,5964.78
13308,9763110,5964.67
13308,9786982,5964.67
13308,9810652,5964.88
13308,9834102,5964.88
13308,9857865,5964.75
13308,9881742,5964.75
13308,9905750,5964.75
13308,9929084,5964.72
13308,9952729,5964.72
13308,9976374,5964.62
13308,10000086,5964.62
13308,10023538,5964.65
13308,10047430,5964.65
13308,10071405,5964.65
13308,10095136,5964.65
13308,10118884,5964.65
13308,10142301,5964.71
13308,10166071,5964.71
13308,10189723,5964.75
13308,10213262,5964.75
13308,10237399,5964.75
13308,10261209,5964.75
13308,10285159,5964.84
13308,10308765,5964.84
13308,10332738,5964.84
13308,10356049,5964.74
13308,10379856,5964.74
13308,10403517,5964.76
13308,10427153,5964.76
13308,10450696,5964.72
13308,10474212,5964.72
13308,10497864,5964.72
13308,10521164,5964.72
13308,10544866,5964.72
13308,10568655,5964.82
13308,10592568,5964.82
13308,10616514,5964.69
13308,10640248,5964.69
13308,10663965,5964.78
13308,10687685,5964.78
13308,10711643,5964.72
13308,10735591,5964.72
13308,10759645,5964.72
13308,10783319,5964.81
13308,10806854,5964.81
13308,10830687,5964.65
13308,10854365,5964.65
13308,10878484,5964.68
13308,10902480,5964.68
13308,10926294,5964.78
13308,10950291,5964.78
13308,10974173,5964.78
13308,10998092,5964.81
13308,11021622,5964.81
13308,11045358,5964.7
13308,11068976,5964.7
13308,11092576,5964.75
13308,11116635,5964.75
13308,11140219,5964.75
13308,11164189,5964.7
13308,11187808,5964.7
13308,11211547,5964.71
13308,11235294,5964.71
13308,11259482,5964.81
13308,11283287,5964.81
13308,11307022,5964.71
13308,11332140,5964.71
13308,11356750,5964.71
13308,11380939,5964.78
13308,11405261,5964.78
13308,11427395,5964.82
13308,11427432,5964.82
13308,1525604,5964.86
13308,1549062,5964.72
13308,1572475,5964.72
13308,1595781,5964.62
13308,1619576,5964.62
13308,1643231,5964.73
13308,1666848,5964.73
13308,1690089,5964.8
13308,1713895,5964.8
13308,1737334,5964.8
13308,1760572,5964.67
13308,1784038,5964.67
13308,1807297,5964.46
13308,1830922,5964.46
13308,1854323,5964.53
13308,1877728,5964.53
13308,1901288,5964.92
13308,1925012,5964.92
13308,1948669,5964.92
13308,1972197,5964.71
13308,1995505,5964.71
13308,2018693,5964.55
13308,2041947,5964.55
13308,2064996,5964.55
13308,2087771,5964.55
13308,2111080,5964.72
13308,2134507,5964.72
13308,2157551,5964.72
13308,2180699,5964.71
13308,2203865,5964.71
13308,2226932,5964.69
13308,2250592,5964.69
13308,2273981,5964.88
13308,2297199,5964.88
13308,2320499,5964.73
13308,2343991,5964.73
13308,2367222,5964.73
13308,2390369,5964.69
13308,2413669,5964.69
13308,2437728,5964.58
13308,2461410,5964.58
13308,2485101,5964.76
13308,2508786,5964.76
13308,2532454,5964.73
13308,2555900,5964.73
13308,2579825,5964.73
13308,2603527,5964.88
13308,2626940,5964.88
13308,2650845,5964.74
13308,2674459,5964.74
13308,2698491,5964.81
13308,2722560,5964.81
13308,2746151,5964.77
13308,2770172,5964.77
13308,2794072,5964.77
13308,2817898,5964.72
13308,2841831,5964.72
13308,2865835,5964.64
13308,2889846,5964.64
13308,2913251,5964.83
13308,2936937,5964.83
13308,2960605,5964.68
13308,2984412,5964.68
13308,3007995,5964.68
13308,3031693,5964.59
13308,3054940,5964.59
13308,3077975,5964.74
13308,3101293,5964.74
13308,3124445,5964.84
13308,3147900,5964.84
13308,3171314,5964.82
13308,3194743,5964.82
13308,3218404,5964.82
13308,3241983,5964.68
13308,3265768,5964.68
13308,3289202,5964.88
13308,3312750,5964.88
13308,3336298,5964.76
13308,3359647,5964.76
13308,3383426,5964.89
13308,3406762,5964.89
13308,3430237,5964.89
13308,3453691,5964.81
13308,3476702,5964.81
13308,3499947,5964.67
13308,3523447,5964.67
13308,3546960,5964.76
13308,3570157,5964.76
13308,3593568,5964.89
13308,3616764,5964.89
13308,3640199,5964.89
13308,3663462,5964.71
13308,3686649,5964.71
13308,3709795,5964.72
13308,3732970,5964.72
13308,3756282,5964.69
13308,3779808,5964.69
13308,3803339,5964.91
13308,3827193,5964.91
13308,3850728,5964.91
13308,3873899,5964.73
13308,3897178,5964.73
13308,3920500,5964.74
13308,3943600,5964.74
13308,3966962,5964.71
13308,3990154,5964.71
13308,4013301,5964.8
13308,4036164,5964.8
13308,4054068,5964.8
13308,4054304,5964.65
13308,4054670,5964.65
13308,4054974,5965.54
13308,4059773,5965.54
13308,4081712,5965.54
13308,4105335,5965.54
13308,4129279,5965.54
13308,4153133,5964.52
13308,4177061,5964.52
13308,4201298,5964.69
13308,4225251,5964.69
13308,4249224,5964.81
13308,4273175,5964.81
13308,4296572,5964.62
13308,4319843,5964.62
13308,4343016,5964.62
13308,4366190,5964.74
13308,4389883,5964.74
13308,4413301,5964.84
13308,4436238,5964.84
13308,4459535,5964.75
13308,4482915,5964.75
13308,4506528,5964.83
13308,4529275,5964.83
13308,4537136,5964.83
13308,4537451,5964.71
13308,4537697,5964.71
13308,4551214,5965.54
13308,4573253,5965.54
13308,4596056,5964.66
13308,4619336,5964.66
13308,4642806,5964.85
13308,4666007,5964.85
13308,4689557,5964.85
13308,4713121,5964.77
13308,4736660,5964.77
13308,4760359,5964.8
13308,4784167,5964.8
13308,4807678,5964.71
13308,4831109,5964.71
13308,4854594,5964.73
13308,4878101,5964.73
13308,4901510,5964.73
13308,4925090,5964.71
13308,4948560,5964.71
13308,4971987,5964.67
13308,4995360,5964.67
13308,5018899,5964.71
13308,5042590,5964.71
13308,5066143,5964.72
13308,5089581,5964.72
13308,5113001,5964.72
13308,5136552,5964.68
13308,5160070,5964.68
13308,5183736,5964.63
13308,5207337,5964.63
13308,5230834,5964.83
13308,5253916,5964.83
13308,5277260,5964.71
13308,5300515,5964.71
13308,5324070,5964.71
13308,5347644,5964.58
13308,5371307,5964.58
13308,5394685,5964.76
13308,5418151,5964.76
13308,5441447,5964.67
13308,5464640,5964.67
13308,5487899,5964.69
13308,5511284,5964.69
13308,5534724,5964.69
13308,5558398,5964.73
13308,5581713,5964.73
13308,5605149,5964.62
13308,5628574,5964.62
13308,5652060,5964.7
13308,5675155,5964.7
13308,5698963,5964.7
13308,5722347,5964.67
13308,5746106,5964.67
13308,5769328,5964.74
13308,5792703,5964.74
13308,5816287,5964.82
13308,5840271,5964.82
13308,5863736,5964.69
13308,5887291,5964.69
13308,5910667,5964.69
13308,5934369,5964.72
13308,5958409,5964.72
13308,5982247,5964.8
13308,6005966,5964.8
13308,6029629,5964.7
13308,6053218,5964.7
13308,6077076,5964.7
13308,6100628,5964.75
13308,6124589,5964.75
13308,6134733,5964.81
13308,6135035,5964.81
13308,6145092,5965.54
13308,6168525,5965.54
13308,6192590,5964.66
13308,6216461,5964.66
13308,6240997,5964.66
13308,6265022,5964.72
13308,6289145,5964.72
13308,6313158,5964.73
13308,6337193,5964.73
13308,6361337,5964.68
13308,6385604,5964.68
13308,6409782,5964.68
13308,6434127,5964.68
13308,6458124,5964.68
13308,6481981,5964.62
13308,6506175,5964.62
13308,6529735,5964.61
13308,6553485,5964.61
13308,6577612,5964.73
13308,6601283,5964.73
13308,6624769,5964.71
13308,6648378,5964.71
13308,6672322,5964.71
13308,6696019,5964.68
13308,6719686,5964.68
13308,6742979,5964.61
13308,6766159,5964.61
13308,6789698,5964.68
13308,6813005,5964.68
13308,6836262,5964.69
13308,6859718,5964.69
13308,6882950,5964.69
13308,6906188,5964.64
13308,6930139,5964.64
13308,6953630,5964.75
13308,6976472,5964.75
13308,6999632,5964.49
13308,7022813,5964.49
13308,7046020,5964.82
13308,7069507,5964.82
13308,7092929,5964.82
13308,7116433,5964.71
13308,7139742,5964.71
13308,7163394,5964.83
13308,7186641,5964.83
13308,7209921,5964.78
13308,7233368,5964.78
13308,7256595,5964.81
13308,7280328,5964.81
13308,7303970,5964.81
13308,7327836,5964.6
13308,7351433,5964.6
13308,7374931,5964.71
13308,7399126,5964.71
13308,7422893,5964.7
13308,7446913,5964.7
13308,7470536,5964.71
13308,7494327,5964.71
13308,7518110,5964.71
13308,7525777,5964.79
13308,7526136,5964.79
13308,7526439,5965.54
13308,7526761,5965.54
13308,7541484,5965.54
13308,7564018,5965.54
13308,7586914,5964.45
13309,66171,5964.39
13309,90489,5964.39
13309,114936,5964.71
13309,138900,5964.71
13309,163048,5964.79
13309,187367,5964.79
13309,211701,5964.67
13309,236389,5964.67
13309,260957,5964.75
13309,285026,5964.75
13309,290501,5964.75
13309,290805,5964.78
13309,291173,5964.78
13309,291465,5965.54
13309,291720,5965.54
13309,292034,5965.54
13309,292338,5965.54
13309,292641,5965.54
13309,297605,5965.54
13309,318019,5965.54
13309,340725,5965.54
13309,363770,5965.54
13309,387334,5964.44
13309,410746,5964.44
13309,434316,5964.73
13309,457984,5964.73
13309,482352,5964.67
13309,506496,5964.67
13309,530577,5964.67
13309,554858,5964.73
13309,579057,5964.73
13309,603367,5964.69
13309,627471,5964.69
13309,629118,5964.81
13309,629432,5964.81
13309,636088,5965.54
13309,658763,5965.54
13309,682564,5965.54
13309,707197,5964.97
13309,731701,5964.97
13309,7543684,5964.69
13309,7568406,5964.69
13309,7593218,5964.63
13309,7617825,5964.63
13309,7642684,5964.63
13309,7667251,5964.73
13309,7691267,5964.73
13309,7715594,5964.85
13309,7740050,5964.85
13309,7764632,5964.65
13309,7789080,5964.65
13309,7814127,5964.6
13309,7838576,5964.6
13309,7846062,5964.6
13309,7846369,5964.65
13309,7846674,5964.65
13309,7856765,5965.54
13309,7879977,5965.54
13309,7903885,5964.7
13309,7927981,5964.7
13309,7952862,5964.83
13309,7977369,5964.83
13309,8001739,5964.83
13309,8010847,5964.78
13309,8011199,5964.78
13309,8011514,5965.54
13309,8011828,5965.54
13309,8012130,5965.54
13309,8012387,5965.54
13309,8012689,5965.54
13309,8028625,5965.54
13309,8050643,5965.54
13309,8073877,5964.76
13309,8097361,5964.76
13309,8120940,5964.76
13309,8145117,5964.76
13309,8169068,5964.81
13309,8193739,5964.81
13309,8218144,5964.65
13309,8243044,5964.65
13309,8244563,5964.65
13309,8244888,5964.61
13309,8245204,5964.61
13309,8245544,5965.54
13309,8245867,5965.54
13309,8257879,5965.54
13309,8280316,5965.54
13309,756162,5964.6
13309,780874,5964.6
13309,805170,5964.79
13309,829491,5964.79
13309,853696,5964.64
13309,877802,5964.64
13309,901832,5964.64
13309,926002,5964.78
13309,950012,5964.78
13309,974285,5964.84
13309,998410,5964.84
13309,1022393,5964.66
13309,1046736,5964.66
13309,1071044,5964.81
13309,1095372,5964.81
13309,1119224,5964.81
13309,1143061,5964.6
13309,1167155,5964.6
13309,1191719,5964.71
13309,1215558,5964.71
13309,1239599,5964.6
13309,1263294,5964.6
13309,1287511,5964.73
13309,1311803,5964.73
13309,1336006,5964.73
13309,1360058,5964.74
13309,1384399,5964.74
13309,1408586,5964.71
13309,1432382,5964.71
13309,1455893,5964.72
13309,1479364,5964.72
13309,1502640,5964.74
13309,8303518,5964.65
13309,8327255,5964.65
13309,8350944,5964.65
13309,8374857,5964.68
13309,8398674,5964.68
13309,8422489,5964.86
13309,8446172,5964.86
13309,8470274,5964.68
13309,8494165,5964.68
13309,8518244,5964.46
13309,8542153,5964.46
13309,8566344,5964.46
13309,8590301,5964.8
13309,8614252,5964.8
13309,8638418,5964.74
13309,8662910,5964.74
13309,8686907,5964.64
13309,8711006,5964.64
13309,8734854,5964.88
13309,8758874,5964.88
13309,8782743,5964.76
13309,8806856,5964.76
13309,8830816,5964.76
13309,8854620,5964.65
13309,8878536,5964.65
13309,8902421,5964.78
13309,8926291,5964.78
13309,8950243,5964.76
13309,8974025,5964.76
13309,8998116,5964.84
13309,9022167,5964.84
13309,9046576,5964.84
13309,9070556,5964.8
13309,9094628,5964.8
13309,9118926,5964.84
13309,9142743,5964.84
13309,9166932,5964.61
13309,9190876,5964.61
13309,9214798,5964.67
13309,9238673,5964.67
13309,9254197,5964.67
13309,9254473,5964.81
13309,9254840,5964.81
13309,9255145,5965.54
13309,9255448,5965.54
13309,9257494,5965.54
13309,9278224,5965.54
13309,9301773,5964.69
13309,9325738,5964.69
13309,9349829,5964.69
13309,9374084,5964.85
13309,9398922,5964.85
13309,9423140,5964.73
13309,9447321,5964.73
13309,9472264,5964.68
13309,9496575,5964.68
13309,9521029,5964.79
13309,9545613,5964.79
13309,9555983,5964.79
13309,9556286,5964.77
13309,9556518,5964.77
13309,9571617,5965.54
13309,9594837,5965.54
13309,9618552,5964.9
13309,9627691,5964.9
13309,9627982,5964.78
13309,9628301,5964.78
13309,9628660,5964.78
13309,9629536,5965.54
13309,9648398,5965.54
13309,9671781,5965.54
13309,9695591,5965.54
13309,9719397,5964.56
13309,9743729,5964.56
13309,9768407,5964.71
13309,9792759,5964.71
13309,9816932,5964.71
13309,9841134,5964.71
13309,9865322,5964.71
13309,9890033,5964.64
13309,9914648,5964.64
13309,9938939,5964.78
13309,9963353,5964.78
13309,9988066,5964.65
13309,10012639,5964.65
13309,10036975,5964.65
13309,10061870,5964.7
13309,10086568,5964.7
13309,10110943,5964.69
13309,10135146,5964.69
13309,10159288,5964.73
13309,10183685,5964.73
13309,10208282,5964.82
13309,10232764,5964.82
13309,10256984,5964.85
13309,10281692,5964.85
13309,10305761,5964.85
13309,10330082,5964.61
13309,10354551,5964.61
13309,10379131,5964.63
13309,10403300,5964.63
13309,10427497,5964.68
13309,10452085,5964.68
13309,10476302,5964.63
13309,10500838,5964.63
13309,10525284,5964.63
13309,10549850,5964.76
13309,10574008,5964.76
13309,10598145,5964.56
13309,10622681,5964.56
13309,10647002,5964.73
13309,10670881,5964.73
13309,10695408,5964.68
13309,10719718,5964.68
13309,10743771,5964.68
13309,10768012,5964.58
13309,10781453,5964.58
13309,10781768,5964.49
13309,10781922,5964.49
13309,1526211,5964.74
13309,1549779,5964.7
13309,1573424,5964.7
13309,1597230,5964.7
13309,1620545,5964.77
13309,1644624,5964.77
13309,1668533,5964.68
13309,1691829,5964.68
13309,1715916,5964.7
13309,1739725,5964.7
13309,1763530,5964.78
13309,1787580,5964.78
13309,1811244,5964.78
13309,1834781,5964.63
13309,1858367,5964.63
13309,1882052,5964.76
13309,1906108,5964.76
13309,1929809,5964.79
13309,1953739,5964.79
13309,1977417,5964.75
13309,2001617,5964.75
13309,2025792,5964.75
13309,2049864,5964.69
13309,2074045,5964.69
13309,2097722,5964.79
13309,2121542,5964.79
13309,2145489,5964.67
13309,2169399,5964.67
13309,2193488,5964.77
13309,2217384,5964.77
13309,2241590,5964.77
13309,2265532,5964.73
13309,2289703,5964.73
13309,2313587,5964.67
13309,2337213,5964.67
13309,2361083,5964.82
13309,2385233,5964.82
13309,2409548,5964.79
13309,2433868,5964.79
13309,2457657,5964.79
13309,2481610,5964.85
13309,2505653,5964.85
13309,2529759,5964.78
13309,2553901,5964.78
13309,2578480,5964.68
13309,2602678,5964.68
13309,2626992,5964.76
13309,2651214,5964.76
13309,2670821,5964.76
13309,2671063,5964.77
13309,2672651,5964.77
13309,2694053,5965.54
13309,2718122,5965.54
13309,2741871,5964.7
13309,2765863,5964.7
13309,2790133,5964.91
13309,2814381,5964.91
13309,2838579,5964.91
13309,2862784,5964.87
13309,2886836,5964.87
13309,2910768,5964.72
13309,2934815,5964.72
13309,2959227,5964.8
13309,2983490,5964.8
13309,3008305,5964.75
13309,3033262,5964.75
13309,3058342,5964.75
13309,3083202,5964.76
13309,3107763,5964.76
13309,3132067,5964.82
13309,3156533,5964.82
13309,3181255,5964.73
13309,3205791,5964.73
13309,3207354,5964.69
13309,3207681,5964.69
13309,3207983,5964.69
13309,3208290,5965.54
13309,3208536,5965.54
13309,3208850,5965.54
13309,3209202,5965.54
13309,3209520,5965.54
13309,3209769,5965.54
13309,3210083,5965.54
13309,3210386,5965.54
13309,3210695,5965.54
13309,3210998,5965.54
13309,3211351,5965.54
13309,3211682,5965.54
13309,3211980,5965.54
13309,3212298,5965.54
13309,3212598,5965.54
13309,3212905,5965.54
13309,3213156,5965.54
13309,3213461,5965.54
13309,3213774,5965.54
13309,3214272,5965.54
13309,3228234,5965.54
13309,3242393,5965.54
13309,3242789,5964.74
13309,3243105,5964.74
13309,3243342,5964.74
13309,3243647,5965.54
13309,3244019,5965.54
13309,3244324,5965.54
13309,3244636,5965.54
13309,3246848,5965.54
13309,3265925,5965.54
13309,3288191,5964.08
13309,3310971,5964.08
13309,3333999,5964.08
13309,3357217,5964.6
13309,3380863,5964.6
13309,3404360,5964.7
13309,3427953,5964.7
13309,3451889,5964.7
13309,3475827,5964.7
13309,3500037,5964.7
13309,3524216,5964.7
13309,3548423,5964.7
13309,3573056,5964.81
13309,3597740,5964.81
13309,3622650,5964.73
13309,3646816,5964.73
13309,3671146,5964.74
13309,3695218,5964.74
13309,3719415,5964.67
13309,3744010,5964.67
13309,3768494,5964.67
13309,3793004,5964.95
13309,3817577,5964.95
13309,3842027,5964.69
13309,3866300,5964.69
13309,3890673,5964.83
13309,3915669,5964.83
13309,3940261,5964.74
13309,3964668,5964.74
13309,3989121,5964.74
13309,4013799,5964.59
13309,4038641,5964.59
13309,4063254,5964.53
13309,4087669,5964.53
13309,4112250,5964.77
13309,4136614,5964.77
13309,4161268,5964.78
13309,4185965,5964.78
13309,4210358,5964.78
13309,4234822,5964.71
13309,4259175,5964.71
13309,4283584,5964.85
13309,4307799,5964.85
13309,4332279,5964.72
13309,4356439,5964.72
13309,4380674,5964.68
13309,4405350,5964.68
13309,4429674,5964.68
13309,4454001,5964.72
13309,4478331,5964.72
13309,4502882,5964.73
13309,4527296,5964.73
13309,4551854,5964.7
13309,4576124,5964.7
13309,4600442,5964.64
13309,4624725,5964.64
13309,4648942,5964.64
13309,4673139,5964.74
13309,4696683,5964.74
13309,4720248,5964.71
13309,4744186,5964.71
13309,4767744,5964.66
13309,4791554,5964.66
13309,4815437,5964.75
13309,4839297,5964.75
13309,4862806,5964.75
13309,4887022,5964.54
13309,4911101,5964.54
13309,4935555,5964.74
13309,4959817,5964.74
13309,4984175,5964.7
13309,5008123,5964.7
13309,5032316,5964.68
13309,5056646,5964.68
13309,5080610,5964.68
13309,5104253,5964.73
13309,5128514,5964.73
13309,5152209,5964.83
13309,5176450,5964.83
13309,5200768,5964.71
13309,5225013,5964.71
13309,5249274,5964.66
13309,5273588,5964.66
13309,5297802,5964.73
13309,5321466,5964.73
13309,5345237,5964.73
13309,5369590,5964.69
13309,5393780,5964.69
13309,5417947,5964.78
13309,5442050,5964.78
13309,5466225,5964.64
13309,5490430,5964.64
13309,5514499,5964.64
13309,5539044,5964.78
13309,5562990,5964.78
13309,5587483,5964.8
13309,5611553,5964.8
13309,5635574,5964.67
13309,5659627,5964.67
13309,5684098,5964.64
13309,5708287,5964.64
13309,5732615,5964.64
13309,5756810,5964.84
13309,5780953,5964.84
13309,5804767,5964.63
13309,5828648,5964.63
13309,5852800,5964.74
13309,5877231,5964.74
13309,5901332,5964.72
13309,5925534,5964.72
13309,5949932,5964.72
13309,5974281,5964.79
13309,5998832,5964.79
13309,6023236,5964.72
13309,6047229,5964.72
13309,6071609,5964.66
13309,6095980,5964.66
13309,6120054,5964.7
13309,6144389,5964.7
13309,6168948,5964.7
13309,6192980,5964.7
13309,6217344,5964.7
13309,6241653,5964.8
13309,6265977,5964.8
13309,6290421,5964.76
13309,6314757,5964.76
13309,6339194,5964.8
13309,6363136,5964.8
13309,6387304,5964.75
13309,6411504,5964.75
13309,6435915,5964.75
13309,6460293,5964.77
13309,6484604,5964.77
13309,6508807,5964.74
13309,6533254,5964.74
13309,6557578,5964.68
13309,6582408,5964.68
13309,6606729,5964.72
13309,6630896,5964.72
13309,6655494,5964.72
13309,6680082,5964.62
13309,6704500,5964.62
13309,6728814,5964.74
13309,6753330,5964.74
13309,6777803,5964.73
13309,6801922,5964.73
13309,6826096,5964.81
13309,6850420,5964.81
13309,6874750,5964.81
13309,6898793,5964.84
13309,6923012,5964.84
13309,6947328,5964.85
13309,6971593,5964.85
13309,6995969,5964.75
13309,7020140,5964.75
13309,7044595,5964.87
13309,7069062,5964.87
13309,7093366,5964.75
13309,7117679,5964.75
13309,7142111,5964.75
13309,7166338,5964.72
13309,7190765,5964.72
13309,7214975,5964.81
13309,7239097,5964.81
13309,7263227,5964.81
13309,7287559,5964.81
13309,7311621,5964.79
13309,7335813,5964.79
13309,7360041,5964.79
13309,7384438,5964.72
13309,7409150,5964.72
13309,7417583,5964.55
13309,7417944,5964.55
13309,7418199,5965.54
13309,7433022,5965.54
13309,7447993,5964.8
13309,7448260,5964.8
13309,7448566,5964.8
13309,7450243,5965.54
13309,7471116,5965.54
13309,7495070,5965.54
13309,7519007,5965.54
13314,60994,5964.82
13314,61269,5964.82
13314,61633,5964.82
13314,61869,5965.54
13314,72090,5965.54
13314,96886,5965.54
13314,122005,5965.54
13314,147061,5964.78
13314,172145,5964.78
13314,197349,5964.78
13314,222555,5964.78
13314,247588,5964.78
13314,272568,5964.81
13314,297751,5964.81
13314,322642,5964.8
13314,347601,5964.8
13314,372456,5964.85
13314,375447,5964.85
13314,375763,5964.85
13314,376123,5965.54
13314,376429,5965.54
13314,376717,5965.54
13314,376991,5965.54
13314,377292,5965.54
13314,377659,5965.54
13314,377889,5965.54
13314,378217,5965.54
13314,379672,5965.54
13314,399100,5965.54
13314,424742,5965.54
13314,450330,5965.17
13314,475038,5965.17
13314,500037,5964.89
13314,524641,5964.89
13314,549262,5964.87
13314,573960,5964.87
13314,598877,5964.87
13314,623334,5964.88
13314,647981,5964.88
13314,672142,5964.78
13314,696721,5964.78
13314,7192494,5965.54
13314,7218079,5964.62
13314,7243427,5964.62
13314,7268765,5964.91
13314,7294263,5964.91
13314,7319830,5964.79
13314,7344926,5964.79
13314,7369864,5964.79
13314,7394862,5964.88
13314,7419561,5964.88
13314,7444150,5964.82
13314,7468879,5964.82
13314,7493931,5964.73
13314,7519047,5964.73
13314,7544225,5964.84
13314,7569223,5964.84
13314,7588008,5964.84
13314,7588249,5964.83
13314,7588698,5964.83
13314,7589001,5965.54
13314,7589722,5965.54
13314,7590059,5965.54
13314,7590317,5965.54
13314,7593590,5965.54
13314,7616116,5965.54
13314,7642494,5965.54
13314,7667714,5964.98
13314,7693200,5964.98
13314,7718410,5964.68
13314,7744391,5964.68
13314,7769987,5964.8
13314,7795200,5964.8
13314,7820164,5964.8
13314,7844923,5964.88
13314,7869451,5964.88
13314,7894160,5965.04
13314,721573,5964.92
13314,746187,5964.92
13314,771055,5964.73
13314,795545,5964.73
13314,820857,5964.73
13314,846084,5964.85
13314,871309,5964.85
13314,881815,5964.83
13314,882199,5964.83
13314,882503,5965.54
13314,882746,5965.54
13314,883036,5965.54
13314,883425,5965.54
13314,883726,5965.54
13314,884034,5965.54
13314,884286,5965.54
13314,884652,5965.54
13314,884903,5965.54
13314,885208,5965.54
13314,885848,5965.54
13314,900985,5965.54
13314,926105,5965.54
13314,952198,5965.54
13314,977654,5964.83
13314,1003146,5964.83
13314,1028593,5964.83
13314,1054181,5964.83
13314,1079021,5964.85
13314,1103685,5964.85
13314,1128203,5964.87
13314,1152641,5964.87
13314,1177370,5964.87
13314,1201714,5964.75
13314,1226618,5964.75
13314,1250946,5964.77
13314,1275788,5964.77
13314,1300720,5964.86
13314,1325823,5964.86
13314,1351159,5964.81
13314,1376752,5964.81
13314,1402355,5964.81
13314,1428209,5964.81
13314,7918863,5965.04
13314,7944177,5964.97
13314,7969631,5964.97
13314,7995016,5964.93
13314,8020343,5964.93
13314,8046035,5964.93
13314,8071819,5964.77
13314,8097278,5964.77
13314,8122624,5964.79
13314,8147853,5964.79
13314,8173413,5964.84
13314,8199626,5964.84
13314,8215345,5964.86
13314,8215675,5964.86
13314,8215901,5965.54
13314,8216710,5965.54
13314,8236296,5965.54
13314,8263297,5965.54
13314,8269074,5965.54
13314,8269314,5964.65
13314,8269621,5964.65
13314,8271311,5965.54
13314,8291291,5965.54
13314,8316776,5965.01
13314,8342357,5965.01
13314,8368087,5965.01
13314,8393681,5964.84
13314,8419492,5964.84
13314,8445036,5964.87
13314,8470543,5964.87
13314,8495337,5964.87
13314,8520403,5964.87
13314,8545823,5964.87
13314,8571150,5964.97
13314,8596206,5964.97
13314,8621282,5964.88
13314,8646628,5964.88
13314,8671678,5964.78
13314,8696810,5964.78
13314,8722029,5964.79
13314,8747229,5964.79
13314,8772750,5964.79
13314,8798951,5964.88
13314,8824156,5964.88
13314,8849888,5964.81
13314,8875628,5964.81
13314,8900738,5964.88
13314,8926547,5964.88
13314,8952271,5964.81
13314,8977767,5964.81
13314,9003459,5964.84
13314,9029350,5964.84
13314,9054550,5964.84
13314,9080149,5964.86
13314,9106027,5964.86
13314,9131382,5964.77
13314,9156457,5964.77
13314,9182311,5965
13314,9208158,5965
13314,9233305,5964.98
13314,9259052,5964.98
13314,9284499,5964.98
13314,9309921,5964.8
13314,9327665,5964.8
13314,9327895,5964.8
13314,9328201,5964.8
13314,9328986,5965.54
13314,9345966,5965.54
13314,9372413,5964.88
13314,9398753,5964.88
13314,9424461,5964.88
13314,9449979,5965.15
13314,9475662,5965.15
13314,9501126,5964.87
13314,9526630,5964.87
13314,9552098,5964.93
13314,9577470,5964.93
13314,9602783,5964.88
13314,9628020,5964.88
13314,9653490,5964.88
13314,9678697,5964.89
13314,9703964,5964.89
13314,9716918,5964.83
13314,9717152,5964.83
13314,9717475,5965.54
13314,9717839,5965.54
13314,9718676,5965.54
13314,9737643,5965.54
13314,9763449,5965.54
13314,9789877,5964.72
13314,9815885,5964.72
13314,9841851,5964.68
13314,9867720,5964.68
13314,9892949,5964.92
13314,9918145,5964.92
13314,9943220,5964.79
13314,9968823,5964.79
13314,9994294,5964.79
13314,10019283,5964.93
13314,10044720,5964.93
13314,10070185,5964.9
13314,10095341,5964.9
13314,10120113,5964.76
13314,10144797,5964.76
13314,10170022,5964.92
13314,10195125,5964.92
13314,10220070,5964.92
13314,10244878,5965.01
13314,10270506,5965.01
13314,10295723,5964.91
13314,10321350,5964.91
13314,10346923,5964.81
13314,10372367,5964.81
13314,10397741,5964.76
13314,10423598,5964.76
13314,10449354,5964.76
13314,10475081,5964.86
13314,10500952,5964.86
13314,10526382,5964.85
13314,10552155,5964.85
13314,10577673,5964.91
13314,10602820,5964.91
13314,10628155,5964.81
13314,10653495,5964.81
13314,10678503,5964.81
13314,10688427,5964.87
13314,1453685,5964.81
13314,1479168,5964.77
13314,1504900,5964.77
13314,1530094,5964.77
13314,1555424,5964.77
13314,1580866,5964.85
13314,1605671,5964.85
13314,1630571,5964.85
13314,1655406,5964.93
13314,1680011,5964.93
13314,1704694,5964.77
13314,1729264,5964.77
13314,1753706,5964.71
13314,1778178,5964.71
13314,1802792,5964.88
13314,1827587,5964.88
13314,1851896,5964.88
13314,1876518,5964.87
13314,1901192,5964.87
13314,1925875,5964.86
13314,1951486,5964.86
13314,1977162,5964.79
13314,2002685,5964.79
13314,2028268,5964.85
13314,2053745,5964.85
13314,2079336,5964.85
13314,2104985,5964.77
13314,2130742,5964.77
13314,2156415,5964.82
13314,2182130,5964.82
13314,2207477,5964.92
13314,2233303,5964.92
13314,2258491,5964.79
13314,2283552,5964.79
13314,2308859,5964.79
13314,2333702,5964.89
13314,2358784,5964.89
13314,2384076,5964.67
13314,2408961,5964.67
13314,2434166,5964.9
13314,2458872,5964.9
13314,2483705,5964.79
13314,2508303,5964.79
13314,2532867,5964.79
13314,2558037,5964.9
13314,2582654,5964.9
13314,2607888,5964.86
13314,2632842,5964.86
13314,2657520,5964.85
13314,2682250,5964.85
13314,2706991,5964.81
13314,2732308,5964.81
13314,2757650,5964.81
13314,2783712,5964.88
13314,2809350,5964.88
13314,2834923,5964.86
13314,2860404,5964.86
13314,2885869,5964.75
13314,2911600,5964.75
13314,2936874,5964.88
13314,2962112,5964.88
13314,2987519,5964.88
13314,3012724,5964.79
13314,3037822,5964.79
13314,3063072,5964.83
13314,3087625,5964.83
13314,3111865,5964.85
13314,3136980,5964.85
13314,3161605,5964.89
13314,3186895,5964.89
13314,3212018,5964.89
13314,3237113,5964.81
13314,3262478,5964.81
13314,3288054,5964.82
13314,3313065,5964.82
13314,3338667,5965.02
13314,3363821,5965.02
13314,3389162,5964.85
13314,3414558,5964.85
13314,3440141,5964.85
13314,3465598,5964.77
13314,3490695,5964.77
13314,3516030,5964.77
13314,3541367,5964.77
13314,3566569,5964.85
13314,3591936,5964.85
13314,3617420,5964.97
13314,3642884,5964.97
13314,3668210,5964.88
13314,3693829,5964.88
13314,3719370,5964.88
13314,3744521,5964.96
13314,3769731,5964.96
13314,3794869,5964.81
13314,3820160,5964.81
13314,3845652,5964.95
13314,3871202,5964.95
13314,3896297,5964.83
13314,3921788,5964.83
13314,3946993,5964.83
13314,3972210,5964.84
13314,3997043,5964.84
13314,4021773,5964.68
13314,4046716,5964.68
13314,4071691,5964.85
13314,4096496,5964.85
13314,4121723,5964.83
13314,4146795,5964.83
13314,4171517,5964.83
13314,4196468,5964.91
13314,4221314,5964.91
13314,4246528,5964.87
13314,4272094,5964.87
13314,4296960,5964.85
13314,4322004,5964.85
13314,4347007,5964.82
13314,4371580,5964.82
13314,4396463,5964.82
13314,4421387,5964.88
13314,4446444,5964.88
13314,4471720,5964.79
13314,4496876,5964.79
13314,4522031,5964.81
13314,4547093,5964.81
13314,4572167,5964.82
13314,4597115,5964.82
13314,4621875,5964.82
13314,4646820,5964.85
13314,4671609,5964.85
13314,4696693,5964.8
13314,4721663,5964.8
13314,4746746,5964.83
13314,4772002,5964.83
13314,4797105,5964.77
13314,4822410,5964.77
13314,4847612,5964.77
13314,4873094,5964.89
13314,4885473,5964.89
13314,4885784,5964.92
13314,4886089,5964.92
13314,4889389,5965.54
13314,4904284,5965.54
13314,4904590,5964.75
13314,4904894,5964.75
13314,4905439,5964.75
13314,4918879,5965.54
13314,4945029,5965.54
13314,4971683,5964.64
13314,4997339,5964.64
13314,5023064,5964.93
13314,5047915,5964.93
13314,5072604,5964.79
13314,5097443,5964.79
13314,5122761,5964.79
13314,5147997,5964.82
13314,5173485,5964.82
13314,5198839,5964.81
13314,5224741,5964.81
13314,5249618,5964.91
13314,5274979,5964.91
13314,5300221,5964.8
13314,5325530,5964.8
13314,5351413,5964.8
13314,5377475,5964.75
13314,5403126,5964.75
13314,5428337,5964.75
13314,5453777,5964.75
13314,5478640,5964.77
13314,5503338,5964.77
13314,5528156,5964.77
13314,5553200,5964.77
13314,5578218,5964.77
13314,5603371,5964.82
13314,5628440,5964.82
13314,5653220,5964.85
13314,5678313,5964.85
13314,5703799,5964.88
13314,5729126,5964.88
13314,5754867,5964.92
13314,5780200,5964.92
13314,5806040,5964.92
13314,5831665,5964.94
13314,5857137,5964.94
13314,5882583,5964.94
13314,5906015,5964.94
13314,5906303,5964.78
13314,5906612,5964.78
13314,5906905,5965.54
13314,5907170,5965.54
13314,5907468,5965.54
13314,5908059,5965.54
13314,5923059,5965.54
13314,5949024,5965.54
13314,5975284,5965.54
13314,6001558,5964.97
13314,6027186,5964.97
13314,6052753,5964.78
13314,6077912,5964.78
13314,6103046,5964.78
13314,6128326,5964.89
13314,6153336,5964.89
13314,6178681,5964.89
13314,6203384,5964.89
13314,6228573,5964.87
13314,6253959,5964.87
13314,6278817,5964.82
13314,6303731,5964.82
13314,6329106,5964.82
13314,6354396,5964.87
13314,6379051,5964.87
13314,6404605,5964.84
13314,6429839,5964.84
13314,6455055,5964.85
13314,6479999,5964.85
13314,6505856,5964.9
13314,6531598,5964.9
13314,6557275,5964.9
13314,6577105,5964.8
13314,6577391,5964.8
13314,6577694,5964.87
13314,6578031,5964.87
13314,6578366,5965.54
13314,6578598,5965.54
13314,6581938,5965.54
13314,6604222,5965.54
13314,6630474,5965.54
13314,6656568,5964.84
13314,6682445,5964.84
13314,6708202,5964.83
13314,6732746,5964.83
13314,6757823,5964.95
13314,6782661,5964.95
13314,6807735,5964.8
13314,6832429,5964.8
13314,6857523,5964.8
13314,6882494,5964.89
13314,6907758,5964.89
13314,6933294,5964.83
13314,6958909,5964.83
13314,6984627,5964.77
13314,7010347,5964.77
13314,7035771,5964.89
13314,7061469,5964.89
13314,7086905,5964.89
13314,7112388,5964.83
13314,7124186,5964.83
13314,7124457,5964.86
13314,7124770,5964.86
13314,7125138,5965.54
13314,7125442,5965.54
13314,7125766,5965.54
13314,7126196,5965.54
13314,7139636,5965.54
13314,7165726,5965.54
13315,71041,5964.91
13315,97138,5964.91
13315,122994,5964.82
13315,148562,5964.82
13315,173407,5964.97
13315,188965,5964.97
13315,189274,5964.97
13315,189588,5964.9
13315,189879,5964.9
13315,194435,5965.54
13315,218516,5965.54
13315,244286,5965
13315,253695,5965
13315,254015,5964.8
13315,254385,5964.8
13315,254691,5964.8
13315,254926,5965.54
13315,255569,5965.54
13315,269765,5965.54
13315,296749,5965.54
13315,323147,5964.6
13315,349306,5964.6
13315,374843,5964.8
13315,400726,5964.8
13315,426043,5964.8
13315,451024,5964.73
13315,476370,5964.73
13315,501689,5964.75
13315,527036,5964.75
13315,552476,5964.9
13315,577916,5964.9
13315,603063,5964.84
13315,628776,5964.84
13315,654034,5964.84
13315,679354,5964.88
13315,704615,5964.88
13315,729781,5964.89
13315,755020,5964.89
13315,780341,5964.88
13315,805518,5964.88
13315,830800,5964.92
13315,856313,5964.92
13315,881864,5964.82
13315,907117,5964.82
13315,932682,5964.82
13315,958032,5964.88
13315,982865,5964.88
13315,1008189,5964.81
13315,1033683,5964.81
13315,1059066,5964.83
13315,1084633,5964.83
13315,1110190,5964.87
13315,1135728,5964.87
13315,1161601,5964.87
13315,1187271,5964.87
13315,1212994,5964.87
13315,1238858,5964.84
13315,1264208,5964.84
13315,1289935,5964.84
13315,1316156,5964.84
13315,1342012,5964.86
13315,1367889,5964.86
13315,1393095,5964.86
13315,1419016,5964.84
13315,1444684,5964.84
13315,1470033,5964.85
13315,1495116,5964.85
13315,1520561,5964.85
13315,1546440,5964.85
13315,1572414,5965.06
13315,1598072,5965.06
13315,1623654,5965.06
13315,1649377,5964.88
13315,1674814,5964.88
13315,1700772,5964.92
13315,1726271,5964.92
13315,1752080,5964.74
13315,1777745,5964.74
13315,1803053,5964.94
13315,1828337,5964.94
13315,1854030,5964.8
13315,1872218,5964.8
13315,1872496,5964.8
13315,1872799,5964.82
13315,1882849,5964.82
13315,1908697,5965.54
13315,1935141,5965.54
13315,1961323,5964.77
13315,1987053,5964.77
13315,2012940,5964.87
13315,2039502,5964.87
13315,2065369,5964.87
13315,2090970,5964.93
13315,2116824,5964.93
13315,2142005,5964.86
13315,2167178,5964.86
13315,2192237,5964.74
13315,2217310,5964.74
13315,2242024,5964.82
13315,2266987,5964.82
13315,2292151,5964.82
13315,2317156,5964.8
13315,2342101,5964.8
13315,2366671,5964.85
13315,2391517,5964.85
13315,2391850,5964.89
13315,2392090,5964.89
13315,2393774,5965.54
13315,2414389,5965.54
13315,2440757,5965.54
13315,2441976,5965.14
13315,2442223,5965.14
13315,2442523,5965.54
13315,2442901,5965.54
13315,2443205,5965.54
13315,2443508,5965.54
13315,2443762,5965.54
13315,2444074,5965.54
13315,2444385,5965.54
13315,2444759,5965.54
13315,2445076,5965.54
13315,2445391,5965.54
13315,2445642,5965.54
13315,2445948,5965.54
13315,2454585,5965.54
13315,2479272,5964.87
13315,2504910,5964.87
13315,2530771,5964.87
13315,2556364,5964.81
13315,2581461,5964.81
13315,2606392,5964.93
13315,2631846,5964.93
13315,2656452,5964.88
13315,2681330,5964.88
13315,2706422,5964.8
13315,2731210,5964.8
13315,2750249,5964.8
13315,2750503,5964.82
13315,2750875,5964.82
13315,2751301,5965.54
13315,2767261,5965.54
13315,2793568,5964.72
13315,2819784,5964.72
13315,2846030,5964.68
13315,2871501,5964.68
13315,2896397,5964.68
13315,2921165,5964.77
13315,2946260,5964.77
13315,2971212,5964.76
13315,2996391,5964.76
13315,3021637,5964.82
13315,3046590,5964.82
13315,3071679,5964.81
13315,3096775,5964.81
13315,3121946,5964.81
13315,3147077,5964.88
13315,3172209,5964.88
13315,3197370,5964.83
13315,3222485,5964.83
13315,3247648,5964.93
13315,3273753,5964.93
13315,3295951,5964.84
13315,3296236,5964.84
13315,3296538,5964.84
13315,3296793,5965.54
13315,3300348,5965.54
13315,3324279,5965.54
13315,3331644,5965.54
13315,3331927,5964.73
13315,3332258,5964.73
13315,3332565,5964.73
13315,3332926,5965.54
13315,3333247,5965.54
13315,3333487,5965.54
13315,3333824,5965.54
13315,3334129,5965.54
13315,3334512,5965.54
13315,3334820,5965.54
13315,3335052,5965.54
13315,3335401,5965.54
13315,3335713,5965.54
13315,3336094,5965.54
13315,3336404,5965.54
13315,3336655,5965.54
13315,3336959,5965.54
13315,3337270,5965.54
13315,3337653,5965.54
13315,3337965,5965.54
13315,3338219,5965.54
13315,3338536,5965.54
13315,3338842,5965.54
13315,3339209,5965.54
13315,3339599,5965.54
13315,3339849,5965.54
13315,3340152,5965.54
13315,3340502,5965.54
13315,3340822,5965.54
13315,3341143,5965.54
13315,3341390,5965.54
13315,3341692,5965.54
13315,3341988,5965.54
13315,3342334,5965.54
13315,3342588,5965.54
13315,3342916,5965.54
13315,3343295,5965.54
13315,3343523,5965.54
13315,3343845,5965.54
13315,3344188,5965.54
13315,3344464,5965.54
13315,3344770,5965.54
13315,3345136,5965.54
13315,3345437,5965.54
13315,3345691,5965.54
13315,3346000,5965.54
13315,3346372,5965.54
13315,3346613,5965.54
13315,3346984,5965.54
13315,3347305,5965.54
13315,3347545,5965.54
13315,3347848,5965.54
13315,3348221,5965.54
13315,3348522,5965.54
13315,3348839,5965.54
13315,3349076,5965.54
13315,3349380,5965.54
13315,3349718,5965.54
13315,3350064,5965.54
13315,3350368,5965.54
13315,3350615,5965.54
13315,3350909,5965.54
13315,3351235,5965.54
13315,3351597,5965.54
13315,3351822,5965.54
13315,3352145,5965.54
13315,3352521,5965.54
13315,3352819,5965.54
13315,3353114,5965.54
13315,3353433,5965.54
13315,3353692,5965.54
13315,3353996,5965.54
13315,3354311,5965.54
13315,3354680,5965.54
13315,3354987,5965.54
13315,3355298,5965.54
13315,3355657,5965.54
13315,3355980,5965.54
13315,3356294,5965.54
13315,3356602,5965.54
13315,3356842,5965.54
13315,3357145,5965.54
13315,3357441,5965.54
13315,3357611,5965.54
13316,68214,5964.86
13316,92254,5964.86
13316,116847,5964.86
13316,141277,5964.85
13316,165846,5964.85
13316,190886,5964.85
13316,216005,5964.91
13316,240700,5964.91
13316,265210,5964.94
13316,265550,5964.94
13316,265850,5965.54
13316,275497,5965.54
13316,302130,5964.78
13316,315921,5964.78
13316,316230,5964.78
13316,316553,5964.43
13316,316856,5964.43
13316,317233,5965.54
13316,317543,5965.54
13316,317847,5965.54
13316,318107,5965.54
13316,318410,5965.54
13316,318755,5965.54
13316,319022,5965.54
13316,319386,5965.54
13316,319695,5965.54
13316,319993,5965.54
13316,320333,5965.54
13316,320644,5965.54
13316,320896,5965.54
13316,321814,5965.54
13316,322937,5965.54
13316,323168,5965.54
13316,323494,5965.54
13316,331580,5965.54
13316,355206,5965.54
13316,380191,5965.54
13316,405045,5964.81
13316,429622,5964.81
13316,444910,5964.81
13316,445240,5964.93
13316,445488,5964.93
13316,445795,5965.54
13316,446156,5965.54
13316,446471,5965.54
13316,448013,5965.54
13316,458798,5965.54
13316,471075,5965.54
13316,483757,5965.54
13316,496911,5964.94
13316,509998,5964.94
13316,522918,5964.87
13316,536048,5964.87
13316,549399,5964.94
13316,562608,5964.94
13316,576013,5964.89
13316,589220,5964.89
13316,602268,5964.87
13316,603452,5964.87
13316,603778,5964.87
13316,604098,5965.54
13316,606976,5965.54
13316,629762,5965.54
13316,638440,5965.54
13316,638739,5964.86
13316,639108,5964.86
13316,639523,5964.86
13316,641518,5965.54
13316,643653,5965.54
13316,645722,5964.82
13316,647794,5964.82
13316,649934,5964.76
13316,662249,5964.76
13316,687325,5964.85
13316,713200,5964.85
13316,738463,5964.85
13316,763116,5964.81
13316,787929,5964.81
13316,812643,5964.84
13316,836961,5964.84
13316,861676,5964.77
13316,886126,5964.77
13316,910305,5964.78
13316,934872,5964.78
13316,959588,5964.78
13316,983908,5964.74
13316,1008225,5964.74
13316,1014575,5964.84
13316,1014879,5964.84
13316,1015196,5965.54
13316,1015555,5965.54
13316,1029495,5965.54
13316,1049333,5965.54
13316,1049636,5965.54
13316,1049947,5964.82
13316,1050310,5964.82
13316,1050615,5965.54
13316,1050920,5965.54
13316,1051222,5965.54
13316,1051523,5965.54
13316,1051781,5965.54
13316,1052087,5965.54
13316,1052454,5965.54
13316,1052765,5965.54
13316,1053014,5965.54
13316,1053329,5965.54
13316,1053638,5965.54
13316,1054006,5965.54
13316,1054321,5965.54
13316,1054559,5965.54
13316,1054875,5965.54
13316,1055177,5965.54
13316,1055550,5965.54
13316,1055797,5965.54
13316,1056165,5965.54
13316,1056471,5965.54
13316,1056782,5965.54
13316,1057021,5965.54
13316,1057313,5965.54
13316,1057684,5965.54
13316,1057998,5965.54
13316,1058305,5965.54
13316,1058562,5965.54
13316,1058867,5965.54
13316,1059215,5965.54
13316,1059538,5965.54
13316,1059858,5965.54
13316,1060103,5965.54
13316,1060535,5965.54
13316,1060798,5965.54
13316,1061090,5965.54
13316,1061449,5965.54
13316,1061778,5965.54
13316,1062083,5965.54
13316,1062324,5965.54
13316,1062639,5965.54
13316,1062943,5965.54
13316,1063320,5965.54
13316,1063560,5965.54
13316,1063843,5965.54
13316,1064167,5965.54
13316,1064482,5965.54
13316,1064842,5965.54
13316,1065159,5965.54
13316,1065405,5965.54
13316,1065710,5965.54
13316,1066015,5965.54
13316,1066382,5965.54
13316,1066685,5965.54
13316,1066950,5965.54
13316,1067250,5965.54
13316,1067610,5965.54
13316,1067942,5965.54
13316,1068166,5965.54
13316,1068560,5965.54
13316,1068864,5965.54
13316,1069086,5965.54
13316,1069418,5965.54
13316,1069723,5965.54
13316,1070094,5965.54
13316,1070397,5965.54
13316,1070709,5965.54
13316,1070958,5965.54
13316,1071263,5965.54
13316,1071635,5965.54
13316,1071940,5965.54
13316,1072184,5965.54
13316,1072489,5965.54
13316,1072850,5965.54
13316,1073160,5965.54
13316,1073404,5965.54
13316,1073724,5965.54
13316,1074023,5965.54
13316,1074401,5965.54
13316,1074709,5965.54
13316,1074949,5965.54
13316,1075252,5965.54
13316,1075565,5965.54
13316,1075934,5965.54
13316,1076252,5965.54
13316,1076471,5965.54
13316,1076804,5965.54
13316,1076881,5965.54
13317,34930,5965.54
13317,60814,5965.54
13317,86255,5964.44
13317,104894,5964.44
13317,105147,5964.44
13317,105494,5964.85
13317,105746,5964.85
13317,108652,5965.54
13317,112038,5965.54
13317,112345,5964.98
13317,112647,5964.98
13317,119583,5965.54
13317,143411,5965.54
13317,168725,5965.54
13317,193427,5964.88
13317,218130,5964.88
13317,243145,5964.96
13317,268301,5964.96
13317,293364,5964.96
13317,318085,5964.96
13317,343013,5965.05
13317,368151,5965.05
13317,392857,5965.05
13317,417771,5964.86
13317,442288,5964.86
13317,466931,5964.95
13317,491270,5964.95
13317,516208,5964.76
13317,541212,5964.76
13317,566472,5964.76
13317,591945,5965.08
13317,617075,5965.08
13317,641988,5964.87
13317,667370,5964.87
13317,692999,5964.82
13317,7061264,5964.82
13317,7086863,5964.83
13317,7112341,5964.83
13317,7138073,5964.89
13317,7163954,5964.89
13317,7189393,5964.93
13317,7214715,5964.93
13317,7240219,5964.93
13317,7266090,5964.95
13317,7291626,5964.95
13317,7317552,5964.9
13317,7343344,5964.9
13317,7368976,5964.78
13317,7394509,5964.78
13317,7420165,5964.89
13317,7445286,5964.89
13317,7471036,5964.89
13317,7496219,5964.84
13317,7521440,5964.84
13317,7546667,5964.86
13317,7571877,5964.86
13317,7597352,5964.88
13317,7623199,5964.88
13317,7648644,5964.92
13317,7674014,5964.92
13317,7699624,5964.92
13317,7725356,5964.96
13317,717856,5964.82
13317,743426,5964.89
13317,768651,5964.89
13317,793741,5964.89
13317,809055,5964.88
13317,809351,5964.88
13317,809665,5965.54
13317,809956,5965.54
13317,810581,5965.54
13317,826835,5965.54
13317,852559,5965.02
13317,878682,5965.02
13317,904206,5965.02
13317,929410,5964.9
13317,954196,5964.9
13317,979689,5964.92
13317,1005460,5964.92
13317,1030997,5964.94
13317,1044153,5964.94
13317,1044472,5964.81
13317,1046755,5964.81
13317,1068773,5964.81
13317,1095121,5965.54
13317,1120973,5965.54
13317,1146592,5964.86
13317,1172171,5964.86
13317,1197657,5964.91
13317,1222572,5964.91
13317,1247554,5964.97
13317,1272278,5964.97
13317,1296585,5964.97
13317,1321175,5964.86
13317,1345829,5964.86
13317,1370325,5964.83
13317,1394643,5964.83
13317,7751393,5964.96
13317,7761816,5964.83
13317,7762051,5964.83
13317,7762374,5965.54
13317,7766488,5965.54
13317,7789917,5965.54
13317,7815976,5965.54
13317,7841728,5965.54
13317,7867610,5964.4
13317,7893216,5964.4
13317,7917894,5964.87
13317,7943128,5964.87
13317,7968087,5964.89
13317,7993417,5964.89
13317,8018774,5964.9
13317,8044379,5964.9
13317,8069458,5964.9
13317,8095187,5964.98
13317,8121005,5964.98
13317,8146768,5964.86
13317,8172102,5964.86
13317,8197704,5964.97
13317,8222994,5964.97
13317,8248235,5964.95
13317,8273868,5964.95
13317,8299224,5964.95
13317,8324649,5964.92
13317,8350275,5964.92
13317,8375498,5964.88
13317,8401097,5964.88
13317,8426462,5964.87
13317,8452318,5964.87
13317,8478685,5964.89
13317,8504631,5964.89
13317,8530627,5964.89
13317,8556617,5964.88
13317,8582506,5964.88
13317,8608111,5964.88
13317,8634202,5964.88
13317,8660307,5964.88
13317,8661762,5964.88
13317,8662099,5965.54
13317,8662335,5965.54
13317,8662705,5965.54
13317,8663034,5965.54
13317,8663338,5965.54
13317,8663645,5965.54
13317,8663949,5965.54
13317,8664254,5965.54
13317,8664577,5965.54
13317,8664915,5965.54
13317,8665189,5965.54
13317,8665503,5965.54
13317,8674061,5965.54
13317,8698925,5965.54
13317,8724582,5964.94
13317,8750688,5964.94
13317,8776281,5964.93
13317,8801716,5964.93
13317,8826825,5964.95
13317,8851841,5964.95
13317,8877040,5964.95
13317,8902237,5964.95
13317,8927203,5964.95
13317,8952044,5964.92
13317,8977617,5964.92
13317,9002625,5964.83
13317,9027743,5964.83
13317,9053008,5964.9
13317,9078367,5964.9
13317,9104199,5964.9
13317,9130193,5964.83
13317,9156191,5964.83
13317,9182252,5964.9
13317,9208286,5964.9
13317,9234259,5964.85
13317,9260435,5964.85
13317,9286285,5964.99
13317,9311987,5964.99
13317,9337886,5964.98
13317,9363815,5964.98
13317,9389119,5964.98
13317,9414113,5964.89
13317,9439069,5964.89
13317,9464002,5964.91
13317,9489790,5964.91
13317,9515360,5964.88
13317,9540875,5964.88
13317,9566568,5964.77
13317,9592555,5964.77
13317,9618273,5964.77
13317,9643595,5964.94
13317,9669048,5964.94
13317,9694216,5964.86
13317,9719363,5964.86
13317,9744201,5964.86
13317,9769424,5964.86
13317,9794718,5964.95
13317,9819991,5964.95
13317,9845221,5964.95
13317,9870804,5964.85
13317,9894228,5964.85
13317,9894644,5964.92
13317,9894951,5964.92
13317,9895196,5965.54
13317,9901600,5965.54
13317,9926442,5964.85
13317,9952077,5964.85
13317,9978668,5964.85
13317,10002214,5964.74
13317,10002497,5964.74
13317,10002801,5964.92
13317,10008732,5964.92
13317,10034031,5965.54
13317,10060569,5965.54
13317,10086549,5964.4
13317,10112138,5964.4
13317,10138278,5964.4
13317,10163844,5964.84
13317,10189720,5964.84
13317,10215789,5964.92
13317,10241062,5964.92
13317,10266663,5964.92
13317,10292286,5964.92
13317,10317725,5964.82
13317,10343190,5964.82
13317,10368642,5964.82
13317,10394017,5964.86
13317,10419143,5964.86
13317,10444308,5964.94
13317,10469361,5964.94
13317,10494774,5964.94
13317,10519729,5964.94
13317,10545055,5964.85
13317,10570466,5964.85
13317,10595710,5964.85
13317,10620602,5964.89
13317,10646021,5964.89
13317,10670890,5964.84
13317,10696345,5964.84
13317,10721685,5964.83
13317,10747027,5964.83
13317,10772261,5964.96
13317,10797992,5964.96
13317,10823455,5964.96
13317,10848678,5964.91
13317,10874053,5964.91
13317,10899906,5964.9
13317,10925460,5964.9
13317,10951041,5964.97
13317,10976489,5964.97
13317,11001792,5964.95
13317,11027236,5964.95
13317,11052475,5964.95
13317,11077552,5964.88
13317,11102589,5964.88
13317,11127178,5964.86
13317,11152198,5964.86
13317,11177416,5964.89
13317,11202700,5964.89
13317,11227543,5964.96
13317,11253316,5964.96
13317,11278988,5964.96
13317,11304171,5964.87
13317,11329689,5964.87
13317,11355816,5964.98
13317,11381638,5964.98
13317,11407239,5964.84
13317,11433360,5964.84
13317,11459120,5964.84
13317,11484767,5964.91
13317,11504065,5964.91
13317,11504412,5964.86
13317,11504719,5964.86
13317,11504978,5965.54
13317,11505860,5965.54
13317,11524277,5965.54
13317,11550066,5965.54
13317,11575993,5965.54
13317,11601943,5964.69
13317,11627960,5964.69
13317,11653544,5964.93
13317,11679099,5964.93
13317,11704984,5964.91
13317,11729359,5964.91
13317,11753847,5964.85
13317,11778371,5964.85
13317,11803008,5964.85
13317,11828071,5964.9
13317,11853207,5964.9
13317,11878526,5964.87
13317,11904116,5964.87
13317,11929075,5964.89
13317,11954190,5964.89
13317,11979895,5964.88
13317,12005229,5964.88
13317,12030694,5964.88
13317,12056046,5964.88
13317,12080998,5964.88
13317,12106498,5964.97
13317,12130174,5964.97
13317,12130491,5964.82
13317,12130491,5964.82
13317,1419084,5964.87
13317,1443809,5964.87
13317,1469019,5964.87
13317,1494756,5964.83
13317,1520445,5964.83
13317,1546524,5964.9
13317,1571914,5964.9
13317,1597657,5964.88
13317,1623890,5964.88
13317,1649531,5964.86
13317,1675111,5964.86
13317,1700086,5964.86
13317,1725070,5964.85
13317,1750032,5964.85
13317,1775316,5964.93
13317,1800421,5964.93
13317,1825779,5964.83
13317,1851244,5964.83
13317,1865611,5964.83
13317,1865901,5964.83
13317,1866219,5964.83
13317,1866523,5965.54
13317,1878278,5965.54
13317,1903913,5965.54
13317,1930047,5965.54
13317,1956146,5964.35
13317,1981415,5964.35
13317,2007084,5964.89
13317,2032458,5964.89
13317,2058010,5964.89
13317,2083454,5964.92
13317,2109237,5964.92
13317,2131484,5964.85
13317,2131738,5964.85
13317,2132109,5965.54
13317,2140119,5965.54
13317,2166086,5965.54
13317,2189782,5965.02
13317,2190065,5965.02
13317,2190364,5964.56
13317,2190670,5964.56
13317,2190961,5965.54
13317,2191724,5965.54
13317,2209417,5965.54
13317,2235242,5965.54
13317,2261499,5965.54
13317,2287261,5964.9
13317,2312372,5964.9
13317,2337576,5964.95
13317,2363062,5964.95
13317,2388352,5964.89
13317,2413680,5964.89
13317,2438781,5964.63
13317,2464124,5964.63
13317,2489010,5964.88
13317,2514061,5964.88
13317,2539060,5964.88
13317,2563840,5964.95
13317,2588739,5964.95
13317,2613946,5964.86
13317,2639350,5964.86
13317,2664442,5964.88
13317,2689578,5964.88
13317,2715009,5964.87
13317,2717324,5964.87
13317,2717637,5964.87
13317,2717862,5965.54
13317,2719560,5965.54
13317,2740699,5965.54
13317,2767728,5965.54
13317,2793842,5964.89
13317,2819683,5964.89
13317,2845280,5965.07
13317,2870298,5965.07
13317,2895601,5965.07
13317,2920678,5964.98
13317,2945551,5964.98
13317,2970601,5964.97
13317,2995606,5964.97
13317,3020771,5964.86
13317,3046454,5964.86
13317,3072486,5964.87
13317,3098712,5964.87
13317,3124341,5964.87
13317,3150124,5964.84
13317,3175944,5964.84
13317,3201396,5964.93
13317,3227485,5964.93
13317,3252840,5965.01
13317,3277987,5965.01
13317,3303134,5964.93
13317,3328365,5964.93
13317,3353970,5964.93
13317,3378775,5964.92
13317,3391090,5964.92
13317,3391384,5964.89
13317,3391700,5964.89
13317,3396278,5965.54
13317,3420711,5965.54
13317,3447537,5964.93
13317,3474041,5964.93
13317,3499985,5964.93
13317,3525544,5964.92
13317,3551022,5964.92
13317,3576497,5964.91
13317,3601959,5964.91
13317,3627551,5964.96
13317,3652692,5964.96
13317,3678121,5964.86
13317,3702884,5964.86
13317,3727392,5964.86
13317,3751943,5964.9
13317,3776665,5964.9
13317,3801137,5964.85
13317,3826223,5964.85
13317,3851256,5964.89
13317,3876556,5964.89
13317,3901973,5964.89
13317,3927009,5964.89
13317,3952337,5964.89
13317,3978599,5964.91
13317,4004786,5964.91
13317,4030539,5964.93
13317,4056547,5964.93
13317,4081708,5964.91
13317,4107286,5964.91
13317,4132780,5964.74
13317,4158237,5964.74
13317,4183602,5964.74
13317,4209062,5964.81
13317,4234930,5964.81
13317,4260759,5964.95
13317,4286158,5964.95
13317,4311812,5964.9
13317,4337306,5964.9
13317,4362674,5965.07
13317,4387813,5965.07
13317,4413099,5965.07
13317,4438611,5964.97
13317,4463517,5964.97
13317,4488661,5964.92
13317,4513819,5964.92
13317,4538871,5964.89
13317,4564264,5964.89
13317,4582097,5964.8
13317,4582445,5964.8
13317,4582742,5964.8
13317,4592618,5965.54
13317,4617968,5965.54
13317,4644458,5964.98
13317,4671089,5964.98
13317,4696921,5964.98
13317,4722029,5964.98
13317,4747231,5964.86
13317,4772565,5964.86
13317,4798296,5964.86
13317,4823911,5964.86
13317,4849794,5964.86
13317,4875348,5964.93
13317,4901463,5964.93
13317,4926178,5964.93
13317,4951341,5964.93
13317,4975982,5964.92
13317,5001071,5964.92
13317,5026609,5964.92
13317,5051951,5964.92
13317,5077488,5964.92
13317,5103129,5964.88
13317,5124201,5964.88
13317,5124607,5964.86
13317,5124831,5964.86
13317,5125154,5965.54
13317,5125464,5965.54
13317,5125831,5965.54
13317,5126147,5965.54
13317,5126452,5965.54
13317,5126702,5965.54
13317,5127006,5965.54
13317,5127350,5965.54
13317,5127668,5965.54
13317,5127984,5965.54
13317,5128228,5965.54
13317,5128539,5965.54
13317,5128848,5965.54
13317,5129206,5965.54
13317,5129508,5965.54
13317,5130694,5965.54
13317,5148047,5965.54
13317,5172328,5965.54
13317,5197980,5964.6
13317,5223151,5964.6
13317,5248783,5964.6
13317,5274117,5964.86
13317,5299496,5964.86
13317,5324267,5964.87
13317,5349099,5964.87
13317,5374097,5964.85
13317,5399055,5964.85
13317,5424245,5964.88
13317,5449046,5964.88
13317,5465948,5964.88
13317,5466271,5964.93
13317,5466572,5964.93
13317,5466827,5965.54
13317,5467121,5965.54
13317,5474349,5965.54
13317,5500337,5965.54
13317,5526612,5964.75
13317,5553028,5964.75
13317,5578782,5964.75
13317,5604342,5964.91
13317,5630092,5964.91
13317,5655162,5964.88
13317,5679994,5964.88
13317,5704926,5964.95
13317,5729869,5964.95
13317,5735652,5964.88
13317,5735960,5964.88
13317,5736353,5964.88
13317,5736629,5965.54
13317,5736932,5965.54
13317,5737614,5965.54
13317,5756551,5965.54
13317,5782669,5965.01
13317,5808996,5965.01
13317,5835105,5964.66
13317,5860687,5964.66
13317,5868800,5964.66
13317,5869109,5965.04
13317,5871516,5965.04
13317,5892774,5965.54
13317,5917892,5965.54
13317,5943714,5964.9
13317,5969555,5964.9
13317,5995291,5964.88
13317,6020999,5964.88
13317,6046616,5964.88
13317,6072217,5964.93
13317,6098059,5964.93
13317,6123455,5964.88
13317,6148643,5964.88
13317,6173981,5964.82
13317,6198941,5964.82
13317,6223638,5964.93
13317,6248424,5964.93
13317,6273186,5964.89
13317,6298537,5964.89
13317,6323487,5964.89
13317,6349027,5964.99
13317,6374422,5964.99
13317,6399914,5964.85
13317,6425423,5964.85
13317,6451015,5964.96
13317,6476792,5964.96
13317,6502308,5964.94
13317,6528049,5964.94
13317,6553551,5964.94
13317,6578732,5964.88
13317,6603927,5964.88
13317,6629166,5964.99
13317,6654395,5964.99
13317,6679756,5964.75
13317,6704653,5964.75
13317,6729496,5964.9
13317,6754709,5964.9
13317,6780330,5964.9
13317,6805547,5964.89
13317,6830674,5964.89
13317,6856259,5964.97
13317,6881812,5964.97
13317,6906934,5964.89
13317,6932723,5964.89
13317,6958705,5964.85
13317,6984205,5964.85
13317,7009897,5964.85
13317,7035523,5964.82
13318,71086,5965.15
13318,96757,5965.15
13318,122207,5964.91
13318,147704,5964.91
13318,172908,5964.82
13318,198412,5964.82
13318,223980,5964.88
13318,249343,5964.88
13318,258630,5964.88
13318,258986,5964.93
13318,259243,5964.93
13318,259536,5965.54
13318,259899,5965.54
13318,261365,5965.54
13318,281797,5965.54
13318,308260,5964.93
13318,335226,5964.93
13318,361318,5964.93
13318,387362,5964.87
13318,413036,5964.87
13318,415039,5964.93
13318,415352,5964.93
13318,415710,5965.54
13318,416014,5965.54
13318,416482,5965.54
13318,430786,5965.54
13318,456943,5965.54
13318,483262,5965
13318,483992,5965
13318,484487,5964.95
13318,500341,5964.95
13318,515817,5964.88
13318,516068,5964.88
13318,516433,5964.88
13318,516746,5965.54
13318,517002,5965.54
13318,517301,5965.54
13318,517663,5965.54
13318,517976,5965.54
13318,518294,5965.54
13318,518535,5965.54
13318,518843,5965.54
13318,520561,5965.54
13318,539883,5965.54
13318,565601,5965.54
13318,591707,5965.22
13318,617048,5965.22
13318,642265,5964.71
13318,667873,5964.71
13318,693590,5964.84
13318,6963439,5965.03
13318,6988899,5965.03
13318,7015009,5965
13318,7040819,5965
13318,7066262,5964.97
13318,7091952,5964.97
13318,7117535,5965.04
13318,7143262,5965.04
13318,7168540,5964.98
13318,7194476,5964.98
13318,7220079,5964.98
13318,7245524,5964.95
13318,7271253,5964.95
13318,7296611,5965.04
13318,7322675,5965.04
13318,7348077,5964.98
13318,7373716,5964.98
13318,7399615,5965
13318,7425125,5965
13318,7450590,5965
13318,7476195,5964.93
13318,7501800,5964.93
13318,7527263,5965.03
13318,7553065,5965.03
13318,7578283,5965.1
13318,7604432,5965.1
13318,7629799,5965.1
13318,719598,5964.84
13318,745024,5964.84
13318,770275,5964.91
13318,795361,5964.91
13318,820489,5964.95
13318,845746,5964.95
13318,870769,5964.88
13318,895855,5964.88
13318,920669,5964.88
13318,945894,5964.94
13318,971688,5964.94
13318,997673,5964.86
13318,1023715,5964.86
13318,1049966,5964.98
13318,1075480,5964.98
13318,1101126,5964.94
13318,1126805,5964.94
13318,1145192,5964.94
13318,1145544,5964.93
13318,1145855,5964.93
13318,1146078,5965.54
13318,1146406,5965.54
13318,1146708,5965.54
13318,1147024,5965.54
13318,1147380,5965.54
13318,1147686,5965.54
13318,1154610,5965.54
13318,1180200,5965.54
13318,1206516,5965.54
13318,1232552,5964.67
13318,1258156,5964.67
13318,1283708,5965.02
13318,1309429,5965.02
13318,1334603,5964.89
13318,1360109,5964.89
13318,1385458,5964.89
13318,7655693,5965.1
13318,7681642,5965.1
13318,7707722,5964.95
13318,7733866,5964.95
13318,7759703,5964.76
13318,7785180,5964.76
13318,7810463,5964.96
13318,7835501,5964.96
13318,7842576,5964.96
13318,7842870,5964.94
13318,7843186,5964.94
13318,7843551,5965.54
13318,7843791,5965.54
13318,7844081,5965.54
13318,7844468,5965.54
13318,7844775,5965.54
13318,7847859,5965.54
13318,7870005,5965.54
13318,7895866,5965.15
13318,7921340,5965.15
13318,7946431,5964.44
13318,7971425,5964.44
13318,7996982,5965.02
13318,8022520,5965.02
13318,8048141,5964.98
13318,8073399,5964.98
13318,8098377,5964.98
13318,8123596,5964.93
13318,8148383,5964.93
13318,8173608,5964.92
13318,8198659,5964.92
13318,8224036,5964.99
13318,8249284,5964.99
13318,8274487,5964.99
13318,8300216,5964.99
13318,8325719,5964.99
13318,8351813,5964.88
13318,8377170,5964.88
13318,8402632,5964.88
13318,8428603,5964.88
13318,8454502,5964.97
13318,8479801,5964.97
13318,8505678,5964.92
13318,8530878,5964.92
13318,8535879,5964.92
13318,8536134,5965.02
13318,8536439,5965.02
13318,8536815,5965.54
13318,8537125,5965.54
13318,8537426,5965.54
13318,8537678,5965.54
13318,8537976,5965.54
13318,8538350,5965.54
13318,8538656,5965.54
13318,8538886,5965.54
13318,8539220,5965.54
13318,8539526,5965.54
13318,8539896,5965.54
13318,8540200,5965.54
13318,8540496,5965.54
13318,8540816,5965.54
13318,8541129,5965.54
13318,8541375,5965.54
13318,8541957,5965.54
13318,8542276,5965.54
13318,8542575,5965.54
13318,8542832,5965.54
13318,8543139,5965.54
13318,8543512,5965.54
13318,8543973,5965.54
13318,8559743,5965.54
13318,8584432,5965.54
13318,8609781,5965.2
13318,8634686,5965.2
13318,8659932,5965.04
13318,8685637,5965.04
13318,8710655,5964.98
13318,8735883,5964.98
13318,8760637,5964.92
13318,8785175,5964.92
13318,8809623,5964.92
13318,8834603,5965
13318,8859630,5965
13318,8884745,5964.95
13318,8910030,5964.95
13318,8935565,5964.91
13318,8961308,5964.91
13318,8987016,5964.91
13318,9012833,5964.93
13318,9038858,5964.93
13318,9064877,5964.86
13318,9091038,5964.86
13318,9116828,5964.99
13318,9142718,5964.99
13318,9168246,5965
13318,9193215,5965
13318,9218168,5965
13318,9243410,5964.9
13318,9268717,5964.9
13318,9293930,5964.99
13318,9319299,5964.99
13318,9344501,5964.91
13318,9369840,5964.91
13318,9395841,5965
13318,9421972,5965
13318,9447539,5965
13318,9473521,5964.94
13318,9499267,5964.94
13318,9524852,5965
13318,9550731,5965
13318,9576307,5964.9
13318,9601518,5964.9
13318,9627374,5964.92
13318,9632764,5964.92
13318,9633140,5964.92
13318,9633363,5965.54
13318,9642527,5965.54
13318,9669416,5965.54
13318,9696929,5965.54
13318,9723681,5963.43
13318,9749171,5963.43
13318,9774821,5963.43
13318,9800339,5964.94
13318,9825695,5964.94
13318,9851307,5964.78
13318,9877153,5964.78
13318,9902212,5964.91
13318,9927202,5964.91
13318,9952656,5964.96
13318,9977627,5964.96
13318,10002340,5964.96
13318,10003556,5964.93
13318,10003803,5964.93
13318,10004111,5965.54
13318,10004473,5965.54
13318,10004780,5965.54
13318,10005093,5965.54
13318,10005353,5965.54
13318,10005651,5965.54
13318,10006007,5965.54
13318,10006335,5965.54
13318,10006638,5965.54
13318,10007070,5965.54
13318,10007334,5965.54
13318,10014500,5965.54
13318,10039760,5965.54
13318,10066139,5965.54
13318,10092253,5965.99
13318,10117969,5965.99
13318,10143608,5964.83
13318,10162381,5964.83
13318,10162702,5964.93
13318,10162949,5964.93
13318,10163893,5965.54
13318,10182193,5965.54
13318,10208426,5965.54
13318,10233893,5965.16
13318,10260280,5965.16
13318,10285853,5965.05
13318,10311415,5965.05
13318,10337117,5965.1
13318,10362821,5965.1
13318,10388000,5964.97
13318,10412838,5964.97
13318,10437955,5964.97
13318,10462739,5964.97
13318,10474537,5964.97
13318,10474911,5964.93
13318,10475214,5964.93
13318,10475522,5965.54
13318,10475772,5965.54
13318,10481278,5965.54
13318,10506825,5965.54
13318,10533031,5965.54
13318,10559231,5964.74
13318,10585096,5964.74
13318,10610648,5964.97
13318,10636049,5964.97
13318,10661502,5964.97
13318,10686721,5964.97
13318,10711451,5964.98
13318,10737043,5964.98
13318,10762885,5964.98
13318,10788373,5964.97
13318,10813302,5964.97
13318,10838494,5964.83
13318,10863339,5964.83
13318,10887942,5964.96
13318,10913145,5964.96
13318,10938292,5964.98
13318,10963724,5964.98
13318,10989433,5964.98
13318,11015323,5964.94
13318,11040842,5964.94
13318,11066383,5965.02
13318,11092311,5965.02
13318,11118184,5964.87
13318,11143949,5964.87
13318,11169197,5964.92
13318,11194373,5964.92
13318,11219535,5964.88
13318,11245119,5964.88
13318,11270397,5964.88
13318,11296005,5964.96
13318,11321361,5964.96
13318,11346678,5964.9
13318,11372170,5964.9
13318,11397652,5964.88
13318,11422993,5964.88
13318,11448051,5964.88
13318,11473526,5965.03
13318,11499892,5965.03
13318,11525200,5964.98
13318,11550776,5964.98
13318,11576077,5964.94
13318,11601547,5964.94
13318,11627058,5964.84
13318,11652332,5964.84
13318,11677711,5964.85
13318,11703186,5964.85
13318,11728639,5964.85
13318,11753998,5964.88
13318,11779435,5964.88
13318,11805070,5964.94
13318,11830285,5964.94
13318,11855226,5964.97
13318,11880191,5964.97
13318,11905453,5964.97
13318,11930900,5964.87
13318,11956308,5964.87
13318,11981685,5964.92
13318,12007285,5964.92
13318,12032452,5964.89
13318,12057981,5964.89
13318,12083091,5964.92
13318,12107589,5964.92
13318,12132380,5964.92
13318,12157174,5964.95
13318,12182396,5964.95
13318,12208134,5964.93
13318,12233914,5964.93
13318,12259976,5964.97
13318,12285705,5964.97
13318,12311154,5964.99
13318,12336906,5964.99
13318,12362359,5964.99
13318,12387723,5965.02
13318,12413436,5965.02
13318,12438673,5965.06
13318,12464109,5965.06
13318,12489602,5964.92
13318,12515312,5964.92
13318,12540922,5964.98
13318,12566258,5964.98
13318,12592255,5964.98
13318,12617823,5964.89
13318,12643246,5964.89
13318,12662000,5965
13318,12662307,5965
13318,12662609,5965.54
13318,12662916,5965.54
13318,12663173,5965.54
13318,12663481,5965.54
13318,12663790,5965.54
13318,12664081,5965.54
13318,12664081,5965.54
13318,1410944,5964.98
13318,1436533,5964.98
13318,1462169,5964.86
13318,1487862,5964.86
13318,1513354,5964.9
13318,1538814,5964.9
13318,1563914,5964.88
13318,1588863,5964.88
13318,1613959,5964.88
13318,1639285,5964.93
13318,1664515,5964.93
13318,1689458,5964.91
13318,1714422,5964.91
13318,1739317,5964.91
13318,1764485,5964.91
13318,1790065,5964.9
13318,1816225,5964.9
13318,1842017,5964.9
13318,1867140,5965.04
13318,1892723,5965.04
13318,1918467,5964.95
13318,1943552,5964.95
13318,1969008,5964.86
13318,1994679,5964.86
13318,2020394,5964.88
13318,2046006,5964.88
13318,2071650,5964.88
13318,2097662,5964.91
13318,2123280,5964.91
13318,2148599,5964.9
13318,2174140,5964.9
13318,2199879,5964.93
13318,2225267,5964.93
13318,2251019,5964.69
13318,2276576,5964.69
13318,2301817,5964.69
13318,2327374,5964.93
13318,2353068,5964.93
13318,2378750,5964.86
13318,2403992,5964.86
13318,2429688,5964.95
13318,2454998,5964.95
13318,2480440,5964.88
13318,2505990,5964.88
13318,2531209,5964.88
13318,2556431,5964.89
13318,2581548,5964.89
13318,2606736,5964.87
13318,2632688,5964.87
13318,2658688,5964.77
13318,2684785,5964.77
13318,2710987,5964.89
13318,2737311,5964.89
13318,2763405,5964.89
13318,2789611,5964.91
13318,2815599,5964.91
13318,2841335,5964.93
13318,2866376,5964.93
13318,2891699,5965.06
13318,2917114,5965.06
13318,2942601,5965.06
13318,2968059,5964.85
13318,2993162,5964.85
13318,3018746,5964.88
13318,3043587,5964.88
13318,3068658,5964.97
13318,3093930,5964.97
13318,3119231,5964.9
13318,3144330,5964.9
13318,3169980,5964.9
13318,3196670,5964.85
13318,3222470,5964.85
13318,3248130,5964.87
13318,3273733,5964.87
13318,3299670,5964.84
13318,3325690,5964.84
13318,3351163,5964.84
13318,3375737,5964.84
13318,3400568,5964.84
13318,3425782,5964.98
13318,3450743,5964.98
13318,3476360,5964.89
13318,3501955,5964.89
13318,3527432,5964.85
13318,3553236,5964.85
13318,3578877,5964.89
13318,3604369,5964.89
13318,3630325,5964.89
13318,3655940,5965.02
13318,3681525,5965.02
13318,3707160,5964.9
13318,3732467,5964.9
13318,3757065,5964.71
13318,3781757,5964.71
13318,3806776,5964.89
13318,3831936,5964.89
13318,3856899,5964.89
13318,3881737,5964.9
13318,3906929,5964.9
13318,3931907,5964.95
13318,3957327,5964.95
13318,3983455,5964.96
13318,4008771,5964.96
13318,4034290,5964.86
13318,4059980,5964.86
13318,4085650,5964.86
13318,4110967,5964.92
13318,4136464,5964.92
13318,4161947,5964.78
13318,4187716,5964.78
13318,4213627,5964.93
13318,4238947,5964.93
13318,4264562,5964.9
13318,4290259,5964.9
13318,4315790,5964.9
13318,4340984,5964.99
13318,4366476,5964.99
13318,4368047,5964.99
13318,4368350,5964.99
13318,4368601,5965.54
13318,4380052,5965.54
13318,4406298,5965.54
13318,4432782,5964.97
13318,4456835,5964.97
13318,4457085,5964.81
13318,4457912,5964.81
13318,4474960,5965.54
13318,4500775,5965.54
13318,4526532,5965.16
13318,4551609,5965.16
13318,4576627,5965.16
13318,4601657,5964.85
13318,4626099,5964.85
13318,4650625,5964.79
13318,4675373,5964.79
13318,4700466,5964.91
13318,4725550,5964.91
13318,4751569,5964.88
13318,4766663,5964.88
13318,4766903,5964.98
13318,4768349,5964.98
13318,4789610,5964.98
13318,4816196,5965.54
13318,4842334,5965.54
13318,4868516,5964.86
13318,4894036,5964.86
13318,4919639,5964.86
13318,4945745,5964.86
13318,4971344,5965.01
13318,4996777,5965.01
13318,5022062,5965.01
13318,5047690,5964.86
13318,5073336,5964.86
13318,5098560,5964.84
13318,5123935,5964.84
13318,5149360,5965.08
13318,5174614,5965.08
13318,5200489,5965.08
13318,5225831,5965.1
13318,5251409,5965.1
13318,5276530,5964.99
13318,5301573,5964.99
13318,5326301,5964.99
13318,5351247,5964.99
13318,5375875,5964.94
13318,5400989,5964.94
13318,5426641,5964.94
13318,5451496,5964.97
13318,5476585,5964.97
13318,5502098,5965
13318,5527341,5965
13318,5552237,5964.79
13318,5578031,5964.79
13318,5604332,5965.06
13318,5630170,5965.06
13318,5655802,5965.06
13318,5681228,5965.03
13318,5706601,5965.03
13318,5732112,5964.97
13318,5758351,5964.97
13318,5784424,5964.98
13318,5809775,5964.98
13318,5835820,5964.96
13318,5861479,5964.96
13318,5887575,5964.96
13318,5913336,5964.9
13318,5939318,5964.9
13318,5964601,5964.93
13318,5990146,5964.93
13318,6015578,5964.95
13318,6040941,5964.95
13318,6066435,5965.05
13318,6092135,5965.05
13318,6117865,5965.05
13318,6143778,5964.95
13318,6169541,5964.95
13318,6194936,5965
13318,6220136,5965
13318,6246116,5965.03
13318,6271692,5965.03
13318,6297235,5964.99
13318,6322905,5964.99
13318,6348773,5964.99
13318,6374918,5965.02
13318,6400591,5965.02
13318,6426069,5964.98
13318,6451295,5964.98
13318,6476548,5964.89
13318,6501873,5964.89
13318,6526954,5964.89
13318,6552536,5964.97
13318,6577654,5964.97
13318,6603097,5965
13318,6628204,5965
13318,6653794,5965.05
13318,6679370,5965.05
13318,6704980,5965.01
13318,6730771,5965.01
13318,6756174,5965.01
13318,6782073,5964.95
13318,6808318,5964.95
13318,6834145,5965.03
13318,6859994,5965.03
13318,6885867,5964.86
13318,6911580,5964.86
13318,6937444,5965.03
13319,69749,5964.96
13319,94832,5964.96
13319,120064,5964.9
13319,145354,5964.9
13319,170474,5964.9
13319,195448,5964.97
13319,220384,5964.97
13319,245230,5964.97
13319,270073,5964.97
13319,295260,5964.97
13319,320358,5964.97
13319,345199,5964.97
13319,370188,5964.97
13319,396008,5964.97
13319,421900,5964.93
13319,447987,5964.93
13319,473563,5965.06
13319,498919,5965.06
13319,524147,5964.87
13319,549878,5964.87
13319,575477,5964.9
13319,601054,5964.9
13319,626060,5964.9
13319,651090,5964.9
13319,675823,5964.9
13319,6884831,5964.9
13319,6910181,5964.87
13319,6935543,5964.87
13319,6960837,5964.95
13319,6986606,5964.95
13319,7012191,5964.86
13319,7037881,5964.86
13319,7063416,5965.01
13319,7089130,5965.01
13319,7114619,5965.01
13319,7140194,5964.93
13319,7165809,5964.93
13319,7191398,5964.89
13319,7216885,5964.89
13319,7242437,5964.91
13319,7268086,5964.91
13319,7293855,5964.91
13319,7319263,5964.89
13319,7344727,5964.89
13319,7370469,5964.92
13319,7396772,5964.92
13319,7422697,5964.97
13319,7448222,5964.97
13319,7473385,5965.04
13319,7498613,5965.04
13319,7524113,5965.04
13319,7549688,5964.91
13319,700388,5964.92
13319,724992,5964.92
13319,749538,5965
13319,774508,5965
13319,799741,5965
13319,825310,5964.96
13319,850520,5964.96
13319,875879,5964.93
13319,901575,5964.93
13319,927462,5964.91
13319,953203,5964.91
13319,979196,5964.99
13319,1004390,5964.99
13319,1029786,5964.99
13319,1055092,5964.98
13319,1080706,5964.98
13319,1105797,5964.96
13319,1131362,5964.96
13319,1156775,5965
13319,1182174,5965
13319,1207663,5964.94
13319,1233638,5964.94
13319,1259868,5964.94
13319,1286159,5964.98
13319,1312907,5964.98
13319,1318996,5964.96
13319,1319326,5964.96
13319,1319672,5965.54
13319,1319996,5965.54
13319,1320315,5965.54
13319,1320559,5965.54
13319,1320859,5965.54
13319,1321218,5965.54
13319,1321530,5965.54
13319,1321850,5965.54
13319,1322090,5965.54
13319,1322399,5965.54
13319,1322765,5965.54
13319,1323069,5965.54
13319,1323357,5965.54
13319,1323687,5965.54
13319,1324002,5965.54
13319,1324243,5965.54
13319,1324554,5965.54
13319,1326258,5965.54
13319,1345009,5965.54
13319,1369440,5965.54
13319,7575005,5964.91
13319,7599992,5964.85
13319,7625458,5964.85
13319,7651090,5964.94
13319,7660209,5964.94
13319,7660515,5964.82
13319,7660881,5964.82
13319,7661255,5964.82
13319,7661567,5965.54
13319,7661816,5965.54
13319,7662129,5965.54
13319,7662430,5965.54
13319,7662794,5965.54
13319,7663109,5965.54
13319,7663360,5965.54
13319,7663665,5965.54
13319,7663971,5965.54
13319,7664275,5965.54
13319,7664573,5965.54
13319,7664889,5965.54
13319,7665193,5965.54
13319,7665559,5965.54
13319,7665866,5965.54
13319,7666106,5965.54
13319,7666423,5965.54
13319,7666789,5965.54
13319,7667029,5965.54
13319,7667344,5965.54
13319,7667689,5965.54
13319,7668014,5965.54
13319,7668323,5965.54
13319,7668564,5965.54
13319,7668871,5965.54
13319,7669175,5965.54
13319,7669548,5965.54
13319,7669855,5965.54
13319,7670166,5965.54
13319,7670448,5965.54
13319,7670778,5965.54
13319,7671093,5965.54
13319,7671325,5965.54
13319,7671652,5965.54
13319,7671957,5965.54
13319,7672325,5965.54
13319,7672634,5965.54
13319,7672938,5965.54
13319,7673188,5965.54
13319,7673493,5965.54
13319,7673796,5965.54
13319,7674173,5965.54
13319,7674480,5965.54
13319,7674729,5965.54
13319,7675091,5965.54
13319,7675397,5965.54
13319,7675650,5965.54
13319,7676011,5965.54
13319,7676315,5965.54
13319,7676560,5965.54
13319,7676936,5965.54
13319,7677181,5965.54
13319,7677494,5965.54
13319,7677851,5965.54
13319,7678104,5965.54
13319,7678410,5965.54
13319,7678766,5965.54
13319,7679167,5965.54
13319,7679478,5965.54
13319,7679729,5965.54
13319,7683738,5965.54
13319,7705096,5965.54
13319,7729267,5965.54
13319,7753696,5965
13319,7778188,5965
13319,7802643,5964.86
13319,7827279,5964.86
13319,7852446,5964.86
13319,7877632,5964.88
13319,7902730,5964.88
13319,7927562,5963.99
13319,7952272,5963.99
13319,7977061,5964.85
13319,8002058,5964.85
13319,8009204,5964.85
13319,8009509,5964.88
13319,8009800,5964.88
13319,8010107,5965.54
13319,8010410,5965.54
13319,8010714,5965.54
13319,8011030,5965.54
13319,8011339,5965.54
13319,8011638,5965.54
13319,8011950,5965.54
13319,8012267,5965.54
13319,8012563,5965.54
13319,8012871,5965.54
13319,8013220,5965.54
13319,8013550,5965.54
13319,8015736,5965.54
13319,8035441,5965.54
13319,8060320,5965.54
13319,8085490,5965.54
13319,8111210,5964.32
13319,8136308,5964.32
13319,8161428,5964.94
13319,8186212,5964.94
13319,8211439,5964.96
13319,8236800,5964.96
13319,8262148,5964.91
13319,8287185,5964.91
13319,8312788,5964.91
13319,8338588,5964.93
13319,8363491,5964.93
13319,8388636,5964.92
13319,8413453,5964.92
13319,8438369,5964.81
13319,8463730,5964.81
13319,8488906,5964.96
13319,8514399,5964.96
13319,8539511,5964.96
13319,8564820,5964.94
13319,8590324,5964.94
13319,8616098,5964.97
13319,8641782,5964.97
13319,8666866,5964.86
13319,8692454,5964.86
13319,8717916,5964.85
13319,8743036,5964.85
13319,8768355,5964.85
13319,8793697,5964.89
13319,8818973,5964.89
13319,8844422,5964.83
13319,8869341,5964.83
13319,8894114,5964.84
13319,8919245,5964.84
13319,8944373,5964.84
13319,8969886,5964.95
13319,8995320,5964.95
13319,9020894,5964.96
13319,9046254,5964.96
13319,9072069,5964.95
13319,9097539,5964.95
13319,9123321,5964.88
13319,9148929,5964.88
13319,9174466,5964.88
13319,9199586,5964.88
13319,9201227,5964.88
13319,9201596,5964.94
13319,9201837,5964.94
13319,9202205,5965.54
13319,9202514,5965.54
13319,9202756,5965.54
13319,9203062,5965.54
13319,9203372,5965.54
13319,9203725,5965.54
13319,9204052,5965.54
13319,9204278,5965.54
13319,9204602,5965.54
13319,9204918,5965.54
13319,9214711,5965.54
13319,9237361,5965.13
13319,9237661,5965.13
13319,9237882,5965.13
13319,9239084,5965.54
13319,9257882,5965.54
13319,9283119,5964.7
13319,9308637,5964.7
13319,9333337,5964.56
13319,9358160,5964.56
13319,9383333,5964.97
13319,9408376,5964.97
13319,9433435,5964.97
13319,9458934,5964.99
13319,9483822,5964.99
13319,9509314,5964.92
13319,9534609,5964.92
13319,9560123,5964.91
13319,9585711,5964.91
13319,9610945,5964.91
13319,9620166,5964.87
13319,9620421,5964.87
13319,9620786,5965.54
13319,9623951,5965.54
13319,9647257,5965.54
13319,9674052,5965.54
13319,9701164,5964.97
13319,9717319,5964.97
13319,9717570,5964.97
13319,9718234,5964.8
13319,9736428,5964.8
13319,9762282,5965.54
13319,9787995,5965.54
13319,9813866,5964.7
13319,9839339,5964.7
13319,9864473,5964.98
13319,9889669,5964.98
13319,9914998,5964.98
13319,9940039,5964.98
13319,9965410,5964.98
13319,9990617,5965.03
13319,10015918,5965.03
13319,10041375,5964.9
13319,10067193,5964.9
13319,10093505,5965.14
13319,10119319,5965.14
13319,10145007,5965.14
13319,10170380,5965.02
13319,10195693,5965.02
13319,10221516,5964.98
13319,10246616,5964.98
13319,10272305,5964.89
13319,10297328,5964.89
13319,10323007,5965.05
13319,10347768,5965.05
13319,10372570,5965.05
13319,10397795,5965
13319,10422975,5965
13319,10448115,5965.06
13319,10473194,5965.06
13319,10498006,5964.97
13319,10523670,5964.97
13319,10548853,5965
13319,10574297,5965
13319,10599899,5965
13319,10625254,5964.78
13319,10650349,5964.78
13319,10675692,5965.02
13319,10700258,5965.02
13319,10725466,5964.93
13319,10750434,5964.93
13319,10776182,5965.07
13319,10801981,5965.07
13319,10827340,5965.07
13319,10843406,5965.04
13319,10843631,5965.04
13319,10843631,5965.01
13319,1394229,5964.9
13319,1419701,5964.9
13319,1445024,5964.9
13319,1466665,5965.06
13319,1466889,5965.06
13319,1467202,5965.54
13319,1467511,5965.54
13319,1467867,5965.54
13319,1468172,5965.54
13319,1468503,5965.54
13319,1468792,5965.54
13319,1469169,5965.54
13319,1469413,5965.54
13319,1469730,5965.54
13319,1470039,5965.54
13319,1470397,5965.54
13319,1470702,5965.54
13319,1470964,5965.54
13319,1471268,5965.54
13319,1471576,5965.54
13319,1471951,5965.54
13319,1472257,5965.54
13319,1472478,5965.54
13319,1472800,5965.54
13319,1473111,5965.54
13319,1473757,5965.54
13319,1487449,5965.54
13319,1511169,5965.54
13319,1536246,5965.01
13319,1561213,5965.01
13319,1585788,5965.04
13319,1610494,5965.04
13319,1635089,5964.88
13319,1659916,5964.88
13319,1684737,5964.89
13319,1709893,5964.89
13319,1735111,5964.89
13319,1760176,5964.94
13319,1785101,5964.94
13319,1809796,5964.96
13319,1834578,5964.96
13319,1859452,5964.94
13319,1884028,5964.94
13319,1909280,5964.91
13319,1934208,5964.91
13319,1959298,5964.91
13319,1984757,5964.94
13319,2010427,5964.94
13319,2027737,5964.94
13319,2028032,5964.94
13319,2028331,5965.54
13319,2028641,5965.54
13319,2028944,5965.54
13319,2029246,5965.54
13319,2029559,5965.54
13319,2029852,5965.54
13319,2030155,5965.54
13319,2030478,5965.54
13319,2030796,5965.54
13319,2031106,5965.54
13319,2031400,5965.54
13319,2031709,5965.54
13319,2032018,5965.54
13319,2032422,5965.54
13319,2032737,5965.54
13319,2033026,5965.54
13319,2033326,5965.54
13319,2033638,5965.54
13319,2033943,5965.54
13319,2036302,5965.54
13319,2056666,5965.54
13319,2081317,5964.84
13319,2106458,5964.84
13319,2131874,5964.94
13319,2157127,5964.94
13319,2182287,5965.06
13319,2207558,5965.06
13319,2232462,5964.98
13319,2257818,5964.98
13319,2282798,5964.98
13319,2308030,5964.87
13319,2333435,5964.87
13319,2358445,5964.9
13319,2383812,5964.9
13319,2408914,5964.89
13319,2433593,5964.89
13319,2458577,5965.01
13319,2482925,5965.01
13319,2508119,5965.01
13319,2532875,5964.98
13319,2558226,5964.98
13319,2583395,5964.98
13319,2608345,5964.98
13319,2633257,5964.92
13319,2658521,5964.92
13319,2683986,5964.95
13319,2709831,5964.95
13319,2735690,5964.95
13319,2761299,5965.03
13319,2787174,5965.03
13319,2813208,5964.9
13319,2838870,5964.9
13319,2864903,5964.95
13319,2890457,5964.95
13319,2915664,5964.86
13319,2940879,5964.86
13319,2965425,5964.86
13319,2990972,5964.88
13319,3016483,5964.88
13319,3041625,5964.87
13319,3066565,5964.87
13319,3091918,5964.91
13319,3117302,5964.91
13319,3142862,5965.01
13319,3168267,5965.01
13319,3193561,5965.01
13319,3219446,5964.98
13319,3245159,5964.98
13319,3270865,5964.92
13319,3296833,5964.92
13319,3322575,5964.78
13319,3348751,5964.78
13319,3374466,5964.78
13319,3399879,5964.96
13319,3425234,5964.96
13319,3450669,5964.89
13319,3475914,5964.89
13319,3501142,5964.95
13319,3526608,5964.95
13319,3552331,5964.9
13319,3577660,5964.9
13319,3603018,5964.9
13319,3628225,5964.86
13319,3653205,5964.86
13319,3678783,5964.92
13319,3703739,5964.92
13319,3728977,5964.89
13319,3754227,5964.89
13319,3779280,5964.97
13319,3804611,5964.97
13319,3829716,5964.97
13319,3855164,5964.9
13319,3880973,5964.9
13319,3907123,5964.88
13319,3933257,5964.88
13319,3958990,5964.98
13319,3984982,5964.98
13319,4010842,5964.89
13319,4036108,5964.89
13319,4061738,5964.89
13319,4087515,5965.03
13319,4112429,5965.03
13319,4137842,5964.92
13319,4163537,5964.92
13319,4188782,5964.9
13319,4213943,5964.9
13319,4238920,5964.96
13319,4251258,5964.96
13319,4251574,5964.96
13319,4254361,5965.54
13319,4277141,5965.54
13319,4304318,5964.97
13319,4330147,5964.97
13319,4355859,5964.64
13319,4381709,5964.64
13319,4407710,5964.97
13319,4433828,5964.97
13319,4459075,5964.97
13319,4484234,5964.96
13319,4509728,5964.96
13319,4534457,5964.84
13319,4559129,5964.84
13319,4584080,5964.96
13319,4609238,5964.96
13319,4633589,5964.98
13319,4658500,5964.98
13319,4683921,5964.98
13319,4709555,5964.97
13319,4734994,5964.97
13319,4760360,5964.93
13319,4785789,5964.93
13319,4811015,5964.93
13319,4837004,5964.93
13319,4862642,5964.92
13319,4888606,5964.92
13319,4914453,5964.92
13319,4940305,5964.92
13319,4965923,5964.92
13319,4992226,5964.9
13319,5017491,5964.9
13319,5043010,5964.96
13319,5068828,5964.96
13319,5094328,5964.99
13319,5118616,5964.99
13319,5118958,5964.99
13319,5119311,5965.05
13319,5119630,5965.05
13319,5125504,5965.54
13319,5150971,5965.54
13319,5178200,5965.16
13319,5204244,5965.16
13319,5230067,5964.91
13319,5255795,5964.91
13319,5280882,5964.91
13319,5306614,5964.81
13319,5332162,5964.81
13319,5357685,5964.96
13319,5383322,5964.96
13319,5408359,5964.85
13319,5433574,5964.85
13319,5459046,5965.02
13319,5484675,5965.02
13319,5509868,5965.02
13319,5535381,5964.96
13319,5561029,5964.96
13319,5586422,5964.89
13319,5612340,5964.89
13319,5638116,5964.97
13319,5663333,5964.97
13319,5688820,5964.97
13319,5714160,5964.89
13319,5739768,5964.89
13319,5764699,5964.94
13319,5789802,5964.94
13319,5814700,5964.92
13319,5839592,5964.92
13319,5864924,5965
13319,5889760,5965
13319,5914626,5965
13319,5939982,5965.05
13319,5965589,5965.05
13319,5990761,5964.88
13319,6016369,5964.88
13319,6042476,5964.99
13319,6068316,5964.99
13319,6094174,5964.94
13319,6120004,5964.94
13319,6145898,5964.94
13319,6171488,5964.88
13319,6197241,5964.88
13319,6222585,5964.87
13319,6247413,5964.87
13319,6272495,5964.97
13319,6297483,5964.97
13319,6322674,5965.07
13319,6348251,5965.07
13319,6373779,5965.07
13319,6398849,5964.85
13319,6424226,5964.85
13319,6449914,5964.92
13319,6475253,5964.92
13319,6500855,5964.9
13319,6526461,5964.9
13319,6552310,5964.9
13319,6578210,5964.9
13319,6604433,5964.87
13319,6630225,5964.87
13319,6655594,5964.87
13319,6681675,5964.9
13319,6707036,5964.9
13319,6732520,5964.93
13319,6758212,5964.93
13319,6783611,5964.86
13319,6808869,5964.86
13319,6834423,5964.9
13319,6859775,5964.9
13322,62707,5964.61
13322,86503,5964.61
13322,110343,5964.64
13322,119891,5964.64
13322,120209,5964.61
13322,120557,5964.61
13322,121438,5965.54
13322,138527,5965.54
13322,162504,5964.69
13322,186978,5964.69
13322,211428,5964.66
13322,235740,5964.66
13322,260216,5964.66
13322,284505,5964.55
13322,308592,5964.55
13322,332431,5964.72
13322,356331,5964.72
13322,380203,5964.63
13322,404448,5964.63
13322,428536,5964.62
13322,452839,5964.62
13322,477306,5964.62
13322,501361,5964.68
13322,525304,5964.68
13322,549615,5964.64
13322,573990,5964.64
13322,598372,5964.67
13322,622686,5964.67
13322,647646,5964.71
13322,672348,5964.71
13322,6878266,5964.6
13322,6902968,5964.6
13322,6927156,5964.62
13322,6952059,5964.62
13322,6976414,5964.53
13322,7000950,5964.53
13322,7025106,5964.53
13322,7049287,5964.62
13322,7073571,5964.62
13322,7097656,5964.43
13322,7121925,5964.43
13322,7146096,5964.47
13322,7170375,5964.47
13322,7194691,5964.47
13322,7218751,5964.57
13322,7242846,5964.57
13322,7266943,5964.59
13322,7291191,5964.59
13322,7315650,5964.64
13322,7339830,5964.64
13322,7363588,5964.71
13322,7388070,5964.71
13322,7412511,5964.71
13322,7437087,5964.54
13322,7461541,5964.54
13322,7485862,5964.67
13322,7510584,5964.67
13322,7535400,5964.5
13322,7560236,5964.5
13322,697189,5964.71
13322,721752,5964.64
13322,746415,5964.64
13322,770986,5964.63
13322,795387,5964.63
13322,819943,5964.68
13322,844259,5964.68
13322,868757,5964.64
13322,893316,5964.64
13322,918007,5964.55
13322,942299,5964.55
13322,966878,5964.55
13322,991590,5964.65
13322,1016046,5964.65
13322,1040824,5964.65
13322,1065321,5964.65
13322,1089998,5964.64
13322,1114457,5964.64
13322,1139155,5964.61
13322,1163638,5964.61
13322,1187934,5964.61
13322,1212667,5964.62
13322,1237110,5964.62
13322,1261629,5964.61
13322,1285973,5964.61
13322,1310199,5964.63
13322,1334879,5964.63
13322,1359214,5964.63
13322,7585321,5964.61
13322,7610041,5964.61
13322,7634962,5964.61
13322,7659739,5964.53
13322,7684385,5964.53
13322,7708978,5964.55
13322,7733956,5964.55
13322,7758582,5964.55
13322,7783600,5964.55
13322,7808287,5964.6
13322,7833272,5964.6
13322,7858207,5964.6
13322,7883199,5964.62
13322,7908238,5964.62
13322,7933158,5964.58
13322,7957808,5964.58
13322,7982512,5964.63
13322,8007355,5964.63
13322,8032054,5964.59
13322,8056744,5964.59
13322,8081449,5964.59
13322,8105760,5964.6
13322,8130176,5964.6
13322,8154172,5964.88
13322,8178961,5964.88
13322,8203481,5964.82
13322,8227759,5964.82
13322,8252072,5964.82
13322,8276040,5964.83
13322,8300322,5964.83
13322,8324917,5964.92
13322,8349350,5964.92
13322,8373761,5964.93
13322,8398140,5964.93
13322,8422456,5964.74
13322,8446733,5964.74
13322,8470962,5964.74
13322,8495482,5964.96
13322,8519739,5964.96
13322,8544187,5964.86
13322,8568990,5964.86
13322,8593439,5964.87
13322,8617638,5964.87
13322,8642107,5964.85
13322,8666803,5964.85
13322,8690877,5964.85
13322,8715608,5964.95
13322,8740276,5964.95
13322,8751376,5964.9
13322,8751693,5964.9
13322,8752008,5965.54
13322,8752363,5965.54
13322,8752675,5965.54
13322,8752985,5965.54
13322,8753234,5965.54
13322,8754791,5965.54
13322,8760164,5965.54
13322,8760534,5965.14
13322,8760841,5965.14
13322,8761144,5965.54
13322,8761378,5965.54
13322,8761778,5965.54
13322,8762147,5965.54
13322,8762456,5965.54
13322,8762753,5965.54
13322,8763008,5965.54
13322,8763377,5965.54
13322,8763600,5965.54
13322,8763929,5965.54
13322,8764293,5965.54
13322,8764528,5965.54
13322,8764847,5965.54
13322,8765162,5965.54
13322,8765519,5965.54
13322,8765832,5965.54
13322,8766139,5965.54
13322,8766389,5965.54
13322,8766704,5965.54
13322,8767008,5965.54
13322,8767323,5965.54
13322,8767626,5965.54
13322,8767996,5965.54
13322,8768310,5965.54
13322,8768889,5965.54
13322,8783132,5965.54
13322,8807648,5965.54
13322,8832054,5964.35
13322,8856471,5964.35
13322,8879899,5964.35
13322,8880222,5964.65
13322,8880530,5964.65
13322,8881260,5965.54
13322,8899204,5965.54
13322,8922866,5964.74
13322,8947261,5964.74
13322,8971819,5964.74
13322,8995830,5964.74
13322,9020672,5964.74
13322,9045368,5964.52
13322,9069678,5964.52
13322,9093861,5964.71
13322,9118033,5964.71
13322,9142198,5964.64
13322,9166375,5964.64
13322,9190769,5964.64
13322,9214983,5964.68
13322,9239163,5964.68
13322,9263595,5964.64
13322,9287549,5964.64
13322,9311903,5964.6
13322,9336436,5964.6
13322,9361006,5964.67
13322,9385083,5964.67
13322,9409280,5964.67
13322,9433603,5964.62
13322,9457650,5964.62
13322,9481729,5964.57
13322,9506054,5964.57
13322,9531014,5964.7
13322,9555521,5964.7
13322,9579629,5964.61
13322,9604103,5964.61
13322,9628347,5964.61
13322,9652593,5964.64
13322,9676939,5964.64
13322,9700856,5964.61
13322,9725565,5964.61
13322,9749877,5964.66
13322,9774778,5964.66
13322,9799540,5964.67
13322,9824132,5964.67
13322,9848659,5964.67
13322,9873043,5964.66
13322,9897928,5964.66
13322,9922356,5964.72
13322,9947185,5964.72
13322,9971690,5964.62
13322,9996114,5964.62
13322,10020742,5964.68
13322,10045596,5964.68
13322,10066556,5964.68
13322,10066556,5964.67
13322,1384027,5964.63
13322,1408826,5964.63
13322,1433704,5964.81
13322,1458397,5964.81
13322,1483248,5964.8
13322,1507676,5964.8
13322,1516449,5964.85
13322,1516753,5964.85
13322,1517044,5965.54
13322,1517386,5965.54
13322,1517694,5965.54
13322,1518000,5965.54
13322,1518313,5965.54
13322,1518610,5965.54
13322,1518938,5965.54
13322,1519266,5965.54
13322,1519500,5965.54
13322,1519841,5965.54
13322,1520146,5965.54
13322,1520453,5965.54
13322,1520756,5965.54
13322,1521068,5965.54
13322,1521376,5965.54
13322,1521675,5965.54
13322,1521988,5965.54
13322,1522315,5965.54
13322,1522620,5965.54
13322,1522922,5965.54
13322,1523234,5965.54
13322,1523541,5965.54
13322,1523844,5965.54
13322,1524152,5965.54
13322,1524462,5965.54
13322,1524777,5965.54
13322,1525073,5965.54
13322,1525392,5965.54
13322,1525692,5965.54
13322,1526006,5965.54
13322,1526313,5965.54
13322,1526621,5965.54
13322,1526924,5965.54
13322,1527227,5965.54
13322,1527537,5965.54
13322,1527844,5965.54
13322,1528151,5965.54
13322,1529473,5965.54
13322,1545345,5965.54
13322,1567216,5965.54
13322,1590531,5965.54
13322,1613844,5963.97
13322,1637372,5963.97
13322,1661200,5964.67
13322,1685137,5964.67
13322,1709583,5964.62
13322,1733747,5964.62
13322,1758085,5964.62
13322,1782388,5964.65
13322,1806452,5964.65
13322,1830645,5964.66
13322,1855093,5964.66
13322,1879555,5964.64
13322,1904127,5964.64
13322,1928574,5964.65
13322,1953401,5964.65
13322,1977876,5964.65
13322,2002386,5964.65
13322,2026943,5964.65
13322,2051085,5964.64
13322,2075178,5964.64
13322,2099259,5964.64
13322,2123324,5964.64
13322,2147341,5964.71
13322,2171768,5964.71
13322,2195978,5964.69
13322,2220413,5964.69
13322,2245138,5964.69
13322,2269585,5964.67
13322,2294659,5964.67
13322,2319876,5964.7
13322,2345061,5964.7
13322,2370041,5964.67
13322,2390993,5964.67
13322,2391324,5964.61
13322,2391626,5964.61
13322,2391916,5964.61
13322,2392248,5965.54
13322,2392475,5965.54
13322,2392797,5965.54
13322,2393100,5965.54
13322,2393474,5965.54
13322,2393784,5965.54
13322,2394092,5965.54
13322,2394337,5965.54
13322,2394703,5965.54
13322,2395008,5965.54
13322,2395254,5965.54
13322,2395560,5965.54
13322,2404719,5965.54
13322,2430065,5964.9
13322,2455666,5964.9
13322,2480214,5964.68
13322,2504870,5964.68
13322,2529580,5964.68
13322,2554362,5964.63
13322,2578880,5964.63
13322,2603370,5964.69
13322,2628204,5964.69
13322,2653154,5964.63
13322,2677847,5964.63
13322,2702269,5964.65
13322,2726905,5964.65
13322,2751457,5964.65
13322,2764662,5964.68
13322,2764968,5964.68
13322,2765279,5965.54
13322,2765582,5965.54
13322,2766905,5965.54
13322,2785429,5965.54
13322,2809657,5964.8
13322,2833990,5964.8
13322,2858276,5964.65
13322,2882598,5964.65
13322,2906676,5964.65
13322,2914044,5964.53
13322,2914349,5964.53
13322,2914569,5965.54
13322,2926704,5965.54
13322,2950895,5964.63
13322,2975135,5964.63
13322,2999914,5964.69
13322,3024395,5964.69
13322,3048692,5964.69
13322,3073106,5964.62
13322,3097301,5964.62
13322,3121734,5964.66
13322,3146410,5964.66
13322,3170688,5964.62
13322,3195502,5964.62
13322,3219897,5964.67
13322,3244124,5964.67
13322,3268308,5964.67
13322,3292754,5964.61
13322,3316950,5964.61
13322,3341548,5964.66
13322,3366007,5964.66
13322,3390354,5964.6
13322,3414612,5964.6
13322,3439230,5964.63
13322,3463893,5964.63
13322,3488481,5964.63
13322,3512307,5964.59
13322,3536001,5964.59
13322,3559885,5964.57
13322,3583845,5964.57
13322,3608120,5964.57
13322,3632629,5964.57
13322,3656816,5964.68
13322,3681125,5964.68
13322,3706028,5964.68
13322,3730478,5964.62
13322,3755479,5964.62
13322,3780375,5964.65
13322,3805155,5964.65
13322,3830012,5964.57
13322,3854743,5964.57
13322,3879391,5964.59
13322,3904103,5964.59
13322,3928873,5964.59
13322,3953382,5964.52
13322,3977948,5964.52
13322,4002914,5964.63
13322,4027601,5964.63
13322,4052219,5964.57
13322,4076859,5964.57
13322,4101602,5964.51
13322,4126431,5964.51
13322,4151140,5964.51
13322,4175699,5964.51
13322,4200434,5964.51
13322,4225001,5964.57
13322,4231551,5964.57
13322,4231915,5964.58
13322,4232149,5964.58
13322,4232530,5965.54
13322,4232849,5965.54
13322,4233457,5965.54
13322,4249473,5965.54
13322,4276469,5965.54
13322,4302522,5964.45
13322,4327423,5964.45
13322,4352120,5964.59
13322,4376439,5964.59
13322,4401520,5964.53
13322,4426369,5964.53
13322,4450934,5964.53
13322,4475518,5964.7
13322,4500183,5964.7
13322,4524847,5964.54
13322,4549098,5964.54
13322,4573634,5964.64
13322,4597918,5964.64
13322,4622201,5964.58
13322,4646493,5964.58
13322,4670741,5964.58
13322,4694960,5964.61
13322,4719232,5964.61
13322,4743518,5964.64
13322,4767802,5964.64
13322,4791041,5964.64
13322,4791283,5964.64
13322,4791652,5965.54
13322,4793997,5965.54
13322,4815608,5965.54
13322,4840062,5964.59
13322,4864366,5964.59
13322,4889097,5964.58
13322,4913668,5964.58
13322,4937818,5964.65
13322,4962446,5964.65
13322,4986802,5964.58
13322,5011703,5964.58
13322,5036288,5964.58
13322,5060824,5964.6
13322,5085143,5964.6
13322,5109518,5964.64
13322,5134090,5964.64
13322,5145332,5964.64
13322,5145643,5964.64
13322,5145941,5965.54
13322,5146317,5965.54
13322,5146536,5965.54
13322,5146864,5965.54
13322,5147174,5965.54
13322,5147535,5965.54
13322,5149501,5965.54
13322,5166045,5965.54
13322,5192809,5965.54
13322,5218558,5964.46
13322,5243649,5964.46
13322,5269043,5964.46
13322,5293360,5964.64
13322,5318626,5964.64
13322,5343589,5964.55
13322,5368496,5964.55
13322,5393152,5964.66
13322,5418054,5964.66
13322,5442478,5964.66
13322,5466924,5964.66
13322,5491270,5964.66
13322,5515567,5964.61
13322,5539747,5964.61
13322,5564067,5964.65
13322,5588536,5964.65
13322,5612777,5964.61
13322,5637177,5964.61
13322,5661360,5964.74
13322,5685798,5964.74
13322,5710194,5964.74
13322,5734490,5964.64
13322,5758776,5964.64
13322,5783424,5964.62
13322,5807739,5964.62
13322,5832158,5964.59
13322,5856518,5964.59
13322,5881017,5964.6
13322,5905158,5964.6
13322,5929408,5964.6
13322,5953824,5964.63
13322,5978557,5964.63
13322,6002866,5964.57
13322,6027430,5964.57
13322,6051975,5964.72
13322,6076444,5964.72
13322,6100572,5964.74
13322,6124991,5964.74
13322,6149160,5964.74
13322,6173496,5964.63
13322,6197694,5964.63
13322,6222304,5964.68
13322,6246812,5964.68
13322,6271037,5964.61
13322,6295342,5964.61
13322,6319679,5964.63
13322,6343869,5964.63
13322,6367882,5964.63
13322,6392353,5964.63
13322,6416931,5964.63
13322,6441145,5964.63
13322,6465326,5964.63
13322,6489613,5964.67
13322,6514359,5964.67
13322,6538767,5964.62
13322,6563123,5964.62
13322,6587553,5964.62
13322,6611955,5964.69
13322,6636384,5964.69
13322,6660543,5964.62
13322,6684586,5964.62
13322,6708798,5964.58
13322,6732855,5964.58
13322,6757415,5964.55
13322,6781492,5964.55
13322,6805670,5964.55
13322,6829745,5964.61
13322,6854074,5964.61
13323,70015,5964.61
13323,94189,5964.63
13323,118505,5964.63
13323,143164,5964.56
13323,167527,5964.56
13323,192101,5964.56
13323,217040,5964.72
13323,241786,5964.72
13323,266251,5964.63
13323,291059,5964.63
13323,295435,5964.6
13323,295746,5964.6
13323,296113,5965.54
13323,299477,5965.54
13323,322870,5965.54
13323,349480,5965.13
13323,375300,5965.13
13323,400355,5964.31
13323,425282,5964.31
13323,450245,5964.61
13323,475077,5964.61
13323,499530,5964.64
13323,523720,5964.64
13323,547783,5964.64
13323,572221,5964.6
13323,596671,5964.6
13323,621303,5964.68
13323,645822,5964.68
13323,670275,5964.58
13323,6882225,5964.7
13323,6907078,5964.6
13323,6932062,5964.6
13323,6956130,5964.71
13323,6956424,5964.71
13323,6956741,5965.54
13323,6957165,5965.54
13323,6970266,5965.54
13323,6994740,5965.54
13323,7019177,5965.54
13323,7043836,5964.69
13323,7068537,5964.69
13323,7092980,5964.62
13323,7117426,5964.62
13323,7142149,5964.62
13323,7166310,5964.68
13323,7190634,5964.68
13323,7215093,5964.72
13323,7239629,5964.72
13323,7264386,5964.68
13323,7289118,5964.68
13323,7313518,5964.75
13323,7338090,5964.75
13323,7362673,5964.75
13323,7387626,5964.63
13323,7412426,5964.63
13323,7436734,5964.71
13323,7461371,5964.71
13323,7485777,5964.71
13323,7510506,5964.71
13323,7534933,5964.76
13323,7539852,5964.76
13323,7540219,5964.76
13323,7540508,5965.54
13323,7540768,5965.54
13323,7541070,5965.54
13323,7541366,5965.54
13323,7541688,5965.54
13323,7541999,5965.54
13323,7542358,5965.54
13323,7542674,5965.54
13323,7542923,5965.54
13323,7543285,5965.54
13323,7543597,5965.54
13323,7543903,5965.54
13323,7544194,5965.54
13323,7544513,5965.54
13323,7544744,5965.54
13323,7545069,5965.54
13323,7545371,5965.54
13323,7545650,5965.54
13323,7545986,5965.54
13323,7546337,5965.54
13323,7546643,5965.54
13323,7546893,5965.54
13323,7547217,5965.54
13323,7547581,5965.54
13323,7547894,5965.54
13323,7548140,5965.54
13323,7548443,5965.54
13323,7548790,5965.54
13323,7549124,5965.54
13323,7549428,5965.54
13323,7549679,5965.54
13323,7549988,5965.54
13323,7550355,5965.54
13323,7550660,5965.54
13323,7550938,5965.54
13323,7551273,5965.54
13323,7551582,5965.54
13323,7551828,5965.54
13323,7552214,5965.54
13323,7552578,5965.54
13323,7552889,5965.54
13323,7555256,5965.54
13323,694469,5964.58
13323,719093,5964.55
13323,743622,5964.55
13323,768077,5964.55
13323,792624,5964.56
13323,816976,5964.56
13323,841502,5964.69
13323,866124,5964.69
13323,890875,5964.6
13323,915543,5964.6
13323,939746,5964.72
13323,964168,5964.72
13323,988488,5964.72
13323,1012603,5964.64
13323,1036622,5964.64
13323,1039164,5964.66
13323,1039561,5964.66
13323,1039877,5965.54
13323,1040117,5965.54
13323,1040419,5965.54
13323,1040729,5965.54
13323,1045301,5965.54
13323,1068633,5965.54
13323,1092214,5965.54
13323,1116384,5964.64
13323,1140463,5964.64
13323,1165144,5964.69
13323,1189962,5964.69
13323,1214480,5964.69
13323,1239374,5964.68
13323,1263951,5964.68
13323,1288519,5964.65
13323,1312500,5964.65
13323,1336798,5964.53
13323,1361002,5964.53
13323,7572941,5965.54
13323,7597531,5964.41
13323,7621970,5964.41
13323,7646152,5964.59
13323,7670071,5964.59
13323,7694152,5964.59
13323,7718485,5964.59
13323,7742924,5964.65
13323,7767295,5964.65
13323,7791719,5964.65
13323,7816077,5964.61
13323,7840592,5964.61
13323,7864956,5964.64
13323,7889339,5964.64
13323,7913768,5964.66
13323,7938395,5964.66
13323,7962538,5964.66
13323,7986908,5964.62
13323,8011076,5964.62
13323,8035663,5964.72
13323,8060079,5964.72
13323,8084323,5964.65
13323,8108738,5964.65
13323,8133213,5964.68
13323,8157138,5964.68
13323,8181432,5964.68
13323,8205890,5964.63
13323,8230082,5964.63
13323,8254298,5964.63
13323,8279005,5964.63
13323,8303682,5964.56
13323,8328468,5964.56
13323,8352863,5964.65
13323,8377379,5964.65
13323,8400333,5964.65
13323,8400739,5964.62
13323,8400984,5964.62
13323,8401285,5965.54
13323,8401662,5965.54
13323,8401969,5965.54
13323,8402189,5965.54
13323,8402524,5965.54
13323,8402828,5965.54
13323,8403199,5965.54
13323,8403503,5965.54
13323,8403760,5965.54
13323,8404070,5965.54
13323,8404432,5965.54
13323,8404683,5965.54
13323,8405024,5965.54
13323,8405339,5965.54
13323,8405655,5965.54
13323,8406022,5965.54
13323,8406330,5965.54
13323,8406568,5965.54
13323,8408983,5965.54
13323,8429030,5965.54
13323,8451606,5964.5
13323,8475169,5964.5
13323,8498581,5964.61
13323,8522151,5964.61
13323,8546322,5964.61
13323,8570118,5964.68
13323,8593952,5964.68
13323,8618519,5964.61
13323,8642445,5964.61
13323,8666652,5964.74
13323,8690869,5964.74
13323,8715088,5964.74
13323,8739982,5964.64
13323,8764081,5964.64
13323,8788129,5964.62
13323,8812724,5964.62
13323,8813483,5964.65
13323,8813728,5964.65
13323,8814041,5965.54
13323,8814352,5965.54
13323,8814880,5965.54
13323,8826067,5965.54
13323,8851632,5965.54
13323,8877611,5964.83
13323,8902974,5964.83
13323,8927899,5964.73
13323,8952458,5964.73
13323,8976995,5964.73
13323,9001477,5964.73
13323,9025907,5964.73
13323,9050408,5964.67
13323,9074671,5964.67
13323,9098823,5964.76
13323,9123271,5964.76
13323,9147357,5964.64
13323,9171768,5964.64
13323,9195761,5964.7
13323,9220019,5964.7
13323,9244416,5964.7
13323,9268787,5964.8
13323,9293126,5964.8
13323,9317316,5964.66
13323,9341239,5964.66
13323,9365470,5964.7
13323,9389724,5964.7
13323,9413827,5964.7
13323,9437786,5964.75
13323,9461693,5964.75
13323,9486227,5964.69
13323,9510727,5964.69
13323,9535305,5964.63
13323,9559989,5964.63
13323,9584707,5964.64
13323,9609179,5964.64
13323,9633987,5964.64
13323,9658853,5964.67
13323,9683752,5964.67
13323,9708828,5964.74
13323,9733652,5964.74
13323,9758376,5964.65
13323,9782851,5964.65
13323,9807072,5964.68
13323,9831595,5964.68
13323,9856095,5964.68
13323,9880713,5964.72
13323,9905363,5964.72
13323,9930159,5964.63
13323,9954996,5964.63
13323,9979682,5964.71
13323,10004392,5964.71
13323,10029112,5964.67
13323,10053713,5964.67
13323,10078834,5964.67
13323,10103343,5964.74
13323,10127942,5964.74
13323,10152765,5964.62
13323,10177283,5964.62
13323,10201956,5964.81
13323,10226875,5964.81
13323,10251492,5964.65
13323,10276499,5964.65
13323,10301490,5964.65
13323,10326320,5964.7
13323,10351411,5964.7
13323,10376338,5964.64
13323,10401328,5964.64
13323,10426284,5964.66
13323,10451511,5964.66
13323,10476843,5964.66
13323,10502014,5964.67
13323,10526654,5964.67
13323,10551490,5964.54
13323,10575917,5964.54
13323,10600119,5964.59
13323,10624443,5964.59
13323,10648732,5964.67
13323,10673094,5964.67
13323,10697725,5964.67
13323,10722088,5964.62
13323,10746286,5964.62
13323,10770814,5964.61
13323,10795255,5964.61
13323,10819663,5964.66
13323,10843969,5964.66
13323,10868163,5964.58
13323,10892478,5964.58
13323,10917057,5964.58
13323,10941760,5964.66
13323,10966053,5964.66
13323,10990484,5964.62
13323,11015620,5964.62
13323,11040305,5964.63
13323,11064687,5964.63
13323,11089619,5964.63
13323,11114296,5964.65
13323,11139036,5964.65
13323,11163932,5964.65
13323,11167554,5964.65
13323,1385071,5964.59
13323,1409291,5964.59
13323,1433470,5964.59
13323,1457501,5964.65
13323,1481949,5964.65
13323,1506546,5964.66
13323,1530729,5964.66
13323,1555275,5964.55
13323,1579632,5964.55
13323,1603691,5964.62
13323,1628374,5964.62
13323,1648601,5964.62
13323,1648891,5964.56
13323,1649261,5964.56
13323,1649568,5965.54
13323,1649872,5965.54
13323,1650138,5965.54
13323,1650441,5965.54
13323,1660552,5965.54
13323,1686176,5965.54
13323,1712102,5965.54
13323,1737939,5964.47
13323,1762629,5964.47
13323,1787449,5964.68
13323,1811908,5964.68
13323,1836700,5964.68
13323,1861199,5964.68
13323,1886004,5964.68
13323,1910299,5964.62
13323,1934785,5964.62
13323,1959481,5964.64
13323,1983775,5964.64
13323,2008007,5964.64
13323,2032312,5964.64
13323,2056391,5964.63
13323,2080487,5964.63
13323,2104760,5964.63
13323,2129089,5964.67
13323,2153296,5964.67
13323,2170937,5964.72
13323,2171291,5964.72
13323,2171539,5965.54
13323,2171836,5965.54
13323,2172529,5965.54
13323,2188530,5965.54
13323,2211632,5965.54
13323,2235751,5964.7
13323,2259569,5964.7
13323,2283753,5964.62
13323,2307963,5964.62
13323,2331642,5964.73
13323,2355971,5964.73
13323,2380507,5964.61
13323,2404592,5964.61
13323,2428517,5964.61
13323,2452832,5964.63
13323,2477090,5964.63
13323,2501643,5964.62
13323,2526169,5964.62
13323,2550769,5964.64
13323,2575124,5964.64
13323,2599528,5964.68
13323,2624253,5964.68
13323,2648936,5964.68
13323,2673576,5964.6
13323,2697761,5964.6
13323,2722434,5964.8
13323,2746844,5964.8
13323,2771338,5964.68
13323,2795820,5964.68
13323,2820484,5964.72
13323,2844913,5964.72
13323,2869358,5964.72
13323,2887277,5964.7
13323,2887567,5964.7
13323,2887928,5965.54
13323,2888387,5965.54
13323,2897593,5965.54
13323,2925047,5965.54
13323,2951743,5965.54
13323,2977868,5964.43
13323,3003213,5964.43
13323,3028283,5964.61
13323,3053032,5964.61
13323,3077695,5964.61
13323,3102522,5964.61
13323,3127531,5964.68
13323,3152153,5964.68
13323,3176512,5964.68
13323,3201088,5964.62
13323,3225809,5964.62
13323,3250417,5964.61
13323,3274982,5964.61
13323,3299664,5964.61
13323,3324523,5964.61
13323,3349076,5964.65
13323,3374018,5964.65
13323,3398850,5964.65
13323,3423570,5964.56
13323,3448147,5964.56
13323,3472698,5964.61
13323,3497211,5964.61
13323,3521995,5964.57
13323,3546689,5964.57
13323,3571257,5964.63
13323,3595989,5964.63
13323,3620555,5964.63
13323,3644884,5964.59
13323,3669054,5964.59
13323,3693185,5964.55
13323,3717459,5964.55
13323,3741628,5964.58
13323,3766071,5964.58
13323,3790094,5963.72
13323,3814583,5963.72
13323,3823027,5963.72
13323,3823333,5964.75
13323,3823575,5964.75
13323,3823890,5965.54
13323,3824256,5965.54
13323,3824506,5965.54
13323,3824813,5965.54
13323,3825174,5965.54
13323,3825490,5965.54
13323,3825790,5965.54
13323,3826035,5965.54
13323,3826348,5965.54
13323,3826710,5965.54
13323,3827030,5965.54
13323,3827328,5965.54
13323,3827587,5965.54
13323,3827893,5965.54
13323,3828203,5965.54
13323,3828575,5965.54
13323,3828878,5965.54
13323,3829111,5965.54
13323,3829421,5965.54
13323,3829725,5965.54
13323,3830093,5965.54
13323,3830424,5965.54
13323,3830727,5965.54
13323,3830968,5965.54
13323,3831276,5965.54
13323,3831632,5965.54
13323,3831956,5965.54
13323,3832253,5965.54
13323,3832515,5965.54
13323,3832814,5965.54
13323,3833132,5965.54
13323,3833490,5965.54
13323,3842077,5965.54
13323,3862703,5965.54
13323,3885467,5965.2
13323,3909187,5965.2
13323,3933083,5964.38
13323,3957231,5964.38
13323,3981625,5964.56
13323,4005452,5964.56
13323,4029712,5964.56
13323,4053628,5964.67
13323,4077948,5964.67
13323,4102652,5964.64
13323,4127610,5964.64
13323,4151834,5964.7
13323,4176519,5964.7
13323,4201109,5964.59
13323,4225554,5964.59
13323,4250381,5964.59
13323,4274726,5964.6
13323,4298767,5964.6
13323,4323089,5964.57
13323,4346980,5964.57
13323,4370964,5964.72
13323,4395253,5964.72
13323,4419532,5964.72
13323,4444058,5964.56
13323,4468161,5964.56
13323,4492417,5964.58
13323,4516885,5964.58
13323,4541058,5964.64
13323,4565298,5964.64
13323,4590060,5964.65
13323,4614399,5964.65
13323,4638847,5964.65
13323,4663312,5964.72
13323,4688336,5964.72
13323,4712709,5964.63
13323,4737045,5964.63
13323,4761859,5964.68
13323,4786952,5964.68
13323,4811714,5964.69
13323,4836784,5964.69
13323,4861701,5964.69
13323,4886399,5964.64
13323,4911429,5964.64
13323,4936734,5964.74
13323,4961671,5964.74
13323,4986758,5964.73
13323,5011619,5964.73
13323,5036942,5964.68
13323,5062293,5964.68
13323,5087170,5964.68
13323,5111988,5964.69
13323,5136276,5964.69
13323,5160336,5964.64
13323,5184144,5964.64
13323,5208298,5964.67
13323,5232668,5964.67
13323,5256984,5964.63
13323,5281047,5964.63
13323,5305226,5964.63
13323,5329316,5964.69
13323,5353577,5964.69
13323,5377924,5964.69
13323,5402208,5964.69
13323,5426541,5964.68
13323,5450818,5964.68
13323,5475070,5964.68
13323,5498394,5964.65
13323,5498714,5964.65
13323,5499040,5964.68
13323,5499348,5964.68
13323,5499651,5965.54
13323,5500037,5965.54
13323,5502674,5965.54
13323,5524816,5965.54
13323,5549014,5965.54
13323,5573293,5964.44
13323,5598043,5964.44
13323,5622360,5964.59
13323,5646924,5964.59
13323,5671893,5964.62
13323,5696480,5964.62
13323,5720810,5964.74
13323,5745441,5964.74
13323,5770071,5964.74
13323,5794637,5964.64
13323,5819362,5964.64
13323,5844167,5964.55
13323,5868744,5964.55
13323,5893595,5964.7
13323,5918157,5964.7
13323,5943122,5964.55
13323,5968115,5964.55
13323,5992720,5964.55
13323,6017152,5964.66
13323,6040775,5964.66
13323,6064704,5964.63
13323,6088924,5964.63
13323,6113152,5964.62
13323,6137471,5964.62
13323,6161972,5964.7
13323,6186715,5964.7
13323,6211557,5964.7
13323,6236007,5964.42
13323,6260987,5964.42
13323,6285902,5964.66
13323,6310868,5964.66
13323,6335923,5964.58
13323,6360670,5964.58
13323,6385493,5964.61
13323,6410322,5964.61
13323,6435206,5964.61
13323,6459851,5964.57
13323,6484700,5964.57
13323,6509643,5964.55
13323,6534546,5964.55
13323,6559278,5964.65
13323,6584170,5964.65
13323,6608821,5964.68
13323,6633823,5964.68
13323,6658942,5964.68
13323,6683486,5964.63
13323,6708180,5964.63
13323,6732775,5964.67
13323,6757332,5964.67
13323,6782031,5964.71
13323,6807217,5964.71
13323,6832334,5964.71
13323,6857174,5964.7
13324,72267,5964.7
13324,97251,5964.61
13324,121840,5964.61
13324,146409,5964.67
13324,171100,5964.67
13324,195398,5964.66
13324,219936,5964.66
13324,244093,5964.66
13324,268677,5964.66
13324,293436,5964.66
13324,318152,5964.62
13324,342542,5964.62
13324,367296,5964.63
13324,392023,5964.63
13324,416636,5964.63
13324,440978,5964.62
13324,465554,5964.62
13324,489955,5964.65
13324,514254,5964.65
13324,538747,5964.57
13324,562976,5964.57
13324,587559,5964.69
13324,611854,5964.69
13324,636289,5964.69
13324,660974,5964.61
13324,6891363,5964.64
13324,6915809,5964.75
13324,6940643,5964.75
13324,6965533,5964.65
13324,6990251,5964.65
13324,7015145,5964.71
13324,7040057,5964.71
13324,7065041,5964.71
13324,7089757,5964.65
13324,7114824,5964.65
13324,7139929,5964.79
13324,7164761,5964.79
13324,7189462,5964.67
13324,7213667,5964.67
13324,7238441,5964.67
13324,7263441,5964.68
13324,7275403,5964.68
13324,7275717,5964.79
13324,7276025,5964.79
13324,7276323,5965.54
13324,7290023,5965.54
13324,7313829,5964.63
13324,7337893,5964.63
13324,7362459,5964.63
13324,7387025,5964.98
13324,7411863,5964.98
13324,7436404,5964.83
13324,7460784,5964.83
13324,7485364,5964.72
13324,7509681,5964.72
13324,7534802,5964.72
13324,7559458,5964.72
13324,685282,5964.61
13324,709741,5964.59
13324,734328,5964.59
13324,758636,5964.7
13324,783217,5964.7
13324,807569,5964.69
13324,831979,5964.69
13324,856716,5964.69
13324,880949,5964.56
13324,905210,5964.56
13324,929381,5964.64
13324,953593,5964.64
13324,977904,5964.7
13324,1002341,5964.7
13324,1026814,5964.7
13324,1051107,5964.63
13324,1075251,5964.63
13324,1099616,5964.67
13324,1124142,5964.67
13324,1148448,5964.6
13324,1173106,5964.6
13324,1197542,5964.67
13324,1222019,5964.67
13324,1246339,5964.67
13324,1270514,5964.61
13324,1294955,5964.61
13324,1295755,5964.61
13324,1296042,5964.61
13324,1296366,5965.54
13324,1305475,5965.54
13324,1329400,5964.99
13324,1353764,5964.99
13324,7584408,5964.72
13324,7609164,5964.66
13324,7634164,5964.66
13324,7658850,5964.76
13324,7683373,5964.76
13324,7708161,5964.87
13324,7732585,5964.87
13324,7757297,5964.77
13324,7782100,5964.77
13324,7807129,5964.77
13324,7832096,5964.76
13324,7856856,5964.76
13324,7881878,5964.78
13324,7906497,5964.78
13324,7931554,5964.73
13324,7956633,5964.73
13324,7981424,5964.75
13324,8005928,5964.75
13324,8031013,5964.75
13324,8055836,5964.7
13324,8080360,5964.7
13324,8104596,5964.7
13324,8129272,5964.7
13324,8154021,5964.69
13324,8178284,5964.69
13324,8202971,5964.83
13324,8227351,5964.83
13324,8251403,5964.73
13324,8275974,5964.73
13324,8300190,5964.73
13324,8324640,5964.65
13324,8349211,5964.65
13324,8373638,5964.73
13324,8397979,5964.73
13324,8422326,5964.68
13324,8446671,5964.68
13324,8470952,5964.68
13324,8495782,5964.8
13324,8520352,5964.8
13324,8544870,5964.73
13324,8569369,5964.73
13324,8594286,5964.79
13324,8619031,5964.79
13324,8620980,5964.65
13324,8621295,5964.65
13324,8621980,5964.65
13324,8637590,5965.54
13324,8662184,5965.54
13324,8686755,5964.76
13324,8711484,5964.76
13324,8735597,5964.64
13324,8759570,5964.64
13324,8783952,5964.79
13324,8807955,5964.79
13324,8832169,5964.79
13324,8856359,5964.75
13324,8880614,5964.75
13324,8905032,5964.78
13324,8929217,5964.78
13324,8953640,5964.64
13324,8977825,5964.64
13324,9002406,5964.73
13324,9026328,5964.73
13324,9050659,5964.73
13324,9075247,5964.63
13324,9099843,5964.63
13324,9124513,5964.71
13324,9148720,5964.71
13324,9173159,5964.62
13324,9197778,5964.62
13324,9222757,5964.69
13324,9247762,5964.69
13324,9272865,5964.69
13324,9297698,5964.68
13324,9322516,5964.68
13324,9347363,5964.67
13324,9372124,5964.67
13324,9396586,5964.52
13324,9421468,5964.52
13324,9446598,5964.52
13324,9471141,5964.68
13324,9495812,5964.68
13324,9517204,5964.59
13324,9517237,5964.59
13324,1378049,5964.99
13324,1402221,5964.72
13324,1426262,5964.72
13324,1450764,5964.65
13324,1475339,5964.65
13324,1499549,5964.64
13324,1523830,5964.64
13324,1548424,5964.75
13324,1572982,5964.75
13324,1597296,5964.75
13324,1621626,5964.6
13324,1646370,5964.6
13324,1671285,5964.78
13324,1695731,5964.78
13324,1720125,5964.72
13324,1744386,5964.72
13324,1769103,5964.69
13324,1793968,5964.69
13324,1818385,5964.69
13324,1842688,5964.64
13324,1867125,5964.64
13324,1891546,5964.65
13324,1916039,5964.65
13324,1940323,5964.74
13324,1964918,5964.74
13324,1989851,5964.73
13324,2014329,5964.73
13324,2038777,5964.73
13324,2063229,5964.68
13324,2088072,5964.68
13324,2112874,5964.61
13324,2137342,5964.61
13324,2161546,5964.7
13324,2185876,5964.7
13324,2209915,5964.7
13324,2234614,5964.66
13324,2259206,5964.66
13324,2283909,5964.62
13324,2308614,5964.62
13324,2333152,5964.61
13324,2357509,5964.61
13324,2382346,5964.67
13324,2406767,5964.67
13324,2431240,5964.67
13324,2456081,5964.64
13324,2480723,5964.64
13324,2505474,5964.69
13324,2530248,5964.69
13324,2542310,5964.76
13324,2542643,5964.76
13324,2542950,5965.54
13324,2543318,5965.54
13324,2543564,5965.54
13324,2543929,5965.54
13324,2544239,5965.54
13324,2544557,5965.54
13324,2544801,5965.54
13324,2545106,5965.54
13324,2545465,5965.54
13324,2545789,5965.54
13324,2546089,5965.54
13324,2546337,5965.54
13324,2546708,5965.54
13324,2547017,5965.54
13324,2547263,5965.54
13324,2547578,5965.54
13324,2547937,5965.54
13324,2548254,5965.54
13324,2548561,5965.54
13324,2548849,5965.54
13324,2549174,5965.54
13324,2549419,5965.54
13324,2549724,5965.54
13324,2550038,5965.54
13324,2550404,5965.54
13324,2550718,5965.54
13324,2550949,5965.54
13324,2551312,5965.54
13324,2551644,5965.54
13324,2551884,5965.54
13324,2552187,5965.54
13324,2552484,5965.54
13324,2552810,5965.54
13324,2553116,5965.54
13324,2553481,5965.54
13324,2553792,5965.54
13324,2554101,5965.54
13324,2554345,5965.54
13324,2554637,5965.54
13324,2555019,5965.54
13324,2555265,5965.54
13324,2555585,5965.54
13324,2555938,5965.54
13324,2556247,5965.54
13324,2556564,5965.54
13324,2556813,5965.54
13324,2557118,5965.54
13324,2557489,5965.54
13324,2557793,5965.54
13324,2558097,5965.54
13324,2558417,5965.54
13324,2558734,5965.54
13324,2568262,5965.54
13324,2588424,5965.54
13324,2610516,5965.54
13324,2633320,5964.2
13324,2656093,5964.2
13324,2678987,5964.65
13324,2702347,5964.65
13324,2725462,5964.67
13324,2749292,5964.67
13324,2773457,5964.58
13324,2797654,5964.58
13324,2821698,5964.58
13324,2845673,5964.7
13324,2869793,5964.7
13324,2894148,5964.73
13324,2918379,5964.73
13324,2943032,5964.73
13324,2967168,5964.73
13324,2991631,5964.73
13324,3015904,5964.61
13324,3040206,5964.61
13324,3064724,5964.68
13324,3088987,5964.68
13324,3113463,5964.75
13324,3137676,5964.75
13324,3162011,5964.81
13324,3186546,5964.81
13324,3210974,5964.81
13324,3235280,5964.68
13324,3259472,5964.68
13324,3283889,5964.68
13324,3308497,5964.68
13324,3332440,5964.69
13324,3356889,5964.69
13324,3381072,5964.73
13324,3406131,5964.73
13324,3430519,5964.73
13324,3454944,5964.74
13324,3480127,5964.74
13324,3505247,5964.73
13324,3529949,5964.73
13324,3554662,5964.77
13324,3579108,5964.77
13324,3603858,5964.68
13324,3628514,5964.68
13324,3653231,5964.68
13324,3678091,5964.69
13324,3703267,5964.69
13324,3728218,5964.63
13324,3753179,5964.63
13324,3777853,5964.71
13324,3802719,5964.71
13324,3827415,5964.76
13324,3852627,5964.76
13324,3877255,5964.76
13324,3902256,5964.72
13324,3927032,5964.72
13324,3951756,5964.82
13324,3976735,5964.82
13324,4001767,5964.63
13324,4021526,5964.63
13324,4021738,5964.73
13324,4022066,5964.73
13324,4031333,5964.73
13324,4058045,5965.54
13324,4084727,5965.54
13324,4110046,5964.51
13324,4135062,5964.51
13324,4160446,5964.69
13324,4185436,5964.69
13324,4210392,5964.83
13324,4235132,5964.83
13324,4259579,5964.83
13324,4284006,5964.73
13324,4308356,5964.73
13324,4332838,5964.69
13324,4357238,5964.69
13324,4381784,5964.8
13324,4406300,5964.8
13324,4430953,5964.75
13324,4455135,5964.75
13324,4479724,5964.75
13324,4504228,5964.74
13324,4528487,5964.74
13324,4553163,5964.69
13324,4577645,5964.69
13324,4602486,5964.62
13324,4627195,5964.62
13324,4651549,5964.69
13324,4676090,5964.69
13324,4700790,5964.69
13324,4725615,5964.71
13324,4750074,5964.71
13324,4750371,5964.72
13324,4750685,5964.72
13324,4751008,5965.54
13324,4756601,5965.54
13324,4783760,5964.75
13324,4810619,5964.75
13324,4836179,5964.75
13324,4861408,5964.71
13324,4886631,5964.71
13324,4911330,5964.75
13324,4936280,5964.75
13324,4961040,5964.7
13324,4985870,5964.7
13324,5010748,5964.7
13324,5035670,5964.7
13324,5060317,5964.7
13324,5085264,5964.76
13324,5109848,5964.76
13324,5134403,5964.77
13324,5158823,5964.77
13324,5183208,5964.72
13324,5207647,5964.72
13324,5232216,5964.73
13324,5256807,5964.73
13324,5280996,5964.73
13324,5305056,5964.77
13324,5329387,5964.77
13324,5353825,5964.81
13324,5377882,5964.81
13324,5402342,5964.75
13324,5426644,5964.75
13324,5450797,5964.73
13324,5474910,5964.73
13324,5498918,5964.73
13324,5523622,5964.8
13324,5548366,5964.8
13324,5573223,5964.67
13324,5597967,5964.67
13324,5622557,5964.71
13324,5647182,5964.71
13324,5672022,5964.74
13324,5696472,5964.74
13324,5721062,5964.74
13324,5745642,5964.64
13324,5758966,5964.64
13324,5759210,5964.62
13324,5759580,5964.62
13324,5759830,5965.54
13324,5760137,5965.54
13324,5760485,5965.54
13324,5760818,5965.54
13324,5761124,5965.54
13324,5761369,5965.54
13324,5761677,5965.54
13324,5762044,5965.54
13324,5762352,5965.54
13324,5762594,5965.54
13324,5762902,5965.54
13324,5763276,5965.54
13324,5763577,5965.54
13324,5763809,5965.54
13324,5764196,5965.54
13324,5764512,5965.54
13324,5766737,5965.54
13324,5786479,5965.54
13324,5808960,5964.39
13324,5832213,5964.39
13324,5855923,5964.39
13324,5879634,5964.63
13324,5903549,5964.63
13324,5927495,5964.62
13324,5951545,5964.62
13324,5975805,5964.69
13324,5999789,5964.69
13324,6023850,5964.59
13324,6048113,5964.59
13324,6072217,5964.59
13324,6096332,5964.71
13324,6116112,5964.71
13324,6116362,5964.74
13324,6116667,5964.74
13324,6117034,5965.54
13324,6117349,5965.54
13324,6129863,5965.54
13324,6153772,5965.54
13324,6178159,5965.54
13324,6202711,5964.47
13324,6226940,5964.47
13324,6251614,5964.67
13324,6276114,5964.67
13324,6300538,5964.72
13324,6325352,5964.72
13324,6350328,5964.72
13324,6375253,5964.72
13324,6400475,5964.72
13324,6425676,5964.72
13324,6450243,5964.72
13324,6474527,5964.72
13324,6498792,5964.72
13324,6523156,5964.69
13324,6547431,5964.69
13324,6571858,5964.75
13324,6596314,5964.75
13324,6620637,5964.75
13324,6645093,5964.62
13324,6669612,5964.62
13324,6694225,5964.76
13324,6718573,5964.76
13324,6743222,5964.68
13324,6767591,5964.68
13324,6792409,5964.68
13324,6817260,5964.7
13324,6841711,5964.7
13324,6866544,5964.64
13325,64508,5964.61
13325,75922,5964.61
13325,76171,5964.61
13325,76484,5965.54
13325,83286,5965.54
13325,107273,5965.54
13325,130981,5965.54
13325,155392,5964.41
13325,180055,5964.41
13325,204391,5964.41
13325,229073,5964.63
13325,252798,5964.63
13325,277283,5964.76
13325,301674,5964.76
13325,326238,5964.62
13325,350289,5964.62
13325,374418,5964.66
13325,398735,5964.66
13325,422596,5964.66
13325,446621,5964.62
13325,470875,5964.62
13325,494753,5964.55
13325,519233,5964.55
13325,543050,5964.62
13325,567326,5964.62
13325,591932,5964.59
13325,616641,5964.59
13325,640852,5964.59
13325,665220,5964.71
13325,6893607,5964.65
13325,6918488,5964.7
13325,6942415,5964.7
13325,6966517,5964.74
13325,6991440,5964.74
13325,7016204,5964.67
13325,7040912,5964.67
13325,7065476,5964.76
13325,7090467,5964.76
13325,7115395,5964.71
13325,7140511,5964.71
13325,7165328,5964.71
13325,7190115,5964.78
13325,7215238,5964.78
13325,7239796,5964.7
13325,7264955,5964.7
13325,7289967,5964.64
13325,7314562,5964.64
13325,7339122,5964.74
13325,7363702,5964.74
13325,7388156,5964.74
13325,7412741,5964.63
13325,7437073,5964.63
13325,7461583,5964.62
13325,7486145,5964.62
13325,7510403,5964.69
13325,7534589,5964.69
13325,7558910,5964.77
13325,689599,5964.71
13325,713878,5964.7
13325,738063,5964.7
13325,762713,5964.7
13325,787289,5964.7
13325,811729,5964.68
13325,836037,5964.68
13325,860097,5964.68
13325,884573,5964.62
13325,908760,5964.62
13325,933181,5964.67
13325,957277,5964.67
13325,981719,5964.67
13325,1006037,5964.67
13325,1030716,5964.73
13325,1055184,5964.73
13325,1079801,5964.68
13325,1104452,5964.68
13325,1128771,5964.68
13325,1152958,5964.66
13325,1177165,5964.66
13325,1201716,5964.79
13325,1226904,5964.79
13325,1251515,5964.69
13325,1276375,5964.69
13325,1301052,5964.69
13325,1326172,5964.61
13325,1350877,5964.61
13325,7583432,5964.77
13325,7607689,5964.77
13325,7631886,5964.69
13325,7656322,5964.69
13325,7680651,5964.76
13325,7704976,5964.76
13325,7729006,5964.67
13325,7753097,5964.67
13325,7777414,5964.67
13325,7801585,5964.58
13325,7825787,5964.58
13325,7850040,5964.74
13325,7874034,5964.74
13325,7898498,5964.65
13325,7922809,5964.65
13325,7946872,5964.8
13325,7971168,5964.8
13325,7995789,5964.8
13325,8019917,5964.69
13325,8044677,5964.69
13325,8069369,5964.7
13325,8093585,5964.7
13325,8118146,5964.71
13325,8143245,5964.71
13325,8167847,5964.66
13325,8192782,5964.66
13325,8217586,5964.66
13325,8242691,5964.73
13325,8267250,5964.73
13325,8291946,5964.74
13325,8316622,5964.74
13325,8341742,5964.69
13325,8366721,5964.69
13325,8391539,5964.61
13325,8416467,5964.61
13325,8441609,5964.61
13325,8466608,5964.62
13325,8491783,5964.62
13325,8516395,5964.7
13325,8540809,5964.7
13325,8565114,5964.71
13325,8589968,5964.71
13325,8614672,5964.66
13325,8639352,5964.66
13325,8664152,5964.66
13325,8688732,5964.74
13325,8713232,5964.74
13325,8737869,5964.72
13325,8762485,5964.72
13325,8786856,5964.69
13325,8811401,5964.69
13325,8835704,5964.69
13325,8860304,5964.78
13325,8884620,5964.78
13325,8909179,5964.8
13325,8933636,5964.8
13325,8957835,5964.71
13325,8982530,5964.71
13325,9007234,5964.77
13325,9031687,5964.77
13325,9056389,5964.77
13325,9080830,5964.63
13325,9105845,5964.63
13325,9130361,5964.79
13325,9154806,5964.79
13325,9179528,5964.69
13325,9204357,5964.69
13325,9228941,5964.66
13325,9253708,5964.66
13325,9278462,5964.66
13325,9302776,5964.76
13325,9327372,5964.76
13325,9351764,5964.71
13325,9376137,5964.71
13325,9400334,5964.61
13325,9424423,5964.61
13325,9448520,5964.77
13325,9472886,5964.77
13325,9497345,5964.77
13325,9522058,5964.71
13325,9546313,5964.71
13325,9570557,5964.7
13325,9594760,5964.7
13325,9618824,5964.71
13325,9643089,5964.71
13325,9667731,5964.76
13325,9691988,5964.76
13325,9715891,5964.76
13325,9739549,5964.67
13325,9763707,5964.67
13325,9788006,5964.64
13325,9812208,5964.64
13325,9836435,5964.78
13325,9860228,5964.78
13325,9884453,5964.57
13325,9899025,5964.57
13325,9899341,5964.57
13325,9899580,5965.54
13325,9899897,5965.54
13325,9900257,5965.54
13325,9900487,5965.54
13325,9900820,5965.54
13325,9901196,5965.54
13325,9901505,5965.54
13325,9901807,5965.54
13325,9902110,5965.54
13325,9902338,5965.54
13325,9902660,5965.54
13325,9902967,5965.54
13325,9903345,5965.54
13325,9903650,5965.54
13325,9903953,5965.54
13325,9904374,5965.54
13325,9917090,5965.54
13325,9941777,5965.54
13325,9967019,5964.55
13325,9991352,5964.55
13325,10015368,5964.66
13325,10039337,5964.66
13325,10063543,5964.75
13325,10087971,5964.75
13325,10112238,5964.75
13325,10136411,5964.77
13325,10160754,5964.77
13325,10185390,5964.77
13325,10210328,5964.77
13325,10234804,5964.7
13325,10259438,5964.7
13325,10284382,5964.7
13325,10308863,5964.7
13325,10333268,5964.7
13325,10357810,5964.67
13325,10381677,5964.67
13325,10406034,5964.67
13325,10430376,5964.67
13325,10454567,5964.79
13325,10478768,5964.79
13325,10502876,5964.57
13325,10526802,5964.57
13325,10550666,5964.57
13325,10575135,5964.74
13325,10599364,5964.74
13325,10624102,5964.69
13325,10648891,5964.69
13325,10673564,5964.71
13325,10698147,5964.71
13325,10722512,5964.6
13325,10731049,5964.6
13325,10731049,5964.6
13325,10731049,5964.56
13325,10731049,5964.56
13325,10731049,5964.72
13325,10731049,5964.72
13325,10731049,5964.65
13325,1375957,5964.66
13325,1400784,5964.66
13325,1425259,5964.67
13325,1449663,5964.67
13325,1474139,5964.7
13325,1498713,5964.7
13325,1523169,5964.7
13325,1547610,5964.71
13325,1572412,5964.71
13325,1597025,5964.64
13325,1621536,5964.64
13325,1646350,5964.75
13325,1671096,5964.75
13325,1696015,5964.7
13325,1720776,5964.7
13325,1745492,5964.7
13325,1770486,5964.66
13325,1795035,5964.66
13325,1817688,5964.7
13325,1818099,5964.7
13325,1818403,5965.54
13325,1818706,5965.54
13325,1819011,5965.54
13325,1819256,5965.54
13325,1819559,5965.54
13325,1819873,5965.54
13325,1820235,5965.54
13325,1820550,5965.54
13325,1820796,5965.54
13325,1821165,5965.54
13325,1821405,5965.54
13325,1821766,5965.54
13325,1822078,5965.54
13325,1822390,5965.54
13325,1822647,5965.54
13325,1822945,5965.54
13325,1823258,5965.54
13325,1823626,5965.54
13325,1823927,5965.54
13325,1824155,5965.54
13325,1824479,5965.54
13325,1824786,5965.54
13325,1825154,5965.54
13325,1825402,5965.54
13325,1825714,5965.54
13325,1826058,5965.54
13325,1826384,5965.54
13325,1826694,5965.54
13325,1826942,5965.54
13325,1827263,5965.54
13325,1827620,5965.54
13325,1827877,5965.54
13325,1828176,5965.54
13325,1828533,5965.54
13325,1828935,5965.54
13325,1829234,5965.54
13325,1829479,5965.54
13325,1831905,5965.54
13325,1851888,5965.54
13325,1873867,5964.63
13325,1897002,5964.63
13325,1920377,5964.57
13325,1943927,5964.57
13325,1967742,5964.62
13325,1992021,5964.62
13325,2016176,5964.72
13325,2040610,5964.72
13325,2064641,5964.72
13325,2088964,5964.57
13325,2113259,5964.57
13325,2137853,5964.69
13325,2162538,5964.69
13325,2187009,5964.67
13325,2211311,5964.67
13325,2235898,5964.67
13325,2260095,5964.7
13325,2284790,5964.7
13325,2309469,5964.73
13325,2333798,5964.73
13325,2358382,5964.61
13325,2382852,5964.61
13325,2407400,5964.69
13325,2431859,5964.69
13325,2456447,5964.69
13325,2480875,5964.63
13325,2504898,5964.63
13325,2529151,5964.7
13325,2553342,5964.7
13325,2577258,5964.74
13325,2601224,5964.74
13325,2625408,5964.73
13325,2649833,5964.73
13325,2673913,5964.73
13325,2697999,5964.64
13325,2722125,5964.64
13325,2746090,5964.77
13325,2770185,5964.77
13325,2794117,5964.72
13325,2818167,5964.72
13325,2842332,5964.65
13325,2866536,5964.65
13325,2891294,5964.65
13325,2915587,5964.71
13325,2939923,5964.71
13325,2964079,5964.59
13325,2988794,5964.59
13325,3013011,5964.7
13325,3037297,5964.7
13325,3061752,5964.68
13325,3086319,5964.68
13325,3110638,5964.79
13325,3134856,5964.79
13325,3159530,5964.79
13325,3184241,5964.63
13325,3208955,5964.63
13325,3233433,5964.64
13325,3257853,5964.64
13325,3282174,5964.74
13325,3306402,5964.74
13325,3331264,5964.65
13325,3355890,5964.65
13325,3380713,5964.65
13325,3405667,5964.64
13325,3430376,5964.64
13325,3455090,5964.59
13325,3480317,5964.59
13325,3505508,5964.69
13325,3530220,5964.69
13325,3555184,5964.69
13325,3580422,5964.69
13325,3605501,5964.69
13325,3630531,5964.75
13325,3655286,5964.75
13325,3672551,5964.73
13325,3672783,5964.73
13325,3673152,5965.54
13325,3676250,5965.54
13325,3699814,5965.54
13325,3723750,5964.71
13325,3748060,5964.71
13325,3772237,5964.69
13325,3796482,5964.69
13325,3820899,5964.71
13325,3845510,5964.71
13325,3870043,5964.74
13325,3894501,5964.74
13325,3918793,5964.74
13325,3942939,5964.72
13325,3967703,5964.72
13325,3992506,5964.72
13325,4016866,5964.72
13325,4041552,5964.67
13325,4066248,5964.67
13325,4090823,5964.66
13325,4115405,5964.66
13325,4139863,5964.66
13325,4164677,5964.8
13325,4189153,5964.8
13325,4214004,5964.75
13325,4238469,5964.75
13325,4263135,5964.64
13325,4288219,5964.64
13325,4312799,5964.68
13325,4337790,5964.68
13325,4362531,5964.68
13325,4387270,5964.69
13325,4411983,5964.69
13325,4436749,5964.69
13325,4438169,5964.69
13325,4438399,5964.76
13325,4438728,5964.76
13325,4439043,5965.54
13325,4439403,5965.54
13325,4439723,5965.54
13325,4439954,5965.54
13325,4440334,5965.54
13325,4440644,5965.54
13325,4440888,5965.54
13325,4441196,5965.54
13325,4441567,5965.54
13325,4441868,5965.54
13325,4442179,5965.54
13325,4442423,5965.54
13325,4442730,5965.54
13325,4443091,5965.54
13325,4453847,5965.54
13325,4475521,5965.54
13325,4498134,5964.32
13325,4521553,5964.32
13325,4545378,5964.79
13325,4569433,5964.79
13325,4593876,5964.79
13325,4618045,5964.64
13325,4642531,5964.64
13325,4666687,5964.72
13325,4690638,5964.72
13325,4714952,5964.73
13325,4739016,5964.73
13325,4762957,5964.72
13325,4787240,5964.72
13325,4811492,5964.72
13325,4836326,0
13325,4860774,0
13325,4885064,5964.51
13325,4909633,5964.51
13325,4933852,5964.71
13325,4958582,5964.71
13325,4982990,5964.63
13325,5007509,5964.63
13325,5031622,5964.63
13325,5056472,5964.72
13325,5080977,5964.72
13325,5105488,5964.57
13325,5129804,5964.57
13325,5154268,5964.65
13325,5178623,5964.65
13325,5203680,5964.61
13325,5228561,5964.61
13325,5253665,5964.61
13325,5278430,5964.71
13325,5302985,5964.71
13325,5327710,5964.75
13325,5352408,5964.75
13325,5376894,5964.76
13325,5401808,5964.76
13325,5426440,5964.65
13325,5451489,5964.65
13325,5476037,5964.65
13325,5500621,5964.56
13325,5525327,5964.56
13325,5550041,5964.57
13325,5574590,5964.57
13325,5599196,5964.7
13325,5624038,5964.7
13325,5648738,5964.67
13325,5673445,5964.67
13325,5697727,5964.67
13325,5722320,5964.65
13325,5747173,5964.65
13325,5771259,5964.74
13325,5796040,5964.74
13325,5820506,5964.7
13325,5845073,5964.7
13325,5869963,5964.75
13325,5894776,5964.75
13325,5919330,5964.75
13325,5944023,5964.69
13325,5968971,5964.69
13325,5993807,5964.78
13325,6018377,5964.78
13325,6043222,5964.76
13325,6067821,5964.76
13325,6084193,5964.65
13325,6084471,5964.65
13325,6084845,5964.65
13325,6087421,5965.54
13325,6110975,5965.54
13325,6135416,5964.88
13325,6160009,5964.88
13325,6184719,5964.82
13325,6209312,5964.82
13325,6234087,5964.61
13325,6258550,5964.61
13325,6282997,5964.61
13325,6307894,5964.7
13325,6332270,5964.7
13325,6356212,5964.8
13325,6380862,5964.8
13325,6405391,5964.79
13325,6429748,5964.79
13325,6454277,5964.81
13325,6479142,5964.81
13325,6503168,5964.81
13325,6527762,5964.62
13325,6552454,5964.62
13325,6576705,5964.71
13325,6601001,5964.71
13325,6625645,5964.64
13325,6649961,5964.64
13325,6674304,5964.64
13325,6698825,5964.76
13325,6723099,5964.76
13325,6747901,5964.7
13325,6771824,5964.7
13325,6796147,5964.69
13325,6820591,5964.69
13325,6844920,5964.65
13325,6869371,5964.65
13342,678,5965.54
13342,879,5965.54
13342,1211,5965.54
13342,1420,5965.54
13342,1748,5965.54
13342,1950,5965.54
13342,2216,5965.54
13342,2554,5965.54
13342,2810,5965.54
13342,3030,5965.54
13342,3362,5965.54
13342,3563,5965.54
13342,3838,5965.54
13342,4159,5965.54
13342,4363,5965.54
13342,4699,5965.54
13342,4965,5965.54
13342,5169,5965.54
13342,5493,5965.54
13342,5700,5965.54
13342,5966,5965.54
13342,6291,5965.54
13342,6504,5965.54
13342,6765,5965.54
13342,7101,5965.54
13342,7312,5965.54
13342,7579,5965.54
13342,7906,5965.54
13342,8172,5965.54
13342,8380,5965.54
13342,8703,5965.54
13342,8916,5965.54
13342,9187,5965.54
13342,9512,5965.54
13342,9725,5965.54
13342,9997,5965.54
13342,10316,5965.54
13342,10524,5965.54
13342,10791,5965.54
13342,11064,5965.54
13342,11396,5965.54
13342,11602,5965.54
13342,11917,5965.54
13342,12135,5965.54
13342,12451,5965.54
13342,12731,5965.54
13342,12933,5965.54
13342,13195,5965.54
13342,13533,5965.54
13342,13736,5965.54
13342,13998,5965.54
13342,14259,5965.54
13342,14517,5965.54
13342,14850,5965.54
13342,15129,5965.54
13342,15395,5965.54
13342,15602,5965.54
13342,15934,5965.54
13342,16265,5965.54
13342,16469,5965.54
13342,16828,5965.54
13342,26840,5965.54
13342,46938,5965.04
13342,68314,5965.04
13342,90201,5964.51
13342,112618,5964.51
13342,134872,5964.51
13342,158185,5964.77
13342,181706,5964.77
13342,205156,5964.74
13342,228708,5964.74
13342,252379,5964.85
13342,276081,5964.85
13342,299871,5964.81
13342,323739,5964.81
13342,347787,5964.81
13342,372047,5964.72
13342,396228,5964.72
13342,420578,5964.75
13342,444490,5964.75
13342,468454,5964.78
13342,492647,5964.78
13342,517016,5964.78
13342,541528,5964.8
13342,565898,5964.8
13342,590652,5964.71
13342,615283,5964.71
13342,639779,5964.79
13342,663824,5964.79
13342,688230,5964.75
13342,712690,5964.75
13342,736550,5964.75
13342,760423,5964.75
13342,784464,5964.75
13342,808873,5964.68
13342,833182,5964.68
13342,857319,5964.76
13342,881497,5964.76
13342,905647,5964.94
13342,929876,5964.94
13342,954133,5964.94
13342,978764,5964.82
13342,1002896,5964.82
13342,1015095,5964.74
13342,1015367,5964.74
13342,1015688,5965.54
13342,1015954,5965.54
13342,1016363,5965.54
13342,1031617,5965.54
13342,1054987,5965.54
13342,1078735,5964.88
13342,1102945,5964.88
13342,1127135,5964.83
13342,1151711,5964.83
13342,1176140,5964.74
13342,1200458,5964.74
13342,1225189,5964.76
13342,1250004,5964.76
13342,1274181,5964.76
13342,1298300,5964.67
13342,1322328,5964.67
13342,1346632,5964.82
13342,1370845,5964.82
13342,1394893,5964.82
13342,1418956,5964.82
13342,1442857,5964.79
13342,1467001,5964.79
13342,1491198,5964.79
13342,1515365,5964.68
13342,1539821,5964.68
13342,1564375,5964.82
13342,1588156,5964.82
13342,1612386,5964.59
13342,1636692,5964.59
13342,1661269,5964.78
13342,1685590,5964.78
13342,1710146,5964.78
13342,1734517,5964.73
13342,1758926,5964.73
13342,1783519,5964.76
13342,1807987,5964.76
13342,1832400,5964.89
13342,1856740,5964.89
13342,1881442,5964.89
13342,1905886,5964.86
13342,1929930,5964.86
13342,1954377,5964.73
13342,1978590,5964.73
13342,2003290,5964.85
13342,2027507,5964.85
13342,2051801,5964.77
13342,2076390,5964.77
13342,2101357,5964.77
13342,2126145,5964.82
13342,2150567,5964.82
13342,2175182,5964.86
13342,2200081,5964.86
13342,2224843,5964.85
13342,2249682,5964.85
13342,2274755,5964.79
13342,2299629,5964.79
13342,2324547,5964.79
13342,2349956,5964.82
13342,2374997,5964.82
13342,2399704,5964.76
13342,2424211,5964.76
13342,2448802,5964.74
13342,2473053,5964.74
13342,2497353,5964.75
13342,2522145,5964.75
13342,2546314,5964.75
13342,2570314,5964.78
13342,2594308,5964.78
13342,2618439,5964.79
13342,2642021,5964.79
13342,2666368,5964.87
13342,2690506,5964.87
13342,2714714,5964.79
13342,2738465,5964.79
13342,2762172,5964.79
13342,2785886,5964.75
13342,2809434,5964.75
13342,2833121,5964.83
13342,2857292,5964.83
13342,2881478,5964.84
13342,2905692,5964.84
13342,2930218,5964.82
13342,2954598,5964.82
13342,2978918,5964.82
13342,3003291,5964.69
13342,3027954,5964.69
13342,3052506,5964.81
13342,3077131,5964.81
13342,3101794,5964.76
13342,3126715,5964.76
13342,3151562,5964.76
13342,3176397,5964.8
13342,3201349,5964.8
13342,3226337,5964.7
13342,3251151,5964.7
13342,3275745,5964.72
13342,3300247,5964.72
13342,3324883,5964.73
13342,3349660,5964.73
13342,3374026,5964.73
13342,3398526,5964.86
13342,3423308,5964.86
13342,3447754,5964.88
13342,3472229,5964.88
13342,3497044,5964.83
13342,3521461,5964.83
13342,3546093,5964.67
13342,3571097,5964.67
13342,3595595,5964.67
13342,3620195,5964.76
13342,3644917,5964.76
13342,3669636,5964.78
13342,3694049,5964.78
13342,3718525,5964.67
13342,3743209,5964.67
13342,3766996,5964.77
13342,3791061,5964.77
13342,3815116,5964.77
13342,3839462,5964.65
13342,3863384,5964.65
13342,3887296,5964.74
13342,3911368,5964.74
13342,3935561,5964.74
13342,3959888,5964.74
13342,3984255,5964.84
13342,4009139,5964.84
13342,4033159,5964.84
13342,4057306,5964.82
13342,4081707,5964.82
13342,4106194,5964.72
13342,4130378,5964.72
13342,4155137,5964.66
13342,4179722,5964.66
13342,4204242,5964.83
13342,4228933,5964.83
13342,4253386,5964.83
13342,4265422,5964.74
13344,67307,5964.75
13344,91516,5964.87
13344,116207,5964.87
13344,141044,5964.73
13344,166238,5964.73
13344,190838,5964.73
13344,215645,5964.75
13344,240476,5964.75
13344,265210,5964.84
13344,289779,5964.84
13344,314492,5964.72
13344,339243,5964.72
13344,364134,5964.83
13344,388706,5964.83
13344,413220,5964.83
13344,437243,5964.76
13344,461277,5964.76
13344,484941,5964.69
13344,509080,5964.69
13344,533872,5964.81
13344,558673,5964.81
13344,583669,5964.71
13344,608128,5964.71
13344,632820,5964.71
13344,657670,5964.75
13344,682716,5964.75
13344,707579,5964.76
13344,732059,5964.76
13344,756602,5964.71
13344,781307,5964.71
13344,805988,5964.71
13344,830201,5964.72
13344,854652,5964.72
13344,879083,5964.71
13344,903415,5964.71
13344,928047,5964.77
13344,952290,5964.77
13344,976878,5964.74
13344,1001427,5964.74
13344,1025562,5964.74
13344,1050347,5964.68
13344,1074945,5964.68
13344,1099516,5964.64
13344,1124271,5964.64
13344,1148968,5964.69
13344,1173455,5964.69
13344,1198441,5964.81
13344,1223167,5964.81
13344,1247463,5964.81
13344,1271541,5964.68
13344,1296135,5964.68
13344,1320642,5964.72
13344,1345008,5964.72
13344,1369403,5964.74
13344,1393645,5964.74
13344,1418363,5964.64
13344,1442811,5964.64
13344,1466742,5964.64
13344,1490792,5964.78
13344,1515102,5964.78
13344,1539437,5964.8
13344,1564132,5964.8
13344,1588459,5964.76
13344,1613038,5964.76
13344,1637472,5964.61
13344,1661775,5964.61
13344,1686138,5964.61
13344,1710714,5964.75
13344,1735275,5964.75
13344,1759849,5964.69
13344,1785036,5964.69
13344,1809573,5964.8
13344,1833968,5964.8
13344,1858574,5964.68
13344,1882683,5964.68
13344,1906905,5964.68
13344,1930875,5964.74
13344,1955048,5964.74
13344,1978996,5964.59
13344,2002781,5964.59
13344,2026980,5964.76
13344,2050940,5964.76
13344,2075287,5964.76
13344,2099296,5964.65
13344,2123439,5964.65
13344,2147961,5964.7
13344,2172126,5964.7
13344,2196457,5964.65
13344,2221053,5964.65
13344,2245370,5964.69
13344,2269299,5964.69
13344,2279538,5964.69
13344,2279738,5964.72
13344,2280068,5964.72
13344,2280347,5965.54
13344,2289106,5965.54
13344,2312880,5965.54
13344,2336770,5965.54
13344,2360863,5964.7
13344,2385108,5964.7
13344,2409810,5964.7
13344,2433942,5964.71
13344,2458600,5964.71
13344,2483067,5964.65
13344,2507588,5964.65
13344,2531583,5964.61
13344,2555428,5964.61
13344,2579268,5964.64
13344,2603279,5964.64
13344,2627460,5964.64
13344,2651164,5964.76
13344,2675011,5964.76
13344,2699110,5964.76
13344,2722958,5964.76
13344,2747028,5964.72
13344,2770955,5964.72
13344,2795025,5964.73
13344,2818948,5964.73
13344,2843256,5964.73
13344,2867976,5964.77
13344,2892296,5964.77
13344,2916355,5964.73
13344,2941214,5964.73
13344,2965371,5964.7
13344,2989951,5964.7
13344,3014284,5964.76
13344,3038841,5964.76
13344,3063295,5964.76
13344,3087493,5964.83
13344,3111926,5964.83
13344,3135871,5964.76
13344,3159898,5964.76
13344,3184358,5964.71
13344,3208626,5964.71
13344,3232770,5964.72
13344,3256831,5964.72
13344,3280954,5964.72
13344,3305348,5964.66
13344,3329682,5964.66
13344,3354123,5964.71
13344,3378324,5964.71
13344,3402893,5964.72
13344,3427094,5964.72
13344,3451517,5964.72
13344,3475995,5964.72
13344,3500567,5964.72
13344,3525029,5964.8
13344,3549406,5964.8
13344,3573768,5964.77
13344,3598488,5964.77
13344,3623555,5964.77
13344,3648516,5964.77
13344,3673389,5964.77
13344,3697968,5964.76
13344,3722772,5964.76
13344,3747608,5964.79
13344,3772688,5964.79
13344,3797516,5964.71
13344,3821976,5964.71
13344,3846426,5964.78
13344,3871063,5964.78
13344,3895899,5964.78
13344,3920529,5964.77
13344,3945092,5964.77
13344,3969540,5964.89
13344,3994123,5964.89
13344,4018584,5964.81
13344,4042875,5964.81
13344,4067442,5964.64
13344,4091917,5964.64
13344,4116605,5964.64
13344,4140650,5964.73
13344,4165137,5964.73
13344,4189078,5964.81
13344,4213121,5964.81
13344,4237160,5964.79
13344,4261245,5964.79
13344,4285063,5964.72
13344,4309315,5964.72
13344,4333065,5964.72
13344,4357368,5964.79
13344,4381418,5964.79
13344,4405799,5964.73
13344,4429709,5964.73
13344,4454017,5964.71
13344,4478726,5964.71
13344,4502864,5964.79
13344,4511105,5964.79
13344,4511310,5964.79
13344,4511576,5965.54
13344,4511844,5965.54
13344,4512106,5965.54
13344,4512371,5965.54
13344,4512706,5965.54
13344,4512908,5965.54
13344,4513178,5965.54
13344,4513429,5965.54
13344,4513708,5965.54
13344,4515670,5965.54
13344,4535010,5965.54
13344,4558108,5964.82
13344,4581990,5964.82
13344,4605902,5964.74
13344,4629978,5964.74
13344,4654058,5964.75
13344,4677750,5964.75
13344,4701579,5964.75
13344,4725693,5964.64
13344,4749941,5964.64
13344,4773864,5964.7
13344,4798192,5964.7
13344,4822259,5964.7
13344,4846554,5964.7
13344,4870553,5964.68
13344,4894617,5964.68
13344,4919102,5964.68
13344,4943622,5964.77
13344,4968046,5964.77
13344,4992361,5964.67
13344,5017110,5964.67
13344,5041885,5964.65
13344,5066849,5964.65
13344,5091546,5964.79
13344,5116278,5964.79
13344,5141162,5964.79
13344,5166196,5964.67
13344,5191136,5964.67
13344,5216119,5964.77
13344,5240921,5964.77
13344,5265791,5964.64
13344,5290589,5964.64
13344,5315560,5964.71
13344,5340034,5964.71
13344,5364830,5964.71
13344,5389686,5964.7
13344,5414627,5964.7
13344,5439005,5964.73
13344,5463672,5964.73
13344,5488435,5964.78
13344,5513185,5964.78
13344,5537623,5964.76
13344,5562341,5964.76
13344,5587571,5964.76
13344,5611999,5964.71
13344,5636820,5964.71
13344,5661404,5964.61
13344,5686012,5964.61
13344,5710587,5964.74
13344,5735266,5964.74
13344,5759737,5964.64
13344,5784471,5964.64
13344,5808600,5964.64
13344,5832816,5964.75
13344,5857392,5964.75
13344,5882078,5964.79
13344,5906925,5964.79
13344,5931372,5964.77
13344,5955685,5964.77
13344,5980174,5964.77
13344,6004851,5964.76
13344,6029470,5964.76
13344,6054174,5964.72
13344,6079191,5964.72
13344,6103384,5964.73
13344,6127455,5964.73
13344,6151401,5964.76
13344,6165275,5964.76
13344,6165474,5964.76
13344,6165810,5964.72
13344,6166014,5964.72
13344,6166282,5965.54
13344,6166797,5965.54
13344,6182157,5965.54
13344,6206459,5965.54
13344,6230720,5964.71
13344,6254983,5964.71
13344,6279419,5964.71
13344,6303934,5964.66
13344,6327673,5964.66
13344,6352028,5964.81
13344,6376177,5964.81
13344,6400426,5964.75
13344,6424336,5964.75
13344,6448644,5964.82
13344,6472982,5964.82
13344,6495378,5964.82
13344,6495640,5964.79
13344,6495843,5964.79
13344,6496108,5965.54
13344,6496439,5965.54
13344,6496705,5965.54
13344,6496907,5965.54
13344,6497228,5965.54
13344,6497445,5965.54
13344,6497788,5965.54
13344,6498046,5965.54
13344,6498323,5965.54
13344,6498642,5965.54
13344,6498915,5965.54
13344,6499124,5965.54
13344,6499450,5965.54
13344,6499659,5965.54
13344,6499927,5965.54
13344,6500252,5965.54
13344,6500463,5965.54
13344,6500729,5965.54
13344,6500996,5965.54
13344,6501262,5965.54
13344,6501587,5965.54
13344,6501792,5965.54
13344,6502128,5965.54
13344,6502337,5965.54
13344,6502657,5965.54
13344,6502872,5965.54
13344,6503190,5965.54
13344,6503396,5965.54
13344,6503673,5965.54
13344,6503939,5965.54
13344,6504263,5965.54
13344,6504524,5965.54
13344,6504732,5965.54
13344,6505069,5965.54
13344,6505335,5965.54
13344,6505541,5965.54
13344,6505861,5965.54
13344,6506067,5965.54
13344,6506340,5965.54
13344,6506664,5965.54
13344,6506937,5965.54
13344,6507145,5965.54
13344,6507411,5965.54
13344,6507744,5965.54
13344,6507890,5965.54
13344,6508231,5965.54
13344,6508546,5965.54
13344,6508824,5965.54
13344,6509084,5965.54
13344,6509301,5965.54
13344,6509621,5965.54
13344,6509832,5965.54
13344,6510156,5965.54
13344,6510359,5965.54
13344,6510639,5965.54
13344,6510820,5965.54
13353,78426,5964.76
13353,107483,5964.56
13353,137548,5964.56
13353,167648,5964.45
13353,197348,5964.45
13353,227293,5964.54
13353,256451,5964.54
13353,285963,5964.54
13353,316165,5964.59
13353,345640,5964.59
13353,375788,5964.58
13353,405595,5964.58
13353,435426,5964.57
13353,464510,5964.57
13353,494012,5964.61
13353,524330,5964.61
13353,554202,5964.61
13353,584110,5964.57
13353,613927,5964.57
13353,644527,5964.6
13353,674710,5964.6
13353,704586,5964.69
13353,734012,5964.69
13353,763743,5964.56
13353,793072,5964.56
13353,823384,5964.56
13353,853337,5964.55
13353,883194,5964.55
13353,913250,5964.59
13353,942852,5964.59
13353,972911,5964.55
13353,1002849,5964.55
13353,1032941,5964.56
13353,1062890,5964.56
13353,1092742,5964.56
13353,1122876,5964.59
13353,1151794,5964.59
13353,1181470,5964.62
13353,1210604,5964.62
13353,1240910,5964.54
13353,1271099,5964.54
13353,1301269,5964.54
13353,1331171,5964.59
13353,1360967,5964.59
13353,1390362,5964.56
13353,1420494,5964.56
13353,1450359,5964.64
13353,1480405,5964.64
13353,1510119,5964.62
13353,1539757,5964.62
13353,1569860,5964.62
13353,1599789,5964.58
13353,1629898,5964.58
13353,1659674,5964.43
13353,1689067,5964.43
13353,1719098,5964.66
13353,1748722,5964.66
13353,1778534,5964.66
13353,1808153,5964.59
13353,1838158,5964.59
13353,1868216,5964.52
13353,1897981,5964.52
13353,1927970,5964.69
13353,1957862,5964.69
13353,1987727,5964.58
13353,2017419,5964.58
13353,2047720,5964.58
13353,2077367,5964.55
13353,2107373,5964.55
13353,2137318,5964.58
13353,2167000,5964.58
13353,2196369,5964.53
13353,2226311,5964.53
13353,2256322,5964.59
13353,2286550,5964.59
13353,2315742,5964.59
13353,2345402,5964.62
13353,2374771,5964.62
13353,2404040,5964.66
13353,2433887,5964.66
13353,2463841,5964.61
13353,2493030,5964.61
13353,2522991,5964.61
13353,2552829,5964.56
13353,2582701,5964.56
13353,2612190,5964.56
13353,2641962,5964.56
13353,2671585,5964.63
13353,2701293,5964.63
13353,2731050,5964.66
13353,2760632,5964.66
13353,2790486,5964.59
13353,2820759,5964.59
13353,2850786,5964.59
13353,2880037,5964.61
13353,2909760,5964.61
13353,2939434,5964.59
13353,2968776,5964.59
13353,2998616,5964.67
13353,3028408,5964.67
13353,3057997,5964.67
13353,3088187,5964.56
13353,3118174,5964.56
13353,3147502,5964.61
13353,3177074,5964.61
13353,3207060,5964.64
13353,3236828,5964.64
13353,3266287,5964.52
13353,3295592,5964.52
13353,3323886,5964.52
13353,3331888,5964.56
13353,3332101,5964.56
13353,3332364,5965.54
13353,3332638,5965.54
13353,3332954,5965.54
13353,3333163,5965.54
13353,3333496,5965.54
13353,3343049,5965.54
13353,3372602,5965.54
13353,3402567,5964.53
13353,3432547,5964.53
13353,3462393,5964.61
13353,3491948,5964.61
13353,3521794,5964.49
13353,3551787,5964.49
13353,3581586,5964.54
13353,3611151,5964.54
13353,3641326,5964.54
13353,3671544,5964.57
13353,3700987,5964.57
13353,3730724,5964.53
13353,3760250,5964.53
13353,3789386,5964.62
13353,3819274,5964.62
13353,3848693,5964.62
13353,3878498,5964.56
13353,3908147,5964.56
13353,3938116,5964.56
13353,3967147,5964.56
13353,3996559,5964.58
13353,4026914,5964.58
13353,4056735,5964.59
13353,4086082,5964.59
13353,4115923,5964.59
13353,4145376,5964.57
13353,4174819,5964.57
13353,4204752,5964.55
13353,4233969,5964.55
13353,4264110,5964.58
13353,4293962,5964.58
13353,4323936,5964.58
13353,4353634,5964.58
13353,4383718,5964.58
13353,4413263,5964.63
13353,4442659,5964.63
13353,4472265,5964.61
13353,4501760,5964.61
13353,4531670,5964.52
13353,4561710,5964.52
13353,4565737,5964.52
13353,4566077,5964.6
13353,4566330,5964.6
13353,4566613,5965.54
13353,4566815,5965.54
13353,4569806,5965.54
13353,4597004,5965.54
13353,4626931,5964.58
13353,4656234,5964.58
13353,4685551,5964.58
13353,4715533,5964.68
13353,4745759,5964.68
13353,4775732,5964.64
13353,4805477,5964.64
13353,4835493,5964.54
13353,4848389,5964.54
13357,1599,5965.54
13357,17842,5965.54
13357,40103,5964.75
13357,62804,5964.75
13357,85847,5964.25
13357,108932,5964.25
13357,131558,5964.64
13357,154675,5964.64
13357,178222,5964.64
13357,201389,5964.6
13357,219073,5964.6
13357,219378,5964.54
13357,219732,5964.54
13357,220048,5965.54
13357,220359,5965.54
13357,220603,5965.54
13357,220914,5965.54
13357,221221,5965.54
13357,221587,5965.54
13357,221896,5965.54
13357,222201,5965.54
13357,222445,5965.54
13357,226975,5965.54
13357,247462,5965.54
13357,269795,5965.54
13357,6763528,5965.54
13357,6786168,5965.54
13357,6808750,5965.54
13357,6831614,5964.35
13357,6854121,5964.35
13357,6876625,5964.35
13357,6899052,5964.35
13357,6921959,5964.6
13357,6944629,5964.6
13357,6949563,5964.6
13357,6949866,5964.6
13357,6950242,5964.6
13357,6950539,5964.55
13357,6950786,5964.55
13357,6953217,5964.55
13357,6973587,5964.55
13357,6996256,5964.55
13357,7019205,5965.54
13357,7041867,5965.54
13357,7064267,5965.54
13357,7087263,5965.54
13357,7109964,5965.54
13357,7132876,5964.52
13357,7155971,5964.52
13357,7179127,5964.52
13357,7202051,5964.52
13357,7224717,5964.81
13357,7247579,5964.81
13357,7270540,5964.81
13357,7293596,5964.81
13357,7316884,5964.81
13357,7339919,5964.62
13357,7362719,5964.62
13357,7386015,5964.62
13357,7408926,5964.62
13357,680740,5964.58
13357,703300,5964.56
13357,726069,5964.56
13357,748493,5964.53
13357,770984,5964.53
13357,793897,5964.7
13357,817286,5964.7
13357,840366,5964.58
13357,863537,5964.58
13357,886948,5964.58
13357,910038,5964.58
13357,928679,5964.58
13357,928927,5964.63
13357,929302,5964.63
13357,929603,5965.54
13357,932156,5965.54
13357,7432122,5964.62
13357,7454743,5964.57
13357,7477776,5964.57
13357,7501200,5964.57
13357,7524122,5964.57
13357,7547399,5964.57
13357,7570580,5964.59
13357,7593245,5964.59
13357,7615883,5964.59
13357,7638439,5964.59
13357,7661208,5964.6
13357,7683588,5964.6
13357,7706389,5964.6
13357,7729359,5964.6
13357,7747698,5964.6
13357,7747955,5964.54
13357,7748246,5964.54
13357,7751063,5964.54
13357,7771440,5964.54
13357,7793470,5964.54
13357,7815820,5965.54
13357,7838625,5965.54
13357,7861727,5965.54
13357,7872082,5965.54
13357,7872412,5965.54
13357,7872723,5964.59
13357,7878183,5964.59
13357,7900061,5964.59
13357,7922893,5964.59
13357,7945745,5965.54
13357,7968672,5965.54
13357,7991463,5965.54
13357,8014274,5965.54
13357,8037005,5965.54
13357,8059667,5964.6
13357,8081929,5964.6
13357,8082361,5964.6
13357,8082612,5964.6
13357,8087378,5964.6
13357,8109662,5964.42
13357,8132451,5964.42
13357,8155351,5964.42
13357,8178459,5964.42
13357,8201550,5964.42
13357,8224750,5964.28
13357,8247515,5964.28
13357,8270299,5964.28
13357,8293122,5964.28
13357,8315967,5964.28
13357,8338895,5964.59
13357,8361553,5964.59
13357,8384227,5964.59
13357,8407257,5964.59
13357,8430319,5964.57
13357,8453046,5964.57
13357,8475733,5964.57
13357,8498734,5964.57
13357,8521877,5964.57
13357,8544878,5964.49
13357,8567991,5964.49
13357,8789431,5965.54
13357,8811513,5965.54
13357,8833865,5965.54
13357,8855935,5965.54
13357,8878721,5965.54
13357,8900983,5965.54
13357,8923681,5965.54
13357,8946778,5965.54
13357,8969479,5964.64
13357,8992609,5964.64
13357,9015535,5964.64
13357,9038953,5964.64
13357,9062144,5964.64
13357,9085055,5964.56
13357,9108684,5964.56
13357,9132289,5964.56
13357,9133004,5964.56
13357,9133386,5964.55
13357,9133695,5964.55
13357,9135544,5964.55
13357,9153466,5964.55
13357,9180041,5964.55
13357,9194227,5965.54
13357,9194534,5965.54
13357,9194789,5965.54
13357,9195095,5965.54
13357,9195391,5965.54
13357,9197667,5965.54
13357,9216626,5965.54
13357,9238625,5965.54
13357,9261289,5965.54
13357,9283675,5965.54
13357,9306516,5964.8
13357,9329274,5964.8
13357,9352187,5964.8
13357,9375097,5964.8
13357,9397866,5964.45
13357,9420913,5964.45
13357,9443406,5964.45
13357,9465748,5964.45
13357,9488238,5964.45
13357,9510784,5964.59
13357,9533467,5964.59
13357,9556330,5964.59
13357,9578863,5964.59
13357,9601399,5964.59
13357,9624168,5964.56
13357,9646833,5964.56
13357,9669096,5964.56
13357,9691630,5964.56
13357,9714641,5964.56
13357,9737348,5964.54
13357,9760360,5964.54
13357,9783271,5964.54
13357,9806135,5964.54
13357,9829241,5964.56
13357,9852386,5964.56
13357,9875691,5964.56
13357,9898866,5964.56
13357,9921766,5964.56
13357,9945209,5964.54
13357,9968393,5964.54
13357,9991465,5964.54
13357,10014807,5964.54
13357,10037946,5964.54
13357,10061004,5964.7
13357,10084714,5964.7
13357,10107997,5964.7
13357,10131292,5964.7
13357,10154595,5964.7
13357,10177638,5964.58
13357,10200705,5964.58
13357,10223482,5964.58
13357,10246250,5964.58
13357,10269418,5964.61
13357,10291830,5964.61
13357,10314618,5964.61
13357,10337873,5964.61
13357,10360665,5964.61
13357,10383539,5964.6
13357,10406668,5964.6
13357,10429567,5964.6
13357,10452704,5964.6
13357,10475820,5964.6
13357,10498932,5964.6
13357,10521860,5964.6
13357,10545212,5964.6
13357,10568231,5964.6
13357,10591368,5964.69
13357,10820652,5964.61
13357,10843611,5964.61
13357,10866419,5964.61
13357,10889241,5964.61
13357,10912110,5964.61
13357,10935411,5964.6
13357,10958455,5964.6
13357,10981979,5964.6
13357,11005312,5964.6
13357,11028248,5964.55
13357,11051523,5964.55
13357,11074778,5964.55
13357,11097942,5964.55
13357,11121130,5964.55
13357,11144560,5964.56
13357,11167496,5964.56
13357,11190869,5964.56
13357,11213857,5964.56
13357,11236979,5964.56
13357,11259881,5964.49
13357,11489892,5964.52
13357,11512808,5964.52
13357,11535903,5964.52
13357,11558716,5964.52
13357,11581807,5964.64
13357,11604700,5964.64
13357,11628022,5964.64
13357,11651177,5964.64
13357,11673869,5964.64
13357,11697119,5964.68
13357,11719696,5964.68
13357,11742786,5964.68
13357,11766158,5964.68
13357,11780190,5964.68
13357,11780481,5964.52
13357,11781271,5964.52
13357,11796498,5964.52
13357,11819687,5964.52
13357,11842461,5965.54
13357,11865460,5965.54
13357,11888319,5965.54
13357,11910940,5965.54
13357,11933857,5965.54
13357,1364237,5964.48
13357,1387340,5964.48
13357,1409934,5964.55
13357,1432601,5964.55
13357,1455518,5964.5
13357,1478407,5964.5
13357,1494156,5964.5
13357,1494449,5964.62
13357,1494757,5964.62
13357,1495116,5965.54
13357,1501271,5965.54
13357,1523272,5965.54
13357,1546341,5965.54
13357,1569250,5964.45
13357,1591807,5964.45
13357,1614810,5964.45
13357,2028235,5964.5
13357,2050637,5964.49
13357,2072163,5964.49
13357,2072465,5964.74
13357,2072722,5964.74
13357,2082383,5965.54
13357,2105308,5965.54
13357,2128455,5965.54
13357,2151649,5964.33
13357,2174428,5964.33
13357,2196887,5964.64
13357,2213935,5964.64
13357,2214208,5964.6
13357,2214511,5964.6
13357,2214866,5965.54
13357,2215195,5965.54
13357,2219739,5965.54
13357,2241261,5965.54
13357,2263813,5965.54
13357,2286395,5964.65
13357,2703214,5964.53
13357,2727298,5964.53
13357,2750311,5964.59
13357,2773471,5964.59
13357,2796786,5964.59
13357,2819809,5964.58
13357,2842723,5964.58
13357,2872019,5964.54
13357,2899696,5964.54
13357,2922994,5964.56
13357,2945852,5964.56
13357,2970598,5964.56
13357,3395878,5964.51
13357,3419042,5964.51
13357,3441713,5964.51
13357,3464774,5964.51
13357,3487651,5964.62
13357,3510109,5964.62
13357,3532747,5964.62
13357,3555603,5964.62
13357,3578774,5964.62
13357,3601825,5964.57
13357,3625110,5964.57
13357,3648169,5964.55
13357,3671445,5964.55
13357,3694651,5964.62
13357,4064444,5964.61
13357,4087752,5964.61
13357,4111131,5964.61
13357,4134443,5964.57
13357,4157988,5964.57
13357,4181400,5964.57
13357,4204647,5964.57
13357,4227790,5964.73
13357,4251289,5964.73
13357,4275134,5964.73
13357,4298264,5964.73
13357,4321455,5964.73
13357,4344008,5964.58
13357,4366500,5964.58
13357,4732794,5964.46
13357,4756210,5964.46
13357,4778385,5964.46
13357,4778683,5964.46
13357,4778929,5964.46
13357,4779218,5964.46
13357,4779579,5964.46
13357,4779855,5965.54
13357,4780158,5965.54
13357,4780526,5965.54
13357,4780830,5965.54
13357,4781137,5965.54
13357,4786928,5965.54
13357,4808899,5965.54
13357,4831085,5965.54
13357,4853908,5965.54
13357,4876495,5964.76
13357,4899272,5964.76
13357,4921924,5964.76
13357,4944454,5964.76
13357,4966726,5964.76
13357,4989015,5964.67
13357,5011757,5964.67
13357,5034500,5964.67
13357,5057363,5964.67
13357,5402294,5964.63
13357,5425445,5964.61
13357,5448496,5964.61
13357,5471494,5964.61
13357,5494866,5964.61
13357,5518283,5964.61
13357,5541422,5964.69
13357,5564621,5964.69
13357,5587795,5964.69
13357,5610569,5964.69
13357,5633356,5964.69
13357,5656130,5964.6
13357,5678537,5964.6
13357,5701335,5964.6
13357,5724152,5964.6
13357,6091565,5964.49
13357,6115145,5964.49
13357,6138379,5964.49
13357,6161574,5964.49
13357,6185046,5964.62
13357,6208153,5964.62
13357,6215269,5964.62
13357,6215572,5964.62
13357,6215889,5964.62
13357,6216189,5964.55
13357,6216549,5964.55
13357,6216865,5964.55
13357,6217169,5964.55
13357,6217420,5964.55
13357,6219961,5965.54
13357,6222553,5965.54
13357,6222870,5965.54
13357,6223177,5965.54
13357,6223553,5965.54
13357,6225355,5965.54
13357,6242527,5965.54
13357,6263638,5965.54
13357,6286017,5965.54
13357,6308048,5964.9
13357,6330423,5964.9
13357,6352745,5964.9
13357,6375123,5964.9
13357,6397658,5964.9
13357,6420051,5964.53
13357,6442348,5964.53
13357,6465146,5964.53
13357,6487889,5964.53
13357,6511453,5964.53
13357,6535012,5964.71
13357,6558434,5964.71
13357,6581618,5964.71
13357,6605013,5964.71
13357,6628174,5964.71
13357,6651613,5964.61
13357,6674838,5964.61
13357,6689330,5964.61
13357,6689627,5964.61
13357,6690016,5964.5
13357,6690322,5964.5
13357,6690563,5964.5
13357,6690877,5964.5
13357,6691243,5964.5
13357,6691552,5965.54
13357,6691796,5965.54
13357,6692100,5965.54
13357,6692447,5965.54
13357,6698275,5965.54
13357,6718986,5965.54
13357,6740847,5965.54
13358,63058,5964.57
13358,86014,5964.57
13358,109162,5964.57
13358,132443,5964.57
13358,155419,5964.56
13358,178408,5964.56
13358,201581,5964.56
13358,224495,5964.56
13358,247592,5964.56
13358,270642,5964.49
13358,294423,5964.49
13358,317446,5964.49
13358,340507,5964.49
13358,363516,5964.49
13358,386608,5964.53
13358,409864,5964.53
13358,433017,5964.53
13358,456039,5964.53
13358,478953,5964.54
13358,501865,5964.54
13358,524650,5964.54
13358,547366,5964.54
13358,570188,5964.54
13358,593009,5964.53
13358,616041,5964.53
13358,639000,5964.53
13358,661990,5964.53
13358,6786707,5964.46
13358,6809447,5965.54
13358,6832456,5965.54
13358,6855406,5965.54
13358,6878215,5965.54
13358,6900953,5965.54
13358,6923806,5964.75
13358,6946553,5964.75
13358,6969205,5964.75
13358,6991848,5964.75
13358,7014529,5964.55
13358,7037044,5964.55
13358,7059720,5964.55
13358,7082502,5964.55
13358,7104936,5964.55
13358,7127949,5964.6
13358,7150596,5964.6
13358,7173236,5964.6
13358,7175344,5964.6
13358,7175646,5964.6
13358,7175902,5964.59
13358,7184867,5964.59
13358,7207201,5964.59
13358,7229721,5964.59
13358,7252293,5964.59
13358,7275198,5965.54
13358,7298135,5965.54
13358,7321021,5965.54
13358,7344158,5965.54
13358,7367451,5964.49
13358,7390593,5964.49
13358,7413408,5964.49
13358,7436329,5964.49
13358,685176,5964.53
13358,707957,5964.65
13358,730720,5964.65
13358,753399,5964.65
13358,776158,5964.65
13358,798972,5964.65
13358,821627,5964.43
13358,844391,5964.43
13358,867086,5964.43
13358,890041,5964.43
13358,912543,5964.64
13358,935536,5964.64
13358,958333,5964.64
13358,981349,5964.64
13358,1004335,5964.64
13358,1027047,5964.6
13358,1049471,5964.6
13358,1072760,5964.6
13358,1095909,5964.6
13358,1118692,5964.6
13358,1142000,5964.56
13358,1165026,5964.56
13358,1187941,5964.56
13358,1211220,5964.56
13358,1234149,5964.56
13358,1257202,5964.5
13358,1280112,5964.5
13358,1302907,5964.5
13358,1325913,5964.5
13358,1348701,5964.56
13358,7459337,5964.49
13358,7482535,5964.59
13358,7505565,5964.59
13358,7529079,5964.59
13358,7552251,5964.59
13358,7575188,5964.59
13358,7597783,5964.48
13358,7620373,5964.48
13358,7643226,5964.48
13358,7665841,5964.48
13358,7688599,5964.48
13358,7711472,5964.58
13358,7734361,5964.58
13358,7757333,5964.58
13358,7780002,5964.58
13358,7802863,5964.53
13358,7826008,5964.53
13358,7849276,5964.53
13358,7872931,5964.53
13358,7896211,5964.53
13358,7919875,5964.59
13358,7943051,5964.59
13358,7966292,5964.59
13358,7990162,5964.59
13358,8013614,5964.59
13358,8037261,5964.53
13358,8051131,5964.53
13358,8051421,5964.53
13358,8051857,5964.53
13358,8053610,5964.53
13358,8073024,5964.62
13358,8095965,5964.62
13358,8118753,5964.62
13358,8141675,5964.62
13358,8164970,5964.32
13358,8187958,5964.32
13358,8211159,5964.32
13358,8234123,5964.32
13358,8257183,5964.32
13358,8280480,5964.58
13358,8303445,5964.58
13358,8326668,5964.58
13358,8349792,5964.58
13358,8354247,5964.58
13358,8354553,5964.59
13358,8354871,5964.59
13358,8356310,5964.59
13358,8374211,5964.59
13358,8396296,5964.59
13358,8418630,5965.54
13358,8441154,5965.54
13358,8464083,5965.54
13358,8487125,5965.54
13358,8509851,5964.55
13358,8532693,5964.55
13358,8555477,5964.55
13358,8578257,5964.55
13358,8601029,5964.55
13358,8623948,5964.46
13358,8646862,5964.46
13358,8669734,5964.46
13358,8692163,5964.46
13358,8714949,5964.46
13358,8737739,5964.54
13358,8760397,5964.54
13358,8782926,5964.54
13358,8805582,5964.54
13358,8828694,5964.54
13358,8852119,5964.57
13358,8875188,5964.57
13358,8898158,5964.57
13358,8921391,5964.57
13358,8944469,5964.53
13358,8967518,5964.53
13358,8990764,5964.53
13358,9013961,5964.53
13358,9037402,5964.53
13358,9060700,5964.58
13358,9083999,5964.58
13358,9107150,5964.58
13358,9130030,5964.58
13358,9153348,5964.58
13358,9176639,5964.58
13358,9199199,5964.58
13358,9221744,5964.58
13358,9244400,5964.58
13358,9267145,5964.58
13358,9289688,5964.59
13358,9311846,5964.59
13358,9334181,5964.59
13358,9357267,5964.59
13358,9380560,5964.61
13358,9403711,5964.61
13358,9426657,5964.61
13358,9449814,5964.61
13358,9472742,5964.61
13358,9495877,5964.56
13358,9519404,5964.56
13358,9542740,5964.56
13358,9565891,5964.56
13358,9588669,5964.56
13358,9611484,5964.56
13358,9634624,5964.56
13358,9657692,5964.56
13358,9680973,5964.56
13358,9704152,5964.56
13358,9727219,5964.6
13358,9750236,5964.6
13358,9772746,5964.6
13358,9795794,5964.6
13358,9818443,5964.61
13358,9841493,5964.61
13358,9864538,5964.61
13358,9887439,5964.61
13358,9910592,5964.61
13358,9933538,5964.61
13358,9956834,5964.61
13358,9979646,5964.61
13358,10002509,5964.61
13358,10025666,5964.61
13358,10048709,5964.61
13358,10071236,5964.61
13358,10094151,5964.61
13358,10117100,5964.61
13358,10140357,5964.61
13358,10163538,5964.57
13358,10186583,5964.57
13358,10209617,5964.57
13358,10232717,5964.57
13358,10255407,5964.59
13358,10277961,5964.59
13358,10301005,5964.59
13358,10322399,5964.59
13358,10322798,5964.59
13358,10323102,5964.58
13358,10331409,5964.58
13358,10354139,5964.58
13358,10376790,5964.58
13358,10399685,5964.58
13358,10422813,5964.89
13358,10445483,5964.89
13358,10468001,5964.89
13358,10490642,5964.89
13358,10497253,5964.89
13358,10497505,5964.57
13358,10498170,5964.57
13358,10511377,5964.57
13358,10534162,5964.57
13358,10537550,5965.54
13358,10537853,5965.54
13358,10538232,5965.54
13358,10538538,5965.54
13358,10539796,5965.54
13358,10556426,5965.54
13358,10577928,5965.54
13358,10600083,5965.54
13358,10622619,5965.54
13358,10644994,5965.54
13358,10668179,5964.41
13358,10690691,5964.41
13358,10713092,5964.41
13358,10735893,5964.41
13358,10758803,5964.41
13358,10781604,5964.58
13358,10804380,5964.58
13358,10826896,5964.58
13358,10849900,5964.58
13358,10872616,5964.5
13358,10895499,5964.5
13358,10918447,5964.5
13358,10941141,5964.5
13358,10963979,5964.5
13358,10986761,5964.67
13358,11009592,5964.67
13358,11020061,5964.67
13358,11020412,5964.67
13358,11020652,5964.67
13358,1371281,5964.56
13358,1394252,5964.56
13358,1417140,5964.56
13358,1439783,5964.56
13358,1462652,5964.65
13358,1485363,5964.65
13358,1508476,5964.65
13358,1531387,5964.65
13358,1554146,5964.65
13358,1577589,5964.57
13358,1600692,5964.57
13358,1623900,5964.57
13358,1647213,5964.57
13358,1670418,5964.57
13358,1693621,5964.6
13358,1716598,5964.6
13358,1739734,5964.6
13358,1762966,5964.6
13358,1786078,5964.54
13358,1809523,5964.54
13358,1832670,5964.54
13358,1855987,5964.54
13358,1879150,5964.54
13358,1902234,5964.62
13358,1925287,5964.62
13358,1948816,5964.62
13358,1972436,5964.62
13358,1995881,5964.62
13358,2018854,5964.56
13358,2042359,5964.56
13358,2065271,5964.56
13358,2088113,5964.56
13358,2111101,5964.56
13358,2134231,5964.63
13358,2157294,5964.63
13358,2179683,5964.63
13358,2202729,5964.63
13358,2225735,5964.56
13358,2248663,5964.56
13358,2271739,5964.56
13358,2294774,5964.56
13358,2317873,5964.56
13358,2340821,5964.63
13358,2363885,5964.63
13358,2386912,5964.63
13358,2409696,5964.63
13358,2432248,5964.63
13358,2455161,5964.52
13358,2477956,5964.52
13358,2500803,5964.52
13358,2523744,5964.52
13358,2546833,5964.52
13358,2569798,5964.56
13358,2592265,5964.56
13358,2615411,5964.56
13358,2638202,5964.56
13358,2660846,5964.5
13358,2684033,5964.5
13358,2706801,5964.5
13358,2729664,5964.5
13358,2752671,5964.5
13358,2775779,5964.64
13358,2798560,5964.64
13358,2821394,5964.64
13358,2844330,5964.64
13358,2867572,5964.64
13358,2890482,5964.51
13358,2913427,5964.51
13358,2936197,5964.51
13358,2959687,5964.51
13358,2982772,5964.51
13358,3005807,5964.61
13358,3028727,5964.61
13358,3051619,5964.61
13358,3074843,5964.61
13358,3098213,5964.62
13358,3121385,5964.62
13358,3144699,5964.62
13358,3167741,5964.62
13358,3190513,5964.62
13358,3213296,5964.51
13358,3235814,5964.51
13358,3258647,5964.51
13358,3281534,5964.51
13358,3304401,5964.51
13358,3327206,5964.56
13358,3350106,5964.56
13358,3373041,5964.56
13358,3395486,5964.56
13358,3418463,5964.56
13358,3441905,5964.63
13358,3465211,5964.63
13358,3488484,5964.63
13358,3511804,5964.63
13358,3535203,5964.51
13358,3558312,5964.51
13358,3581558,5964.51
13358,3604327,5964.51
13358,3627770,5964.51
13358,3650924,5964.47
13358,3674204,5964.47
13358,3697506,5964.47
13358,3720829,5964.47
13358,3743463,5964.47
13358,3766629,5964.6
13358,3789306,5964.6
13358,3812297,5964.6
13358,3835504,5964.6
13358,3858414,5964.6
13358,3881035,5964.54
13358,3903589,5964.54
13358,3926298,5964.54
13358,3949475,5964.54
13358,3972613,5964.56
13358,3995752,5964.56
13358,4018540,5964.56
13358,4041463,5964.56
13358,4064119,5964.56
13358,4087013,5964.63
13358,4109877,5964.63
13358,4132963,5964.63
13358,4156115,5964.63
13358,4178722,5964.63
13358,4201719,5964.56
13358,4224379,5964.56
13358,4247143,5964.56
13358,4270055,5964.56
13358,4293359,5964.56
13358,4316640,5964.67
13358,4339572,5964.67
13358,4362736,5964.67
13358,4385785,5964.67
13358,4409248,5964.72
13358,4432497,5964.72
13358,4455676,5964.72
13358,4478696,5964.72
13358,4501749,5964.72
13358,4525185,5964.62
13358,4548068,5964.62
13358,4571003,5964.62
13358,4594148,5964.62
13358,4617337,5964.62
13358,4640233,5964.55
13358,4663136,5964.55
13358,4686195,5964.55
13358,4709082,5964.55
13358,4731869,5964.55
13358,4754919,5964.54
13358,4777997,5964.54
13358,4800739,5964.54
13358,4824020,5964.54
13358,4847092,5964.49
13358,4870112,5964.49
13358,4893101,5964.49
13358,4916061,5964.49
13358,4939259,5964.49
13358,4961907,5964.56
13358,4984946,5964.56
13358,5008119,5964.56
13358,5031140,5964.56
13358,5054175,5964.56
13358,5076966,5964.66
13358,5100057,5964.66
13358,5123049,5964.66
13358,5146022,5964.66
13358,5169086,5964.66
13358,5192002,5964.56
13358,5215201,5964.56
13358,5228264,5964.56
13358,5228537,5964.56
13358,5228861,5964.54
13358,5229350,5964.54
13358,5240490,5964.54
13358,5263152,5964.54
13358,5286317,5964.54
13358,5308986,5965.54
13358,5332284,5965.54
13358,5355055,5965.54
13358,5377731,5965.54
13358,5400776,5965.54
13358,5423552,5964.74
13358,5446146,5964.74
13358,5468988,5964.74
13358,5491658,5964.74
13358,5514316,5964.74
13358,5537311,5964.65
13358,5540020,5964.65
13358,5540326,5964.65
13358,5540683,5964.65
13358,5541623,5964.61
13358,5557102,5964.61
13358,5579507,5964.61
13358,5601788,5964.61
13358,5624673,5964.61
13358,5647353,5964.52
13358,5669607,5964.52
13358,5692132,5964.52
13358,5714816,5964.52
13358,5737319,5964.52
13358,5760228,5964.53
13358,5783163,5964.53
13358,5805694,5964.53
13358,5828472,5964.53
13358,5851572,5964.53
13358,5873998,5964.61
13358,5896696,5964.61
13358,5919486,5964.61
13358,5942010,5964.61
13358,5964648,5964.47
13358,5987048,5964.47
13358,6009598,5964.47
13358,6032521,5964.47
13358,6055371,5964.47
13358,6078478,5964.63
13358,6101613,5964.63
13358,6124816,5964.63
13358,6147640,5964.63
13358,6170640,5964.63
13358,6193796,5964.56
13358,6216823,5964.56
13358,6239731,5964.56
13358,6262777,5964.56
13358,6285763,5964.56
13358,6308467,5964.48
13358,6331392,5964.48
13358,6354507,5964.48
13358,6368569,5964.48
13358,6368869,5964.45
13358,6369186,5964.45
13358,6369436,5964.45
13358,6369733,5964.45
13358,6370050,5964.45
13358,6370681,5965.54
13358,6383355,5965.54
13358,6405247,5965.54
13358,6427609,5965.54
13358,6450288,5965.54
13358,6473078,5964.82
13358,6496117,5964.82
13358,6519149,5964.82
13358,6541931,5964.82
13358,6564831,5964.82
13358,6587876,5964.61
13358,6610837,5964.61
13358,6633714,5964.61
13358,6656512,5964.61
13358,6679399,5964.52
13358,6702148,5964.52
13358,6725219,5964.52
13358,6732198,5964.52
13358,6732500,5964.52
13358,6732807,5964.46
13358,6733164,5964.46
13358,6742266,5964.46
13358,6764038,5964.46
13359,64531,5964.53
13359,87058,5964.6
13359,109866,5964.6
13359,132091,5964.6
13359,154728,5964.6
13359,177636,5964.6
13359,200346,5964.57
13359,223401,5964.57
13359,246251,5964.57
13359,269155,5964.57
13359,292251,5964.57
13359,314858,5964.66
13359,337559,5964.66
13359,360823,5964.66
13359,383339,5964.66
13359,406307,5964.58
13359,429211,5964.58
13359,452066,5964.58
13359,474872,5964.58
13359,497812,5964.58
13359,520800,5964.72
13359,543487,5964.72
13359,566505,5964.72
13359,589569,5964.72
13359,612535,5964.72
13359,635123,5964.62
13359,657760,5964.62
13359,6807472,5964.78
13359,6830056,5964.78
13359,6852936,5964.58
13359,6875589,5964.58
13359,6897985,5964.58
13359,6921002,5964.58
13359,6943203,5964.44
13359,6965938,5964.44
13359,6988606,5964.44
13359,7011139,5964.44
13359,7033919,5964.44
13359,7056777,5964.59
13359,7079849,5964.59
13359,7102537,5964.59
13359,7125301,5964.59
13359,7148340,5964.59
13359,7171129,5964.55
13359,7193907,5964.55
13359,7217386,5964.55
13359,7240635,5964.55
13359,7263794,5964.55
13359,7287346,5964.61
13359,7310654,5964.61
13359,7333653,5964.61
13359,7357182,5964.61
13359,7379916,5964.59
13359,7402867,5964.59
13359,7426373,5964.59
13359,7449728,5964.59
13359,7472967,5964.59
13359,680670,5964.62
13359,703724,5964.62
13359,726371,5964.59
13359,749428,5964.59
13359,772714,5964.59
13359,795508,5964.59
13359,818445,5964.59
13359,841199,5964.58
13359,864102,5964.58
13359,887086,5964.58
13359,908262,5964.58
13359,908487,5964.58
13359,908869,5964.58
13359,909171,5964.58
13359,909483,5964.58
13359,911100,5964.58
13359,928073,5964.58
13359,950207,5965.54
13359,972352,5965.54
13359,994842,5965.54
13359,1017445,5965.54
13359,1039817,5965.54
13359,1062478,5964.39
13359,1085007,5964.39
13359,1107637,5964.39
13359,1130320,5964.39
13359,1152789,5964.64
13359,1175608,5964.64
13359,1198093,5964.64
13359,1220841,5964.64
13359,1243790,5964.64
13359,1266630,5964.51
13359,1289294,5964.51
13359,1312207,5964.51
13359,1335338,5964.51
13359,7496129,5964.55
13359,7503863,5964.55
13359,7504163,5964.55
13359,7504527,5964.55
13359,7506367,5964.55
13359,7512871,5964.6
13359,7526239,5964.6
13359,7544120,5964.6
13359,7564127,5964.6
13359,7584951,5964.6
13359,7606773,5964.55
13359,7628837,5964.55
13359,7651134,5964.55
13359,7673784,5964.55
13359,7696546,5964.53
13359,7719555,5964.53
13359,7742505,5964.53
13359,7765384,5964.53
13359,7788761,5964.53
13359,7812003,5964.65
13359,7835050,5964.65
13359,7858383,5964.65
13359,7881651,5964.65
13359,7904832,5964.65
13359,7928361,5964.53
13359,7951665,5964.53
13359,7974715,5964.53
13359,7997874,5964.53
13359,8020802,5964.53
13359,8043970,5964.59
13359,8067371,5964.59
13359,8082687,5964.59
13359,8082966,5964.59
13359,8083277,5964.49
13359,8083644,5964.49
13359,8083893,5964.49
13359,8084205,5964.49
13359,8084509,5964.49
13359,8084813,5965.54
13359,8085174,5965.54
13359,8085479,5965.54
13359,8085789,5965.54
13359,8086092,5965.54
13359,8086408,5965.54
13359,8086647,5965.54
13359,8088540,5965.54
13359,8106437,5965.54
13359,8127559,5965.54
13359,8127916,5965.54
13359,8128258,5965.54
13359,8128594,5965.54
13359,8128892,5965.54
13359,8136077,5965.54
13359,8156892,5965.54
13359,8178327,5965.54
13359,8200584,5965.54
13359,8223113,5965.54
13359,8245121,5964.47
13359,8267385,5964.47
13359,8289556,5964.47
13359,8311959,5964.47
13359,8334280,5964.47
13359,8356219,5964.6
13359,8378427,5964.6
13359,8400741,5964.6
13359,8422780,5964.6
13359,8445052,5964.6
13359,8467453,5964.63
13359,8489849,5964.63
13359,8512378,5964.63
13359,8535343,5964.63
13359,8541173,5964.63
13359,8541427,5964.59
13359,8541737,5964.59
13359,8542094,5964.59
13359,8542346,5964.59
13359,8542816,5965.54
13359,8552082,5965.54
13359,8553046,5965.54
13359,8553286,5965.54
13359,8553604,5965.54
13359,8557213,5964.91
13359,8577852,5964.91
13359,8599194,5964.91
13359,8620832,5964.91
13359,8642758,5964.91
13359,8665102,5964.28
13359,8687517,5964.28
13359,8709900,5964.28
13359,8732434,5964.28
13359,8754700,5964.28
13359,8777479,5964.62
13359,8800002,5964.62
13359,8822941,5964.62
13359,8845713,5964.62
13359,8868114,5964.58
13359,8890757,5964.58
13359,8914030,5964.58
13359,8936990,5964.58
13359,8959753,5964.58
13359,8982342,5964.58
13359,9004892,5964.58
13359,9027991,5964.58
13359,9050802,5964.58
13359,9073159,5964.58
13359,9095710,5964.55
13359,9117855,5964.55
13359,9140110,5964.55
13359,9162505,5964.55
13359,9185313,5964.55
13359,9207694,5964.53
13359,9230247,5964.53
13359,9253276,5964.53
13359,9276169,5964.53
13359,9299576,5964.55
13359,9322504,5964.55
13359,9345527,5964.55
13359,9368726,5964.55
13359,9391910,5964.55
13359,9414918,5964.49
13359,9438169,5964.49
13359,9461256,5964.49
13359,9484381,5964.49
13359,9507496,5964.49
13359,9530486,5964.56
13359,9553586,5964.56
13359,9576584,5964.56
13359,9599516,5964.56
13359,9622517,5964.56
13359,9645189,5964.56
13359,9667868,5964.56
13359,9690140,5964.56
13359,9712921,5964.56
13359,9735186,5964.48
13359,9757444,5964.48
13359,9779842,5964.48
13359,9802252,5964.48
13359,9824542,5964.48
13359,9847047,5964.54
13359,9869702,5964.54
13359,9892364,5964.54
13359,9914880,5964.54
13359,9937868,5964.54
13359,9960291,5964.63
13359,9982990,5964.63
13359,10005371,5964.63
13359,10028323,5964.63
13359,10051162,5964.63
13359,10074380,5964.65
13359,10084258,5964.65
13359,10084629,5964.65
13359,10084931,5964.65
13359,10087843,5964.64
13359,10109850,5964.64
13359,10131739,5964.64
13359,10153490,5964.64
13359,10175617,5964.64
13359,10197792,5964.9
13359,10219533,5964.9
13359,10241671,5964.9
13359,10264206,5964.9
13359,10286365,5964.9
13359,10308730,5964.59
13359,10331292,5964.59
13359,10353736,5964.59
13359,10376283,5964.59
13359,10398480,5964.59
13359,10421128,5964.53
13359,10443740,5964.53
13359,10466590,5964.53
13359,10489632,5964.53
13359,10512474,5964.53
13359,10535649,5964.55
13359,10558489,5964.55
13359,10581403,5964.55
13359,10604221,5964.55
13359,10627489,5964.55
13359,10650655,5964.55
13359,10673292,5964.55
13359,10696194,5964.55
13359,10718616,5964.55
13359,10741370,5964.6
13359,10763666,5964.6
13359,10785874,5964.6
13359,10793666,5964.6
13359,1358017,5964.51
13359,1381318,5964.58
13359,1404309,5964.58
13359,1427822,5964.58
13359,1451473,5964.58
13359,1474734,5964.63
13359,1498275,5964.63
13359,1521477,5964.63
13359,1544252,5964.63
13359,1567033,5964.63
13359,1589582,5964.59
13359,1612089,5964.59
13359,1634392,5964.59
13359,1657277,5964.59
13359,1680022,5964.59
13359,1702855,5964.57
13359,1725621,5964.57
13359,1748166,5964.57
13359,1770689,5964.57
13359,1793307,5964.57
13359,1816170,5964.52
13359,1838946,5964.52
13359,1861572,5964.52
13359,1884368,5964.52
13359,1899443,5964.52
13359,1899820,5964.54
13359,1900134,5964.54
13359,1900421,5964.54
13359,1900742,5964.54
13359,1901048,5965.54
13359,1901350,5965.54
13359,1901654,5965.54
13359,1902451,5965.54
13359,1916395,5965.54
13359,1938676,5965.54
13359,1949962,5965.54
13359,1950178,5965.54
13359,1950506,5965.54
13359,1950815,5965.54
13359,1951124,5964.58
13359,1951425,5964.58
13359,1951956,5964.58
13359,1962076,5964.58
13359,1983535,5964.58
13359,1985299,5965.54
13359,1985729,5965.54
13359,1987289,5965.54
13359,2004968,5965.54
13359,2026743,5965.54
13359,2048753,5965.54
13359,2071024,5965.54
13359,2093427,5965.54
13359,2116197,5965.54
13359,2138861,5964.52
13359,2161203,5964.52
13359,2183672,5964.52
13359,2206332,5964.52
13359,2228703,5964.52
13359,2251495,5964.59
13359,2274417,5964.59
13359,2296957,5964.59
13359,2319732,5964.59
13359,2342772,5964.59
13359,2365211,5964.7
13359,2388342,5964.7
13359,2410741,5964.7
13359,2433478,5964.7
13359,2456306,5964.55
13359,2478889,5964.55
13359,2501553,5964.55
13359,2524149,5964.55
13359,2547161,5964.55
13359,2569751,5964.71
13359,2592559,5964.71
13359,2615268,5964.71
13359,2638044,5964.71
13359,2660977,5964.71
13359,2683803,5964.55
13359,2706795,5964.55
13359,2729422,5964.55
13359,2752238,5964.55
13359,2769763,5964.55
13359,2770037,5964.52
13359,2770347,5964.52
13359,2770633,5964.52
13359,2771039,5964.52
13359,2782380,5964.52
13359,2804505,5965.54
13359,2827193,5965.54
13359,2850452,5965.54
13359,2873218,5965.54
13359,2895458,5964.15
13359,2917887,5964.15
13359,2940252,5964.15
13359,2962425,5964.15
13359,2984865,5964.15
13359,3007264,5964.62
13359,3029797,5964.62
13359,3052187,5964.62
13359,3074498,5964.62
13359,3096723,5964.62
13359,3119330,5964.56
13359,3141796,5964.56
13359,3164353,5964.56
13359,3187471,5964.56
13359,3210644,5964.56
13359,3233811,5964.56
13359,3256902,5964.56
13359,3280404,5964.56
13359,3303837,5964.56
13359,3327124,5964.6
13359,3350420,5964.6
13359,3373582,5964.6
13359,3396776,5964.6
13359,3420170,5964.6
13359,3443280,5964.52
13359,3466526,5964.52
13359,3489310,5964.52
13359,3493432,5964.52
13359,3493816,5964.52
13359,3494804,5964.56
13359,3510785,5964.56
13359,3532568,5964.56
13359,3554714,5964.56
13359,3577389,5964.56
13359,3600313,5964.94
13359,3622961,5964.94
13359,3645988,5964.94
13359,3668516,5964.94
13359,3690880,5964.56
13359,3713523,5964.56
13359,3736357,5964.56
13359,3758908,5964.56
13359,3781657,5964.56
13359,3804314,5964.51
13359,3826836,5964.51
13359,3849131,5964.51
13359,3871518,5964.51
13359,3894167,5964.51
13359,3916822,5964.63
13359,3921259,5964.63
13359,3921548,5964.63
13359,3921811,5964.63
13359,3923317,5964.63
13359,3940518,5964.57
13359,3963237,5964.57
13359,3986226,5964.57
13359,4009072,5964.57
13359,4031729,5964.24
13359,4054233,5964.24
13359,4077035,5964.24
13359,4099952,5964.24
13359,4122989,5964.24
13359,4145932,5964.5
13359,4169034,5964.5
13359,4192180,5964.5
13359,4213377,5964.5
13359,4213637,5964.5
13359,4213941,5964.57
13359,4214306,5964.57
13359,4216612,5964.57
13359,4222395,5964.57
13359,4234960,5964.57
13359,4252079,5965.54
13359,4272122,5965.54
13359,4293231,5965.54
13359,4314931,5965.54
13359,4337210,5964.55
13359,4359994,5964.55
13359,4382955,5964.55
13359,4405693,5964.55
13359,4428392,5964.55
13359,4451119,5964.62
13359,4473726,5964.62
13359,4496816,5964.62
13359,4519572,5964.62
13359,4542385,5964.62
13359,4565338,5964.5
13359,4588085,5964.5
13359,4610918,5964.5
13359,4633794,5964.5
13359,4656441,5964.5
13359,4679736,5964.6
13359,4702103,5964.6
13359,4724660,5964.6
13359,4747450,5964.6
13359,4770479,5964.58
13359,4793405,5964.58
13359,4816320,5964.58
13359,4839228,5964.58
13359,4862029,5964.58
13359,4884490,5964.61
13359,4907460,5964.61
13359,4930518,5964.61
13359,4953400,5964.61
13359,4975923,5964.61
13359,4998703,5964.6
13359,5021581,5964.6
13359,5044548,5964.6
13359,5067959,5964.6
13359,5090838,5964.6
13359,5114056,5964.67
13359,5137295,5964.67
13359,5160239,5964.67
13359,5183023,5964.67
13359,5206202,5964.65
13359,5229396,5964.65
13359,5252937,5964.65
13359,5275951,5964.65
13359,5299087,5964.65
13359,5321899,5964.6
13359,5344454,5964.6
13359,5366979,5964.6
13359,5389385,5964.6
13359,5412025,5964.6
13359,5434671,5964.65
13359,5457217,5964.65
13359,5479862,5964.65
13359,5502384,5964.65
13359,5525042,5964.65
13359,5547709,5964.59
13359,5570630,5964.59
13359,5593776,5964.59
13359,5616962,5964.59
13359,5640260,5964.64
13359,5663419,5964.64
13359,5687072,5964.64
13359,5710132,5964.64
13359,5733475,5964.64
13359,5756850,5964.65
13359,5780129,5964.65
13359,5803306,5964.65
13359,5826484,5964.65
13359,5849272,5964.65
13359,5872455,5964.64
13359,5894987,5964.64
13359,5917616,5964.64
13359,5940115,5964.64
13359,5962421,5964.64
13359,5984320,5964.62
13359,6006836,5964.62
13359,6028848,5964.62
13359,6051163,5964.62
13359,6073859,5964.6
13359,6096561,5964.6
13359,6119626,5964.6
13359,6142899,5964.6
13359,6166071,5964.6
13359,6189518,5964.58
13359,6212919,5964.58
13359,6236101,5964.58
13359,6259799,5964.58
13359,6282876,5964.58
13359,6305879,5964.51
13359,6328907,5964.51
13359,6351940,5964.51
13359,6374778,5964.51
13359,6398017,5964.51
13359,6420989,5964.57
13359,6444116,5964.57
13359,6467148,5964.57
13359,6489884,5964.57
13359,6512575,5964.61
13359,6535085,5964.61
13359,6557628,5964.61
13359,6580286,5964.61
13359,6603032,5964.61
13359,6625613,5964.59
13359,6648475,5964.59
13359,6671155,5964.59
13359,6693939,5964.59
13359,6716556,5964.59
13359,6739396,5964.78
13359,6762060,5964.78
13359,6784864,5964.78
13360,50867,5965.54
13360,73185,5965.54
13360,95762,5965.54
13360,118511,5965.54
13360,140883,5964.55
13360,163684,5964.55
13360,186090,5964.55
13360,208867,5964.55
13360,231783,5964.55
13360,254065,5964.64
13360,276840,5964.64
13360,299505,5964.64
13360,322016,5964.64
13360,344658,5964.64
13360,367186,5964.5
13360,389758,5964.5
13360,412782,5964.5
13360,435575,5964.5
13360,458235,5964.64
13360,481384,5964.64
13360,504269,5964.64
13360,527204,5964.64
13360,549886,5964.64
13360,572668,5964.62
13360,594676,5964.62
13360,617064,5964.62
13360,639091,5964.62
13360,661399,5964.62
13360,6825247,5964.57
13360,6848048,5964.57
13360,6870706,5964.57
13360,6893343,5964.57
13360,6916166,5964.61
13360,6938675,5964.61
13360,6961044,5964.61
13360,6983577,5964.61
13360,7006177,5964.61
13360,7028885,5964.59
13360,7051564,5964.59
13360,7074067,5964.59
13360,7096891,5964.59
13360,7109805,5964.7
13360,7110110,5964.7
13360,7110348,5964.7
13360,7110659,5964.7
13360,7111025,5964.7
13360,7120855,5965.54
13360,7142260,5965.54
13360,7164293,5965.54
13360,7186434,5965.54
13360,7208795,5965.54
13360,7230970,5964.23
13360,7253069,5964.23
13360,7275698,5964.23
13360,7297894,5964.23
13360,7320304,5964.23
13360,7342568,5964.64
13360,7364904,5964.64
13360,7387395,5964.64
13360,7409777,5964.64
13360,7432171,5964.6
13360,7454586,5964.6
13360,7477256,5964.6
13360,683475,5964.58
13360,705695,5964.58
13360,728074,5964.58
13360,750655,5964.58
13360,773134,5964.58
13360,795498,5964.54
13360,816875,5964.54
13360,817162,5964.54
13360,817384,5964.54
13360,821649,5964.64
13360,843573,5964.64
13360,866045,5964.64
13360,888901,5964.64
13360,911736,5964.64
13360,934265,5964.6
13360,956851,5964.6
13360,979333,5964.6
13360,1001803,5964.6
13360,1024501,5964.6
13360,1047035,5964.56
13360,1069313,5964.56
13360,1091720,5964.56
13360,1113872,5964.56
13360,1135888,5964.56
13360,1158056,5964.57
13360,1180406,5964.57
13360,1203317,5964.57
13360,1225871,5964.57
13360,1248707,5964.58
13360,1271301,5964.58
13360,1294101,5964.58
13360,1316866,5964.58
13360,1339577,5964.58
13360,7500016,5964.6
13360,7522541,5964.6
13360,7545337,5964.61
13360,7567745,5964.61
13360,7590849,5964.61
13360,7613687,5964.61
13360,7636632,5964.61
13360,7659386,5964.67
13360,7681876,5964.67
13360,7704454,5964.67
13360,7726964,5964.67
13360,7731582,5964.67
13360,7731949,5964.61
13360,7732195,5964.61
13360,7732559,5964.61
13360,7735690,5964.61
13360,7758483,5965.54
13360,7784079,5965.54
13360,7808372,5965.54
13360,7831591,5965.54
13360,7854356,5965.54
13360,7876941,5964.37
13360,7900033,5964.37
13360,7922593,5964.37
13360,7944471,5964.37
13360,7966509,5964.37
13360,7988690,5964.6
13360,8010885,5964.6
13360,8032815,5964.6
13360,8054951,5964.6
13360,8077196,5964.6
13360,8099370,5964.63
13360,8121449,5964.63
13360,8143659,5964.63
13360,8165617,5964.63
13360,8187802,5964.52
13360,8210026,5964.52
13360,8232761,5964.52
13360,8255727,5964.52
13360,8278415,5964.52
13360,8301088,5964.61
13360,8324116,5964.61
13360,8346871,5964.61
13360,8369447,5964.61
13360,8392222,5964.61
13360,8415014,5964.67
13360,8437797,5964.67
13360,8460152,5964.67
13360,8483032,5964.67
13360,8505381,5964.55
13360,8528292,5964.55
13360,8550806,5964.55
13360,8573198,5964.55
13360,8595728,5964.55
13360,8618019,5964.68
13360,8640681,5964.68
13360,8663186,5964.68
13360,8686185,5964.68
13360,8708710,5964.68
13360,8731049,5964.59
13360,8753418,5964.59
13360,8775949,5964.59
13360,8798486,5964.59
13360,8820947,5964.59
13360,8843352,5964.59
13360,8865370,5964.59
13360,8887706,5964.59
13360,8910484,5964.59
13360,8932801,5964.63
13360,8955301,5964.63
13360,8977659,5964.63
13360,9000089,5964.63
13360,9022482,5964.63
13360,9044714,5964.63
13360,9066959,5964.63
13360,9089310,5964.63
13360,9111572,5964.63
13360,9133989,5964.63
13360,9156259,5964.61
13360,9178267,5964.61
13360,9200404,5964.61
13360,9222445,5964.61
13360,9244480,5964.64
13360,9266931,5964.64
13360,9289384,5964.64
13360,9311774,5964.64
13360,9334266,5964.64
13360,9356392,5964.53
13360,9378461,5964.53
13360,9395512,5964.53
13360,9395848,5964.53
13360,9396166,5964.53
13360,9396461,5964.56
13360,9396760,5964.56
13360,9397008,5964.56
13360,9397329,5964.56
13360,9397692,5964.56
13360,9397998,5965.54
13360,9398320,5965.54
13360,9398553,5965.54
13360,9398862,5965.54
13360,9399231,5965.54
13360,9399477,5965.54
13360,9399781,5965.54
13360,9400088,5965.54
13360,9400795,5965.54
13360,9413450,5965.54
13360,9434301,5965.54
13360,9455433,5965.54
13360,9476935,5965.54
13360,9498950,5965.54
13360,9521480,5964.22
13360,9544262,5964.22
13360,9566875,5964.22
13360,9589456,5964.22
13360,9612274,5964.22
13360,9634973,5964.71
13360,9657789,5964.71
13360,9680190,5964.71
13360,9702856,5964.71
13360,9725392,5964.71
13360,9747994,5964.59
13360,9770092,5964.59
13360,9792575,5964.59
13360,9814714,5964.59
13360,9836465,5964.6
13360,9858224,5964.6
13360,9879977,5964.6
13360,9901752,5964.6
13360,9923782,5964.6
13360,9946052,5964.58
13360,9968159,5964.58
13360,9990668,5964.58
13360,10013199,5964.58
13360,10035653,5964.58
13360,10058459,5964.54
13360,10081296,5964.54
13360,10103904,5964.54
13360,10126530,5964.54
13360,10148556,5964.54
13360,10169802,5964.8
13360,10170112,5964.8
13360,10170438,5964.8
13360,10170801,5964.8
13360,10171028,5964.56
13360,10171359,5964.56
13360,10172044,5964.56
13360,10181960,5964.56
13360,10206922,5964.56
13360,10230981,5965.54
13360,10254140,5965.54
13360,10276926,5965.54
13360,10299033,5965.54
13360,10321276,5965.54
13360,10343854,5964.55
13360,10366134,5964.55
13360,10388670,5964.55
13360,10411051,5964.55
13360,10433416,5964.58
13360,10455726,5964.58
13360,10477999,5964.58
13360,10499904,5964.58
13360,10522383,5964.58
13360,10544693,5964.57
13360,10566978,5964.57
13360,10589510,5964.57
13360,10612149,5964.57
13360,10634543,5964.57
13360,10643845,5964.68
13360,10644212,5964.68
13360,10644448,5964.68
13360,10644815,5964.68
13360,10645082,5964.68
13360,10646123,5965.54
13360,10659190,5965.54
13360,10684471,5965.54
13360,10708731,5965.54
13360,10731894,5965.44
13360,10754678,5965.44
13360,10777358,5965.44
13360,10799750,5965.44
13360,10822444,5965.44
13360,10845480,5964.78
13360,10868168,5964.78
13360,10890875,5964.78
13360,10913351,5964.78
13360,10935537,5964.78
13360,10957823,5964.6
13360,10980352,5964.6
13360,11002679,5964.6
13360,11025068,5964.6
13360,11047025,5964.6
13360,11069193,5964.61
13360,11091959,5964.61
13360,11114362,5964.61
13360,11136678,5964.61
13360,11159303,5964.63
13360,11181814,5964.63
13360,11204611,5964.63
13360,11227254,5964.63
13360,11249689,5964.63
13360,11272437,5964.55
13360,11294474,5964.55
13360,11307457,5964.55
13360,11307829,5964.55
13360,11308131,5964.55
13360,11308445,5964.7
13360,11309987,5964.7
13360,11325362,5964.7
13360,11350613,5964.7
13360,11374523,5964.7
13360,11398244,5965.54
13360,11420720,5965.54
13360,11442894,5965.54
13360,11465269,5965.54
13360,11487557,5964.68
13360,11509824,5964.68
13360,11531841,5964.68
13360,11553599,5964.68
13360,11575333,5964.68
13360,11597624,5964.59
13360,11619135,5964.59
13360,11641279,5964.59
13360,11663545,5964.59
13360,11685442,5964.59
13360,11707530,5964.44
13360,11729481,5964.44
13360,11751848,5964.44
13360,11774516,5964.44
13360,11797162,5964.44
13360,11819703,5964.61
13360,11842350,5964.61
13360,11865006,5964.61
13360,11887631,5964.61
13360,11910047,5964.56
13360,11932461,5964.56
13360,11955014,5964.56
13360,11977517,5964.56
13360,12000078,5964.56
13360,12022399,5964.77
13360,12030046,5964.77
13360,12030337,5964.77
13360,12030588,5964.77
13360,12030895,5964.77
13360,12031204,5964.67
13360,12031512,5964.67
13360,12031827,5964.67
13360,12032193,5964.67
13360,12032772,5964.67
13360,12045955,5965.54
13360,12067355,5965.54
13360,12088986,5965.54
13360,12089295,5965.54
13360,12089586,5965.96
13360,12089911,5965.96
13360,12090218,5965.96
13360,12090463,5965.96
13360,12090826,5965.96
13360,12093006,5965.54
13360,12112700,5965.54
13360,12133230,5965.54
13360,12154772,5965.54
13360,12176198,5965.54
13360,12197622,5964.66
13360,12219201,5964.66
13360,12241073,5964.66
13360,12263241,5964.66
13360,12285134,5964.66
13360,12307605,5964.57
13360,12329667,5964.57
13360,12351912,5964.57
13360,12373994,5964.57
13360,12395925,5964.62
13360,12418241,5964.62
13360,12440783,5964.62
13360,12463252,5964.62
13360,12486039,5964.62
13360,12509020,5964.53
13360,12531989,5964.53
13360,12554953,5964.53
13360,12577688,5964.53
13360,12600210,5964.53
13360,12622949,5964.68
13360,12645025,5964.68
13360,12667178,5964.68
13360,12689558,5964.68
13360,12711975,5964.68
13360,12734175,5964.58
13360,12756259,5964.58
13360,12778277,5964.58
13360,12800137,5964.58
13360,12822111,5964.58
13360,12844450,5964.58
13360,12867090,5964.58
13360,12890000,5964.58
13360,12912812,5964.58
13360,12935603,5964.58
13360,12958228,5964.58
13360,12981143,5964.58
13360,13002913,5964.58
13360,13002913,5964.58
13360,1362680,5964.51
13360,1385615,5964.51
13360,1386209,5964.51
13360,1386433,5964.51
13360,1386927,5964.51
13360,1401173,5964.51
13360,1423656,5964.51
13360,1445922,5964.51
13360,1468482,5964.51
13360,1491468,5964.51
13360,1514257,5964.41
13360,1536954,5964.41
13360,1559217,5964.41
13360,1581488,5964.41
13360,1604285,5964.62
13360,1626806,5964.62
13360,1649244,5964.62
13360,1671780,5964.62
13360,1694489,5964.62
13360,1716935,5964.59
13360,1739850,5964.59
13360,1762127,5964.59
13360,1784258,5964.59
13360,1806515,5964.59
13360,1829051,5964.56
13360,1851584,5964.56
13360,1874129,5964.56
13360,1897122,5964.56
13360,1919474,5964.56
13360,1941838,5964.56
13360,1964493,5964.56
13360,1986992,5964.56
13360,2009412,5964.56
13360,2032062,5964.53
13360,2054857,5964.53
13360,2077495,5964.53
13360,2100030,5964.53
13360,2122818,5964.53
13360,2126070,5964.42
13360,2126328,5964.42
13360,2126821,5964.42
13360,2137453,5964.42
13360,2159971,5964.42
13360,2182496,5965.54
13360,2204821,5965.54
13360,2227034,5965.54
13360,2249377,5965.54
13360,2271828,5965.54
13360,2294172,5964.54
13360,2316859,5964.54
13360,2339154,5964.54
13360,2361592,5964.54
13360,2384244,5964.62
13360,2406645,5964.62
13360,2429157,5964.62
13360,2451704,5964.62
13360,2473952,5964.62
13360,2496245,5964.59
13360,2518770,5964.59
13360,2540937,5964.59
13360,2563425,5964.59
13360,2585982,5964.59
13360,2608449,5964.61
13360,2631019,5964.61
13360,2653428,5964.61
13360,2675953,5964.61
13360,2698348,5964.61
13360,2720659,5964.42
13360,2742970,5964.42
13360,2765516,5964.42
13360,2788334,5964.42
13360,2810859,5964.55
13360,2833444,5964.55
13360,2855917,5964.55
13360,2878589,5964.55
13360,2901154,5964.55
13360,2924398,5964.57
13360,2947227,5964.57
13360,2970020,5964.57
13360,2992787,5964.57
13360,3015644,5964.57
13360,3038449,5964.63
13360,3061021,5964.63
13360,3083802,5964.63
13360,3106410,5964.63
13360,3129075,5964.63
13360,3151591,5964.72
13360,3174253,5964.72
13360,3196922,5964.72
13360,3219533,5964.72
13360,3242217,5964.62
13360,3265001,5964.62
13360,3287674,5964.62
13360,3310319,5964.62
13360,3333046,5964.62
13360,3355767,5964.53
13360,3378542,5964.53
13360,3400823,5964.53
13360,3423604,5964.53
13360,3446386,5964.53
13360,3468841,5964.61
13360,3491314,5964.61
13360,3513842,5964.61
13360,3535993,5964.61
13360,3558907,5964.61
13360,3581676,5964.6
13360,3604327,5964.6
13360,3627004,5964.6
13360,3649643,5964.6
13360,3672252,5964.61
13360,3694943,5964.61
13360,3717631,5964.61
13360,3740247,5964.61
13360,3762661,5964.61
13360,3785335,5964.61
13360,3807871,5964.61
13360,3830631,5964.61
13360,3853289,5964.61
13360,3875708,5964.61
13360,3898478,5964.59
13360,3920976,5964.59
13360,3943412,5964.59
13360,3965907,5964.59
13360,3988448,5964.59
13360,4010997,5964.51
13360,4033644,5964.51
13360,4055918,5964.51
13360,4078365,5964.51
13360,4100992,5964.51
13360,4123723,5964.54
13360,4146377,5964.54
13360,4169082,5964.54
13360,4191807,5964.54
13360,4214575,5964.7
13360,4237443,5964.7
13360,4259945,5964.7
13360,4282608,5964.7
13360,4305521,5964.7
13360,4328360,5964.54
13360,4351384,5964.54
13360,4374642,5964.54
13360,4397287,5964.54
13360,4420225,5964.54
13360,4443117,5964.61
13360,4465934,5964.61
13360,4488699,5964.61
13360,4511594,5964.61
13360,4534253,5964.61
13360,4557112,5964.59
13360,4579712,5964.59
13360,4602243,5964.59
13360,4625146,5964.59
13360,4647780,5964.59
13360,4670180,5964.51
13360,4692605,5964.51
13360,4714849,5964.51
13360,4737259,5964.51
13360,4759672,5964.57
13360,4782280,5964.57
13360,4804847,5964.57
13360,4827110,5964.57
13360,4849816,5964.57
13360,4872572,5964.55
13360,4895498,5964.55
13360,4918182,5964.55
13360,4941154,5964.55
13360,4964452,5964.55
13360,4987677,5964.56
13360,5010923,5964.56
13360,5034018,5964.56
13360,5057125,5964.56
13360,5079971,5964.56
13360,5102842,5964.42
13360,5125493,5964.42
13360,5148691,5964.42
13360,5171572,5964.42
13360,5194495,5964.42
13360,5217264,5964.64
13360,5239799,5964.64
13360,5261946,5964.64
13360,5284297,5964.64
13360,5306576,5964.57
13360,5328482,5964.57
13360,5350513,5964.57
13360,5372646,5964.57
13360,5395257,5964.57
13360,5417710,5964.54
13360,5440368,5964.54
13360,5463232,5964.54
13360,5486521,5964.54
13360,5509503,5964.54
13360,5532139,5964.53
13360,5554938,5964.53
13360,5564171,5964.53
13360,5564471,5964.53
13360,5564776,5964.53
13360,5567268,5964.6
13360,5588155,5964.6
13360,5610149,5964.6
13360,5632053,5964.6
13360,5654515,5964.78
13360,5676475,5964.78
13360,5698679,5964.78
13360,5721010,5964.78
13360,5743141,5964.78
13360,5765431,5964.55
13360,5787762,5964.55
13360,5810221,5964.55
13360,5832201,5964.55
13360,5848705,5964.55
13360,5848952,5964.57
13360,5849287,5964.57
13360,5849586,5964.57
13360,5849925,5964.57
13360,5850526,5964.57
13360,5863193,5965.54
13360,5884334,5965.54
13360,5906081,5965.54
13360,5928048,5965.54
13360,5950475,5964.78
13360,5972500,5964.78
13360,5995134,5964.78
13360,6017360,5964.78
13360,6039731,5964.78
13360,6062105,5964.67
13360,6084952,5964.67
13360,6107059,5964.67
13360,6128922,5964.67
13360,6151080,5964.67
13360,6173230,5964.69
13360,6195489,5964.69
13360,6217951,5964.69
13360,6240296,5964.69
13360,6263126,5964.69
13360,6285980,5964.62
13360,6308659,5964.62
13360,6331557,5964.62
13360,6354105,5964.62
13360,6376852,5964.51
13360,6399381,5964.51
13360,6421919,5964.51
13360,6444460,5964.51
13360,6466840,5964.51
13360,6489106,5964.6
13360,6511511,5964.6
13360,6533936,5964.6
13360,6556308,5964.6
13360,6578616,5964.6
13360,6601143,5964.58
13360,6623386,5964.58
13360,6645916,5964.58
13360,6667843,5964.58
13360,6690086,5964.58
13360,6712360,5964.69
13360,6734848,5964.69
13360,6757216,5964.69
13360,6779471,5964.69
13360,6802538,5964.57
13361,61030,5964.55
13361,83485,5964.56
13361,105920,5964.56
13361,128357,5964.56
13361,150902,5964.56
13361,173309,5964.56
13361,196061,5964.63
13361,218382,5964.63
13361,241276,5964.63
13361,263871,5964.63
13361,286701,5964.67
13361,309216,5964.67
13361,331890,5964.67
13361,354527,5964.67
13361,376847,5964.67
13361,399225,5964.59
13361,421754,5964.59
13361,444256,5964.59
13361,466660,5964.59
13361,489447,5964.59
13361,511850,5964.61
13361,534522,5964.61
13361,556922,5964.61
13361,579676,5964.61
13361,602258,5964.61
13361,625077,5964.69
13361,647548,5964.69
13361,670221,5964.69
13361,6877160,5964.62
13361,6899856,5964.62
13361,6922623,5964.62
13361,6945109,5964.62
13361,6967710,5964.62
13361,6990243,5964.64
13361,7012622,5964.64
13361,7034629,5964.64
13361,7056936,5964.64
13361,7079182,5964.64
13361,7101452,5964.56
13361,7123310,5964.56
13361,7145370,5964.56
13361,7167103,5964.56
13361,7189229,5964.54
13361,7211291,5964.54
13361,7232790,5964.54
13361,7254775,5964.54
13361,7276952,5964.54
13361,7293120,5964.62
13361,7293493,5964.62
13361,7293797,5964.62
13361,7294030,5964.62
13361,7295279,5964.62
13361,7312047,5965.54
13361,7334083,5965.54
13361,7356578,5965.54
13361,7378854,5965.54
13361,7401398,5965.54
13361,7423780,5964.35
13361,7446054,5964.35
13361,7468430,5964.35
13361,7490599,5964.35
13361,7513148,5964.35
13361,7535277,5964.63
13361,692725,5964.69
13361,715120,5964.68
13361,737150,5964.68
13361,759671,5964.68
13361,782052,5964.68
13361,804427,5964.68
13361,826738,5964.66
13361,849136,5964.66
13361,871525,5964.66
13361,893542,5964.66
13361,915745,5964.66
13361,938074,5964.64
13361,960102,5964.64
13361,982495,5964.64
13361,1004907,5964.64
13361,1027250,5964.64
13361,1049588,5964.55
13361,1071984,5964.55
13361,1094131,5964.55
13361,1116017,5964.55
13361,1138379,5964.59
13361,1160812,5964.59
13361,1182814,5964.59
13361,1205347,5964.59
13361,1228002,5964.59
13361,1249775,5964.61
13361,1272043,5964.61
13361,1294288,5964.61
13361,1316336,5964.61
13361,1338461,5964.61
13361,1360510,5964.5
13361,7557565,5964.63
13361,7579703,5964.63
13361,7601892,5964.63
13361,7623981,5964.6
13361,7646145,5964.6
13361,7668537,5964.6
13361,7691044,5964.6
13361,7713443,5964.6
13361,7735737,5964.67
13361,7758167,5964.67
13361,7780034,5964.67
13361,7802149,5964.67
13361,7824067,5964.67
13361,7845825,5964.67
13361,7867567,5964.67
13361,7889580,5964.67
13361,7911342,5964.67
13361,7933439,5964.67
13361,7955752,5964.55
13361,7977786,5964.55
13361,7999424,5964.55
13361,8021437,5964.55
13361,8043216,5964.55
13361,8064956,5964.55
13361,8087121,5964.55
13361,8109069,5964.55
13361,8131353,5964.55
13361,8149286,5964.63
13361,8149616,5964.63
13361,8149871,5964.63
13361,8157957,5964.63
13361,8180019,5964.63
13361,8201457,5965.54
13361,8223511,5965.54
13361,8245782,5965.54
13361,8267793,5965.54
13361,8290017,5965.54
13361,8312263,5964.68
13361,8334220,5964.68
13361,8356558,5964.68
13361,8378346,5964.68
13361,8400143,5964.53
13361,8421899,5964.53
13361,8443528,5964.53
13361,8465422,5964.53
13361,8486784,5964.53
13361,8508156,5964.58
13361,8529919,5964.58
13361,8551813,5964.58
13361,8573834,5964.58
13361,8596405,5964.58
13361,8618907,5964.61
13361,8641281,5964.61
13361,8663846,5964.61
13361,8686440,5964.61
13361,8708983,5964.61
13361,8731332,5964.63
13361,8753531,5964.63
13361,8775937,5964.63
13361,8798612,5964.63
13361,8820476,5964.64
13361,8842710,5964.64
13361,8865016,5964.64
13361,8887072,5964.64
13361,8909401,5964.64
13361,8931283,5964.67
13361,8953603,5964.67
13361,8975611,5964.67
13361,8997513,5964.67
13361,9019272,5964.67
13361,9040908,5964.6
13361,9062386,5964.6
13361,9084106,5964.6
13361,9106060,5964.6
13361,9128063,5964.6
13361,9150222,5964.58
13361,9172621,5964.58
13361,9195094,5964.58
13361,9217168,5964.58
13361,9239699,5964.43
13361,9261961,5964.43
13361,9284220,5964.43
13361,9306637,5964.43
13361,9329159,5964.43
13361,9351459,5964.51
13361,9373844,5964.51
13361,9395841,5964.51
13361,9418114,5964.51
13361,9440407,5964.51
13361,9462409,5964.52
13361,9484227,5964.52
13361,9505932,5964.52
13361,9527803,5964.52
13361,9549480,5964.52
13361,9571168,5964.49
13361,9593218,5964.49
13361,9615495,5964.49
13361,9637488,5964.49
13361,9659789,5964.55
13361,9682041,5964.55
13361,9704842,5964.55
13361,9727485,5964.55
13361,9750230,5964.55
13361,9772415,5964.48
13361,9795204,5964.48
13361,9817476,5964.48
13361,9839618,5964.48
13361,9862037,5964.48
13361,9884312,5964.57
13361,9906811,5964.57
13361,9928842,5964.57
13361,9951379,5964.57
13361,9973520,5964.57
13361,9995527,5964.62
13361,10017495,5964.62
13361,10038414,5964.62
13361,10038717,5964.62
13361,10038971,5964.53
13361,10039601,5964.53
13361,10050471,5964.53
13361,10072249,5964.53
13361,10093757,5964.53
13361,10115407,5965.54
13361,10137003,5965.54
13361,10158764,5965.54
13361,10181023,5965.54
13361,10202739,5965.54
13361,10224707,5964.61
13361,10246459,5964.61
13361,10268424,5964.61
13361,10290600,5964.61
13361,10313148,5964.61
13361,10335396,5964.56
13361,10357541,5964.56
13361,10380081,5964.56
13361,10402494,5964.56
13361,10425163,5964.69
13361,10447427,5964.69
13361,10469849,5964.69
13361,10492214,5964.69
13361,10514412,5964.69
13361,10536891,5964.65
13361,10559427,5964.65
13361,10581798,5964.65
13361,10603905,5964.65
13361,10626225,5964.65
13361,10648755,5964.5
13361,10671042,5964.5
13361,10693516,5964.5
13361,10715942,5964.5
13361,10738359,5964.5
13361,10760630,5964.55
13361,10783447,5964.55
13361,10805995,5964.55
13361,10828432,5964.55
13361,10850943,5964.6
13361,10873519,5964.6
13361,10896065,5964.6
13361,10918330,5964.6
13361,10940900,5964.6
13361,10963508,5964.55
13361,10985778,5964.55
13361,11008238,5964.55
13361,11030241,5964.55
13361,11052340,5964.55
13361,11074495,5964.64
13361,11096614,5964.64
13361,11118864,5964.64
13361,11140643,5964.64
13361,11162798,5964.64
13361,11185205,5964.64
13361,11207097,5964.64
13361,11229122,5964.64
13361,11251114,5964.64
13361,11273357,5964.61
13361,11295502,5964.61
13361,11317681,5964.61
13361,11339778,5964.61
13361,11361754,5964.61
13361,11383740,5964.63
13361,11405728,5964.63
13361,11427879,5964.63
13361,11449770,5964.63
13361,11472194,5964.63
13361,11494205,5964.63
13361,11516578,5964.63
13361,11538726,5964.63
13361,11561139,5964.63
13361,11583291,5964.63
13361,11605565,5964.5
13361,11627938,5964.5
13361,11649833,5964.5
13361,11670184,5964.5
13361,11670479,5964.61
13361,11670852,5964.61
13361,11671963,5964.61
13361,11683365,5964.61
13361,11683592,5964.61
13361,11683898,5965.54
13361,11684203,5965.54
13361,11684583,5965.54
13361,11684875,5965.54
13361,11686887,5965.54
13361,11705436,5965.54
13361,11726684,5965.54
13361,11748451,5965.54
13361,11770076,5965.54
13361,11792226,5965.54
13361,11813959,5964.22
13361,11836182,5964.22
13361,11858279,5964.22
13361,11880513,5964.22
13361,11902509,5964.22
13361,11924516,5964.63
13361,11946251,5964.63
13361,11967976,5964.63
13361,11989553,5964.63
13361,12011281,5964.75
13361,12033134,5964.75
13361,12055400,5964.75
13361,12077358,5964.75
13361,12079677,5964.75
13361,12079985,5964.66
13361,12080404,5964.66
13361,12090907,5964.66
13361,12113191,5964.66
13361,12135378,5964.66
13361,12157845,5965.54
13361,12179727,5965.54
13361,12201765,5965.54
13361,12202094,5965.54
13361,12202310,5964.47
13361,12202648,5964.47
13361,12202952,5964.47
13361,12208731,5964.47
13361,12230753,5964.47
13361,12253833,5965.54
13361,12276446,5965.54
13361,12298699,5965.54
13361,12320863,5965.54
13361,12343002,5965.54
13361,12365071,5964.55
13361,12386895,5964.55
13361,12409033,5964.55
13361,12431452,5964.55
13361,12453596,5964.55
13361,12475812,5964.61
13361,12497997,5964.61
13361,12520150,5964.61
13361,12542070,5964.61
13361,12564057,5964.56
13361,12586010,5964.56
13361,12607693,5964.56
13361,12629199,5964.56
13361,12650867,5964.56
13361,12672871,5964.47
13361,12694447,5964.47
13361,12716001,5964.47
13361,12738123,5964.47
13361,12760262,5964.47
13361,12782030,5964.62
13361,12802646,5964.62
13361,12802747,5964.62
13361,1382900,5964.5
13361,1405298,5964.5
13361,1427431,5964.5
13361,1449699,5964.5
13361,1471838,5964.64
13361,1493749,5964.64
13361,1516053,5964.64
13361,1538504,5964.64
13361,1560561,5964.58
13361,1582839,5964.58
13361,1605093,5964.58
13361,1627233,5964.58
13361,1649397,5964.58
13361,1671234,5964.49
13361,1693430,5964.49
13361,1715442,5964.49
13361,1738017,5964.49
13361,1760893,5964.49
13361,1783542,5964.51
13361,1806197,5964.51
13361,1828730,5964.51
13361,1851531,5964.51
13361,1874410,5964.51
13361,1897207,5964.53
13361,1920370,5964.53
13361,1943501,5964.53
13361,1966299,5964.53
13361,1989117,5964.62
13361,2011729,5964.62
13361,2034174,5964.62
13361,2057076,5964.62
13361,2079867,5964.62
13361,2102397,5964.59
13361,2124781,5964.59
13361,2146928,5964.59
13361,2169084,5964.59
13361,2191347,5964.59
13361,2213355,5964.63
13361,2235344,5964.63
13361,2257527,5964.63
13361,2279827,5964.63
13361,2302185,5964.63
13361,2325195,5964.59
13361,2347773,5964.59
13361,2370150,5964.59
13361,2392797,5964.59
13361,2415984,5964.7
13361,2438905,5964.7
13361,2461791,5964.7
13361,2484446,5964.7
13361,2507145,5964.7
13361,2530029,5964.5
13361,2553070,5964.5
13361,2576112,5964.5
13361,2599011,5964.5
13361,2621671,5964.5
13361,2644334,5964.58
13361,2666787,5964.58
13361,2689384,5964.58
13361,2712083,5964.58
13361,2734688,5964.58
13361,2757241,5964.65
13361,2779829,5964.65
13361,2802042,5964.65
13361,2824420,5964.65
13361,2846455,5964.61
13361,2868828,5964.61
13361,2870786,5964.61
13361,2871093,5964.61
13361,2871323,5964.61
13361,2871710,5964.71
13361,2871952,5964.71
13361,2872382,5964.71
13361,2872679,5964.71
13361,2873010,5964.71
13361,2873316,5965.54
13361,2873565,5965.54
13361,2873872,5965.54
13361,2876580,5965.54
13361,2895781,5965.54
13361,2916150,5965.54
13361,2937279,5965.54
13361,2959008,5965.54
13361,2980502,5965.54
13361,3002384,5964.66
13361,3023952,5964.66
13361,3033034,5964.66
13361,3033308,5964.66
13361,3033654,5964.66
13361,3033995,5964.56
13361,3034331,5964.56
13361,3034640,5964.56
13361,3034946,5964.56
13361,3035175,5964.56
13361,3035663,5965.54
13361,3044457,5965.54
13361,3065022,5965.54
13361,3086138,5965.54
13361,3107910,5965.54
13361,3129532,5965.22
13361,3151310,5965.22
13361,3173064,5965.22
13361,3194699,5965.22
13361,3216810,5964.6
13361,3238750,5964.6
13361,3260861,5964.6
13361,3282830,5964.6
13361,3305192,5964.6
13361,3327414,5964.54
13361,3349563,5964.54
13361,3371616,5964.54
13361,3393971,5964.54
13361,3415899,5964.54
13361,3438159,5964.51
13361,3460387,5964.51
13361,3482576,5964.51
13361,3504905,5964.51
13361,3527249,5964.51
13361,3549639,5964.58
13361,3572048,5964.58
13361,3594690,5964.58
13361,3616952,5964.58
13361,3639247,5964.65
13361,3661691,5964.65
13361,3684087,5964.65
13361,3706308,5964.65
13361,3728739,5964.65
13361,3751359,5964.52
13361,3773619,5964.52
13361,3796175,5964.52
13361,3818696,5964.52
13361,3840997,5964.52
13361,3863497,5964.58
13361,3886137,5964.58
13361,3908296,5964.58
13361,3930045,5964.58
13361,3952318,5964.58
13361,3974706,5964.63
13361,3997044,5964.63
13361,4019377,5964.63
13361,4019866,5964.63
13361,4020173,5964.53
13361,4020412,5964.53
13361,4020715,5964.53
13361,4021031,5964.53
13361,4021345,5964.53
13361,4021713,5965.54
13361,4022017,5965.54
13361,4022324,5965.54
13361,4022571,5965.54
13361,4022931,5965.54
13361,4023233,5965.54
13361,4023824,5965.54
13361,4036249,5965.54
13361,4055707,5965.54
13361,4055957,5965.54
13361,4056269,5965.54
13361,4056530,5965.54
13361,4056837,5965.54
13361,4057145,5965.54
13361,4059028,5965.54
13361,4076343,5965.54
13361,4097314,5965.54
13361,4118045,5965.54
13361,4139238,5965.54
13361,4160657,5964.22
13361,4182149,5964.22
13361,4203802,5964.22
13361,4225548,5964.22
13361,4247173,5964.22
13361,4268959,5964.52
13361,4290469,5964.52
13361,4312104,5964.52
13361,4333712,5964.52
13361,4355461,5964.52
13361,4377764,5964.66
13361,4400673,5964.66
13361,4423179,5964.66
13361,4445870,5964.66
13361,4468608,5964.67
13361,4491029,5964.67
13361,4513547,5964.67
13361,4535705,5964.67
13361,4558112,5964.67
13361,4569436,5964.49
13361,4569686,5964.49
13361,4569992,5964.49
13361,4570360,5964.49
13361,4570655,5964.49
13361,4575432,5965.54
13361,4579610,5965.54
13361,4579919,5965.54
13361,4580287,5965.54
13361,4580676,5965.54
13361,4592750,5964.58
13361,4612993,5964.58
13361,4634129,5964.58
13361,4655603,5964.58
13361,4677492,5964.58
13361,4699384,5964.3
13361,4721241,5964.3
13361,4742768,5964.3
13361,4764457,5964.3
13361,4785865,5964.54
13361,4807552,5964.54
13361,4829044,5964.54
13361,4851010,5964.54
13361,4872933,5964.54
13361,4894848,5964.57
13361,4916847,5964.57
13361,4939126,5964.57
13361,4961111,5964.57
13361,4983137,5964.57
13361,5005358,5964.5
13361,5027686,5964.5
13361,5049190,5964.5
13361,5071265,5964.5
13361,5093890,5964.5
13361,5116509,5964.64
13361,5139054,5964.64
13361,5161655,5964.64
13361,5184095,5964.64
13361,5206381,5964.57
13361,5228952,5964.57
13361,5251448,5964.57
13361,5273730,5964.57
13361,5296181,5964.57
13361,5318233,5964.59
13361,5340511,5964.59
13361,5362797,5964.59
13361,5385295,5964.59
13361,5407612,5964.59
13361,5429746,5964.54
13361,5452009,5964.54
13361,5474039,5964.54
13361,5496200,5964.54
13361,5518580,5964.54
13361,5540647,5964.56
13361,5562891,5964.56
13361,5585374,5964.56
13361,5607534,5964.56
13361,5629679,5964.66
13361,5651694,5964.66
13361,5673775,5964.66
13361,5695746,5964.66
13361,5717779,5964.66
13361,5739896,5964.63
13361,5761998,5964.63
13361,5784066,5964.63
13361,5805973,5964.63
13361,5828518,5964.63
13361,5849960,5964.51
13361,5850207,5964.51
13361,5850519,5964.51
13361,5850830,5964.51
13361,5851137,5964.51
13361,5851441,5964.54
13361,5853987,5964.54
13361,5874518,5964.54
13361,5896065,5964.54
13361,5918096,5965.54
13361,5940238,5965.54
13361,5962507,5965.54
13361,5984718,5965.54
13361,6006551,5965.54
13361,6028398,5964.66
13361,6050326,5964.66
13361,6072586,5964.66
13361,6095109,5964.66
13361,6117391,5964.66
13361,6139386,5964.7
13361,6161385,5964.7
13361,6183229,5964.7
13361,6204965,5964.7
13361,6226871,5964.7
13361,6249126,5964.73
13361,6271636,5964.73
13361,6293653,5964.73
13361,6315549,5964.73
13361,6337674,5964.62
13361,6359964,5964.62
13361,6381743,5964.62
13361,6404280,5964.62
13361,6426630,5964.62
13361,6449027,5964.57
13361,6471831,5964.57
13361,6494224,5964.57
13361,6516759,5964.57
13361,6539413,5964.57
13361,6562048,5964.62
13361,6584594,5964.62
13361,6606883,5964.62
13361,6629380,5964.62
13361,6651615,5964.62
13361,6674180,5964.65
13361,6696494,5964.65
13361,6718980,5964.65
13361,6741891,5964.65
13361,6764312,5964.61
13361,6787084,5964.61
13361,6809614,5964.61
13361,6831882,5964.61
13361,6854624,5964.61
13362,59854,5964.58
13362,82266,5964.58
13362,104632,5964.7
13362,126998,5964.7
13362,149620,5964.7
13362,171600,5964.7
13362,194015,5964.7
13362,216533,5964.64
13362,238705,5964.64
13362,261470,5964.64
13362,283878,5964.64
13362,306295,5964.82
13362,328678,5964.82
13362,351156,5964.82
13362,373441,5964.82
13362,395106,5964.82
13362,417007,5964.57
13362,439026,5964.57
13362,460779,5964.57
13362,482420,5964.57
13362,504755,5964.57
13362,526955,5964.57
13362,549100,5964.57
13362,571126,5964.57
13362,593226,5964.57
13362,615493,5964.57
13362,637446,5964.52
13362,659510,5964.52
13362,681183,5964.52
13362,6924827,5964.62
13362,6946710,5964.62
13362,6968724,5964.57
13362,6990744,5964.57
13362,7012682,5964.57
13362,7034745,5964.57
13362,7056666,5964.57
13362,7078415,5964.48
13362,7100490,5964.48
13362,7122644,5964.48
13362,7144715,5964.48
13362,7166760,5964.48
13362,7188750,5964.66
13362,7210673,5964.66
13362,7232569,5964.66
13362,7254588,5964.66
13362,7276652,5964.66
13362,7298559,5964.63
13362,7320360,5964.63
13362,7342366,5964.63
13362,7364509,5964.63
13362,7372699,5964.63
13362,7372956,5964.47
13362,7373316,5964.47
13362,7373560,5964.47
13362,7375426,5964.47
13362,7394114,5965.54
13362,7415974,5965.54
13362,7437668,5965.54
13362,7459022,5965.54
13362,7480545,5965.54
13362,7501902,5964.6
13362,7523659,5964.6
13362,7545318,5964.6
13362,7566630,5964.6
13362,7588430,5964.6
13362,702918,5964.52
13362,724731,5964.52
13362,746439,5964.52
13362,768417,5964.52
13362,790110,5964.52
13362,811888,5964.52
13362,833612,5964.65
13362,855405,5964.65
13362,877689,5964.65
13362,900081,5964.65
13362,922078,5964.65
13362,944620,5964.51
13362,966504,5964.51
13362,988652,5964.51
13362,1011061,5964.51
13362,1033325,5964.51
13362,1055471,5964.59
13362,1077872,5964.59
13362,1100145,5964.59
13362,1122239,5964.59
13362,1144187,5964.57
13362,1166091,5964.57
13362,1169710,5964.57
13362,1170003,5964.57
13362,1170388,5964.57
13362,1170716,5964.49
13362,1171020,5964.49
13362,1172811,5964.49
13362,1191240,5964.49
13362,1212725,5964.49
13362,1234389,5965.54
13362,1256273,5965.54
13362,1277877,5965.54
13362,1299397,5965.54
13362,1321543,5965.54
13362,1343309,5964.6
13362,1347052,5964.6
13362,1347424,5964.6
13362,1347673,5964.6
13362,1348076,5964.6
13362,1348450,5964.62
13362,1348758,5964.62
13362,1348997,5964.62
13362,1349370,5964.62
13362,1351210,5965.54
13362,1368238,5965.54
13362,7609891,5964.61
13362,7631460,5964.61
13362,7652952,5964.61
13362,7674833,5964.61
13362,7696378,5964.61
13362,7717928,5964.55
13362,7739735,5964.55
13362,7761483,5964.55
13362,7783153,5964.55
13362,7805141,5964.56
13362,7826703,5964.56
13362,7848284,5964.56
13362,7869898,5964.56
13362,7891665,5964.56
13362,7913423,5964.59
13362,7935177,5964.59
13362,7956950,5964.59
13362,7979096,5964.59
13362,8001115,5964.59
13362,8023005,5964.5
13362,8045402,5964.5
13362,8067550,5964.5
13362,8090068,5964.5
13362,8112799,5964.5
13362,8134874,5964.63
13362,8156556,5964.63
13362,8178216,5964.63
13362,8199799,5964.63
13362,8221651,5964.58
13362,8243300,5964.58
13362,8264671,5964.58
13362,8286162,5964.58
13362,8307786,5964.58
13362,8329795,5964.65
13362,8351564,5964.65
13362,8373484,5964.65
13362,8395218,5964.65
13362,8417595,5964.65
13362,8439882,5964.65
13362,8462292,5964.65
13362,8484433,5964.65
13362,8506196,5964.65
13362,8528337,5964.65
13362,8550351,5964.56
13362,8572538,5964.56
13362,8594357,5964.56
13362,8616179,5964.56
13362,8638177,5964.62
13362,8660058,5964.62
13362,8681924,5964.62
13362,8703573,5964.62
13362,8724934,5964.62
13362,8746464,5964.55
13362,8768228,5964.55
13362,8789731,5964.55
13362,8811108,5964.55
13362,8832595,5964.55
13362,8853961,5964.64
13362,8875139,5964.64
13362,8896843,5964.64
13362,8918629,5964.64
13362,8940490,5964.64
13362,8962048,5964.71
13362,8984100,5964.71
13362,9006033,5964.71
13362,9027917,5964.71
13362,9049815,5964.58
13362,9071835,5964.58
13362,9093601,5964.58
13362,9115294,5964.58
13362,9137221,5964.58
13362,9159381,5964.55
13362,9181128,5964.55
13362,9202891,5964.55
13362,9224858,5964.55
13362,9246497,5964.55
13362,9268194,5964.62
13362,9289899,5964.62
13362,9311383,5964.62
13362,9333334,5964.62
13362,9355443,5964.62
13362,9377633,5964.51
13362,9399757,5964.51
13362,9421905,5964.51
13362,9444439,5964.51
13362,9466654,5964.63
13362,9488733,5964.63
13362,9510208,5964.63
13362,9531859,5964.63
13362,9553620,5964.63
13362,9575146,5964.55
13362,9596840,5964.55
13362,9618565,5964.55
13362,9640160,5964.55
13362,9661820,5964.55
13362,9683457,5964.59
13362,9704936,5964.59
13362,9726551,5964.59
13362,9748205,5964.59
13362,9769566,5964.59
13362,9780769,5964.53
13362,9780996,5964.53
13362,9780996,5964.53
13362,1388370,5965.54
13362,1409368,5965.54
13362,1430845,5965.54
13362,1452099,5964.32
13362,1473577,5964.32
13362,1495464,5964.32
13362,1517326,5964.32
13362,1538615,5964.32
13362,1560108,5964.62
13362,1581910,5964.62
13362,1603331,5964.62
13362,1624591,5964.62
13362,1645995,5964.62
13362,1667334,5964.53
13362,1689004,5964.53
13362,1710515,5964.53
13362,1732306,5964.53
13362,1753910,5964.53
13362,1776103,5964.58
13362,1798580,5964.58
13362,1821128,5964.58
13362,1843514,5964.58
13362,1865664,5964.54
13362,1887854,5964.54
13362,1910070,5964.54
13362,1932546,5964.54
13362,1954729,5964.54
13362,1976630,5964.58
13362,1998115,5964.58
13362,2019685,5964.58
13362,2041049,5964.58
13362,2062501,5964.58
13362,2066361,5964.52
13362,2066665,5964.52
13362,2067057,5964.52
13362,2067296,5964.52
13362,2067611,5965.54
13362,2067976,5965.54
13362,2068216,5965.54
13362,2068509,5965.54
13362,2068797,5965.54
13362,2069196,5965.54
13362,2069649,5965.54
13362,2081325,5965.54
13362,2105905,5965.54
13362,2129462,5965.54
13362,2152005,5965.54
13362,2174346,5965.54
13362,2196711,5965.54
13362,2218649,5965.54
13362,2240587,5965.54
13362,2262293,5964.6
13362,2283968,5964.6
13362,2305977,5964.6
13362,2327594,5964.6
13362,2349458,5964.6
13362,2371012,5964.67
13362,2393032,5964.67
13362,2401707,5964.67
13362,2402087,5964.67
13362,2402393,5964.65
13362,2406952,5964.65
13362,2428578,5964.65
13362,2450860,5964.65
13362,2473192,5964.65
13362,2495332,5965.01
13362,2517031,5965.01
13362,2538431,5965.01
13362,2560012,5965.01
13362,2581417,5965.01
13362,2602654,5964.72
13362,2624928,5964.72
13362,2647068,5964.72
13362,2669109,5964.72
13362,2691069,5964.72
13362,2713239,5964.53
13362,2735198,5964.53
13362,2757539,5964.53
13362,2780201,5964.53
13362,2802605,5964.58
13362,2824711,5964.58
13362,2846641,5964.58
13362,2868910,5964.58
13362,2890680,5964.58
13362,2912697,5964.65
13362,2934677,5964.65
13362,2957156,5964.65
13362,2979383,5964.65
13362,3001161,5964.65
13362,3023032,5964.62
13362,3045028,5964.62
13362,3067146,5964.62
13362,3089316,5964.62
13362,3111259,5964.62
13362,3133240,5964.57
13362,3155350,5964.57
13362,3177640,5964.57
13362,3199695,5964.57
13362,3221605,5964.6
13362,3243205,5964.6
13362,3265418,5964.6
13362,3287292,5964.6
13362,3309489,5964.6
13362,3331335,5964.56
13362,3352997,5964.56
13362,3374906,5964.56
13362,3396795,5964.56
13362,3418417,5964.56
13362,3440441,5964.58
13362,3462065,5964.58
13362,3483951,5964.58
13362,3505490,5964.58
13362,3527139,5964.58
13362,3549112,5964.55
13362,3571098,5964.55
13362,3593119,5964.55
13362,3614904,5964.55
13362,3636722,5964.52
13362,3658543,5964.52
13362,3680548,5964.52
13362,3702471,5964.52
13362,3724197,5964.52
13362,3746239,5964.53
13362,3768210,5964.53
13362,3789984,5964.53
13362,3811625,5964.53
13362,3833514,5964.53
13362,3855428,5964.55
13362,3877568,5964.55
13362,3899794,5964.55
13362,3922105,5964.55
13362,3944307,5964.55
13362,3966366,5964.73
13362,3988673,5964.73
13362,4010919,5964.73
13362,4032867,5964.73
13362,4054689,5964.52
13362,4076604,5964.52
13362,4098588,5964.52
13362,4120377,5964.52
13362,4142133,5964.52
13362,4163777,5964.57
13362,4185380,5964.57
13362,4207135,5964.57
13362,4228525,5964.57
13362,4241191,5964.57
13362,4241561,5964.58
13362,4241882,5964.58
13362,4242191,5964.58
13362,4242500,5964.58
13362,4247806,5964.58
13362,4268582,5965.54
13362,4290084,5965.54
13362,4311094,5965.54
13362,4332553,5965.54
13362,4354219,5964.72
13362,4375693,5964.72
13362,4397582,5964.72
13362,4419474,5964.72
13362,4441105,5964.72
13362,4462496,5964.73
13362,4484592,5964.73
13362,4506906,5964.73
13362,4528932,5964.73
13362,4551183,5964.73
13362,4573084,5964.55
13362,4595473,5964.55
13362,4617741,5964.55
13362,4640038,5964.55
13362,4662060,5964.55
13362,4684506,5964.63
13362,4706493,5964.63
13362,4728723,5964.63
13362,4751216,5964.63
13362,4773442,5964.47
13362,4795416,5964.47
13362,4817051,5964.47
13362,4838806,5964.47
13362,4860687,5964.47
13362,4882566,5964.59
13362,4904459,5964.59
13362,4926006,5964.59
13362,4947863,5964.59
13362,4969595,5964.59
13362,4991657,5964.7
13362,5013338,5964.7
13362,5035086,5964.7
13362,5056941,5964.7
13362,5078924,5964.7
13362,5100822,5964.62
13362,5122704,5964.62
13362,5144464,5964.62
13362,5166480,5964.62
13362,5188317,5964.62
13362,5210186,5964.66
13362,5232413,5964.66
13362,5254681,5964.66
13362,5276816,5964.66
13362,5299029,5964.66
13362,5321117,5964.66
13362,5343242,5964.66
13362,5365023,5964.66
13362,5387025,5964.66
13362,5408861,5964.57
13362,5430679,5964.57
13362,5452864,5964.57
13362,5475347,5964.57
13362,5497934,5964.57
13362,5520292,5964.58
13362,5542923,5964.58
13362,5565338,5964.58
13362,5587373,5964.58
13362,5609648,5964.58
13362,5631386,5964.57
13362,5653002,5964.57
13362,5674407,5964.57
13362,5696264,5964.57
13362,5718307,5964.56
13362,5740325,5964.56
13362,5761944,5964.56
13362,5784018,5964.56
13362,5806253,5964.56
13362,5828574,5964.57
13362,5850619,5964.57
13362,5872683,5964.57
13362,5894694,5964.57
13362,5916829,5964.57
13362,5938704,5964.58
13362,5960718,5964.58
13362,5982755,5964.58
13362,6004638,5964.58
13362,6026276,5964.58
13362,6048189,5964.58
13362,6070172,5964.58
13362,6091845,5964.58
13362,6113958,5964.58
13362,6135967,5964.71
13362,6158291,5964.71
13362,6180270,5964.71
13362,6202439,5964.71
13362,6224762,5964.71
13362,6247193,5964.63
13362,6269216,5964.63
13362,6291089,5964.63
13362,6313363,5964.63
13362,6335504,5964.63
13362,6357668,5964.63
13362,6379545,5964.63
13362,6401570,5964.63
13362,6423445,5964.63
13362,6445606,5964.63
13362,6467600,5964.6
13362,6489584,5964.6
13362,6511418,5964.6
13362,6533805,5964.6
13362,6555661,5964.59
13362,6577445,5964.59
13362,6599204,5964.59
13362,6621083,5964.59
13362,6642837,5964.59
13362,6664651,5964.51
13362,6686305,5964.51
13362,6707997,5964.51
13362,6729748,5964.51
13362,6751508,5964.51
13362,6773160,5964.62
13362,6794781,5964.62
13362,6816247,5964.62
13362,6838035,5964.62
13362,6859945,5964.62
13362,6881441,5964.62
13362,6903071,5964.62
13363,57703,5964.64
13363,79334,5964.64
13363,101148,5964.57
13363,122712,5964.57
13363,144304,5964.57
13363,166137,5964.57
13363,187875,5964.57
13363,209720,5964.62
13363,231802,5964.62
13363,253578,5964.62
13363,275727,5964.62
13363,297706,5964.62
13363,319695,5964.72
13363,341974,5964.72
13363,363618,5964.72
13363,385783,5964.72
13363,407337,5964.54
13363,429093,5964.54
13363,450912,5964.54
13363,472564,5964.54
13363,494637,5964.54
13363,516088,5964.57
13363,538096,5964.57
13363,559606,5964.57
13363,580982,5964.57
13363,602716,5964.57
13363,624738,5964.62
13363,646329,5964.62
13363,668129,5964.62
13363,689861,5964.62
13363,7003494,5964.57
13363,7025626,5964.57
13363,7047583,5964.57
13363,7063679,5964.57
13363,7064019,5964.55
13363,7064326,5964.55
13363,7064639,5964.55
13363,7064861,5964.55
13363,7065191,5964.55
13363,7067080,5965.54
13363,7084837,5965.54
13363,7105462,5965.54
13363,7126239,5965.54
13363,7147196,5966.37
13363,7168221,5966.37
13363,7189425,5966.37
13363,7210560,5966.37
13363,7231760,5966.37
13363,7252802,5964.52
13363,7274053,5964.52
13363,7295564,5964.52
13363,7317073,5964.52
13363,7338620,5964.52
13363,7360195,5964.59
13363,7382078,5964.59
13363,7404347,5964.59
13363,7426059,5964.59
13363,7448139,5964.59
13363,7451168,5964.56
13363,7451420,5964.56
13363,7451724,5964.56
13363,7452164,5964.56
13363,7454685,5965.54
13363,7475158,5965.54
13363,7496022,5965.54
13363,7517185,5965.54
13363,7537999,5965.54
13363,7559157,5964.28
13363,7580601,5964.28
13363,7602024,5964.28
13363,7623628,5964.28
13363,7645137,5964.28
13363,7666288,5964.59
13363,711534,5964.62
13363,733761,5964.56
13363,755844,5964.56
13363,777682,5964.56
13363,799607,5964.56
13363,821731,5964.72
13363,843764,5964.72
13363,866014,5964.72
13363,888442,5964.72
13363,910960,5964.72
13363,933627,5964.46
13363,955627,5964.46
13363,977641,5964.46
13363,999659,5964.46
13363,1021807,5964.46
13363,1043945,5964.55
13363,1065578,5964.55
13363,1087212,5964.55
13363,1109043,5964.55
13363,1131097,5964.53
13363,1152633,5964.53
13363,1162674,5964.53
13363,1162985,5964.53
13363,1163348,5964.53
13363,1163606,5964.68
13363,1166912,5964.68
13363,1187511,5964.68
13363,1209404,5964.68
13363,1231661,5964.68
13363,1253694,5964.8
13363,1275979,5964.8
13363,1297854,5964.8
13363,1319730,5964.8
13363,1341629,5964.8
13363,1363714,5964.68
13363,1385868,5964.68
13363,7688044,5964.59
13363,7709746,5964.59
13363,7731925,5964.59
13363,7747157,5964.59
13363,7747461,5964.52
13363,7747822,5964.52
13363,7748128,5964.52
13363,7748885,5964.52
13363,7762593,5965.54
13363,7783681,5965.54
13363,7804925,5965.54
13363,7826406,5965.54
13363,7847919,5965.54
13363,7869338,5964.29
13363,7890710,5964.29
13363,7912339,5964.29
13363,7933723,5964.29
13363,7954944,5964.29
13363,7975831,5964.51
13363,7997083,5964.51
13363,8018253,5964.51
13363,8039655,5964.51
13363,8060872,5964.51
13363,8082305,5964.64
13363,8103468,5964.64
13363,8124747,5964.64
13363,8146199,5964.64
13363,8167577,5964.48
13363,8189398,5964.48
13363,8210693,5964.48
13363,8232339,5964.48
13363,8253583,5964.48
13363,8274975,5964.44
13363,8296776,5964.44
13363,8318879,5964.44
13363,8340991,5964.44
13363,8363148,5964.44
13363,8384901,5964.52
13363,8406746,5964.52
13363,8428558,5964.52
13363,8450449,5964.52
13363,8472254,5964.52
13363,8494530,5964.53
13363,8516504,5964.53
13363,8538084,5964.53
13363,8560152,5964.53
13363,8582115,5964.58
13363,8603914,5964.58
13363,8625799,5964.58
13363,8647685,5964.58
13363,8669469,5964.58
13363,8691468,5964.62
13363,8713253,5964.62
13363,8735312,5964.62
13363,8757522,5964.62
13363,8779413,5964.62
13363,8801248,5964.52
13363,8823443,5964.52
13363,8845186,5964.52
13363,8867277,5964.52
13363,8889277,5964.52
13363,8911392,5964.52
13363,8933010,5964.52
13363,8954861,5964.52
13363,8976517,5964.52
13363,8998151,5964.65
13363,9019904,5964.65
13363,9041821,5964.65
13363,9064335,5964.65
13363,9086358,5964.65
13363,9108885,5964.48
13363,9131249,5964.48
13363,9153162,5964.48
13363,9174803,5964.48
13363,9196570,5964.48
13363,9218437,5964.55
13363,9240439,5964.55
13363,9262237,5964.55
13363,9284135,5964.55
13363,9306352,5964.55
13363,9328521,5964.62
13363,9350604,5964.62
13363,9372443,5964.62
13363,9394368,5964.62
13363,9416726,5964.6
13363,9438650,5964.6
13363,9459992,5964.6
13363,9481740,5964.6
13363,9503420,5964.6
13363,9525240,5964.61
13363,9546648,5964.61
13363,9568410,5964.61
13363,9590403,5964.61
13363,9612424,5964.61
13363,9633928,5964.49
13363,9655446,5964.49
13363,9677277,5964.49
13363,9698574,5964.49
13363,9720324,5964.49
13363,9742105,5964.56
13363,9763614,5964.56
13363,9785475,5964.56
13363,9807488,5964.56
13363,9829121,5964.54
13363,9851292,5964.54
13363,9873350,5964.54
13363,9895192,5964.54
13363,9917037,5964.54
13363,9938971,5964.63
13363,9960853,5964.63
13363,9982471,5964.63
13363,10004413,5964.63
13363,10026858,5964.63
13363,10049407,5964.65
13363,10071682,5964.65
13363,10094003,5964.65
13363,10116251,5964.65
13363,10138626,5964.65
13363,10161028,5964.48
13363,10183169,5964.48
13363,10205435,5964.48
13363,10227361,5964.48
13363,10249626,5964.54
13363,10271380,5964.54
13363,10292581,5964.54
13363,10313995,5964.54
13363,10335504,5964.54
13363,10357000,5964.45
13363,10378374,5964.45
13363,10399903,5964.45
13363,10421535,5964.45
13363,10442911,5964.45
13363,10464801,5964.48
13363,10486422,5964.48
13363,10507852,5964.48
13363,10529534,5964.48
13363,10551832,5964.48
13363,10573852,5964.46
13363,10596216,5964.46
13363,10618701,5964.46
13363,10640924,5964.46
13363,10662997,5964.57
13363,10685327,5964.57
13363,10706828,5964.57
13363,10728214,5964.57
13363,10749739,5964.57
13363,10771219,5964.45
13363,10792837,5964.45
13363,10814346,5964.45
13363,10835666,5964.45
13363,10856992,5964.45
13363,10878595,5964.61
13363,10900161,5964.61
13363,10921819,5964.61
13363,10944139,5964.61
13363,10966023,5964.61
13363,10987937,5964.53
13363,11010690,5964.53
13363,11032880,5964.53
13363,11055206,5964.53
13363,11077022,5964.55
13363,11077894,5964.55
13363,1407584,5964.68
13363,1429713,5964.68
13363,1451571,5964.66
13363,1473470,5964.66
13363,1495489,5964.66
13363,1517771,5964.66
13363,1539898,5964.66
13363,1562181,5964.67
13363,1584192,5964.67
13363,1606324,5964.67
13363,1628624,5964.67
13363,1650894,5964.67
13363,1673006,5964.42
13363,1694778,5964.42
13363,1716930,5964.42
13363,1739118,5964.42
13363,1761100,5964.42
13363,1782850,5964.62
13363,1804997,5964.62
13363,1827020,5964.62
13363,1849037,5964.62
13363,1871058,5964.55
13363,1893177,5964.55
13363,1915126,5964.55
13363,1937229,5964.55
13363,1959095,5964.55
13363,1981225,5964.51
13363,2003128,5964.51
13363,2025657,5964.51
13363,2047632,5964.51
13363,2069455,5964.51
13363,2091471,5964.52
13363,2113356,5964.52
13363,2135223,5964.52
13363,2157119,5964.52
13363,2178894,5964.52
13363,2200910,5964.59
13363,2222535,5964.59
13363,2244539,5964.59
13363,2266707,5964.59
13363,2289086,5964.61
13363,2311424,5964.61
13363,2333497,5964.61
13363,2340733,5964.61
13363,2341028,5964.61
13363,2341395,5964.56
13363,2341647,5964.56
13363,2341948,5964.56
13363,2342487,5964.56
13363,2351605,5964.56
13363,2351937,5965.54
13363,2352239,5965.54
13363,2352492,5965.54
13363,2352795,5965.54
13363,2353146,5965.54
13363,2353466,5965.54
13363,2353775,5965.54
13363,2354078,5965.54
13363,2354328,5965.54
13363,2354632,5965.54
13363,2354947,5965.54
13363,2355238,5965.54
13363,2355622,5965.54
13363,2355868,5965.54
13363,2356248,5965.54
13363,2356560,5965.54
13363,2356935,5965.54
13363,2357240,5965.54
13363,2357546,5965.54
13363,2357766,5965.54
13363,2358090,5965.54
13363,2358402,5965.54
13363,2358709,5965.54
13363,2359071,5965.54
13363,2359367,5965.54
13363,2359672,5965.54
13363,2360000,5965.54
13363,2360249,5965.54
13363,2360547,5965.54
13363,2360903,5965.54
13363,2361146,5965.54
13363,2361473,5965.54
13363,2361766,5965.54
13363,2362087,5965.54
13363,2362390,5965.54
13363,2362762,5965.54
13363,2363061,5965.54
13363,2363292,5965.54
13363,2363621,5965.54
13363,2363924,5965.54
13363,2364293,5965.54
13363,2364605,5965.54
13363,2364909,5965.54
13363,2365158,5965.54
13363,2365467,5965.54
13363,2365772,5965.54
13363,2366078,5965.54
13363,2366448,5965.54
13363,2366748,5965.54
13363,2367056,5965.54
13363,2367361,5965.54
13363,2367609,5965.54
13363,2367911,5965.54
13363,2368219,5965.54
13363,2368530,5965.54
13363,2368891,5965.54
13363,2369206,5965.54
13363,2369515,5965.54
13363,2369828,5965.54
13363,2370130,5965.54
13363,2370362,5965.54
13363,2370678,5965.54
13363,2371047,5965.54
13363,2371361,5965.54
13363,2371663,5965.54
13363,2371902,5965.54
13363,2372281,5965.54
13363,2372584,5965.54
13363,2372893,5965.54
13363,2373196,5965.54
13363,2373444,5965.54
13363,2373759,5965.54
13363,2374058,5965.54
13363,2374352,5965.54
13363,2374671,5965.54
13363,2375039,5965.54
13363,2375347,5965.54
13363,2375660,5965.54
13363,2375892,5965.54
13363,2376211,5965.54
13363,2376656,5965.54
13363,2376959,5965.54
13363,2377217,5965.54
13363,2377519,5965.54
13363,2377836,5965.54
13363,2378152,5965.54
13363,2378520,5965.54
13363,2378751,5965.54
13363,2379069,5965.54
13363,2379397,5965.54
13363,2379714,5965.54
13363,2380022,5965.54
13363,2380396,5965.54
13363,2380720,5965.54
13363,2381022,5965.54
13363,2381346,5965.54
13363,2381596,5965.54
13363,2381901,5965.54
13363,2382216,5965.54
13363,2382534,5965.54
13363,2382836,5965.54
13363,2383210,5965.54
13363,2390413,5965.54
13363,2407677,5965.54
13363,2426476,5965.54
13363,2446098,5965.54
13363,2466116,5965.54
13363,2486684,5965.54
13363,2507142,5965.54
13363,2527361,5965.54
13363,2532831,5964.58
13363,2533137,5964.58
13363,2533441,5964.58
13363,2534054,5964.58
13363,2547020,5964.58
13363,2566713,5965.54
13363,2587036,5965.54
13363,2607820,5965.54
13363,2628306,5965.54
13363,2649382,5964.34
13363,2670237,5964.34
13363,2691128,5964.34
13363,2695042,5964.34
13363,2695329,5964.34
13363,2695646,5964.53
13363,2696021,5964.53
13363,2696316,5964.53
13363,2696637,5964.53
13363,2704598,5964.53
13363,2724963,5965.54
13363,2745391,5965.54
13363,2765917,5965.54
13363,2774267,5965.54
13363,2774641,5965.54
13363,2774945,5964.46
13363,2775182,5964.46
13363,2775499,5964.46
13363,2775789,5964.46
13363,2783259,5965.54
13363,2803094,5965.54
13363,2824260,5965.54
13363,2845499,5965.54
13363,2867148,5965.54
13363,2888544,5964.25
13363,2910011,5964.25
13363,2930760,5964.25
13363,2952004,5964.25
13363,2972985,5964.25
13363,2994110,5964.6
13363,3015244,5964.6
13363,3036742,5964.6
13363,3058481,5964.6
13363,3080398,5964.6
13363,3102259,5964.36
13363,3124102,5964.36
13363,3145785,5964.36
13363,3168053,5964.36
13363,3190344,5964.57
13363,3212088,5964.57
13363,3233715,5964.57
13363,3255855,5964.57
13363,3277630,5964.57
13363,3299394,5964.57
13363,3321298,5964.57
13363,3343181,5964.57
13363,3364856,5964.57
13363,3386627,5964.57
13363,3408687,5964.54
13363,3430828,5964.54
13363,3441774,5964.54
13363,3442035,5964.54
13363,3442346,5964.54
13363,3442627,5964.67
13363,3442955,5964.67
13363,3443392,5964.67
13363,3443707,5964.67
13363,3444005,5965.54
13363,3444259,5965.54
13363,3444570,5965.54
13363,3444932,5965.54
13363,3445233,5965.54
13363,3445485,5965.54
13363,3445846,5965.54
13363,3446143,5965.54
13363,3446464,5965.54
13363,3446771,5965.54
13363,3447016,5965.54
13363,3447377,5965.54
13363,3447706,5965.54
13363,3447953,5965.54
13363,3448256,5965.54
13363,3448563,5965.54
13363,3448930,5965.54
13363,3449245,5965.54
13363,3449543,5965.54
13363,3449766,5965.54
13363,3450090,5965.54
13363,3450402,5965.54
13363,3450709,5965.54
13363,3451002,5965.54
13363,3451327,5965.54
13363,3453206,5965.54
13363,3469735,5965.54
13363,3488907,5965.54
13363,3509030,5965.54
13363,3529275,5965.54
13363,3549845,5965.54
13363,3570816,5965.54
13363,3592077,5965.54
13363,3610210,5965.54
13363,3610550,5964.8
13363,3610866,5964.8
13363,3611316,5964.8
13363,3622865,5964.8
13363,3644554,5965.54
13363,3666190,5965.54
13363,3687885,5965.54
13363,3709525,5965.54
13363,3731432,5965.54
13363,3753441,5964.38
13363,3775374,5964.38
13363,3797442,5964.38
13363,3818824,5964.38
13363,3840537,5964.38
13363,3861969,5964.58
13363,3883686,5964.58
13363,3895038,5964.58
13363,3895482,5964.58
13363,3895785,5964.58
13363,3896249,5964.57
13363,3907672,5964.57
13363,3928662,5964.57
13363,3949901,5964.57
13363,3971329,5965.54
13363,3993264,5965.54
13363,4014731,5965.54
13363,4036001,5965.54
13363,4057252,5965.54
13363,4078670,5964.6
13363,4099934,5964.6
13363,4121492,5964.6
13363,4143187,5964.6
13363,4164739,5964.6
13363,4186700,5964.58
13363,4208244,5964.58
13363,4230114,5964.58
13363,4244523,5964.58
13363,4244784,5964.58
13363,4245096,5964.63
13363,4245463,5964.63
13363,4245716,5964.63
13363,4246757,5964.63
13363,4262427,5965.54
13363,4283358,5965.54
13363,4304308,5965.54
13363,4325767,5965.54
13363,4347269,5965.54
13363,4368897,5964.38
13363,4390397,5964.38
13363,4411714,5964.38
13363,4433141,5964.38
13363,4454198,5964.38
13363,4475399,5964.55
13363,4496620,5964.55
13363,4517896,5964.55
13363,4539405,5964.55
13363,4561545,5964.55
13363,4583158,5964.54
13363,4605237,5964.54
13363,4627060,5964.54
13363,4648959,5964.54
13363,4671106,5964.68
13363,4693049,5964.68
13363,4715483,5964.68
13363,4728352,5964.68
13363,4728685,5964.68
13363,4728927,5964.73
13363,4729237,5964.73
13363,4729521,5964.73
13363,4735679,5964.73
13363,4756033,5964.73
13363,4777073,5965.54
13363,4798306,5965.54
13363,4819578,5965.54
13363,4841414,5965.54
13363,4862778,5965.54
13363,4883862,5964.61
13363,4905471,5964.61
13363,4926879,5964.61
13363,4948073,5964.61
13363,4969107,5964.48
13363,4990453,5964.48
13363,5011885,5964.48
13363,5033342,5964.48
13363,5055130,5964.48
13363,5076777,5964.49
13363,5098457,5964.49
13363,5119973,5964.49
13363,5141481,5964.49
13363,5162883,5964.49
13363,5184654,5964.54
13363,5206241,5964.54
13363,5228049,5964.54
13363,5250059,5964.54
13363,5272182,5964.54
13363,5293759,5964.62
13363,5315897,5964.62
13363,5337675,5964.62
13363,5359626,5964.62
13363,5381379,5964.62
13363,5403404,5964.57
13363,5425420,5964.57
13363,5447162,5964.57
13363,5468956,5964.57
13363,5490810,5964.73
13363,5512510,5964.73
13363,5534339,5964.73
13363,5555823,5964.73
13363,5577353,5964.73
13363,5599096,5964.52
13363,5620566,5964.52
13363,5642579,5964.52
13363,5664376,5964.52
13363,5686085,5964.52
13363,5689540,5964.66
13363,5689799,5964.66
13363,5690105,5964.66
13363,5690469,5964.66
13363,5695649,5964.66
13363,5716542,5965.54
13363,5737676,5965.54
13363,5759073,5965.54
13363,5780508,5965.54
13363,5802428,5964.33
13363,5823927,5964.33
13363,5845590,5964.33
13363,5867080,5964.33
13363,5888442,5964.33
13363,5909837,5964.62
13363,5931291,5964.62
13363,5952600,5964.62
13363,5974084,5964.62
13363,5979704,5964.62
13363,5980021,5964.57
13363,5980337,5964.57
13363,5982012,5964.57
13363,6000290,5964.57
13363,6021830,5964.57
13363,6043482,5965.54
13363,6064594,5965.54
13363,6085805,5965.54
13363,6107007,5965.54
13363,6128200,5964.48
13363,6149582,5964.48
13363,6171057,5964.48
13363,6192373,5964.48
13363,6214222,5964.48
13363,6236143,5964.52
13363,6258053,5964.52
13363,6280124,5964.52
13363,6301903,5964.52
13363,6324314,5964.52
13363,6346373,5964.53
13363,6368316,5964.53
13363,6390206,5964.53
13363,6411842,5964.53
13363,6433485,5964.53
13363,6446137,5964.52
13363,6446526,5964.52
13363,6446830,5964.52
13363,6447086,5964.52
13363,6447374,5965.54
13363,6447738,5965.54
13363,6448055,5965.54
13363,6448280,5965.54
13363,6449500,5965.54
13363,6464738,5965.54
13363,6485094,5965.54
13363,6506064,5965.54
13363,6527326,5965.54
13363,6548702,5965.54
13363,6570225,5964.6
13363,6591866,5964.6
13363,6613749,5964.6
13363,6635571,5964.6
13363,6657161,5964.6
13363,6679027,5964.61
13363,6700702,5964.61
13363,6722800,5964.61
13363,6744442,5964.61
13363,6765972,5964.61
13363,6787043,5964.43
13363,6808560,5964.43
13363,6829938,5964.43
13363,6851322,5964.43
13363,6872527,5964.57
13363,6893955,5964.57
13363,6915683,5964.57
13363,6937159,5964.57
13363,6958947,5964.57
13363,6981536,5964.57
13364,61470,5964.51
13364,83187,5964.51
13364,104427,5964.51
13364,125557,5964.51
13364,147486,5964.49
13364,169238,5964.49
13364,191204,5964.49
13364,212840,5964.49
13364,234619,5964.49
13364,256349,5964.57
13364,277648,5964.57
13364,299748,5964.57
13364,321767,5964.57
13364,343775,5964.57
13364,365922,5964.5
13364,388344,5964.5
13364,409819,5964.5
13364,431636,5964.5
13364,453489,5964.5
13364,475237,5964.58
13364,496875,5964.58
13364,518516,5964.58
13364,540505,5964.58
13364,562132,5964.53
13364,583917,5964.53
13364,605538,5964.53
13364,627182,5964.53
13364,648907,5964.53
13364,670656,5964.6
13364,692341,5964.6
13364,7004084,5965.54
13364,7024849,5965.54
13364,7046097,5964.7
13364,7067359,5964.7
13364,7088875,5964.7
13364,7110727,5964.7
13364,7114439,5964.48
13364,7114742,5964.48
13364,7115050,5964.48
13364,7115301,5964.48
13364,7115683,5964.48
13364,7117187,5965.54
13364,7134512,5965.54
13364,7156348,5965.54
13364,7162178,5965.54
13364,7162492,5965.54
13364,7162832,5964.68
13364,7163097,5964.68
13364,7163447,5964.68
13364,7163778,5964.68
13364,7164094,5964.68
13364,7164396,5965.54
13364,7164632,5965.54
13364,7166005,5965.54
13364,7181635,5965.54
13364,7189552,5965.54
13364,7189855,5965.54
13364,7190103,5965.54
13364,7190404,5965.54
13364,7190713,5965.54
13364,7191023,5965.54
13364,7191392,5965.54
13364,7191697,5965.54
13364,7192000,5965.54
13364,7192310,5965.54
13364,7192614,5965.54
13364,7192927,5965.54
13364,7193239,5965.54
13364,7193543,5965.54
13364,7193805,5965.54
13364,7194110,5965.54
13364,7194407,5965.54
13364,7194713,5965.54
13364,7195016,5965.54
13364,7195330,5965.54
13364,7195649,5965.54
13364,7196010,5965.54
13364,7196312,5965.54
13364,7196621,5965.54
13364,7196927,5965.54
13364,7197174,5965.54
13364,7197490,5965.54
13364,7197795,5965.54
13364,7198161,5965.54
13364,7198471,5965.54
13364,7198774,5965.54
13364,7199020,5965.54
13364,7199320,5965.54
13364,7199625,5965.54
13364,7199982,5965.54
13364,7200309,5965.54
13364,7200614,5965.54
13364,7200914,5965.54
13364,7201164,5965.54
13364,7201524,5965.54
13364,7201836,5965.54
13364,7202136,5965.54
13364,7202390,5965.54
13364,7202697,5965.54
13364,7203072,5965.54
13364,7203430,5965.54
13364,7203742,5965.54
13364,7204050,5965.54
13364,7204370,5965.54
13364,7204679,5965.54
13364,7204983,5965.54
13364,7205281,5965.54
13364,7205605,5965.54
13364,7205914,5965.54
13364,7206216,5965.54
13364,7206457,5965.54
13364,7206754,5965.54
13364,7207075,5965.54
13364,7207378,5965.54
13364,7207684,5965.54
13364,7208059,5965.54
13364,7208366,5965.54
13364,7208672,5965.54
13364,7208905,5965.54
13364,7209220,5965.54
13364,7209588,5965.54
13364,7209897,5965.54
13364,7210173,5965.54
13364,7210515,5965.54
13364,7210818,5965.54
13364,7211120,5965.54
13364,7211361,5965.54
13364,7211688,5965.54
13364,7211986,5965.54
13364,7212299,5965.54
13364,7212608,5965.54
13364,7212915,5965.54
13364,7213283,5965.54
13364,7213590,5965.54
13364,7213892,5965.54
13364,7214208,5965.54
13364,7214511,5965.54
13364,7214814,5965.54
13364,7215128,5965.54
13364,7215423,5965.54
13364,7215669,5965.54
13364,7215991,5965.54
13364,7216341,5965.54
13364,7216651,5965.54
13364,7216954,5965.54
13364,7217258,5965.54
13364,7217513,5965.54
13364,7217871,5965.54
13364,7218176,5965.54
13364,7218407,5965.54
13364,7218740,5965.54
13364,7219084,5965.54
13364,7219408,5965.54
13364,7219707,5965.54
13364,7220015,5965.54
13364,7220330,5965.54
13364,7220572,5965.54
13364,7220927,5965.54
13364,7221320,5965.54
13364,7221629,5965.54
13364,7221937,5965.54
13364,7222186,5965.54
13364,7222550,5965.54
13364,7222857,5965.54
13364,7223178,5965.54
13364,7223484,5965.54
13364,7223786,5965.54
13364,7224087,5965.54
13364,7224397,5965.54
13364,7224712,5965.54
13364,7225015,5965.54
13364,7225255,5965.54
13364,7225569,5965.54
13364,7225872,5965.54
13364,7226178,5965.54
13364,7226542,5965.54
13364,7226852,5965.54
13364,7227155,5965.54
13364,7227458,5965.54
13364,7227771,5965.54
13364,7228082,5965.54
13364,7228317,5965.54
13364,7228636,5965.54
13364,7228953,5965.54
13364,7229301,5965.54
13364,7229622,5965.54
13364,7229921,5965.54
13364,7230234,5965.54
13364,7230476,5965.54
13364,7230826,5965.54
13364,7231095,5965.54
13364,7231387,5965.54
13364,7231771,5965.54
13364,7231995,5965.54
13364,7232388,5965.54
13364,7232693,5965.54
13364,7232968,5965.54
13364,7233288,5965.54
13364,7233559,5965.54
13364,7233861,5965.54
13364,7234141,5965.54
13364,7234528,5965.54
13364,7234842,5965.54
13364,7235128,5965.54
13364,7235398,5965.54
13364,7235708,5965.54
13364,7235996,5965.54
13364,7236377,5965.54
13364,7236675,5965.54
13364,7236978,5965.54
13364,7237280,5965.54
13364,7237550,5965.54
13364,7237905,5965.54
13364,7238220,5965.54
13364,7238531,5965.54
13364,7238847,5965.54
13364,7239216,5965.54
13364,7239504,5965.54
13364,7239769,5965.54
13364,7240084,5965.54
13364,7240391,5965.54
13364,7240680,5965.54
13364,7241069,5965.54
13364,7241323,5965.54
13364,7241629,5965.54
13364,7241910,5965.54
13364,7242298,5965.54
13364,7242602,5965.54
13364,7242895,5965.54
13364,7243168,5965.54
13364,7243474,5965.54
13364,7243766,5965.54
13364,7244153,5965.54
13364,7244467,5965.54
13364,7244768,5965.54
13364,7245034,5965.54
13364,7245316,5965.54
13364,7245638,5965.54
13364,7246031,5965.54
13364,7246322,5965.54
13364,7247280,5965.54
13364,7247689,5965.54
13364,7248071,5965.54
13364,7248960,5965.54
13364,7250608,5965.54
13364,7252439,5965.54
13364,7252708,5965.54
13364,7253054,5965.54
13364,7253357,5965.54
13364,7253639,5965.54
13364,7254522,5965.54
13364,7257294,5965.54
13364,7260125,5965.54
13364,7263203,5965.54
13364,7266924,5965.54
13364,7271420,5965.54
13364,7277424,5964.29
13364,7285226,5964.29
13364,7296543,5964.29
13364,7310450,5964.29
13364,7327220,5964.56
13364,7347451,5964.56
13364,7368444,5964.56
13364,7389583,5964.56
13364,7411077,5964.56
13364,7433065,5964.48
13364,7455099,5964.48
13364,7477371,5964.48
13364,7500281,5964.48
13364,7523023,5964.48
13364,7545584,5964.41
13364,7568150,5964.41
13364,7591028,5964.41
13364,7613954,5964.41
13364,7636594,5964.41
13364,7659495,5964.46
13364,7682679,5964.46
13364,7705587,5964.46
13364,7728610,5964.46
13364,713968,5964.6
13364,735730,5964.6
13364,757549,5964.6
13364,779225,5964.59
13364,800961,5964.59
13364,822638,5964.59
13364,844367,5964.59
13364,866298,5964.59
13364,888155,5964.57
13364,909829,5964.57
13364,931557,5964.57
13364,953203,5964.57
13364,975085,5964.59
13364,996579,5964.59
13364,1018615,5964.59
13364,1040501,5964.59
13364,1062247,5964.59
13364,1084015,5964.59
13364,1105887,5964.59
13364,1127673,5964.59
13364,1149427,5964.59
13364,1171430,5964.59
13364,1193211,5964.55
13364,1215125,5964.55
13364,1236967,5964.55
13364,1258790,5964.55
13364,1280755,5964.78
13364,1302763,5964.78
13364,1324306,5964.78
13364,1346038,5964.78
13364,1367889,5964.78
13364,1389541,5964.57
13364,7751600,5964.57
13364,7774570,5964.57
13364,7797480,5964.57
13364,7820459,5964.57
13364,7843347,5964.57
13364,7866391,5964.4
13364,7889576,5964.4
13364,7912681,5964.4
13364,7935730,5964.4
13364,7958841,5964.4
13364,7981824,5964.54
13364,7996463,5964.54
13364,7996735,5964.54
13364,7997047,5964.54
13364,7997356,5964.54
13364,7997653,5964.53
13364,7998008,5964.53
13364,7998336,5964.53
13364,7998634,5964.53
13364,7998872,5965.54
13364,7999201,5965.54
13364,7999503,5965.54
13364,7999890,5965.54
13364,8000248,5965.54
13364,8000556,5965.54
13364,8000795,5965.54
13364,8001088,5965.54
13364,8001350,5965.54
13364,8001731,5965.54
13364,8002034,5965.54
13364,8002412,5965.54
13364,8002715,5965.54
13364,8003024,5965.54
13364,8003270,5965.54
13364,8003574,5965.54
13364,8003889,5965.54
13364,8004238,5965.54
13364,8004552,5965.54
13364,8004865,5965.54
13364,8005097,5965.54
13364,8005415,5965.54
13364,8006368,5965.54
13364,8020303,5965.54
13364,8040423,5965.54
13364,8062035,5965.54
13364,8084178,5965.54
13364,8106374,5965.54
13364,8128940,5965.54
13364,8151115,5964.47
13364,8174234,5964.47
13364,8197082,5964.47
13364,8219975,5964.47
13364,8242786,5964.47
13364,8265566,5964.45
13364,8288991,5964.45
13364,8312527,5964.45
13364,8336216,5964.45
13364,8359908,5964.5
13364,8383479,5964.5
13364,8407244,5964.5
13364,8431410,5964.5
13364,8455243,5964.5
13364,8479117,5964.51
13364,8502733,5964.51
13364,8525423,5964.51
13364,8549068,5964.51
13364,8572364,5964.51
13364,8595549,5964.54
13364,8618840,5964.54
13364,8642100,5964.54
13364,8665030,5964.54
13364,8685030,5964.54
13364,8685314,5964.49
13364,8685558,5964.49
13364,8685953,5964.49
13364,8686328,5964.49
13364,8698048,5965.54
13364,8720661,5965.54
13364,8743337,5965.54
13364,8765868,5965.54
13364,8788897,5965.54
13364,8811787,5964.16
13364,8834581,5964.16
13364,8857631,5964.16
13364,8880599,5964.16
13364,8903836,5964.16
13364,8926794,5964.45
13364,8950050,5964.45
13364,8973218,5964.45
13364,8996906,5964.45
13364,9020097,5964.45
13364,9043457,5964.43
13364,9066915,5964.43
13364,9090071,5964.43
13364,9113255,5964.43
13364,9136810,5964.43
13364,9160230,5964.5
13364,9183771,5964.5
13364,9191706,5964.5
13364,9192019,5964.5
13364,9192322,5964.49
13364,9192568,5964.49
13364,9192933,5964.49
13364,9193239,5964.49
13364,9199669,5964.49
13364,9221361,5965.54
13364,9244135,5965.54
13364,9266788,5965.54
13364,9289997,5965.54
13364,9313151,5965.54
13364,9336161,5964.23
13364,9350586,5964.23
13364,9350901,5964.23
13364,9351229,5964.23
13364,9353104,5964.23
13364,9372537,5964.53
13364,9395623,5964.53
13364,9418375,5964.53
13364,9441297,5964.53
13364,9463796,5964.4
13364,9486625,5964.4
13364,9509383,5964.4
13364,9532906,5964.4
13364,9556246,5964.4
13364,9579810,5964.59
13364,9603565,5964.59
13364,9626898,5964.59
13364,9650602,5964.59
13364,9674408,5964.59
13364,9691833,5964.47
13364,9692136,5964.47
13364,9692434,5964.47
13364,9692741,5964.47
13364,9693107,5964.47
13364,9700009,5965.54
13364,9722539,5965.54
13364,9745330,5965.54
13364,9768047,5965.54
13364,9791130,5964.58
13364,9814187,5964.58
13364,9837442,5964.58
13364,9860505,5964.58
13364,9883661,5964.58
13364,9906954,5964.45
13364,9930239,5964.45
13364,9953562,5964.45
13364,9976595,5964.45
13364,9999546,5964.45
13364,10022678,5964.48
13364,10046100,5964.48
13364,10069124,5964.48
13364,10092184,5964.48
13364,10115484,5964.48
13364,10139660,5964.51
13364,10163271,5964.51
13364,10186556,5964.51
13364,10210057,5964.51
13364,10233627,5964.59
13364,10254619,5964.59
13364,10254896,5964.59
13364,10255251,5964.59
13364,10255502,5964.59
13364,10255810,5964.44
13364,10256173,5964.44
13364,10256480,5964.44
13364,10256801,5964.44
13364,10257102,5964.44
13364,10257358,5965.54
13364,10257724,5965.54
13364,10258030,5965.54
13364,10258273,5965.54
13364,10258576,5965.54
13364,10258951,5965.54
13364,10259258,5965.54
13364,10259509,5965.54
13364,10259812,5965.54
13364,10260113,5965.54
13364,10260431,5965.54
13364,10260792,5965.54
13364,10261094,5965.54
13364,10263045,5965.54
13364,10281851,5965.54
13364,10303492,5965.54
13364,10325432,5965.54
13364,10347981,5965.54
13364,10370971,5965.54
13364,10393810,5964.28
13364,10416509,5964.28
13364,10439572,5964.28
13364,10462558,5964.28
13364,10485546,5964.28
13364,10508817,5964.48
13364,10531843,5964.48
13364,10554876,5964.48
13364,10578059,5964.48
13364,10601159,5964.51
13364,10623991,5964.51
13364,10646791,5964.51
13364,10670617,5964.51
13364,10694810,5964.51
13364,10718859,5964.58
13364,10742800,5964.58
13364,10766092,5964.58
13364,10789390,5964.58
13364,10812419,5964.58
13364,10835583,5964.54
13364,10858718,5964.54
13364,10881490,5964.54
13364,10904590,5964.54
13364,10927994,5964.54
13364,10950955,5964.55
13364,10974127,5964.55
13364,10997393,5964.55
13364,11020927,5964.55
13364,11044221,5964.45
13364,11067780,5964.45
13364,11086973,5964.45
13364,11086973,5964.45
13364,11086973,5964.45
13364,11086973,5964.46
13364,11086973,5964.46
13364,11086973,5964.46
13364,11086973,5964.46
13364,1410909,5964.57
13364,1432797,5964.57
13364,1454297,5964.57
13364,1475558,5964.57
13364,1497107,5964.46
13364,1518560,5964.46
13364,1540220,5964.46
13364,1561576,5964.46
13364,1582984,5964.46
13364,1604744,5964.52
13364,1626351,5964.52
13364,1647583,5964.52
13364,1669561,5964.52
13364,1691614,5964.53
13364,1713502,5964.53
13364,1735554,5964.53
13364,1757697,5964.53
13364,1779620,5964.53
13364,1801711,5964.72
13364,1823325,5964.72
13364,1845130,5964.72
13364,1867000,5964.72
13364,1889254,5964.72
13364,1911180,5964.61
13364,1933551,5964.61
13364,1955575,5964.61
13364,1977325,5964.61
13364,1999092,5964.61
13364,2020979,5964.54
13364,2042862,5964.54
13364,2065127,5964.54
13364,2087676,5964.54
13364,2109934,5964.54
13364,2132198,5964.51
13364,2154958,5964.51
13364,2177256,5964.51
13364,2198903,5964.51
13364,2220399,5964.57
13364,2241895,5964.57
13364,2263400,5964.57
13364,2285292,5964.57
13364,2306751,5964.57
13364,2328368,5964.54
13364,2349982,5964.54
13364,2371488,5964.54
13364,2393082,5964.54
13364,2414707,5964.54
13364,2436365,5964.55
13364,2457739,5964.55
13364,2479330,5964.55
13364,2501043,5964.55
13364,2522853,5964.55
13364,2544864,5964.57
13364,2567142,5964.57
13364,2589465,5964.57
13364,2611817,5964.57
13364,2634356,5964.64
13364,2656861,5964.64
13364,2679157,5964.64
13364,2701025,5964.64
13364,2722620,5964.64
13364,2744280,5964.56
13364,2765838,5964.56
13364,2787397,5964.56
13364,2809119,5964.56
13364,2830569,5964.56
13364,2852203,5964.53
13364,2873904,5964.53
13364,2895349,5964.53
13364,2916860,5964.53
13364,2938750,5964.53
13364,2960490,5964.58
13364,2982242,5964.58
13364,3004092,5964.58
13364,3026155,5964.58
13364,3047671,5964.5
13364,3069434,5964.5
13364,3090927,5964.5
13364,3112838,5964.5
13364,3134688,5964.5
13364,3156602,5964.52
13364,3178229,5964.52
13364,3200241,5964.52
13364,3222385,5964.52
13364,3244276,5964.52
13364,3266398,5964.46
13364,3288187,5964.46
13364,3309954,5964.46
13364,3331550,5964.46
13364,3352926,5964.46
13364,3374824,5964.64
13364,3396578,5964.64
13364,3417713,5964.64
13364,3438814,5964.64
13364,3460464,5964.51
13364,3482106,5964.51
13364,3503475,5964.51
13364,3524834,5964.51
13364,3546220,5964.51
13364,3567903,5964.53
13364,3589588,5964.53
13364,3611116,5964.53
13364,3632918,5964.53
13364,3654776,5964.53
13364,3676523,5964.56
13364,3698549,5964.56
13364,3720696,5964.56
13364,3742683,5964.56
13364,3764605,5964.56
13364,3786863,5964.59
13364,3808741,5964.59
13364,3830768,5964.59
13364,3852798,5964.59
13364,3874793,5964.41
13364,3896423,5964.41
13364,3918069,5964.41
13364,3939454,5964.41
13364,3961057,5964.41
13364,3982170,5964.52
13364,4003567,5964.52
13364,4025076,5964.52
13364,4046309,5964.52
13364,4067549,5964.52
13364,4089218,5964.54
13364,4110951,5964.54
13364,4132752,5964.54
13364,4154590,5964.54
13364,4176381,5964.52
13364,4198544,5964.52
13364,4220398,5964.52
13364,4242169,5964.52
13364,4264437,5964.52
13364,4286324,5964.62
13364,4308207,5964.62
13364,4330087,5964.62
13364,4351863,5964.62
13364,4373501,5964.62
13364,4395247,5964.54
13364,4416987,5964.54
13364,4438931,5964.54
13364,4461155,5964.54
13364,4483188,5964.54
13364,4505339,5964.56
13364,4526955,5964.56
13364,4548459,5964.56
13364,4570013,5964.56
13364,4591514,5964.65
13364,4613242,5964.65
13364,4635111,5964.65
13364,4657024,5964.65
13364,4679090,5964.65
13364,4701024,5964.5
13364,4722937,5964.5
13364,4744700,5964.5
13364,4766961,5964.5
13364,4788838,5964.5
13364,4810977,5964.53
13364,4832736,5964.53
13364,4854847,5964.53
13364,4876282,5964.53
13364,4897656,5964.53
13364,4919022,5964.54
13364,4940279,5964.54
13364,4961918,5964.54
13364,4983488,5964.54
13364,5004897,5964.52
13364,5026411,5964.52
13364,5048300,5964.52
13364,5069828,5964.52
13364,5091317,5964.52
13364,5113222,5964.55
13364,5134855,5964.55
13364,5156705,5964.55
13364,5178349,5964.55
13364,5200120,5964.55
13364,5221885,5964.56
13364,5243510,5964.56
13364,5264927,5964.56
13364,5286388,5964.56
13364,5308194,5964.56
13364,5329544,5964.52
13364,5350777,5964.52
13364,5372003,5964.52
13364,5393533,5964.52
13364,5414883,5964.55
13364,5436280,5964.55
13364,5457732,5964.55
13364,5479021,5964.55
13364,5500750,5964.55
13364,5522345,5964.49
13364,5543932,5964.49
13364,5565148,5964.49
13364,5586889,5964.49
13364,5609073,5964.49
13364,5631099,5964.61
13364,5653474,5964.61
13364,5675624,5964.61
13364,5697891,5964.61
13364,5720191,5964.61
13364,5742500,5964.51
13364,5764651,5964.51
13364,5786103,5964.51
13364,5807600,5964.51
13364,5828600,5964.51
13364,5849830,5964.5
13364,5870971,5964.5
13364,5892339,5964.5
13364,5913807,5964.5
13364,5935146,5964.54
13364,5957080,5964.54
13364,5978600,5964.54
13364,6000282,5964.54
13364,6022367,5964.54
13364,6044253,5964.52
13364,6066106,5964.52
13364,6087704,5964.52
13364,6109678,5964.52
13364,6131321,5964.52
13364,6152957,5964.55
13364,6174573,5964.55
13364,6196625,5964.55
13364,6218599,5964.55
13364,6240410,5964.55
13364,6262517,5964.51
13364,6284537,5964.51
13364,6306152,5964.51
13364,6327787,5964.51
13364,6349802,5964.54
13364,6371490,5964.54
13364,6393076,5964.54
13364,6414710,5964.54
13364,6436473,5964.54
13364,6458074,5964.51
13364,6479591,5964.51
13364,6501495,5964.51
13364,6523155,5964.51
13364,6545016,5964.51
13364,6566504,5964.66
13364,6588146,5964.66
13364,6609725,5964.66
13364,6631259,5964.66
13364,6652776,5964.66
13364,6674278,5964.41
13364,6695909,5964.41
13364,6717547,5964.41
13364,6739309,5964.41
13364,6761062,5964.46
13364,6782821,5964.46
13364,6804426,5964.46
13364,6825932,5964.46
13364,6847462,5964.46
13364,6869244,5964.58
13364,6890724,5964.58
13364,6894843,5964.58
13364,6895210,5964.58
13364,6895506,5964.58
13364,6895768,5964.49
13364,6896066,5964.49
13364,6896370,5964.49
13364,6896684,5964.49
13364,6896976,5964.49
13364,6897346,5965.54
13364,6897659,5965.54
13364,6897899,5965.54
13364,6898205,5965.54
13364,6898496,5965.54
13364,6898780,5965.54
13364,6899126,5965.54
13364,6899429,5965.54
13364,6899744,5965.54
13364,6900117,5965.54
13364,6900420,5965.54
13364,6900735,5965.54
13364,6900979,5965.54
13364,6901334,5965.54
13364,6901651,5965.54
13364,6901902,5965.54
13364,6902209,5965.54
13364,6902519,5965.54
13364,6902883,5965.54
13364,6903188,5965.54
13364,6903439,5965.54
13364,6903754,5965.54
13364,6904126,5965.54
13364,6904424,5965.54
13364,6904744,5965.54
13364,6904983,5965.54
13364,6905295,5965.54
13364,6905602,5965.54
13364,6905971,5965.54
13364,6906271,5965.54
13364,6906582,5965.54
13364,6906884,5965.54
13364,6907129,5965.54
13364,6907432,5965.54
13364,6907730,5965.54
13364,6908106,5965.54
13364,6908419,5965.54
13364,6908733,5965.54
13364,6909040,5965.54
13364,6909285,5965.54
13364,6909601,5965.54
13364,6909938,5965.54
13364,6910267,5965.54
13364,6910582,5965.54
13364,6910822,5965.54
13364,6911133,5965.54
13364,6911486,5965.54
13364,6911812,5965.54
13364,6912128,5965.54
13364,6912365,5965.54
13364,6912680,5965.54
13364,6912975,5965.54
13364,6913428,5965.54
13364,6913731,5965.54
13364,6913983,5965.54
13364,6914287,5965.54
13364,6914631,5965.54
13364,6914958,5965.54
13364,6915259,5965.54
13364,6915509,5965.54
13364,6915827,5965.54
13364,6916125,5965.54
13364,6916486,5965.54
13364,6916794,5965.54
13364,6917030,5965.54
13364,6917409,5965.54
13364,6917724,5965.54
13364,6917991,5965.54
13364,6918286,5965.54
13364,6918623,5965.54
13364,6918949,5965.54
13364,6919200,5965.54
13364,6919511,5965.54
13364,6919880,5965.54
13364,6920105,5965.54
13364,6920486,5965.54
13364,6920803,5965.54
13364,6921043,5965.54
13364,6921408,5965.54
13364,6921638,5965.54
13364,6921952,5965.54
13364,6922307,5965.54
13364,6922633,5965.54
13364,6922863,5965.54
13364,6923179,5965.54
13364,6923490,5965.54
13364,6923798,5965.54
13364,6924105,5965.54
13364,6924415,5965.54
13364,6924725,5965.54
13364,6925086,5965.54
13364,6925395,5965.54
13364,6925704,5965.54
13364,6925946,5965.54
13364,6926344,5965.54
13364,6926646,5965.54
13364,6926969,5965.54
13364,6927276,5965.54
13364,6927581,5965.54
13364,6927942,5965.54
13364,6928196,5965.54
13364,6928499,5965.54
13364,6928808,5965.54
13364,6929172,5965.54
13364,6929488,5965.54
13364,6929791,5965.54
13364,6930032,5965.54
13364,6930335,5965.54
13364,6930708,5965.54
13364,6931015,5965.54
13364,6931317,5965.54
13364,6931566,5965.54
13364,6931873,5965.54
13364,6932235,5965.54
13364,6932542,5965.54
13364,6932778,5965.54
13364,6933108,5965.54
13364,6933467,5965.54
13364,6933780,5965.54
13364,6934022,5965.54
13364,6934340,5965.54
13364,6934650,5965.54
13364,6935010,5965.54
13364,6935301,5965.54
13364,6935630,5965.54
13364,6935935,5965.54
13364,6936243,5965.54
13364,6936484,5965.54
13364,6936799,5965.54
13364,6937102,5965.54
13364,6937417,5965.54
13364,6937717,5965.54
13364,6938023,5965.54
13364,6938388,5965.54
13364,6938768,5965.54
13364,6939059,5965.54
13364,6939385,5965.54
13364,6939620,5965.54
13364,6940005,5965.54
13364,6940315,5965.54
13364,6940618,5965.54
13364,6940874,5965.54
13364,6941174,5965.54
13364,6941478,5965.54
13364,6941845,5965.54
13364,6942158,5965.54
13364,6942383,5965.54
13364,6942709,5965.54
13364,6943020,5965.54
13364,6943387,5965.54
13364,6943684,5965.54
13364,6943992,5965.54
13364,6948034,5965.54
13364,6965089,5965.54
13364,6983882,5965.54
13368,66296,5964.5
13368,89302,5964.44
13368,112369,5964.44
13368,136046,5964.44
13368,159483,5964.44
13368,182882,5964.44
13368,206436,5964.56
13368,230508,5964.56
13368,254320,5964.56
13368,278369,5964.56
13368,302452,5964.41
13368,326198,5964.41
13368,350093,5964.41
13368,373692,5964.41
13368,397354,5964.41
13368,420927,5964.52
13368,444395,5964.52
13368,467836,5964.52
13368,491375,5964.52
13368,515088,5964.52
13368,538478,5964.52
13368,562040,5964.52
13368,585579,5964.52
13368,609529,5964.52
13368,632687,5964.52
13368,656413,5964.44
13368,679749,5964.44
13368,6931397,5964.5
13368,6954516,5964.5
13368,6977908,5964.53
13368,7000968,5964.53
13368,7024393,5964.53
13368,7047550,5964.46
13368,7070979,5964.46
13368,7094204,5964.49
13368,7117699,5964.49
13368,7141119,5964.54
13368,7165542,5964.54
13368,7189498,5964.43
13368,7213422,5964.43
13368,7237371,5964.43
13368,7261317,5964.47
13368,7285497,5964.47
13368,7309584,5964.4
13368,7313315,5964.4
13368,7313684,5964.43
13368,7313932,5964.43
13368,7314298,5965.54
13368,7314523,5965.54
13368,7314855,5965.54
13368,7315230,5965.54
13368,7315545,5965.54
13368,7315892,5965.54
13368,7316141,5965.54
13368,7316456,5965.54
13368,7316836,5965.54
13368,7317141,5965.54
13368,7317442,5965.54
13368,7317752,5965.54
13368,7318052,5965.54
13368,7318289,5965.54
13368,7318613,5965.54
13368,7318923,5965.54
13368,7319221,5965.54
13368,7319528,5965.54
13368,7319841,5965.54
13368,7320198,5965.54
13368,7320449,5965.54
13368,7320756,5965.54
13368,7321068,5965.54
13368,7321364,5965.54
13368,7321681,5965.54
13368,7321986,5965.54
13368,7322346,5965.54
13368,7322665,5965.54
13368,7322969,5965.54
13368,7323208,5965.54
13368,7323516,5965.54
13368,7323831,5965.54
13368,7324098,5965.54
13368,7324438,5965.54
13368,7324742,5965.54
13368,7325052,5965.54
13368,7325400,5965.54
13368,7325643,5965.54
13368,7330856,5965.54
13368,7353232,5965.54
13368,7376404,5965.54
13368,7399537,5964.34
13368,7422097,5964.34
13368,7444631,5964.39
13368,7467532,5964.39
13368,7490192,5964.39
13368,7513455,5964.4
13368,7536279,5964.4
13368,7558938,5964.48
13368,7581999,5964.48
13368,7613982,5964.42
13368,703073,5964.44
13368,727011,5964.44
13368,750580,5964.64
13368,773956,5964.64
13368,797296,5964.64
13368,820474,5964.64
13368,843788,5964.64
13368,866992,5964.31
13368,890166,5964.31
13368,913516,5964.31
13368,936763,5964.31
13368,960267,5964.31
13368,983774,5964.59
13368,1007512,5964.59
13368,1030922,5964.59
13368,1054289,5964.59
13368,1077628,5964.59
13368,1101006,5964.39
13368,1124586,5964.39
13368,1148004,5964.39
13368,1171447,5964.39
13368,1194856,5964.54
13368,1218440,5964.54
13368,1242380,5964.54
13368,1266352,5964.54
13368,1290489,5964.54
13368,1314788,5964.53
13368,1339067,5964.53
13368,1363171,5964.53
13368,7638123,5964.42
13368,7661016,5964.42
13368,7684111,5964.5
13368,7707705,5964.5
13368,7731159,5964.4
13368,7754457,5964.4
13368,7777949,5964.58
13368,7801640,5964.58
13368,7825599,5964.41
13368,7849885,5964.41
13368,7873809,5964.41
13368,7897564,5964.47
13368,7921289,5964.47
13368,7944973,5964.47
13368,7968531,5964.47
13368,7992288,5964.51
13368,8016168,5964.51
13368,8039959,5964.49
13368,8063846,5964.49
13368,8087962,5964.49
13368,8111980,5964.45
13368,8136074,5964.45
13368,8159902,5964.43
13368,8183863,5964.43
13368,8207890,5964.47
13368,8231850,5964.47
13368,8255912,5964.47
13368,8279831,5964.5
13368,8303655,5964.5
13368,8327583,5964.54
13368,8351374,5964.54
13368,8375066,5964.47
13368,8398858,5964.47
13368,8422185,5964.49
13368,8445974,5964.49
13368,8469769,5964.49
13368,8493194,5964.43
13368,8517154,5964.43
13368,8541004,5964.45
13368,8564890,5964.45
13368,8589177,5964.51
13368,8613125,5964.51
13368,8636810,5964.43
13368,8661030,5964.43
13368,8685483,5964.43
13368,8709658,5964.37
13368,8733844,5964.37
13368,8757404,5964.42
13368,8780818,5964.42
13368,8804280,5964.5
13368,8828074,5964.5
13368,8851728,5964.52
13368,8875151,5964.52
13368,8898517,5964.52
13368,8922040,5964.46
13368,8945298,5964.46
13368,8968720,5964.53
13368,8992403,5964.53
13368,9016285,5964.37
13368,9040041,5964.37
13368,9064101,5964.39
13368,9088090,5964.39
13368,9112110,5964.39
13368,9135932,5964.45
13368,9159544,5964.45
13368,9183463,5964.57
13368,9206852,5964.57
13368,9230595,5964.45
13368,9254350,5964.45
13368,9278238,5964.45
13368,9302161,5964.49
13368,9325712,5964.49
13368,9328575,5964.46
13368,9328804,5964.46
13368,9329189,5965.54
13368,9329492,5965.54
13368,9329742,5965.54
13368,9330050,5965.54
13368,9330407,5965.54
13368,9338025,5965.54
13368,9359986,5965.54
13368,9382762,5964.6
13368,9405947,5964.6
13368,9429226,5964.3
13368,9452580,5964.3
13368,9476338,5964.48
13368,9499525,5964.48
13368,9505905,5964.48
13368,9506119,5964.46
13368,9506502,5964.46
13368,9506826,5965.54
13368,9507130,5965.54
13368,9507386,5965.54
13368,9507750,5965.54
13368,9508061,5965.54
13368,9508290,5965.54
13368,9508688,5965.54
13368,9509036,5965.54
13368,9509279,5965.54
13368,9509610,5965.54
13368,9509911,5965.54
13368,9510278,5965.54
13368,9510588,5965.54
13368,9510835,5965.54
13368,9511144,5965.54
13368,9511511,5965.54
13368,9511757,5965.54
13368,9512069,5965.54
13368,9512382,5965.54
13368,9512685,5965.54
13368,9513053,5965.54
13368,9513344,5965.54
13368,9513612,5965.54
13368,9513896,5965.54
13368,9513896,5965.54
13368,1387422,5964.53
13368,1411259,5964.53
13368,1434989,5964.41
13368,1458510,5964.41
13368,1482223,5964.41
13368,1505402,5964.41
13368,1528944,5964.41
13368,1552130,5964.47
13368,1575391,5964.47
13368,1598836,5964.47
13368,1621916,5964.47
13368,1645535,5964.45
13368,1669316,5964.45
13368,1692765,5964.45
13368,1716339,5964.45
13368,1739816,5964.45
13368,1763460,5964.46
13368,1787901,5964.46
13368,1811966,5964.46
13368,1835877,5964.46
13368,1860047,5964.46
13368,1884776,5964.51
13368,1909484,5964.51
13368,1933976,5964.51
13368,1958212,5964.51
13368,1981925,5964.51
13368,2005373,5964.65
13368,2028525,5964.65
13368,2051941,5964.65
13368,2075058,5964.65
13368,2098677,5964.65
13368,2121960,5964.54
13368,2145783,5964.54
13368,2169194,5964.54
13368,2192218,5964.54
13368,2216032,5964.54
13368,2239790,5964.51
13368,2263694,5964.51
13368,2287669,5964.51
13368,2311956,5964.51
13368,2335844,5964.52
13368,2359745,5964.52
13368,2383559,5964.52
13368,2406894,5964.52
13368,2430638,5964.52
13368,2454756,5964.52
13368,2478433,5964.52
13368,2502184,5964.52
13368,2526188,5964.52
13368,2549600,5964.52
13368,2572960,5964.51
13368,2596348,5964.51
13368,2619998,5964.51
13368,2643112,5964.51
13368,2666491,5964.51
13368,2690044,5964.51
13368,2713436,5964.51
13368,2736879,5964.51
13368,2760298,5964.51
13368,2783716,5964.51
13368,2807137,5964.52
13368,2830218,5964.52
13368,2853929,5964.52
13368,2877383,5964.52
13368,2900964,5964.52
13368,2901289,5964.55
13368,2901546,5964.55
13368,2901849,5964.55
13368,2902879,5964.55
13368,2919544,5965.54
13368,2942797,5965.54
13368,2966268,5965.54
13368,2990137,5965.54
13368,3013254,5965.54
13368,3036270,5964.33
13368,3059452,5964.33
13368,3082375,5964.33
13368,3105528,5964.33
13368,3128874,5964.33
13368,3152464,5964.56
13368,3176439,5964.56
13368,3200157,5964.56
13368,3223666,5964.56
13368,3247243,5964.56
13368,3270661,5964.55
13368,3294317,5964.55
13368,3318404,5964.55
13368,3342021,5964.55
13368,3365534,5964.55
13368,3389309,5964.41
13368,3413292,5964.41
13368,3437486,5964.41
13368,3461365,5964.41
13368,3485452,5964.42
13368,3509405,5964.42
13368,3533384,5964.42
13368,3556839,5964.42
13368,3580024,5964.42
13368,3603449,5964.52
13368,3626503,5964.52
13368,3649794,5964.52
13368,3672845,5964.52
13368,3696267,5964.52
13368,3719540,5964.48
13368,3743491,5964.48
13368,3767051,5964.48
13368,3790870,5964.48
13368,3814683,5964.48
13368,3838602,5964.5
13368,3862513,5964.5
13368,3886729,5964.5
13368,3896169,5964.5
13368,3896512,5964.51
13368,3896807,5964.51
13368,3897519,5964.51
13368,3910702,5964.51
13368,3934130,5964.51
13368,3957931,5965.54
13368,3981509,5965.54
13368,4004796,5965.54
13368,4027849,5965.54
13368,4051267,5965.54
13368,4074690,5964.48
13368,4098245,5964.48
13368,4121664,5964.48
13368,4144815,5964.48
13368,4167870,5964.48
13368,4191423,5964.53
13368,4214708,5964.53
13368,4238160,5964.53
13368,4261575,5964.53
13368,4285254,5964.34
13368,4309011,5964.34
13368,4332494,5964.34
13368,4355805,5964.34
13368,4379319,5964.34
13368,4402831,5964.52
13368,4426681,5964.52
13368,4450758,5964.52
13368,4474704,5964.52
13368,4498822,5964.52
13368,4522838,5964.49
13368,4546390,5964.49
13368,4569920,5964.49
13368,4593474,5964.49
13368,4617224,5964.49
13368,4640842,5964.4
13368,4664863,5964.4
13368,4688587,5964.4
13368,4712365,5964.4
13368,4735917,5964.4
13368,4759862,5964.44
13368,4783817,5964.44
13368,4807621,5964.44
13368,4831678,5964.44
13368,4856000,5964.34
13368,4880175,5964.34
13368,4904379,5964.34
13368,4928819,5964.34
13368,4952640,5964.34
13368,4976687,5964.36
13368,5000772,5964.36
13368,5025093,5964.36
13368,5048550,5964.36
13368,5072076,5964.36
13368,5095630,5964.48
13368,5118920,5964.48
13368,5142106,5964.48
13368,5165528,5964.48
13368,5189321,5964.48
13368,5213372,5964.44
13368,5237660,5964.44
13368,5261705,5964.44
13368,5285581,5964.44
13368,5309494,5964.44
13368,5333144,5964.49
13368,5356993,5964.49
13368,5381169,5964.49
13368,5404682,5964.49
13368,5428931,5964.48
13368,5452921,5964.48
13368,5476271,5964.48
13368,5499953,5964.48
13368,5523474,5964.48
13368,5546698,5964.47
13368,5570021,5964.47
13368,5593278,5964.47
13368,5616304,5964.47
13368,5639727,5964.47
13368,5663354,5964.48
13368,5686703,5964.48
13368,5710286,5964.48
13368,5733441,5964.48
13368,5756207,5964.48
13368,5779395,5964.46
13368,5802787,5964.46
13368,5826109,5964.46
13368,5849595,5964.46
13368,5872720,5964.46
13368,5895873,5964.54
13368,5919160,5964.54
13368,5942976,5964.54
13368,5966898,5964.54
13368,5991107,5964.49
13368,6015216,5964.49
13368,6039364,5964.49
13368,6063949,5964.49
13368,6088493,5964.49
13368,6112709,5964.44
13368,6136295,5964.44
13368,6159910,5964.44
13368,6183225,5964.44
13368,6207045,5964.44
13368,6230857,5964.55
13368,6254278,5964.55
13368,6277801,5964.44
13368,6300924,5964.44
13368,6324268,5964.52
13368,6347625,5964.52
13368,6370948,5964.52
13368,6394538,5964.46
13368,6417995,5964.46
13368,6441783,5964.34
13368,6464903,5964.34
13368,6488524,5964.47
13368,6512178,5964.47
13368,6535601,5964.47
13368,6558752,5964.39
13368,6581843,5964.39
13368,6605124,5964.42
13368,6618837,5964.42
13368,6619093,5964.37
13368,6619438,5964.37
13368,6619756,5965.54
13368,6626162,5965.54
13368,6648429,5965.54
13368,6671469,5964.71
13368,6694917,5964.71
13368,6718333,5964.5
13368,6742252,5964.5
13368,6766062,5964.41
13368,6789108,5964.41
13368,6812933,5964.46
13368,6836542,5964.46
13368,6860157,5964.46
13368,6883615,5964.49
13368,6907807,5964.49
13369,1629,5964.52
13369,1940,5965.54
13369,2313,5965.54
13369,2619,5965.54
13369,2918,5965.54
13369,3161,5965.54
13369,3472,5965.54
13369,11111,5965.54
13369,32720,5965.54
13369,55107,5965.54
13369,77646,5964.18
13369,100386,5964.18
13369,123621,5964.52
13369,147034,5964.52
13369,156581,5964.58
13369,156920,5964.58
13369,157172,5964.58
13369,157477,5965.54
13369,157854,5965.54
13369,158163,5965.54
13369,158411,5965.54
13369,158725,5965.54
13369,159033,5965.54
13369,159341,5965.54
13369,159694,5965.54
13369,159928,5965.54
13369,160283,5965.54
13369,160613,5965.54
13369,160868,5965.54
13369,161222,5965.54
13369,161482,5965.54
13369,161788,5965.54
13369,162169,5965.54
13369,162471,5965.54
13369,162718,5965.54
13369,163020,5965.54
13369,163399,5965.54
13369,163700,5965.54
13369,164030,5965.54
13369,164333,5965.54
13369,164694,5965.54
13369,164926,5965.54
13369,165254,5965.54
13369,165544,5965.54
13369,165863,5965.54
13369,166238,5965.54
13369,166544,5965.54
13369,166791,5965.54
13369,167092,5965.54
13369,167400,5965.54
13369,167758,5965.54
13369,168064,5965.54
13369,168378,5965.54
13369,168639,5965.54
13369,168986,5965.54
13369,169309,5965.54
13369,169548,5965.54
13369,169870,5965.54
13369,170238,5965.54
13369,170553,5965.54
13369,170862,5965.54
13369,171163,5965.54
13369,171409,5965.54
13369,171740,5965.54
13369,172033,5965.54
13369,172350,5965.54
13369,172722,5965.54
13369,172967,5965.54
13369,173296,5965.54
13369,173647,5965.54
13369,173903,5965.54
13369,174261,5965.54
13369,174578,5965.54
13369,174831,5965.54
13369,175136,5965.54
13369,175516,5965.54
13369,175826,5965.54
13369,176298,5965.54
13369,184643,5965.54
13369,203444,5965.54
13369,224199,5964.52
13369,245287,5964.52
13369,266878,5964.44
13369,289143,5964.44
13369,311466,5964.44
13369,334108,5964.43
13369,357319,5964.43
13369,380396,5964.59
13369,403474,5964.59
13369,426543,5964.54
13369,449627,5964.54
13369,472775,5964.57
13369,495914,5964.57
13369,519218,5964.57
13369,542643,5964.54
13369,565990,5964.54
13369,589834,5964.41
13369,612875,5964.41
13369,636222,5964.5
13369,659736,5964.5
13369,683187,5964.5
13369,707005,5964.46
13369,6956667,5964.44
13369,6980716,5964.44
13369,7004670,5964.33
13369,7028300,5964.33
13369,7052157,5964.33
13369,7076306,5964.64
13369,7100647,5964.64
13369,7125090,5964.46
13369,7149531,5964.46
13369,7173972,5964.53
13369,7198496,5964.53
13369,7222837,5964.53
13369,7247346,5964.54
13369,7271668,5964.54
13369,7295853,5964.55
13369,7320065,5964.55
13369,7344014,5964.45
13369,7368295,5964.45
13369,7392110,5964.51
13369,7416161,5964.51
13369,7440378,5964.51
13369,7464817,5964.35
13369,7488761,5964.35
13369,7512747,5964.48
13369,7536769,5964.48
13369,7560429,5964.53
13369,7584253,5964.53
13369,7607850,5964.45
13369,7631617,5964.45
13369,730400,5964.46
13369,754481,5964.45
13369,778428,5964.45
13369,802104,5964.59
13369,825782,5964.59
13369,849568,5964.36
13369,873480,5964.36
13369,898137,5964.36
13369,921784,5964.41
13369,945602,5964.41
13369,969522,5964.47
13369,998450,5964.47
13369,1021838,5964.39
13369,1045628,5964.39
13369,1069250,5964.59
13369,1093312,5964.59
13369,1117033,5964.59
13369,1140928,5964.5
13369,1164484,5964.5
13369,1188873,5964.35
13369,1213036,5964.35
13369,1237054,5964.47
13369,1261004,5964.47
13369,1285165,5964.47
13369,1309926,5964.55
13369,1334003,5964.55
13369,1358379,5964.5
13369,1382556,5964.5
13369,7655371,5964.45
13369,7679189,5964.42
13369,7691144,5964.42
13369,7691449,5964.56
13369,7691757,5964.56
13369,7692002,5965.54
13369,7693472,5965.54
13369,7693802,5965.54
13369,7694109,5964.67
13369,7694414,5964.67
13369,7694731,5965.54
13369,7695030,5965.54
13369,7695334,5965.54
13369,7695709,5965.54
13369,7695953,5965.54
13369,7696252,5965.54
13369,7696619,5965.54
13369,7697239,5965.54
13369,7711309,5965.54
13369,7732650,5964.77
13369,7755609,5964.77
13369,7778642,5964.43
13369,7801555,5964.43
13369,7825370,5964.43
13369,7849049,5964.49
13369,7873104,5964.49
13369,7896928,5964.51
13369,7920511,5964.51
13369,7944694,5964.53
13369,7968718,5964.53
13369,7992792,5964.53
13369,8017247,5964.54
13369,8041303,5964.54
13369,8065606,5964.57
13369,8089405,5964.57
13369,8113446,5964.45
13369,8137433,5964.45
13369,8161619,5964.51
13369,8185540,5964.51
13369,8209659,5964.51
13369,8233308,5964.41
13369,8257096,5964.41
13369,8281422,5964.53
13369,8305880,5964.53
13369,8330205,5964.5
13369,8354715,5964.5
13369,8378906,5964.5
13369,8403096,5964.48
13369,8427478,5964.48
13369,8451659,5964.44
13369,8475745,5964.44
13369,8500266,5964.58
13369,8524678,5964.58
13369,8548565,5964.58
13369,8572494,5964.44
13369,8596584,5964.44
13369,8620899,5964.57
13369,8645260,5964.57
13369,8669275,5964.46
13369,8692968,5964.46
13369,8716566,5964.46
13369,8740012,5964.52
13369,8764109,5964.52
13369,8788308,5964.48
13369,8812884,5964.48
13369,8837176,5964.45
13369,8861656,5964.45
13369,8885843,5964.53
13369,8910428,5964.53
13369,8934974,5964.53
13369,8958837,5964.45
13369,8983126,5964.45
13369,9006952,5964.51
13369,9030559,5964.51
13369,9054554,5964.45
13369,9078349,5964.45
13369,9101712,5964.57
13369,9125477,5964.57
13369,9149447,5964.57
13369,9173277,5964.42
13369,9197539,5964.42
13369,9221692,5964.53
13369,9245905,5964.53
13369,9269648,5964.46
13369,9293903,5964.46
13369,9318397,5964.46
13369,9342418,5964.51
13369,9366861,5964.51
13369,9391144,5964.53
13369,9415130,5964.53
13369,9439020,5964.51
13369,9463515,5964.51
13369,9487475,5964.51
13369,9511473,5964.53
13369,9535416,5964.53
13369,9558789,5964.44
13369,9582457,5964.44
13369,9597445,5964.5
13369,9597705,5964.5
13369,9598020,5965.54
13369,9598634,5965.54
13369,9611741,5965.54
13369,9634748,5965.54
13369,9658468,5965.54
13369,9682357,5964.74
13369,9705660,5964.74
13369,9729026,5964.37
13369,9752190,5964.37
13369,9775783,5964.37
13369,9798985,5964.36
13369,9822515,5964.36
13369,9846181,5964.5
13369,9869711,5964.5
13369,9893404,5964.45
13369,9916944,5964.45
13369,9940775,5964.51
13369,9964919,5964.51
13369,9988771,5964.51
13369,10012593,5964.55
13369,10036712,5964.55
13369,10060474,5964.49
13369,10084157,5964.49
13369,10108479,5964.5
13369,10133133,5964.5
13369,10157224,5964.5
13369,10181946,5964.43
13369,10206253,5964.43
13369,10230844,5964.45
13369,10255168,5964.45
13369,10279354,5964.45
13369,10303044,5964.45
13369,10327229,5964.45
13369,10351647,5964.39
13369,10376101,5964.39
13369,10400553,5964.47
13369,10425124,5964.47
13369,10449314,5964.41
13369,10473147,5964.41
13369,10496911,5964.47
13369,10521106,5964.47
13369,10545467,5964.47
13369,10569131,5964.52
13369,10593085,5964.52
13369,10617217,5964.48
13369,10641240,5964.48
13369,10665005,5964.52
13369,10688694,5964.52
13369,10712753,5964.52
13369,10736632,5964.55
13369,10760123,5964.55
13369,10784188,5964.49
13369,10808103,5964.49
13369,10832652,5964.43
13369,10856900,5964.43
13369,10880818,5964.42
13369,10905140,5964.42
13369,10929554,5964.42
13369,10953647,5964.53
13369,10977205,5964.53
13369,11000750,5964.55
13369,11024044,5964.55
13369,11047379,5964.45
13369,11071039,5964.45
13369,11095469,5964.45
13369,11119560,5964.48
13369,11143482,5964.48
13369,11167668,5964.43
13369,11191849,5964.43
13369,11216431,5964.46
13369,11240825,5964.46
13369,11260609,5964.34
13369,11260609,5964.34
13369,1406393,5964.46
13369,1431215,5964.46
13369,1455459,5964.44
13369,1479653,5964.44
13369,1503638,5964.44
13369,1527878,5964.43
13369,1552337,5964.43
13369,1577100,5964.39
13369,1600954,5964.39
13369,1624141,5964.53
13369,1648312,5964.53
13369,1673390,5964.35
13369,1697683,5964.35
13369,1721409,5964.35
13369,1744942,5964.52
13369,1769315,5964.52
13369,1793355,5964.45
13369,1817086,5964.45
13369,1840651,5964.55
13369,1865279,5964.55
13369,1889972,5964.55
13369,1914753,5964.39
13369,1939177,5964.39
13369,1963522,5964.45
13369,1987644,5964.45
13369,2011435,5964.4
13369,2036358,5964.4
13369,2060514,5964.4
13369,2084534,5964.47
13369,2108032,5964.47
13369,2131771,5964.53
13369,2155207,5964.53
13369,2181698,5964.54
13369,2215932,5964.54
13369,2239284,5964.49
13369,2262439,5964.49
13369,2286128,5964.49
13369,2310064,5964.47
13369,2333637,5964.47
13369,2357191,5964.44
13369,2381019,5964.44
13369,2404314,5964.44
13369,2428285,5964.51
13369,2451272,5964.51
13369,2474499,5964.41
13369,2498227,5964.41
13369,2523594,5964.52
13369,2548702,5964.52
13369,2572552,5964.4
13369,2596543,5964.4
13369,2620736,5964.4
13369,2644659,5964.52
13369,2668985,5964.52
13369,2693069,5964.58
13369,2716863,5964.58
13369,2741416,5964.49
13369,2765726,5964.49
13369,2789971,5964.49
13369,2814519,5964.39
13369,2838938,5964.39
13369,2863419,5964.34
13369,2887730,5964.34
13369,2911423,5964.56
13369,2935528,5964.56
13369,2959686,5964.56
13369,2983469,5964.45
13369,3007162,5964.45
13369,3031222,5964.47
13369,3055786,5964.47
13369,3079807,5964.46
13369,3103528,5964.46
13369,3127473,5964.46
13369,3153853,5964.44
13369,3177777,5964.44
13369,3202103,5964.52
13369,3226292,5964.52
13369,3250591,5964.46
13369,3274542,5964.46
13369,3298397,5964.46
13369,3322019,5964.49
13369,3344941,5964.49
13369,3367976,5964.57
13369,3391401,5964.57
13369,3428267,5964.52
13369,3452088,5964.52
13369,3456085,5964.52
13369,3456412,5964.54
13369,3456707,5964.54
13369,3461475,5965.54
13369,3483842,5965.54
13369,3507317,5964.49
13369,3519697,5964.49
13369,3520121,5964.48
13369,3520431,5964.48
13369,3522636,5964.48
13369,3544716,5965.54
13369,3567953,5965.54
13369,3591582,5964.37
13369,3615554,5964.37
13369,3639502,5964.44
13369,3663448,5964.44
13369,3687129,5964.44
13369,3711052,5964.47
13369,3734721,5964.47
13369,3759041,5964.42
13369,3783166,5964.42
13369,3807121,5964.48
13369,3831669,5964.48
13369,3856071,5964.48
13369,3881328,5964.48
13369,3905115,5964.48
13369,3928772,5964.42
13369,3952990,5964.42
13369,3978318,5964.48
13369,4002737,5964.48
13369,4027280,5964.48
13369,4051905,5964.41
13369,4075978,5964.41
13369,4100058,5964.47
13369,4124680,5964.47
13369,4149037,5964.48
13369,4172926,5964.48
13369,4197078,5964.46
13369,4221633,5964.46
13369,4246222,5964.46
13369,4272018,5964.45
13369,4295798,5964.45
13369,4319713,5964.52
13369,4343985,5964.52
13369,4368574,5964.5
13369,4392655,5964.5
13369,4416502,5964.5
13369,4440490,5964.42
13369,4464242,5964.42
13369,4488893,5964.44
13369,4512785,5964.44
13369,4537265,5964.54
13369,4560984,5964.54
13369,4585033,5964.54
13369,4608877,5964.44
13369,4632638,5964.44
13369,4656724,5964.46
13369,4680915,5964.46
13369,4704955,5964.5
13369,4728710,5964.5
13369,4752825,5964.47
13369,4776645,5964.47
13369,4800666,5964.47
13369,4824943,5964.44
13369,4849057,5964.44
13369,4872798,5964.46
13369,4896444,5964.46
13369,4920593,5964.47
13369,4944299,5964.47
13369,4968282,5964.5
13369,4992297,5964.5
13369,5016635,5964.5
13369,5040717,5964.43
13369,5065020,5964.43
13369,5088960,5964.48
13369,5112905,5964.48
13369,5136892,5964.43
13369,5160841,5964.43
13369,5185218,5964.43
13369,5209687,5964.53
13369,5234001,5964.53
13369,5258516,5964.53
13369,5283009,5964.53
13369,5307088,5964.4
13369,5331159,5964.4
13369,5354577,5964.38
13369,5378764,5964.38
13369,5402746,5964.38
13369,5426640,5964.4
13369,5450691,5964.4
13369,5474746,5964.57
13369,5498041,5964.57
13369,5521242,5964.39
13369,5544340,5964.39
13369,5567938,5964.39
13369,5591167,5964.44
13369,5614790,5964.44
13369,5638842,5964.39
13369,5663060,5964.39
13369,5687630,5964.48
13369,5712065,5964.48
13369,5736516,5964.39
13369,5760729,5964.39
13369,5785106,5964.39
13369,5809544,5964.4
13369,5834186,5964.4
13369,5858241,5964.44
13369,5882686,5964.44
13369,5907394,5964.35
13369,5931474,5964.35
13369,5955920,5964.47
13369,5980340,5964.47
13369,6003902,5964.47
13369,6027453,5964.42
13369,6051877,5964.42
13369,6075729,5964.49
13369,6099485,5964.49
13369,6123480,5964.54
13369,6147141,5964.54
13369,6170821,5964.54
13369,6194256,5964.46
13369,6217942,5964.46
13369,6241861,5964.54
13369,6265558,5964.54
13369,6289380,5964.5
13369,6294562,5964.5
13369,6294852,5965.54
13369,6295184,5965.54
13369,6295417,5965.54
13369,6295740,5965.54
13369,6296118,5965.54
13369,6296341,5965.54
13369,6303672,5965.54
13369,6320074,5964.48
13369,6320418,5964.48
13369,6320663,5964.48
13369,6322176,5965.54
13369,6340344,5965.54
13369,6362616,5964.35
13369,6385200,5964.35
13369,6408319,5964.47
13369,6431506,5964.47
13369,6454921,5964.52
13369,6478750,5964.52
13369,6502098,5964.52
13369,6525689,5964.43
13369,6549336,5964.43
13369,6572951,5964.58
13369,6596622,5964.58
13369,6620279,5964.42
13369,6643832,5964.42
13369,6667723,5964.42
13369,6691932,5964.51
13369,6715878,5964.51
13369,6739892,5964.35
13369,6763985,5964.35
13369,6788035,5964.46
13369,6812250,5964.46
13369,6835739,5964.41
13369,6860159,5964.41
13369,6884138,5964.41
13369,6908390,5964.49
13369,6932376,5964.49
13370,67867,5964.53
13370,92158,5964.48
13370,116085,5964.48
13370,139635,5964.58
13370,163530,5964.58
13370,187374,5964.58
13370,211064,5964.52
13370,234618,5964.52
13370,258145,5964.49
13370,281698,5964.49
13370,305547,5964.52
13370,329403,5964.52
13370,353215,5964.48
13370,368619,5964.48
13370,368923,5964.48
13370,369287,5964.41
13370,369867,5964.41
13370,385570,5965.54
13370,408910,5965.54
13370,432882,5964.16
13370,457198,5964.16
13370,481045,5964.16
13370,504828,5964.24
13370,529015,5964.24
13370,552699,5964.42
13370,576478,5964.42
13370,600675,5964.53
13370,624103,5964.53
13370,648196,5964.45
13370,671859,5964.45
13370,6938516,5964.48
13370,6962430,5964.5
13370,6986468,5964.5
13370,7010359,5964.46
13370,7034312,5964.46
13370,7058127,5964.46
13370,7082215,5964.48
13370,7086913,5964.48
13370,7087224,5964.49
13370,7089793,5964.49
13370,7111955,5965.54
13370,7135149,5965.54
13370,7158952,5964.49
13370,7182994,5964.49
13370,7207063,5964.49
13370,7230477,5964.45
13370,7254422,5964.45
13370,7262611,5964.38
13370,7262832,5964.38
13370,7263084,5965.54
13370,7263433,5965.54
13370,7263831,5965.54
13370,7264137,5965.54
13370,7264438,5965.54
13370,7264685,5965.54
13370,7265001,5965.54
13370,7265305,5965.54
13370,7265607,5965.54
13370,7265982,5965.54
13370,7266278,5965.54
13370,7266528,5965.54
13370,7266849,5965.54
13370,7267152,5965.54
13370,7267453,5965.54
13370,7267789,5965.54
13370,7268133,5965.54
13370,7268435,5965.54
13370,7268747,5965.54
13370,7268989,5965.54
13370,7270334,5965.54
13370,7286769,5965.54
13370,7307726,5965.54
13370,7329621,5964.45
13370,7352007,5964.45
13370,7374845,5964.46
13370,7398470,5964.46
13370,7421894,5964.46
13370,7445350,5964.46
13370,7469108,5964.46
13370,7493087,5964.45
13370,7517262,5964.45
13370,7541204,5964.44
13370,7565830,5964.44
13370,7590024,5964.49
13370,7614010,5964.49
13370,696183,5964.45
13370,720929,5964.43
13370,745608,5964.43
13370,770116,5964.4
13370,794691,5964.4
13370,819090,5964.42
13370,843536,5964.42
13370,868092,5964.42
13370,892012,5964.44
13370,916732,5964.44
13370,941047,5964.46
13370,965362,5964.46
13370,989680,5964.52
13370,1013761,5964.52
13370,1037981,5964.45
13370,1062015,5964.45
13370,1085803,5964.45
13370,1109868,5964.44
13370,1133818,5964.44
13370,1157643,5964.38
13370,1181273,5964.38
13370,1205236,5964.46
13370,1228765,5964.46
13370,1252660,5964.44
13370,1276925,5964.44
13370,1300850,5964.44
13370,1325174,5964.38
13370,1349321,5964.38
13370,1373565,5964.49
13370,7638109,5964.43
13370,7662384,5964.43
13370,7686609,5964.43
13370,7710818,5964.46
13370,7734801,5964.46
13370,7758860,5964.44
13370,7783017,5964.44
13370,7799419,5964.52
13370,7799764,5964.52
13370,7800078,5964.52
13370,7800378,5965.54
13370,7801954,5965.54
13370,7821950,5965.54
13370,7846452,5965.54
13370,7870712,5964.47
13370,7895065,5964.47
13370,7918755,5964.44
13370,7942814,5964.44
13370,7955641,5964.44
13370,7955946,5964.45
13370,7956311,5964.45
13370,7958062,5965.54
13370,7977540,5965.54
13370,8001231,5964.78
13370,8024985,5964.78
13370,8048834,5964.47
13370,8072384,5964.47
13370,8095805,5964.47
13370,8119361,5964.43
13370,8125633,5964.43
13370,8125872,5964.48
13370,8126189,5964.48
13370,8130368,5965.54
13370,8153321,5965.54
13370,8176593,5964.49
13370,8200558,5964.49
13370,8224522,5964.49
13370,8248584,5964.35
13370,8271924,5964.35
13370,8295051,5964.42
13370,8318748,5964.42
13370,8343096,5964.49
13370,8367456,5964.49
13370,8392311,5964.49
13370,8417045,5964.58
13370,8441477,5964.58
13370,8465564,5964.53
13370,8489876,5964.53
13370,8514070,5964.53
13370,8537479,5964.53
13370,8561045,5964.38
13370,8584580,5964.38
13370,8608258,5964.38
13370,8631935,5964.48
13370,8656012,5964.48
13370,8680217,5964.36
13370,8704358,5964.36
13370,8728573,5964.51
13370,8752786,5964.51
13370,8777113,5964.37
13370,8801544,5964.37
13370,8826148,5964.37
13370,8850563,5964.48
13370,8875200,5964.48
13370,8899106,5964.53
13370,8923808,5964.53
13370,8947481,5964.48
13370,8971379,5964.48
13370,8995206,5964.49
13370,9018903,5964.49
13370,9042827,5964.49
13370,9066668,5964.41
13370,9090570,5964.41
13370,9114340,5964.51
13370,9138864,5964.51
13370,9163143,5964.48
13370,9187684,5964.48
13370,9212171,5964.45
13370,9236307,5964.45
13370,9261076,5964.45
13370,9285079,5964.52
13370,9309473,5964.52
13370,9334141,5964.37
13370,9358361,5964.37
13370,9383063,5964.39
13370,9407490,5964.39
13370,9428995,5964.39
13370,9429226,5964.5
13370,9429544,5964.5
13370,9429905,5965.54
13370,9430210,5965.54
13370,9430285,5965.54
13370,1397611,5964.49
13370,1421752,5964.47
13370,1446006,5964.47
13370,1470064,5964.43
13370,1493966,5964.43
13370,1517692,5964.43
13370,1541619,5964.55
13370,1565544,5964.55
13370,1589510,5964.37
13370,1613168,5964.37
13370,1637093,5964.49
13370,1661225,5964.49
13370,1685253,5964.29
13370,1708784,5964.29
13370,1732483,5964.29
13370,1756784,5964.48
13370,1781204,5964.48
13370,1805687,5964.48
13370,1830064,5964.48
13370,1854184,5964.38
13370,1878436,5964.38
13370,1902297,5964.37
13370,1926259,5964.37
13370,1950233,5964.37
13370,1974163,5964.35
13370,1997814,5964.35
13370,2021157,5964.53
13370,2044650,5964.53
13370,2068091,5964.35
13370,2091764,5964.35
13370,2115104,5964.35
13370,2138767,5964.45
13370,2162564,5964.45
13370,2185956,5964.45
13370,2209020,5964.45
13370,2232948,5964.43
13370,2257007,5964.43
13370,2280961,5964.49
13370,2305665,5964.49
13370,2330614,5964.49
13370,2354762,5964.47
13370,2378935,5964.47
13370,2403434,5964.49
13370,2427776,5964.49
13370,2452228,5964.62
13370,2476180,5964.62
13370,2500676,5964.46
13370,2524660,5964.46
13370,2548871,5964.46
13370,2573224,5964.42
13370,2597375,5964.42
13370,2621565,5964.44
13370,2645666,5964.44
13370,2669685,5964.48
13370,2693142,5964.48
13370,2716786,5964.48
13370,2740975,5964.5
13370,2765034,5964.5
13370,2789118,5964.44
13370,2813146,5964.44
13370,2837360,5964.46
13370,2861677,5964.46
13370,2886021,5964.57
13370,2910712,5964.57
13370,2935158,5964.57
13370,2959465,5964.41
13370,2983943,5964.41
13370,3008626,5964.46
13370,3032922,5964.46
13370,3057083,5964.46
13370,3080554,5964.46
13370,3104105,5964.45
13370,3127544,5964.45
13370,3150637,5964.45
13370,3174391,5964.43
13370,3197894,5964.43
13370,3215812,5964.44
13370,3216139,5964.44
13370,3216332,5965.54
13370,3216734,5965.54
13370,3224189,5965.54
13370,3247401,5965.54
13370,3270777,5965.54
13370,3294521,5963.91
13370,3318770,5963.91
13370,3342332,5964.47
13370,3366025,5964.47
13370,3389689,5964.48
13370,3413086,5964.48
13370,3436857,5964.48
13370,3461124,5964.55
13370,3485282,5964.55
13370,3509757,5964.47
13370,3534334,5964.47
13370,3558878,5964.46
13370,3583861,5964.46
13370,3608209,5964.52
13370,3632746,5964.52
13370,3657827,5964.52
13370,3682582,5964.42
13370,3706866,5964.42
13370,3730651,5964.52
13370,3754208,5964.52
13370,3777924,5964.42
13370,3801951,5964.42
13370,3825909,5964.45
13370,3849957,5964.45
13370,3874399,5964.45
13370,3898976,5964.55
13370,3923578,5964.55
13370,3948290,5964.44
13370,3972886,5964.44
13370,3997286,5964.49
13370,4021581,5964.49
13370,4046178,5964.49
13370,4070756,5964.38
13370,4095428,5964.38
13370,4119531,5964.35
13370,4143763,5964.35
13370,4168417,5964.45
13370,4192927,5964.45
13370,4217014,5964.49
13370,4241119,5964.49
13370,4265391,5964.49
13370,4289500,5964.53
13370,4314016,5964.53
13370,4338164,5964.41
13370,4362216,5964.41
13370,4386531,5964.45
13370,4410510,5964.45
13370,4434798,5964.48
13370,4458749,5964.48
13370,4483190,5964.48
13370,4507530,5964.45
13370,4531939,5964.45
13370,4556350,5964.49
13370,4563176,5964.49
13370,4563488,5964.4
13370,4563718,5964.4
13370,4567197,5965.54
13370,4589861,5965.54
13370,4613087,5965.54
13370,4636643,5964.46
13370,4659739,5964.46
13370,4682712,5964.48
13370,4705734,5964.48
13370,4729393,5964.48
13370,4742569,5964.48
13370,4742862,5964.48
13370,4743159,5964.47
13370,4743464,5964.47
13370,4743769,5965.54
13370,4744030,5965.54
13370,4744341,5965.54
13370,4747833,5965.54
13370,4770333,5964.62
13370,4793764,5964.62
13370,4817371,5964.62
13370,4841340,5964.44
13370,4865184,5964.44
13370,4889201,5964.4
13370,4896486,5964.4
13370,4896783,5964.54
13370,4897172,5964.54
13370,4897605,5965.54
13370,4911740,5965.54
13370,4934760,5965.54
13370,4958455,5964.63
13370,4982316,5964.63
13370,5006638,5964.56
13370,5030203,5964.56
13370,5053926,5964.51
13370,5077771,5964.51
13370,5101680,5964.54
13370,5125859,5964.54
13370,5150070,5964.54
13370,5174304,5964.55
13370,5198516,5964.55
13370,5222394,5964.55
13370,5246181,5964.55
13370,5270527,5964.6
13370,5294688,5964.6
13370,5319032,5964.57
13370,5343207,5964.57
13370,5367157,5964.57
13370,5390907,5964.5
13370,5414524,5964.5
13370,5438209,5964.58
13370,5461993,5964.58
13370,5485679,5964.57
13370,5509304,5964.57
13370,5532775,5964.61
13370,5556468,5964.61
13370,5580020,5964.61
13370,5604075,5964.52
13370,5628324,5964.52
13370,5652871,5964.46
13370,5677385,5964.46
13370,5701521,5964.6
13370,5726191,5964.6
13370,5750398,5964.46
13370,5774768,5964.46
13370,5799345,5964.46
13370,5824151,5964.55
13370,5848690,5964.55
13370,5872868,5964.53
13370,5897050,5964.53
13370,5921055,5964.56
13370,5945044,5964.56
13370,5969096,5964.55
13370,5993278,5964.55
13370,6017796,5964.55
13370,6041877,5964.58
13370,6066221,5964.58
13370,6089968,5964.46
13370,6114151,5964.46
13370,6138437,5964.54
13370,6163078,5964.54
13370,6187322,5964.51
13370,6211340,5964.51
13370,6235619,5964.51
13370,6259971,5964.55
13370,6284119,5964.55
13370,6308492,5964.63
13370,6332671,5964.63
13370,6356649,5964.37
13370,6381184,5964.37
13370,6405556,5964.67
13370,6429936,5964.67
13370,6454143,5964.67
13370,6478332,5964.33
13370,6502650,5964.33
13370,6526902,5964.44
13370,6550642,5964.44
13370,6575081,5964.47
13370,6599269,5964.47
13370,6623337,5964.5
13370,6647910,5964.5
13370,6672382,5964.5
13370,6696657,5964.53
13370,6720626,5964.53
13370,6745094,5964.57
13370,6769143,5964.57
13370,6793319,5964.56
13370,6817712,5964.56
13370,6841935,5964.56
13370,6866151,5964.46
13370,6890481,5964.46
13370,6914442,5964.48
13371,808,5965.54
13371,8221,5965.54
13371,30751,5965.54
13371,53905,5964.53
13371,78102,5964.53
13371,101652,5964.68
13371,125297,5964.68
13371,149140,5964.68
13371,172957,5964.41
13371,197002,5964.41
13371,220960,5964.44
13371,244969,5964.44
13371,268588,5964.45
13371,292769,5964.45
13371,316846,5964.37
13371,340873,5964.37
13371,364334,5964.37
13371,387936,5964.5
13371,411787,5964.5
13371,435219,5964.53
13371,458958,5964.53
13371,483118,5964.43
13371,507301,5964.43
13371,531736,5964.43
13371,556565,5964.4
13371,581175,5964.4
13371,605864,5964.43
13371,630557,5964.43
13371,655445,5964.44
13371,680524,5964.44
13371,704978,5964.46
13371,729380,5964.46
13371,754066,5964.46
13371,778142,5964.47
13371,801778,5964.47
13371,825108,5964.52
13371,848561,5964.52
13371,872982,5964.42
13371,897323,5964.42
13371,921544,5964.5
13371,945685,5964.5
13371,970015,5964.5
13371,994515,5964.43
13371,1018641,5964.43
13371,1042717,5964.51
13371,1066893,5964.51
13371,1091417,5964.48
13371,1116044,5964.48
13371,1140262,5964.48
13371,1165066,5964.57
13371,1189651,5964.57
13371,1214112,5964.5
13371,1222872,5964.5
13371,1223177,5964.33
13371,1223489,5964.33
13371,1224253,5964.33
13371,1238384,5965.54
13371,1261772,5965.54
13371,1285338,5964.39
13371,1309250,5964.39
13371,1332966,5964.44
13371,1356790,5964.44
13371,1380568,5964.58
13371,1404774,5964.58
13371,1428978,5964.58
13371,1453151,5964.64
13371,1477473,5964.64
13371,1501547,5964.48
13371,1525730,5964.48
13371,1549557,5964.41
13371,1573581,5964.41
13371,1597820,5964.41
13371,1621858,5964.47
13371,1646193,5964.47
13371,1670487,5964.44
13371,1694951,5964.44
13371,1719470,5964.37
13371,1743945,5964.37
13371,1768413,5964.49
13371,1792494,5964.49
13371,1816448,5964.49
13371,1840982,5964.55
13371,1865507,5964.55
13371,1889904,5964.71
13371,1914420,5964.71
13371,1938652,5964.42
13371,1962935,5964.42
13371,1987184,5964.42
13371,2010962,5964.52
13371,2035028,5964.52
13371,2059119,5964.53
13371,2082783,5964.53
13371,2106239,5964.43
13371,2129574,5964.43
13371,2153138,5964.38
13371,2177261,5964.38
13371,2200980,5964.38
13371,2225173,5964.49
13371,2249470,5964.49
13371,2274146,5964.49
13371,2298565,5964.49
13371,2322935,5964.49
13371,2347499,5964.49
13371,2371966,5964.49
13371,2396123,5964.41
13371,2420436,5964.41
13371,2444759,5964.47
13371,2469144,5964.47
13371,2493542,5964.43
13371,2517728,5964.43
13371,2542086,5964.53
13371,2566360,5964.53
13371,2590708,5964.53
13371,2614769,5964.49
13371,2638882,5964.49
13371,2663153,5964.47
13371,2687350,5964.47
13371,2711292,5964.53
13371,2735316,5964.53
13371,2759408,5964.53
13371,2783584,5964.4
13371,2807527,5964.4
13371,2831852,5964.35
13371,2856428,5964.35
13371,2880832,5964.41
13371,2904802,5964.41
13371,2929198,5964.48
13371,2953585,5964.48
13371,2977765,5964.48
13371,3001968,5964.5
13371,3026449,5964.5
13371,3051104,5964.41
13371,3076001,5964.41
13371,3100493,5964.41
13371,3125092,5964.41
13371,3149664,5964.47
13371,3174308,5964.47
13371,3199062,5964.47
13371,3223151,5964.54
13371,3247471,5964.54
13371,3271561,5964.47
13371,3295685,5964.47
13371,3319514,5964.45
13371,3343074,5964.45
13371,3366335,5964.38
13371,3390306,5964.38
13371,3414253,5964.38
13371,3439028,5964.43
13371,3463657,5964.43
13371,3474921,5964.43
13371,3475293,5964.43
13371,3475538,5965.54
13371,3475907,5965.54
13371,3479056,5965.54
13371,3501353,5965.54
13371,3524582,5965.54
13371,3548603,5964.1
13371,3572598,5964.1
13371,3596677,5964.52
13371,3620503,5964.52
13371,3644822,5964.55
13371,3669140,5964.55
13371,3693057,5964.55
13371,3717521,5964.46
13371,3741323,5964.46
13371,3765334,5964.45
13371,3788867,5964.45
13371,3812486,5964.49
13371,3836440,5964.49
13371,3860368,5964.49
13371,3884431,5964.47
13371,3908352,5964.47
13371,3932439,5964.45
13371,3956441,5964.45
13371,3980548,5964.64
13371,4005040,5964.64
13371,4028884,5964.39
13371,4052775,5964.39
13371,4076628,5964.39
13371,4100298,5964.47
13371,4124673,5964.47
13371,4148775,5964.56
13371,4173082,5964.56
13371,4197395,5964.51
13371,4221699,5964.51
13371,4245876,5964.51
13371,4269867,5964.38
13371,4293803,5964.38
13371,4318083,5964.4
13371,4342423,5964.4
13371,4366849,5964.54
13371,4391040,5964.54
13371,4415649,5964.47
13371,4439955,5964.47
13371,4446917,5964.47
13371,4447298,5964.48
13371,4447616,5964.48
13371,4448872,5965.54
13371,4467157,5965.54
13371,4490942,5964.55
13371,4515056,5964.55
13371,4538859,5964.38
13371,4563182,5964.38
13371,4587111,5964.38
13371,4589244,5964.69
13371,4589614,5964.69
13371,4589929,5965.54
13371,4590231,5965.54
13371,4590477,5965.54
13371,4590782,5965.54
13371,4591088,5965.54
13371,4591459,5965.54
13371,4591756,5965.54
13371,4593472,5965.54
13371,4612183,5965.54
13371,4622208,5964.82
13371,4622507,5964.82
13371,4622815,5965.54
13371,4623100,5965.54
13371,4623434,5965.54
13371,4623799,5965.54
13371,4624101,5965.54
13371,4624354,5965.54
13371,4624713,5965.54
13371,4624973,5965.54
13371,4625281,5965.54
13371,4625664,5965.54
13371,4625970,5965.54
13371,4626202,5965.54
13371,4626526,5965.54
13371,4626894,5965.54
13371,4627128,5965.54
13371,4627460,5965.54
13371,4633023,5965.54
13371,4652744,5965.54
13371,4674105,5964.47
13371,4696471,5964.47
13371,4710590,5964.47
13371,4710897,5964.53
13371,4711203,5964.53
13371,4711466,5965.54
13371,4711854,5965.54
13371,4712162,5965.54
13371,4712512,5965.54
13371,4712758,5965.54
13371,4713080,5965.54
13371,4713387,5965.54
13371,4713702,5965.54
13371,4714012,5965.54
13371,4714316,5965.54
13371,4714692,5965.54
13371,4715007,5965.54
13371,4715319,5965.54
13371,4715628,5965.54
13371,4715875,5965.54
13371,4716201,5965.54
13371,4716504,5965.54
13371,4716826,5965.54
13371,4717149,5965.54
13371,4717459,5965.54
13371,4717826,5965.54
13371,4718061,5965.54
13371,4718394,5965.54
13371,4718699,5965.54
13371,4719046,5965.54
13371,4719391,5965.54
13371,4719695,5965.54
13371,4720005,5965.54
13371,4720302,5965.54
13371,4720557,5965.54
13371,4720933,5965.54
13371,4721244,5965.54
13371,4721491,5965.54
13371,4721803,5965.54
13371,4722106,5965.54
13371,4722475,5965.54
13371,4722726,5965.54
13371,4723089,5965.54
13371,4723400,5965.54
13371,4723704,5965.54
13371,4723953,5965.54
13371,4724278,5965.54
13371,4724621,5965.54
13371,4724926,5965.54
13371,4725250,5965.54
13371,4725571,5965.54
13371,4725891,5965.54
13371,4726200,5965.54
13371,4726516,5965.54
13371,4726891,5965.54
13371,4727134,5965.54
13371,4727510,5965.54
13371,4727766,5965.54
13371,4728083,5965.54
13371,4728388,5965.54
13371,4728755,5965.54
13371,4729076,5965.54
13371,4729391,5965.54
13371,4729625,5965.54
13371,4729936,5965.54
13371,4730238,5965.54
13371,4730541,5965.54
13371,4730926,5965.54
13371,4731237,5965.54
13371,4731546,5965.54
13371,4731793,5965.54
13371,4732096,5965.54
13371,4732412,5965.54
13371,4732717,5965.54
13371,4733018,5965.54
13371,4733394,5965.54
13371,4733694,5965.54
13371,4733942,5965.54
13371,4734245,5965.54
13371,4734550,5965.54
13371,4734916,5965.54
13371,4735225,5965.54
13371,4735526,5965.54
13371,4735836,5965.54
13371,4736094,5965.54
13371,4736402,5965.54
13371,4736693,5965.54
13371,4737074,5965.54
13371,4737389,5965.54
13371,4737691,5965.54
13371,4738001,5965.54
13371,4738232,5965.54
13371,4738547,5965.54
13371,4738863,5965.54
13371,4739215,5965.54
13371,4739526,5965.54
13371,4739839,5965.54
13371,4740146,5965.54
13371,4740453,5965.54
13371,4740766,5965.54
13371,4741010,5965.54
13371,4741313,5965.54
13371,4741627,5965.54
13371,4741926,5965.54
13371,4742369,5965.54
13371,4742681,5965.54
13371,4742919,5965.54
13371,4743228,5965.54
13371,4743536,5965.54
13371,4743839,5965.54
13371,4744210,5965.54
13371,4744513,5965.54
13371,4744825,5965.54
13371,4745105,5965.54
13371,4745384,5965.54
13371,4745752,5965.54
13371,4745989,5965.54
13371,4746296,5965.54
13371,4746603,5965.54
13371,4746954,5965.54
13371,4747286,5965.54
13371,4747597,5965.54
13371,4747810,5965.54
13371,4748210,5965.54
13371,4748452,5965.54
13371,4748758,5965.54
13371,4749062,5965.54
13371,4749436,5965.54
13371,4749731,5965.54
13371,4749961,5965.54
13371,4750349,5965.54
13371,4750594,5965.54
13371,4750939,5965.54
13371,4751266,5965.54
13371,4751514,5965.54
13371,4751879,5965.54
13371,4752121,5965.54
13371,4752429,5965.54
13371,4752794,5965.54
13371,4753034,5965.54
13371,4753397,5965.54
13371,4753717,5965.54
13371,4754038,5965.54
13371,4754270,5965.54
13371,4754589,5965.54
13371,4754896,5965.54
13371,4755267,5965.54
13371,4755569,5965.54
13371,4755873,5965.54
13371,4756169,5965.54
13371,4756421,5965.54
13371,4756731,5965.54
13371,4757032,5965.54
13371,4757405,5965.54
13371,4757707,5965.54
13371,4758014,5965.54
13371,4758232,5965.54
13371,4758553,5965.54
13371,4758932,5965.54
13371,4759153,5965.54
13371,4759479,5965.54
13371,4759841,5965.54
13371,4760093,5965.54
13371,4760413,5965.54
13371,4760802,5965.54
13371,4761097,5965.54
13371,4761475,5965.54
13371,4761774,5965.54
13371,4762019,5965.54
13371,4762327,5965.54
13371,4762636,5965.54
13371,4763012,5965.54
13371,4763326,5965.54
13371,4763618,5965.54
13371,4763933,5965.54
13371,4764167,5965.54
13371,4764467,5965.54
13371,4764782,5965.54
13371,4765160,5965.54
13371,4765466,5965.54
13371,4765713,5965.54
13371,4766085,5965.54
13371,4766323,5965.54
13371,4766692,5965.54
13371,4766940,5965.54
13371,4767303,5965.54
13371,4767556,5965.54
13371,4767913,5965.54
13371,4768164,5965.54
13371,4768472,5965.54
13371,4768779,5965.54
13371,4769121,5965.54
13371,4769437,5965.54
13371,4769751,5965.54
13371,4769993,5965.54
13371,4770355,5965.54
13371,4770595,5965.54
13371,4770985,5965.54
13371,4771288,5965.54
13371,4771607,5965.54
13371,4771852,5965.54
13371,4772195,5965.54
13371,4772449,5965.54
13371,4772761,5965.54
13371,4773076,5965.54
13371,4773379,5965.54
13371,4773747,5965.54
13371,4773973,5965.54
13371,4774300,5965.54
13371,4774604,5965.54
13371,4774973,5965.54
13371,4775219,5965.54
13371,4775575,5965.54
13371,4775885,5965.54
13371,4776191,5965.54
13371,4776439,5965.54
13371,4776751,5965.54
13371,4777057,5965.54
13371,4777495,5965.54
13371,4777804,5965.54
13371,4778032,5965.54
13371,4778354,5965.54
13371,4778671,5965.54
13371,4778972,5965.54
13371,4779285,5965.54
13371,4779590,5965.54
13371,4779966,5965.54
13371,4780267,5965.54
13371,4780506,5965.54
13371,4780819,5965.54
13371,4781121,5965.54
13371,4781441,5965.54
13371,4781809,5965.54
13371,4782116,5965.54
13371,4782421,5965.54
13371,4782724,5965.54
13371,4782975,5965.54
13371,4783261,5965.54
13371,4783590,5965.54
13371,4783961,5965.54
13371,4784252,5965.54
13371,4784571,5965.54
13371,4784877,5965.54
13371,4785180,5965.54
13371,4785484,5965.54
13371,4785759,5965.54
13371,4786099,5965.54
13371,4786332,5965.54
13371,4786722,5965.54
13371,4787024,5965.54
13371,4787331,5965.54
13371,4787639,5965.54
13371,4787870,5965.54
13371,4788236,5965.54
13371,4788557,5965.54
13371,4788879,5965.54
13371,4789121,5965.54
13371,4789491,5965.54
13371,4789789,5965.54
13371,4790107,5965.54
13371,4790411,5965.54
13371,4790704,5965.54
13371,4790956,5965.54
13371,4791265,5965.54
13371,4791559,5965.54
13371,4791872,5965.54
13371,4792188,5965.54
13371,4792491,5965.54
13371,4792799,5965.54
13371,4793161,5965.54
13371,4793480,5965.54
13371,4793797,5965.54
13371,4794106,5965.54
13371,4794401,5965.54
13371,4794774,5965.54
13371,4795080,5965.54
13371,4795387,5965.54
13371,4795687,5965.54
13371,4795998,5965.54
13371,4796307,5965.54
13371,4796614,5965.54
13371,4796916,5965.54
13371,4797223,5965.54
13371,4797528,5965.54
13371,4797778,5965.54
13371,4798084,5965.54
13371,4798389,5965.54
13371,4798696,5965.54
13371,4799003,5965.54
13371,4799303,5965.54
13371,4799621,5965.54
13371,4799930,5965.54
13371,4800298,5965.54
13371,4800610,5965.54
13371,4800902,5965.54
13371,4801221,5965.54
13371,4801525,5965.54
13371,4801841,5965.54
13371,4802145,5965.54
13371,4802363,5965.54
13371,4802754,5965.54
13371,4803067,5965.54
13371,4803373,5965.54
13371,4803674,5965.54
13371,4803978,5965.54
13371,4804285,5965.54
13371,4804602,5965.54
13371,4804898,5965.54
13371,4805201,5965.54
13371,4805448,5965.54
13371,4805757,5965.54
13371,4806067,5965.54
13371,4806373,5965.54
13371,4806731,5965.54
13371,4807041,5965.54
13371,4807280,5965.54
13371,4807646,5965.54
13371,4807976,5965.54
13371,4808220,5965.54
13371,4808589,5965.54
13371,4808896,5965.54
13371,4809145,5965.54
13371,4809515,5965.54
13371,4809734,5965.54
13371,4810068,5965.54
13371,4810420,5965.54
13371,4810674,5965.54
13371,4811060,5965.54
13371,4811421,5965.54
13371,4811736,5965.54
13371,4812044,5965.54
13371,4812344,5965.54
13371,4812653,5965.54
13371,4812907,5965.54
13371,4813215,5965.54
13371,4813412,5965.54
13371,4813412,5965.54
13372,59104,5964.54
13372,81003,5964.54
13372,102639,5964.46
13372,111163,5964.46
13372,111549,5964.47
13372,111807,5964.47
13372,112115,5964.47
13372,112468,5965.54
13372,112795,5965.54
13372,113090,5965.54
13372,113339,5965.54
13372,113643,5965.54
13372,114012,5965.54
13372,114240,5965.54
13372,114658,5965.54
13372,114992,5965.54
13372,115320,5965.54
13372,115611,5965.54
13372,115931,5965.54
13372,116152,5965.54
13372,116455,5965.54
13372,116850,5965.54
13372,117159,5965.54
13372,118628,5965.54
13372,135399,5965.54
13372,155486,5964.44
13372,176477,5964.44
13372,198038,5964.26
13372,219875,5964.26
13372,241781,5964.44
13372,263654,5964.44
13372,285287,5964.44
13372,307685,5964.38
13372,329793,5964.38
13372,351870,5964.39
13372,373988,5964.39
13372,396005,5964.33
13372,418655,5964.33
13372,440668,5964.42
13372,463481,5964.42
13372,485627,5964.35
13372,507835,5964.35
13372,530183,5964.35
13372,552429,5964.49
13372,574566,5964.49
13372,596714,5964.48
13372,618792,5964.48
13372,641139,5964.39
13372,663655,5964.39
13372,686270,5964.39
13372,7037311,5964.36
13372,7060430,5964.55
13372,7083219,5964.55
13372,7105873,5964.51
13372,7128660,5964.51
13372,7151687,5964.51
13372,7174605,5964.52
13372,7197928,5964.52
13372,7221211,5964.48
13372,7244233,5964.48
13372,7268057,5964.33
13372,7292134,5964.33
13372,7315543,5964.42
13372,7338855,5964.42
13372,7362439,5964.39
13372,7385955,5964.39
13372,7409374,5964.39
13372,7433062,5964.37
13372,7456845,5964.37
13372,7480263,5964.51
13372,7503645,5964.51
13372,7526858,5964.43
13372,7549769,5964.43
13372,7572960,5964.36
13372,7596364,5964.36
13372,7619613,5964.36
13372,7642725,5964.51
13372,7666112,5964.51
13372,7689566,5964.34
13372,708907,5964.37
13372,731717,5964.37
13372,755035,5964.4
13372,778149,5964.4
13372,801397,5964.47
13372,824676,5964.47
13372,847458,5964.35
13372,870511,5964.35
13372,893385,5964.43
13372,916197,5964.43
13372,939110,5964.43
13372,961888,5964.45
13372,984562,5964.45
13372,1007601,5964.46
13372,1030447,5964.46
13372,1053192,5964.37
13372,1075846,5964.37
13372,1098597,5964.31
13372,1121782,5964.31
13372,1145030,5964.31
13372,1168035,5964.43
13372,1190778,5964.43
13372,1213924,5964.38
13372,1236969,5964.38
13372,1259948,5964.44
13372,1282829,5964.44
13372,1305707,5964.44
13372,1328617,5964.41
13372,1351791,5964.41
13372,1375343,5964.35
13372,7713354,5964.34
13372,7736528,5964.55
13372,7759820,5964.55
13372,7783405,5964.46
13372,7806693,5964.46
13372,7829721,5964.46
13372,7852741,5964.56
13372,7875932,5964.56
13372,7898853,5964.5
13372,7921613,5964.5
13372,7944539,5964.51
13372,7967696,5964.51
13372,7984293,5964.51
13372,7984638,5964.44
13372,7984877,5964.44
13372,7988874,5965.54
13372,8011287,5965.54
13372,8034296,5964.51
13372,8057109,5964.51
13372,8079797,5964.51
13372,8102721,5964.51
13372,8125704,5964.51
13372,8148726,5964.55
13372,8171784,5964.55
13372,8194705,5964.49
13372,8217354,5964.49
13372,8240548,5964.42
13372,8263510,5964.42
13372,8286558,5964.36
13372,8309880,5964.36
13372,8333171,5964.36
13372,8355924,5964.48
13372,8379518,5964.48
13372,8402667,5964.46
13372,8425855,5964.46
13372,8449106,5964.48
13372,8472424,5964.48
13372,8495611,5964.49
13372,8518927,5964.49
13372,8542343,5964.49
13372,8565498,5964.47
13372,8588682,5964.47
13372,8611704,5964.57
13372,8634655,5964.57
13372,8657907,5964.45
13372,8680693,5964.45
13372,8703907,5964.37
13372,8727299,5964.37
13372,8750345,5964.37
13372,8773800,5964.38
13372,8797189,5964.38
13372,8820477,5964.4
13372,8843769,5964.4
13372,8866955,5964.42
13372,8890504,5964.42
13372,8913933,5964.4
13372,8937226,5964.4
13372,8960249,5964.4
13372,8983563,5964.53
13372,9006882,5964.53
13372,9030263,5964.42
13372,9053318,5964.42
13372,9076470,5964.41
13372,9099926,5964.41
13372,9124113,5964.41
13372,9148331,5964.41
13372,9171912,5964.41
13372,9195891,5964.41
13372,9219249,5964.41
13372,9242624,5964.42
13372,9265650,5964.42
13372,9288714,5964.41
13372,9297405,5964.41
13372,9297632,5964.41
13372,9298271,5965.54
13372,9312664,5965.54
13372,9335135,5965.54
13372,9357910,5965.54
13372,9380961,5964.38
13372,9404145,5964.38
13372,9427427,5964.44
13372,9450777,5964.44
13372,9474267,5964.44
13372,9497549,5964.36
13372,9520903,5964.36
13372,9544287,5964.44
13372,9567316,5964.44
13372,9590311,5964.38
13372,9613273,5964.38
13372,9636054,5964.44
13372,9658974,5964.44
13372,9682128,5964.44
13372,9705386,5964.44
13372,9728604,5964.44
13372,9745275,5964.35
13372,9745549,5964.35
13372,9745848,5965.54
13372,9747338,5965.54
13372,9765893,5965.54
13372,9788958,5965.54
13372,9812136,5965.54
13372,9834648,5964.17
13372,9857169,5964.17
13372,9880082,5964.65
13372,9903175,5964.65
13372,9926333,5964.48
13372,9949191,5964.48
13372,9971911,5964.48
13372,9994768,5964.46
13372,10017422,5964.46
13372,10040584,5964.39
13372,10063512,5964.39
13372,10086564,5964.37
13372,10109846,5964.37
13372,10133300,5964.43
13372,10156683,5964.43
13372,10180377,5964.43
13372,10203632,5964.51
13372,10226914,5964.51
13372,10249996,5964.33
13372,10273382,5964.33
13372,10296601,5964.49
13372,10320285,5964.49
13372,10343627,5964.41
13372,10366747,5964.41
13372,10389837,5964.41
13372,10413199,5964.46
13372,10436325,5964.46
13372,10458002,5964.4
13372,10458036,5964.4
13372,1398251,5964.35
13372,1421637,5964.37
13372,1444718,5964.37
13372,1468168,5964.05
13372,1491176,5964.05
13372,1514221,5964.05
13372,1537305,5964.7
13372,1560314,5964.7
13372,1583459,5964.52
13372,1606777,5964.52
13372,1629819,5964.49
13372,1652593,5964.49
13372,1676242,5964.55
13372,1699289,5964.55
13372,1722503,5964.44
13372,1745775,5964.44
13372,1768820,5964.44
13372,1791969,5964.4
13372,1814883,5964.4
13372,1838160,5964.43
13372,1861242,5964.43
13372,1884155,5964.49
13372,1907308,5964.49
13372,1930460,5964.4
13372,1953518,5964.4
13372,1976441,5964.4
13372,1999729,5964.47
13372,2022503,5964.47
13372,2045417,5964.5
13372,2068699,5964.5
13372,2091749,5964.42
13372,2114933,5964.42
13372,2138283,5964.5
13372,2161270,5964.5
13372,2183926,5964.5
13372,2206782,5964.43
13372,2229596,5964.43
13372,2252411,5964.49
13372,2275961,5964.49
13372,2299043,5964.51
13372,2322490,5964.51
13372,2345837,5964.56
13372,2369250,5964.56
13372,2392292,5964.56
13372,2415341,5964.41
13372,2438516,5964.41
13372,2462065,5964.33
13372,2485249,5964.33
13372,2508129,5964.45
13372,2531576,5964.45
13372,2554992,5964.45
13372,2578410,5964.48
13372,2601356,5964.48
13372,2624607,5964.47
13372,2628349,5964.47
13372,2628653,5964.43
13372,2628952,5964.43
13372,2631170,5965.54
13372,2651650,5965.54
13372,2674046,5965.54
13372,2697092,5964.51
13372,2720065,5964.51
13372,2743136,5964.34
13372,2766716,5964.34
13372,2790194,5964.5
13372,2813603,5964.5
13372,2836978,5964.41
13372,2860157,5964.41
13372,2861103,5964.41
13372,2861363,5964.52
13372,2861672,5964.52
13372,2862050,5965.54
13372,2868952,5965.54
13372,2891208,5965.54
13372,2913716,5965.54
13372,2926957,5964.52
13372,2927273,5964.52
13372,2927530,5964.52
13372,2927845,5965.54
13372,2928209,5965.54
13372,2928514,5965.54
13372,2928803,5965.54
13372,2931028,5965.54
13372,2950988,5965.54
13372,2972583,5964.56
13372,2994527,5964.56
13372,3016801,5964.56
13372,3039448,5964.57
13372,3062228,5964.57
13372,3084751,5964.32
13372,3107597,5964.32
13372,3120738,5964.39
13372,3121034,5964.39
13372,3121337,5964.39
13372,3121709,5965.54
13372,3121930,5965.54
13372,3122255,5965.54
13372,3122743,5965.54
13372,3124553,5965.54
13372,3126297,5965.54
13372,3128114,5964.69
13372,3129929,5964.69
13372,3131684,5964.69
13372,3133505,5964.41
13372,3135315,5964.41
13372,3137059,5964.35
13372,3138868,5964.35
13372,3140681,5964.39
13372,3142432,5964.39
13372,3144246,5964.4
13372,3146136,5964.4
13372,3147957,5964.4
13372,3148277,5964.48
13372,3148580,5964.48
13372,3149021,5965.54
13372,3149330,5965.54
13372,3149655,5965.54
13372,3149893,5965.54
13372,3150197,5965.54
13372,3150500,5965.54
13372,3150811,5965.54
13372,3151117,5965.54
13372,3151810,5965.54
13372,3153346,5965.54
13372,3155026,5965.54
13372,3156643,5964.19
13372,3158324,5964.19
13372,3160127,5964.19
13372,3161802,5964.25
13372,3163846,5964.25
13372,3164715,5964.45
13372,3165015,5964.45
13372,3165324,5965.54
13372,3173785,5965.54
13372,3193623,5964.51
13372,3214849,5964.51
13372,3236511,5964.51
13372,3258281,5964.43
13372,3280354,5964.43
13372,3302197,5964.51
13372,3324377,5964.51
13372,3346818,5964.41
13372,3369123,5964.41
13372,3391642,5964.47
13372,3414020,5964.47
13372,3436699,5964.47
13372,3459352,5964.3
13372,3482121,5964.3
13372,3504672,5964.53
13372,3527451,5964.53
13372,3550096,5964.39
13372,3572750,5964.39
13372,3595271,5964.46
13372,3617922,5964.46
13372,3640842,5964.46
13372,3663922,5964.31
13372,3687071,5964.31
13372,3710090,5964.43
13372,3733170,5964.43
13372,3756112,5964.55
13372,3779458,5964.55
13372,3802643,5964.55
13372,3826062,5964.48
13372,3849503,5964.48
13372,3872517,5964.46
13372,3895909,5964.46
13372,3919260,5964.31
13372,3942504,5964.31
13372,3965586,5964.54
13372,3988631,5964.54
13372,4011803,5964.54
13372,4034749,5964.17
13372,4057765,5964.17
13372,4080909,5964.42
13372,4103828,5964.42
13372,4126620,5964.37
13372,4127683,5964.37
13372,4127961,5965.54
13372,4128231,5965.54
13372,4128543,5965.54
13372,4128848,5965.54
13372,4129209,5965.54
13372,4129445,5965.54
13372,4129823,5965.54
13372,4130076,5965.54
13372,4130383,5965.54
13372,4130738,5965.54
13372,4131002,5965.54
13372,4131374,5965.54
13372,4131678,5965.54
13372,4131917,5965.54
13372,4132219,5965.54
13372,4132580,5965.54
13372,4132900,5965.54
13372,4133207,5965.54
13372,4133444,5965.54
13372,4133756,5965.54
13372,4134062,5965.54
13372,4134376,5965.54
13372,4134738,5965.54
13372,4134982,5965.54
13372,4135286,5965.54
13372,4135602,5965.54
13372,4135949,5965.54
13372,4136267,5965.54
13372,4136568,5965.54
13372,4136822,5965.54
13372,4137113,5965.54
13372,4137439,5965.54
13372,4137744,5965.54
13372,4138109,5965.54
13372,4138338,5965.54
13372,4138661,5965.54
13372,4138971,5965.54
13372,4139331,5965.54
13372,4139579,5965.54
13372,4139889,5965.54
13372,4140198,5965.54
13372,4140577,5965.54
13372,4140817,5965.54
13372,4141133,5965.54
13372,4141434,5965.54
13372,4141725,5965.54
13372,4142049,5965.54
13372,4142353,5965.54
13372,4142735,5965.54
13372,4143051,5965.54
13372,4143420,5965.54
13372,4143727,5965.54
13372,4144031,5965.54
13372,4144277,5965.54
13372,4144640,5965.54
13372,4144951,5965.54
13372,4145256,5965.54
13372,4145566,5965.54
13372,4145800,5965.54
13372,4146183,5965.54
13372,4146480,5965.54
13372,4146783,5965.54
13372,4147031,5965.54
13372,4147349,5965.54
13372,4147656,5965.54
13372,4148010,5965.54
13372,4148270,5965.54
13372,4148595,5965.54
13372,4148941,5965.54
13372,4149172,5965.54
13372,4149489,5965.54
13372,4149793,5965.54
13372,4150112,5965.54
13372,4150412,5965.54
13372,4150792,5965.54
13372,4151031,5965.54
13372,4151341,5965.54
13372,4151637,5965.54
13372,4151951,5965.54
13372,4152254,5965.54
13372,4152607,5965.54
13372,4152931,5965.54
13372,4153176,5965.54
13372,4153492,5965.54
13372,4153855,5965.54
13372,4154158,5965.54
13372,4154410,5965.54
13372,4154722,5965.54
13372,4155068,5965.54
13372,4155333,5965.54
13372,4155634,5965.54
13372,4155948,5965.54
13372,4156259,5965.54
13372,4156629,5965.54
13372,4156935,5965.54
13372,4157243,5965.54
13372,4157463,5965.54
13372,4157785,5965.54
13372,4158101,5965.54
13372,4158392,5965.54
13372,4158753,5965.54
13372,4159078,5965.54
13372,4159385,5965.54
13372,4159696,5965.54
13372,4159916,5965.54
13372,4160390,5965.54
13372,4160694,5965.54
13372,4160997,5965.54
13372,4161253,5965.54
13372,4161603,5965.54
13372,4161921,5965.54
13372,4162223,5965.54
13372,4162453,5965.54
13372,4162769,5965.54
13372,4163134,5965.54
13372,4163402,5965.54
13372,4163764,5965.54
13372,4164067,5965.54
13372,4164299,5965.54
13372,4164620,5965.54
13372,4164985,5965.54
13372,4165304,5965.54
13372,4165613,5965.54
13372,4165912,5965.54
13372,4166231,5965.54
13372,4166451,5965.54
13372,4166774,5965.54
13372,4167152,5965.54
13372,4167456,5965.54
13372,4167766,5965.54
13372,4168013,5965.54
13372,4168337,5965.54
13372,4168703,5965.54
13372,4168921,5965.54
13372,4169319,5965.54
13372,4169632,5965.54
13372,4169856,5965.54
13372,4170194,5965.54
13372,4170511,5965.54
13372,4170890,5965.54
13372,4171200,5965.54
13372,4171496,5965.54
13372,4171758,5965.54
13372,4172077,5965.54
13372,4172452,5965.54
13372,4172757,5965.54
13372,4172999,5965.54
13372,4174017,5965.54
13372,4178158,5965.54
13372,4185183,5965.54
13372,4192735,5964.41
13372,4204268,5964.41
13372,4222034,5964.41
13372,4235557,5964.42
13372,4235883,5964.42
13372,4236114,5964.45
13372,4236944,5964.45
13372,4250391,5965.54
13372,4271619,5965.54
13372,4292830,5964.42
13372,4314516,5964.42
13372,4336142,5964.42
13372,4357646,5964.51
13372,4379019,5964.51
13372,4401031,5964.46
13372,4422935,5964.46
13372,4444741,5964.45
13372,4466944,5964.45
13372,4489088,5964.5
13372,4511366,5964.5
13372,4533847,5964.5
13372,4556420,5964.47
13372,4578202,5964.47
13372,4600582,5964.46
13372,4622598,5964.46
13372,4644615,5964.39
13372,4666800,5964.39
13372,4689286,5964.53
13372,4711830,5964.53
13372,4734214,5964.53
13372,4756863,5964.39
13372,4780183,5964.39
13372,4803200,5964.5
13372,4825778,5964.5
13372,4849025,5964.29
13372,4872413,5964.29
13372,4895768,5964.5
13372,4918745,5964.5
13372,4942097,5964.5
13372,4965497,5964.39
13372,4988939,5964.39
13372,5012280,5964.37
13372,5035526,5964.37
13372,5059473,5964.48
13372,5082747,5964.48
13372,5106056,5964.4
13372,5129368,5964.4
13372,5152652,5964.4
13372,5176038,5964.28
13372,5199282,5964.28
13372,5222424,5964.41
13372,5246002,5964.41
13372,5269381,5964.35
13372,5292797,5964.35
13372,5316099,5964.52
13372,5339410,5964.52
13372,5362822,5964.52
13372,5385731,5964.54
13372,5408749,5964.54
13372,5431568,5964.59
13372,5454083,5964.59
13372,5476966,5964.41
13372,5499652,5964.41
13372,5522703,5964.39
13372,5545518,5964.39
13372,5568270,5964.39
13372,5591550,5964.49
13372,5614232,5964.49
13372,5636986,5964.57
13372,5659834,5964.57
13372,5683338,5964.47
13372,5706384,5964.47
13372,5729693,5964.35
13372,5753100,5964.35
13372,5776310,5964.35
13372,5799427,5964.51
13372,5822742,5964.51
13372,5846290,5964.56
13372,5869324,5964.56
13372,5892613,5964.34
13372,5915827,5964.34
13372,5939204,5964.34
13372,5962194,5964.48
13372,5985541,5964.48
13372,6008593,5964.41
13372,6032001,5964.41
13372,6055191,5964.44
13372,6078603,5964.44
13372,6101884,5964.39
13372,6124899,5964.39
13372,6147969,5964.39
13372,6171281,5964.59
13372,6194328,5964.59
13372,6217473,5964.49
13372,6240591,5964.49
13372,6263567,5964.57
13372,6281694,5964.57
13372,6281942,5964.48
13372,6282246,5964.48
13372,6293565,5964.48
13372,6316622,5965.54
13372,6339661,5965.54
13372,6362602,5964.36
13372,6378692,5964.36
13372,6378957,5964.4
13372,6379265,5964.4
13372,6379506,5965.54
13372,6383991,5965.54
13372,6405728,5965.54
13372,6428269,5964.56
13372,6451314,5964.56
13372,6473704,5964.28
13372,6495963,5964.28
13372,6518378,5964.47
13372,6541036,5964.47
13372,6563194,5964.41
13372,6585849,5964.41
13372,6608872,5964.41
13372,6632183,5964.41
13372,6655596,5964.41
13372,6678643,5964.45
13372,6702197,5964.45
13372,6725851,5964.48
13372,6749429,5964.48
13372,6767760,5964.39
13372,6768026,5964.39
13372,6768325,5964.39
13372,6770589,5965.54
13372,6791551,5965.54
13372,6814776,5964.58
13372,6837726,5964.58
13372,6860343,5964.38
13372,6874120,5964.38
13372,6874434,5964.53
13372,6874735,5964.53
13372,6875047,5964.53
13372,6875355,5965.54
13372,6875658,5965.54
13372,6875975,5965.54
13372,6879820,5965.54
13372,6900995,5965.54
13372,6923236,5965.54
13372,6945672,5964.55
13372,6968791,5964.55
13372,6992010,5964.55
13372,7014492,5964.36
13373,77545,5964.39
13373,101096,5964.47
13373,124175,5964.47
13373,147626,5964.47
13373,170983,5964.47
13373,182842,5964.4
13373,183199,5964.4
13373,183514,5964.4
13373,183743,5965.54
13373,184079,5965.54
13373,184380,5965.54
13373,185603,5965.54
13373,202279,5965.54
13373,224155,5965.54
13373,246437,5964.53
13373,268924,5964.53
13373,291676,5964.53
13373,314428,5964.55
13373,337319,5964.55
13373,359819,5964.38
13373,383086,5964.38
13373,406375,5964.46
13373,429229,5964.46
13373,452390,5964.46
13373,475275,5964.46
13373,498328,5964.46
13373,521099,5964.46
13373,544150,5964.46
13373,567507,5964.55
13373,590983,5964.55
13373,614337,5964.44
13373,637991,5964.44
13373,661671,5964.52
13373,684923,5964.52
13373,6968138,5964.53
13373,6991421,5964.38
13373,7014343,5964.38
13373,7037132,5964.38
13373,7059648,5964.31
13373,7082708,5964.31
13373,7105494,5964.45
13373,7128043,5964.45
13373,7151159,5964.13
13373,7174485,5964.13
13373,7197338,5964.13
13373,7220292,5964.46
13373,7243483,5964.46
13373,7266876,5964.42
13373,7289793,5964.42
13373,7313006,5964.42
13373,7336786,5964.42
13373,7360569,5964.45
13373,7384274,5964.45
13373,7407984,5964.45
13373,7432002,5964.36
13373,7455687,5964.36
13373,7479483,5964.39
13373,7503040,5964.39
13373,7526488,5964.44
13373,7550155,5964.44
13373,7573772,5964.46
13373,7597122,5964.46
13373,7620666,5964.46
13373,7644380,5964.48
13373,708239,5964.52
13373,731657,5964.47
13373,755080,5964.47
13373,778633,5964.47
13373,801816,5964.47
13373,824864,5964.4
13373,848151,5964.4
13373,871738,5964.4
13373,895265,5964.43
13373,918282,5964.43
13373,941325,5964.44
13373,964640,5964.44
13373,987655,5964.26
13373,1010837,5964.26
13373,1034258,5964.53
13373,1057508,5964.53
13373,1081096,5964.53
13373,1104612,5964.48
13373,1128193,5964.48
13373,1151545,5964.5
13373,1175129,5964.5
13373,1198619,5964.45
13373,1222201,5964.45
13373,1245725,5964.45
13373,1269274,5964.48
13373,1292832,5964.48
13373,1316185,5964.4
13373,1339410,5964.4
13373,1359129,5964.47
13373,1378469,5964.47
13373,7667793,5964.48
13373,7691069,5964.38
13373,7714748,5964.38
13373,7738071,5964.3
13373,7761844,5964.3
13373,7785414,5964.53
13373,7809039,5964.53
13373,7832494,5964.53
13373,7855414,5964.4
13373,7878933,5964.4
13373,7902522,5964.37
13373,7925532,5964.37
13373,7948816,5964.4
13373,7972036,5964.4
13373,7995192,5964.47
13373,8006570,5964.47
13373,8006959,5964.47
13373,8007311,5965.54
13373,8007311,5965.54
13373,1394093,5964.52
13373,1394438,5964.52
13373,1394675,5964.52
13373,1394992,5965.54
13373,1395358,5965.54
13373,1395665,5965.54
13373,1395921,5965.54
13373,1396292,5965.54
13373,1396658,5965.54
13373,1408979,5965.54
13373,1430836,5965.54
13373,1453472,5965.54
13373,1476452,5964.22
13373,1499465,5964.22
13373,1522676,5964.49
13373,1545918,5964.49
13373,1569262,5964.38
13373,1592715,5964.38
13373,1615499,5964.42
13373,1638575,5964.42
13373,1661488,5964.42
13373,1684407,5964.48
13373,1707755,5964.48
13373,1731242,5964.42
13373,1754259,5964.42
13373,1777474,5964.45
13373,1800356,5964.45
13373,1823196,5964.47
13373,1846514,5964.47
13373,1869227,5964.47
13373,1892544,5964.38
13373,1915303,5964.38
13373,1938453,5964.41
13373,1961632,5964.41
13373,1966073,5964.35
13373,1966383,5964.35
13373,1966671,5965.54
13373,1966932,5965.54
13373,1977239,5965.54
13373,2000071,5965.54
13373,2009082,5965.54
13373,2009355,5964.29
13373,2009669,5964.29
13373,2012439,5965.54
13373,2034200,5965.54
13373,2057045,5964.58
13373,2080160,5964.58
13373,2102908,5964.58
13373,2125382,5964.32
13373,2147863,5964.32
13373,2171048,5964.57
13373,2177427,5964.57
13373,2177733,5964.43
13373,2177977,5964.43
13373,2178347,5965.54
13373,2178642,5965.54
13373,2178958,5965.54
13373,2179258,5965.54
13373,2179506,5965.54
13373,2179816,5965.54
13373,2180865,5965.54
13373,2196387,5965.54
13373,2217610,5965.54
13373,2239973,5964.27
13373,2262280,5964.27
13373,2285317,5964.27
13373,2308858,5964.45
13373,2331801,5964.45
13373,2355110,5964.43
13373,2378649,5964.43
13373,2401767,5964.42
13373,2424717,5964.42
13373,2447233,5964.5
13373,2470017,5964.5
13373,2492937,5964.5
13373,2516123,5964.42
13373,2539276,5964.42
13373,2562320,5964.47
13373,2585467,5964.47
13373,2608449,5964.37
13373,2631433,5964.37
13373,2654451,5964.37
13373,2677900,5964.41
13373,2700949,5964.41
13373,2724031,5964.35
13373,2747415,5964.35
13373,2770831,5964.5
13373,2793876,5964.5
13373,2817166,5964.44
13373,2840346,5964.44
13373,2863229,5964.44
13373,2886249,5964.39
13373,2909070,5964.39
13373,2917267,5964.41
13373,2917578,5964.41
13373,2917805,5965.54
13373,2918889,5965.54
13373,2935655,5965.54
13373,2958079,5965.54
13373,2981029,5965.54
13373,3004249,5964.08
13373,3015540,5964.08
13373,3015844,5964.46
13373,3016146,5964.46
13373,3021715,5965.54
13373,3043931,5965.54
13373,3067161,5964.1
13373,3090029,5964.1
13373,3112643,5964.1
13373,3135398,5964.49
13373,3158417,5964.49
13373,3181204,5964.4
13373,3204127,5964.4
13373,3227482,5964.45
13373,3250330,5964.45
13373,3273054,5964.46
13373,3295906,5964.46
13373,3318562,5964.46
13373,3341653,5964.41
13373,3364768,5964.41
13373,3387551,5964.47
13373,3410602,5964.47
13373,3433384,5964.43
13373,3456541,5964.43
13373,3479659,5964.47
13373,3502383,5964.47
13373,3517022,5964.47
13373,3517311,5964.44
13373,3517617,5964.44
13373,3518108,5965.54
13373,3528057,5965.54
13373,3550647,5964.5
13373,3572885,5964.5
13373,3595307,5964.49
13373,3618197,5964.49
13373,3640851,5964.49
13373,3663535,5964.45
13373,3686322,5964.45
13373,3709373,5964.43
13373,3732251,5964.43
13373,3755440,5964.46
13373,3778455,5964.46
13373,3801305,5964.35
13373,3824660,5964.35
13373,3848079,5964.35
13373,3871264,5964.4
13373,3894318,5964.4
13373,3917573,5964.49
13373,3940890,5964.49
13373,3964208,5964.42
13373,3987455,5964.42
13373,4010980,5964.42
13373,4034066,5964.42
13373,4057520,5964.42
13373,4080464,5964.48
13373,4103973,5964.48
13373,4127782,5964.39
13373,4151418,5964.39
13373,4175254,5964.54
13373,4198688,5964.54
13373,4215784,5964.54
13373,4216076,5964.41
13373,4216387,5964.41
13373,4216702,5965.54
13373,4225552,5965.54
13373,4247796,5965.54
13373,4270582,5965.54
13373,4293768,5964.43
13373,4316685,5964.43
13373,4339906,5964.43
13373,4362990,5964.48
13373,4386443,5964.48
13373,4409752,5964.49
13373,4432879,5964.49
13373,4456054,5964.47
13373,4479368,5964.47
13373,4502925,5964.46
13373,4526343,5964.46
13373,4549661,5964.46
13373,4572914,5964.36
13373,4596300,5964.36
13373,4619584,5964.51
13373,4642933,5964.51
13373,4666550,5964.44
13373,4689544,5964.44
13373,4712764,5964.52
13373,4735689,5964.52
13373,4758779,5964.52
13373,4762682,5964.51
13373,4763000,5964.51
13373,4763304,5965.54
13373,4763603,5965.54
13373,4763913,5965.54
13373,4764219,5965.54
13373,4764527,5965.54
13373,4764828,5965.54
13373,4765334,5965.54
13373,4777062,5965.54
13373,4798253,5965.54
13373,4820132,5964.24
13373,4842544,5964.24
13373,4864593,5964.55
13373,4886949,5964.55
13373,4909338,5964.55
13373,4932658,5964.39
13373,4937053,5964.39
13373,4937356,5964.5
13373,4937668,5964.5
13373,4948653,5965.54
13373,4971384,5965.54
13373,4994458,5964.67
13373,5017804,5964.67
13373,5041122,5964.67
13373,5064102,5964.4
13373,5087416,5964.4
13373,5110726,5964.44
13373,5134036,5964.44
13373,5157423,5964.41
13373,5180607,5964.41
13373,5203760,5964.43
13373,5227084,5964.43
13373,5250369,5964.43
13373,5273924,5964.36
13373,5296706,5964.36
13373,5319792,5964.56
13373,5343283,5964.56
13373,5366626,5964.3
13373,5389876,5964.3
13373,5408653,5964.37
13373,5408982,5964.37
13373,5409284,5964.37
13373,5409602,5965.54
13373,5409887,5965.54
13373,5410218,5965.54
13373,5410524,5965.54
13373,5410825,5965.54
13373,5411128,5965.54
13373,5411433,5965.54
13373,5411746,5965.54
13373,5412051,5965.54
13373,5412365,5965.54
13373,5412660,5965.54
13373,5412968,5965.54
13373,5413278,5965.54
13373,5413580,5965.54
13373,5413886,5965.54
13373,5414149,5965.54
13373,5414463,5965.54
13373,5416769,5965.54
13373,5436539,5965.54
13373,5458660,5965.54
13373,5481644,5964.27
13373,5504347,5964.27
13373,5527084,5964.44
13373,5549834,5964.44
13373,5572413,5964.44
13373,5595128,5964.38
13373,5618070,5964.38
13373,5640920,5964.46
13373,5663733,5964.46
13373,5686734,5964.32
13373,5709804,5964.32
13373,5732947,5964.4
13373,5756222,5964.4
13373,5779272,5964.4
13373,5802558,5964.36
13373,5825738,5964.36
13373,5849018,5964.43
13373,5872555,5964.43
13373,5895666,5964.37
13373,5919174,5964.37
13373,5942859,5964.46
13373,5966544,5964.46
13373,5990200,5964.46
13373,6013883,5964.45
13373,6037534,5964.45
13373,6060754,5964.39
13373,6083705,5964.39
13373,6106992,5964.42
13373,6130150,5964.42
13373,6153299,5964.52
13373,6176955,5964.52
13373,6200345,5964.52
13373,6223427,5964.36
13373,6246982,5964.36
13373,6270035,5964.45
13373,6293489,5964.45
13373,6317142,5964.45
13373,6340690,5964.45
13373,6363975,5964.4
13373,6387125,5964.4
13373,6410539,5964.4
13373,6433991,5964.37
13373,6456969,5964.37
13373,6480087,5964.43
13373,6502979,5964.43
13373,6526033,5964.41
13373,6548920,5964.41
13373,6571707,5964.52
13373,6594770,5964.52
13373,6617929,5964.52
13373,6641317,5964.41
13373,6664640,5964.41
13373,6687423,5964.36
13373,6710480,5964.36
13373,6733827,5964.51
13373,6756949,5964.51
13373,6780109,5964.41
13373,6803746,5964.41
13373,6827353,5964.41
13373,6850500,5964.43
13373,6874473,5964.43
13373,6898120,5964.4
13373,6921936,5964.4
13373,6944990,5964.53
13381,55545,5964.68
13381,76006,5964.68
13381,96358,5964.75
13381,116322,5964.75
13381,136680,5964.75
13381,156901,5964.75
13381,177400,5964.72
13381,197735,5964.72
13381,218745,5964.72
13381,239877,5964.72
13381,261358,5964.72
13381,282514,5964.71
13381,303313,5964.71
13381,324458,5964.76
13381,345073,5964.76
13381,365562,5964.78
13381,386286,5964.78
13381,407163,5964.78
13381,427888,5964.78
13381,448375,5964.77
13381,468719,5964.77
13381,489335,5964.77
13381,510192,5964.7
13381,530667,5964.7
13381,551157,5964.67
13381,571628,5964.67
13381,592488,5964.7
13381,612754,5964.7
13381,633912,5964.73
13381,651358,5964.73
13381,651606,5964.73
13381,651918,5964.71
13381,658998,5964.71
13381,679124,5965.54
13381,699843,5965.54
13381,7113820,5964.71
13381,7134425,5964.71
13381,7155187,5964.74
13381,7175878,5964.74
13381,7197118,5964.77
13381,7218130,5964.77
13381,7239223,5964.71
13381,7259902,5964.71
13381,7280314,5964.7
13381,7300674,5964.7
13381,7321286,5964.7
13381,7342094,5964.6
13381,7362601,5964.6
13381,7383213,5964.65
13381,7404026,5964.65
13381,7424491,5964.68
13381,7445094,5964.68
13381,7465793,5964.64
13381,7486380,5964.64
13381,7507264,5964.64
13381,7527845,5964.8
13381,7548225,5964.8
13381,7568822,5964.7
13381,7589650,5964.7
13381,7610327,5964.64
13381,7631058,5964.64
13381,7652044,5964.67
13381,7673128,5964.67
13381,7694780,5964.67
13381,7716006,5964.8
13381,7737149,5964.8
13381,7758524,5964.81
13381,7779932,5964.81
13381,7801079,5964.72
13381,720325,5964.23
13381,740948,5964.23
13381,761293,5964.93
13381,781719,5964.93
13381,801952,5964.93
13381,822349,5964.78
13381,842697,5964.78
13381,862922,5964.8
13381,883216,5964.8
13381,903555,5964.78
13381,923837,5964.78
13381,944065,5964.76
13381,960033,5964.76
13381,960314,5964.76
13381,960617,5964.78
13381,961744,5964.78
13381,976344,5965.54
13381,996288,5965.54
13381,1016162,5964.41
13381,1036079,5964.41
13381,1055991,5964.57
13381,1076037,5964.57
13381,1095788,5964.57
13381,1116343,5964.73
13381,1136838,5964.73
13381,1157201,5964.74
13381,1177403,5964.74
13381,1197620,5964.77
13381,1217981,5964.77
13381,1238207,5964.79
13381,1258335,5964.79
13381,1278918,5964.79
13381,1299279,5964.77
13381,1319603,5964.77
13381,1340134,5964.91
13381,1360448,5964.91
13381,1380665,5964.67
13381,1401399,5964.67
13381,7822129,5964.72
13381,7842985,5964.62
13381,7863604,5964.62
13381,7884325,5964.62
13381,7904764,5964.65
13381,7925208,5964.65
13381,7945770,5964.78
13381,7966512,5964.78
13381,7987240,5964.6
13381,8007970,5964.6
13381,8028846,5964.68
13381,8049325,5964.68
13381,8070305,5964.68
13381,8090795,5964.9
13381,8111584,5964.9
13381,8132159,5964.62
13381,8152640,5964.62
13381,8173236,5964.68
13381,8193826,5964.68
13381,8214713,5964.68
13381,8235450,5964.68
13381,8256448,5964.68
13381,8277291,5964.77
13381,8298172,5964.77
13381,8318768,5964.66
13381,8339238,5964.66
13381,8359899,5964.71
13381,8380326,5964.71
13381,8400829,5964.78
13381,8421405,5964.78
13381,8442160,5964.78
13381,8463011,5964.66
13381,8483671,5964.66
13381,8504545,5964.77
13381,8525731,5964.77
13381,8547043,5964.75
13381,8568381,5964.75
13381,8571877,5964.58
13381,8572179,5964.58
13381,8580841,5964.58
13381,8601288,5965.54
13381,8621790,5965.54
13381,8641861,5964.37
13381,8662262,5964.37
13381,8682824,5964.66
13381,8703179,5964.66
13381,8723807,5964.65
13381,8744285,5964.65
13381,8764742,5964.65
13381,8785445,5964.69
13381,8805961,5964.69
13381,8826451,5964.55
13381,8847063,5964.55
13381,8867268,5964.72
13381,8888160,5964.72
13381,8894242,5964.72
13381,8894634,5964.78
13381,8898287,5964.78
13381,8918618,5965.54
13381,8938128,5965.54
13381,8957642,5964.21
13381,8977772,5964.21
13381,8997992,5964.76
13381,9018735,5964.76
13381,9039340,5964.76
13381,9060074,5964.73
13381,9080818,5964.73
13381,9101298,5964.75
13381,9122542,5964.75
13381,9143666,5964.73
13381,9164574,5964.73
13381,9185468,5964.73
13381,9206237,5964.68
13381,9226986,5964.68
13381,9247549,5964.8
13381,9268186,5964.8
13381,9288930,5964.67
13381,9309540,5964.67
13381,9330290,5964.71
13381,9350793,5964.71
13381,9371353,5964.71
13381,9391984,5964.78
13381,9412438,5964.78
13381,9432947,5964.7
13381,9453683,5964.7
13381,9474279,5964.53
13381,9494878,5964.53
13381,9515628,5964.67
13381,9536598,5964.67
13381,9557351,5964.67
13381,9578218,5964.58
13381,9598954,5964.58
13381,9619812,5964.74
13381,9640757,5964.74
13381,9661421,5964.67
13381,9682199,5964.67
13381,9702934,5964.62
13381,9723827,5964.62
13381,9745132,5964.62
13381,9765984,5964.59
13381,9786852,5964.59
13381,9807586,5964.7
13381,9828466,5964.7
13381,9849688,5964.73
13381,9870572,5964.73
13381,9891631,5964.7
13381,9912449,5964.7
13381,9933040,5964.7
13381,9954185,5964.56
13381,9974974,5964.56
13381,9995598,5964.8
13381,10016348,5964.8
13381,10037343,5964.58
13381,10058037,5964.58
13381,10079269,5964.74
13381,10100327,5964.74
13381,10121193,5964.74
13381,10141797,5964.72
13381,10162689,5964.72
13381,10183658,5964.71
13381,10184305,5964.71
13381,1421788,5964.8
13381,1442230,5964.8
13381,1462733,5964.8
13381,1483556,5964.69
13381,1504063,5964.69
13381,1525074,5964.79
13381,1545936,5964.79
13381,1566516,5964.74
13381,1587512,5964.74
13381,1608255,5964.86
13381,1629112,5964.86
13381,1649999,5964.86
13381,1670623,5964.8
13381,1691187,5964.8
13381,1711288,5964.73
13381,1731902,5964.73
13381,1752002,5964.79
13381,1772485,5964.79
13381,1793339,5964.74
13381,1814229,5964.74
13381,1835219,5964.74
13381,1856080,5964.79
13381,1876722,5964.79
13381,1897736,5964.64
13381,1918646,5964.64
13381,1939737,5964.72
13381,1960512,5964.72
13381,1981373,5964.72
13381,2001845,5964.72
13381,2022587,5964.72
13381,2043583,5964.72
13381,2064824,5964.72
13381,2085697,5964.75
13381,2106317,5964.75
13381,2127170,5964.8
13381,2147855,5964.8
13381,2168392,5964.8
13381,2189281,5964.83
13381,2209856,5964.83
13381,2230605,5964.73
13381,2251066,5964.73
13381,2271751,5964.8
13381,2292200,5964.8
13381,2312900,5964.7
13381,2333408,5964.7
13381,2353988,5964.7
13381,2374638,5964.72
13381,2395211,5964.72
13381,2415796,5964.78
13381,2436640,5964.78
13381,2457275,5964.69
13381,2478146,5964.69
13381,2498741,5964.69
13381,2519606,5964.69
13381,2540627,5964.69
13381,2562114,5964.81
13381,2583550,5964.81
13381,2605134,5964.75
13381,2626647,5964.75
13381,2648089,5964.65
13381,2669265,5964.65
13381,2689854,5964.63
13381,2710594,5964.63
13381,2731643,5964.79
13381,2752233,5964.79
13381,2773009,5964.79
13381,2794053,5964.56
13381,2814536,5964.56
13381,2834877,5964.81
13381,2855987,5964.81
13381,2876457,5964.74
13381,2896948,5964.74
13381,2917068,5964.74
13381,2937529,5964.74
13381,2958288,5964.74
13381,2978743,5964.65
13381,2999425,5964.65
13381,3019712,5964.77
13381,3040269,5964.77
13381,3060814,5964.74
13381,3081406,5964.74
13381,3102011,5964.68
13381,3122769,5964.68
13381,3143861,5964.68
13381,3165001,5964.78
13381,3185858,5964.78
13381,3206696,5964.69
13381,3227598,5964.69
13381,3248715,5964.78
13381,3269575,5964.78
13381,3290540,5964.78
13381,3311311,5964.7
13381,3331914,5964.7
13381,3352533,5964.67
13381,3373164,5964.67
13381,3393845,5964.74
13381,3414325,5964.74
13381,3434568,5964.67
13381,3454886,5964.67
13381,3475142,5964.67
13381,3495582,5964.7
13381,3516088,5964.7
13381,3536696,5964.61
13381,3556781,5964.61
13381,3577157,5964.74
13381,3597650,5964.74
13381,3617859,5964.75
13381,3638067,5964.75
13381,3658421,5964.75
13381,3678920,5964.75
13381,3699529,5964.75
13381,3720544,5964.75
13381,3741113,5964.75
13381,3761456,5964.62
13381,3781941,5964.62
13381,3802691,5964.77
13381,3823300,5964.77
13381,3844033,5964.77
13381,3864642,5964.72
13381,3885116,5964.72
13381,3905553,5964.68
13381,3926503,5964.68
13381,3947591,5964.7
13381,3968626,5964.7
13381,3989697,5964.66
13381,4010321,5964.66
13381,4030671,5964.66
13381,4051252,5964.72
13381,4071588,5964.72
13381,4092494,5964.75
13381,4112964,5964.75
13381,4133941,5964.8
13381,4154949,5964.8
13381,4175809,5964.75
13381,4196541,5964.75
13381,4217279,5964.75
13381,4238029,5964.7
13381,4258744,5964.7
13381,4279624,5964.68
13381,4300495,5964.68
13381,4321219,5964.64
13381,4342097,5964.64
13381,4362437,5964.77
13381,4382817,5964.77
13381,4403356,5964.77
13381,4423515,5964.71
13381,4443960,5964.71
13381,4464450,5964.82
13381,4485042,5964.82
13381,4505543,5964.84
13381,4526367,5964.84
13381,4547307,5964.73
13381,4568389,5964.73
13381,4589638,5964.73
13381,4610749,5964.76
13381,4631359,5964.76
13381,4651974,5964.78
13381,4672436,5964.78
13381,4692806,5964.8
13381,4713279,5964.8
13381,4733888,5964.74
13381,4754879,5964.74
13381,4775873,5964.74
13381,4796927,5964.76
13381,4817729,5964.76
13381,4838725,5964.69
13381,4859391,5964.69
13381,4880199,5964.67
13381,4889376,5964.67
13381,4889713,5964.7
13381,4890021,5964.7
13381,4892526,5964.7
13381,4912751,5965.54
13381,4933753,5965.54
13381,4954239,5964.32
13381,4974849,5964.32
13381,4995468,5964.74
13381,4995852,5964.74
13381,4996158,5965.54
13381,4996467,5965.54
13381,4996829,5965.54
13381,4997144,5965.54
13381,4998314,5965.54
13381,5013672,5965.54
13381,5034140,5965.54
13381,5054388,5964.57
13381,5074914,5964.57
13381,5095332,5964.57
13381,5115736,5964.62
13381,5135831,5964.62
13381,5156273,5964.8
13381,5176877,5964.8
13381,5197218,5964.82
13381,5217712,5964.82
13381,5237832,5964.75
13381,5258161,5964.75
13381,5278642,5964.75
13381,5299238,5964.69
13381,5319610,5964.69
13381,5340066,5964.75
13381,5360846,5964.75
13381,5381637,5964.76
13381,5402159,5964.76
13381,5422739,5964.6
13381,5443378,5964.6
13381,5463997,5964.6
13381,5484842,5964.73
13381,5505836,5964.73
13381,5526842,5964.73
13381,5547956,5964.73
13381,5568732,5964.71
13381,5589685,5964.71
13381,5610176,5964.65
13381,5630629,5964.65
13381,5650864,5964.65
13381,5671126,5964.71
13381,5691294,5964.71
13381,5711930,5964.79
13381,5732418,5964.79
13381,5752886,5964.62
13381,5773261,5964.62
13381,5793738,5964.81
13381,5814315,5964.81
13381,5834939,5964.81
13381,5855575,5964.71
13381,5876916,5964.71
13381,5897665,5964.7
13381,5918135,5964.7
13381,5939152,5964.61
13381,5960227,5964.61
13381,5980962,5964.76
13381,6002088,5964.76
13381,6022975,5964.76
13381,6043684,5964.68
13381,6064302,5964.68
13381,6084534,5964.83
13381,6104769,5964.83
13381,6124958,5964.67
13381,6145186,5964.67
13381,6165669,5964.71
13381,6186003,5964.71
13381,6206185,5964.71
13381,6226861,5964.81
13381,6246858,5964.81
13381,6267177,5964.67
13381,6287420,5964.67
13381,6307815,5964.77
13381,6328224,5964.77
13381,6348564,5964.7
13381,6369192,5964.7
13381,6390193,5964.7
13381,6410788,5964.7
13381,6431771,5964.7
13381,6452671,5964.71
13381,6473695,5964.71
13381,6494690,5964.74
13381,6515876,5964.74
13381,6536628,5964.65
13381,6557614,5964.65
13381,6578482,5964.66
13381,6599456,5964.66
13381,6619947,5964.66
13381,6640459,5964.63
13381,6661179,5964.63
13381,6681906,5964.72
13381,6702634,5964.72
13381,6723128,5964.85
13381,6743606,5964.85
13381,6764088,5964.75
13381,6784718,5964.75
13381,6805412,5964.75
13381,6826371,5964.72
13381,6846891,5964.72
13381,6867272,5964.64
13381,6888020,5964.64
13381,6908719,5964.81
13381,6929064,5964.81
13381,6949690,5964.81
13381,6970042,5964.65
13381,6990715,5964.65
13381,7011106,5964.7
13381,7031586,5964.7
13381,7051814,5964.73
13381,7072189,5964.73
13381,7093038,5964.71
13382,53860,5964.3
13382,73825,5964.3
13382,93606,5964.67
13382,113390,5964.67
13382,133364,5964.79
13382,153501,5964.79
13382,174224,5964.75
13382,194683,5964.75
13382,215180,5964.73
13382,235503,5964.73
13382,256065,5964.73
13382,276682,5964.66
13382,297196,5964.66
13382,317593,5964.69
13382,337900,5964.69
13382,358366,5964.65
13382,379027,5964.65
13382,399602,5964.62
13382,410665,5964.62
13382,410968,5964.62
13382,411271,5964.71
13382,413652,5964.71
13382,432089,5965.54
13382,455536,5965.54
13382,477440,5964.17
13382,498523,5964.17
13382,519776,5964.8
13382,540514,5964.8
13382,561226,5964.8
13382,581706,5964.68
13382,602321,5964.68
13382,622796,5964.73
13382,643279,5964.73
13382,663766,5964.81
13382,684279,5964.81
13382,704710,5964.81
13382,7109143,5964.75
13382,7129373,5964.75
13382,7149594,5964.58
13382,7170093,5964.58
13382,7190794,5964.59
13382,7211432,5964.59
13382,7232043,5964.62
13382,7252791,5964.62
13382,7273274,5964.73
13382,7293744,5964.73
13382,7314388,5964.73
13382,7335063,5964.64
13382,7356013,5964.64
13382,7376535,5964.63
13382,7396904,5964.63
13382,7417890,5964.71
13382,7438702,5964.71
13382,7459247,5964.64
13382,7479980,5964.64
13382,7500363,5964.64
13382,7520813,5964.76
13382,7541468,5964.76
13382,7561885,5964.77
13382,7582508,5964.77
13382,7603097,5964.59
13382,7623834,5964.59
13382,7644448,5964.55
13382,7665101,5964.55
13382,7685801,5964.55
13382,7706288,5964.66
13382,7727118,5964.66
13382,7747866,5964.68
13382,7768329,5964.68
13382,7788785,5964.7
13382,725338,5964.62
13382,746062,5964.62
13382,766509,5964.65
13382,786897,5964.65
13382,807184,5964.7
13382,827600,5964.7
13382,848580,5964.66
13382,868842,5964.66
13382,889312,5964.66
13382,910183,5964.74
13382,915115,5964.74
13382,915428,5964.64
13382,915734,5964.64
13382,916049,5965.54
13382,916346,5965.54
13382,916657,5965.54
13382,922772,5965.54
13382,941671,5965.54
13382,961078,5965.05
13382,981347,5965.05
13382,1001565,5964.49
13382,1021797,5964.49
13382,1042033,5964.67
13382,1062520,5964.67
13382,1082737,5964.67
13382,1103214,5964.64
13382,1123950,5964.64
13382,1144174,5964.64
13382,1164818,5964.64
13382,1185655,5964.59
13382,1206657,5964.59
13382,1227243,5964.63
13382,1248004,5964.63
13382,1268831,5964.64
13382,1289499,5964.64
13382,1310056,5964.64
13382,1330690,5964.73
13382,1351298,5964.73
13382,1372282,5964.6
13382,1392493,5964.6
13382,1413285,5964.73
13382,7809310,5964.7
13382,7829924,5964.71
13382,7850417,5964.71
13382,7870897,5964.65
13382,7891432,5964.65
13382,7911582,5964.65
13382,7932212,5964.73
13382,7953071,5964.73
13382,7973923,5964.65
13382,7994528,5964.65
13382,8015162,5964.62
13382,8036266,5964.62
13382,8056968,5964.63
13382,8077724,5964.63
13382,8098221,5964.63
13382,8118562,5964.73
13382,8138916,5964.73
13382,8159784,5964.57
13382,8180248,5964.57
13382,8200644,5964.62
13382,8221464,5964.62
13382,8241840,5964.61
13382,8262437,5964.61
13382,8283284,5964.61
13382,8304160,5964.63
13382,8324792,5964.63
13382,8345392,5964.62
13382,8365986,5964.62
13382,8386601,5964.72
13382,8407315,5964.72
13382,8428174,5964.63
13382,8448658,5964.63
13382,8469534,5964.63
13382,8490267,5964.69
13382,8510483,5964.69
13382,8511288,5964.75
13382,8511589,5964.75
13382,8513205,5965.54
13382,8529126,5965.54
13382,8549452,5965.2
13382,8569537,5965.2
13382,8589387,5965.2
13382,8609456,5964.68
13382,8629710,5964.68
13382,8650056,5964.66
13382,8670279,5964.66
13382,8690748,5964.69
13382,8710864,5964.69
13382,8731379,5964.73
13382,8751805,5964.73
13382,8772349,5964.73
13382,8793160,5964.56
13382,8814000,5964.56
13382,8834581,5964.68
13382,8855355,5964.68
13382,8875842,5964.61
13382,8896568,5964.61
13382,8917426,5964.61
13382,8937801,5964.64
13382,8958855,5964.64
13382,8979912,5964.61
13382,9000773,5964.61
13382,9021743,5964.73
13382,9043142,5964.73
13382,9064269,5964.73
13382,9085736,5964.73
13382,9106254,5964.73
13382,9127240,5964.7
13382,9148219,5964.7
13382,9168840,5964.62
13382,9189473,5964.62
13382,9209795,5964.68
13382,9230383,5964.68
13382,9242492,5964.81
13382,9242806,5964.81
13382,9243116,5964.81
13382,9243419,5965.54
13382,9251657,5965.54
13382,9271586,5965.54
13382,9291541,5965.54
13382,9311976,5964.62
13382,9332557,5964.62
13382,9352976,5964.64
13382,9373649,5964.64
13382,9394188,5964.64
13382,9414781,5964.66
13382,9435626,5964.66
13382,9455968,5964.62
13382,9476303,5964.62
13382,9496662,5964.65
13382,9516977,5964.65
13382,9537483,5964.75
13382,9558232,5964.75
13382,9579239,5964.75
13382,9600089,5964.66
13382,9620977,5964.66
13382,9641955,5964.61
13382,9662742,5964.61
13382,9683325,5964.7
13382,9704410,5964.7
13382,9725144,5964.65
13382,9745994,5964.65
13382,9766882,5964.65
13382,9787461,5964.72
13382,9807976,5964.72
13382,9828840,5964.57
13382,9849300,5964.57
13382,9870031,5964.64
13382,9890786,5964.64
13382,9911290,5964.78
13382,9931882,5964.78
13382,9952586,5964.78
13382,9973462,5964.6
13382,9994108,5964.6
13382,10014813,5964.79
13382,10035290,5964.79
13382,10056142,5964.76
13382,10076744,5964.76
13382,10085472,5964.7
13382,1433724,5964.73
13382,1454207,5964.65
13382,1474858,5964.65
13382,1495803,5964.65
13382,1516668,5964.7
13382,1537515,5964.7
13382,1558653,5964.66
13382,1579133,5964.66
13382,1600158,5964.66
13382,1621021,5964.66
13382,1641522,5964.72
13382,1662008,5964.72
13382,1682802,5964.72
13382,1703533,5964.73
13382,1724180,5964.73
13382,1744741,5964.76
13382,1765245,5964.76
13382,1786309,5964.68
13382,1807655,5964.68
13382,1828469,5964.74
13382,1849464,5964.74
13382,1870548,5964.74
13382,1891731,5964.58
13382,1912468,5964.58
13382,1933293,5964.57
13382,1945015,5964.57
13382,1945324,5964.7
13382,1945643,5964.7
13382,1946720,5965.54
13382,1961071,5965.54
13382,1981190,5965.54
13382,2002424,5964.96
13382,2023149,5964.96
13382,2043880,5964.55
13382,2064338,5964.55
13382,2084802,5964.76
13382,2105968,5964.76
13382,2126848,5964.58
13382,2147516,5964.58
13382,2168089,5964.58
13382,2188863,5964.73
13382,2209512,5964.73
13382,2230266,5964.78
13382,2251124,5964.78
13382,2271963,5964.67
13382,2292714,5964.67
13382,2313673,5964.7
13382,2334584,5964.7
13382,2355076,5964.7
13382,2375814,5964.79
13382,2396700,5964.79
13382,2417527,5964.67
13382,2438326,5964.67
13382,2459001,5964.7
13382,2460181,5964.7
13382,2460492,5965.54
13382,2460805,5965.54
13382,2463707,5965.54
13382,2482912,5965.54
13382,2503113,5965.54
13382,2523592,5964.3
13382,2544129,5964.3
13382,2565119,5964.78
13382,2585681,5964.78
13382,2606318,5964.76
13382,2627030,5964.76
13382,2647978,5964.76
13382,2668564,5964.69
13382,2689485,5964.69
13382,2710488,5964.73
13382,2731299,5964.73
13382,2751965,5964.63
13382,2772574,5964.63
13382,2793359,5964.71
13382,2813972,5964.71
13382,2834768,5964.71
13382,2855751,5964.65
13382,2876512,5964.65
13382,2896877,5964.69
13382,2917476,5964.69
13382,2938198,5964.82
13382,2958965,5964.82
13382,2979529,5964.61
13382,3000014,5964.61
13382,3020850,5964.61
13382,3041599,5964.76
13382,3062239,5964.76
13382,3083229,5964.76
13382,3104011,5964.76
13382,3124909,5964.66
13382,3145691,5964.66
13382,3166697,5964.75
13382,3187611,5964.75
13382,3208664,5964.75
13382,3229607,5964.66
13382,3250495,5964.66
13382,3271498,5964.73
13382,3292643,5964.73
13382,3313583,5964.78
13382,3334497,5964.78
13382,3355337,5964.62
13382,3376606,5964.62
13382,3397205,5964.62
13382,3418131,5964.81
13382,3439311,5964.81
13382,3460212,5964.7
13382,3480655,5964.7
13382,3501389,5964.64
13382,3522244,5964.64
13382,3542997,5964.64
13382,3563229,5964.67
13382,3583711,5964.67
13382,3603998,5964.74
13382,3624455,5964.74
13382,3644897,5964.77
13382,3665364,5964.77
13382,3686086,5964.58
13382,3706894,5964.58
13382,3727506,5964.58
13382,3748439,5964.77
13382,3769327,5964.77
13382,3790226,5964.58
13382,3810893,5964.58
13382,3831572,5964.65
13382,3852514,5964.65
13382,3873093,5964.7
13382,3893840,5964.7
13382,3900221,5964.7
13382,3900540,5964.71
13382,3900837,5964.71
13382,3901148,5965.54
13382,3901398,5965.54
13382,3901745,5965.54
13382,3902068,5965.54
13382,3902379,5965.54
13382,3902687,5965.54
13382,3902987,5965.54
13382,3908830,5965.54
13382,3927532,5965.54
13382,3946850,5965.12
13382,3966571,5965.12
13382,3986805,5964.6
13382,4007095,5964.6
13382,4027101,5964.69
13382,4047465,5964.69
13382,4067681,5964.69
13382,4087974,5964.73
13382,4108267,5964.73
13382,4129094,5964.68
13382,4149842,5964.68
13382,4170313,5964.77
13382,4190759,5964.77
13382,4211293,5964.71
13382,4232031,5964.71
13382,4252312,5964.71
13382,4273147,5964.68
13382,4293715,5964.68
13382,4314465,5964.7
13382,4335264,5964.7
13382,4355931,5964.82
13382,4376406,5964.82
13382,4397156,5964.71
13382,4417631,5964.71
13382,4438347,5964.71
13382,4459096,5964.64
13382,4479880,5964.64
13382,4500709,5964.74
13382,4521690,5964.74
13382,4542687,5964.63
13382,4563409,5964.63
13382,4583757,5964.68
13382,4604501,5964.68
13382,4625233,5964.68
13382,4645724,5964.7
13382,4666702,5964.7
13382,4677225,5964.91
13382,4677605,5964.91
13382,4677916,5965.54
13382,4678258,5965.54
13382,4678591,5965.54
13382,4678889,5965.54
13382,4679196,5965.54
13382,4679507,5965.54
13382,4685690,5965.54
13382,4704576,5965.54
13382,4724307,5965.54
13382,4744725,5964.9
13382,4765011,5964.9
13382,4785231,5964.9
13382,4805796,5964.47
13382,4826731,5964.47
13382,4847281,5964.75
13382,4867616,5964.75
13382,4887760,5964.67
13382,4907611,5964.67
13382,4927956,5964.61
13382,4948179,5964.61
13382,4968873,5964.61
13382,4989395,5964.74
13382,5009871,5964.74
13382,5030465,5964.72
13382,5050840,5964.72
13382,5071214,5964.68
13382,5091926,5964.68
13382,5112805,5964.66
13382,5133227,5964.66
13382,5152994,5964.66
13382,5153371,5964.72
13382,5153689,5964.72
13382,5154000,5965.54
13382,5154238,5965.54
13382,5154541,5965.54
13382,5154857,5965.54
13382,5156214,5965.54
13382,5171950,5965.54
13382,5191049,5965.54
13382,5210739,5964.99
13382,5230587,5964.99
13382,5250663,5964.6
13382,5270777,5964.6
13382,5290658,5964.91
13382,5310865,5964.91
13382,5331192,5964.72
13382,5351442,5964.72
13382,5372270,5964.72
13382,5392755,5964.77
13382,5396603,5964.77
13382,5396947,5964.62
13382,5397272,5964.62
13382,5397578,5965.54
13382,5397883,5965.54
13382,5398334,5965.54
13382,5408610,5965.54
13382,5428317,5965.54
13382,5448308,5965.07
13382,5468658,5965.07
13382,5488879,5964.8
13382,5508865,5964.8
13382,5529312,5964.72
13382,5549689,5964.72
13382,5570165,5964.72
13382,5590311,5964.71
13382,5599826,5964.71
13382,5600143,5964.68
13382,5600757,5964.68
13382,5613313,5965.54
13382,5633660,5965.54
13382,5654386,5964.25
13382,5674958,5964.25
13382,5695474,5964.25
13382,5716222,5964.83
13382,5736422,5964.83
13382,5756567,5964.81
13382,5776627,5964.81
13382,5796984,5964.76
13382,5817339,5964.76
13382,5837937,5964.67
13382,5858291,5964.67
13382,5878995,5964.67
13382,5899630,5964.66
13382,5920173,5964.66
13382,5940727,5964.77
13382,5961225,5964.77
13382,5981705,5964.68
13382,6002289,5964.68
13382,6022568,5964.72
13382,6037509,5964.72
13382,6037797,5964.72
13382,6038431,5964.75
13382,6051768,5964.75
13382,6072145,5965.54
13382,6093009,5965.54
13382,6113833,5964.62
13382,6134869,5964.62
13382,6155410,5964.9
13382,6175846,5964.9
13382,6196616,5964.9
13382,6216900,5964.72
13382,6237259,5964.72
13382,6257613,5964.66
13382,6278337,5964.66
13382,6298771,5964.63
13382,6318915,5964.63
13382,6339270,5964.66
13382,6359619,5964.66
13382,6379964,5964.66
13382,6400471,5964.78
13382,6420922,5964.78
13382,6441379,5964.77
13382,6461990,5964.77
13382,6482492,5964.65
13382,6502863,5964.65
13382,6523354,5964.65
13382,6543676,5964.69
13382,6564034,5964.69
13382,6584267,5964.69
13382,6604623,5964.69
13382,6625215,5964.68
13382,6645958,5964.68
13382,6666735,5964.74
13382,6687558,5964.74
13382,6708284,5964.74
13382,6729033,5964.66
13382,6749744,5964.66
13382,6770369,5964.69
13382,6791374,5964.69
13382,6812014,5964.63
13382,6832601,5964.63
13382,6853329,5964.69
13382,6874032,5964.69
13382,6894663,5964.69
13382,6915032,5964.73
13382,6935859,5964.73
13382,6956390,5964.68
13382,6961358,5964.68
13382,6961660,5964.7
13382,6961970,5964.7
13382,6962280,5965.54
13382,6962538,5965.54
13382,6962806,5965.54
13382,6969035,5965.54
13382,6988218,5965.54
13382,7008429,5964.79
13382,7028519,5964.79
13382,7048988,5964.73
13382,7068705,5964.73
13382,7088914,5964.75
13384,54126,5964.79
13384,74607,5964.79
13384,95183,5964.71
13384,115443,5964.71
13384,133743,5964.6
13384,134090,5964.6
13384,134399,5965.54
13384,134770,5965.54
13384,135951,5965.54
13384,150912,5965.54
13384,170891,5965.54
13384,191000,5964.49
13384,211234,5964.49
13384,231698,5964.73
13384,238161,5964.73
13384,238460,5964.66
13384,239162,5964.66
13384,251125,5965.54
13384,271206,5965.54
13384,291583,5965.54
13384,311857,5964.19
13384,332036,5964.19
13384,352704,5964.81
13384,355702,5964.81
13384,356003,5965.54
13384,356272,5965.54
13384,364383,5965.54
13384,383992,5965.54
13384,404514,5965.54
13384,424921,5964.11
13384,445146,5964.11
13384,465763,5964.71
13384,485981,5964.71
13384,506498,5964.71
13384,527024,5964.71
13384,547481,5964.71
13384,568276,5964.63
13384,588779,5964.63
13384,609584,5964.69
13384,630262,5964.69
13384,650572,5964.63
13384,671223,5964.63
13384,691771,5964.53
13384,7109708,5964.6
13384,7130816,5964.6
13384,7151549,5964.69
13384,7171809,5964.69
13384,7192319,5964.6
13384,7212867,5964.6
13384,7233058,5964.73
13384,7253436,5964.73
13384,7274085,5964.73
13384,7294785,5964.73
13384,7315139,5964.73
13384,7335831,5964.65
13384,7356611,5964.65
13384,7377836,5964.65
13384,7398991,5964.65
13384,7420118,5964.65
13384,7441103,5964.65
13384,7461938,5964.65
13384,7482691,5964.67
13384,7503449,5964.67
13384,7524613,5964.59
13384,7545537,5964.59
13384,7566149,5964.74
13384,7587020,5964.74
13384,7607386,5964.62
13384,7628117,5964.62
13384,7649012,5964.62
13384,7669712,5964.66
13384,7690318,5964.66
13384,7711117,5964.64
13384,7731582,5964.64
13384,7752449,5964.71
13384,7773117,5964.71
13384,7793484,5964.67
13384,712255,5964.53
13384,733089,5964.53
13384,753631,5964.58
13384,774221,5964.58
13384,794717,5964.62
13384,815470,5964.62
13384,836338,5964.68
13384,857317,5964.68
13384,878184,5964.66
13384,898410,5964.66
13384,918620,5964.66
13384,939112,5964.68
13384,959476,5964.68
13384,979712,5964.66
13384,1000105,5964.66
13384,1016925,5964.6
13384,1017189,5964.6
13384,1017491,5965.54
13384,1017806,5965.54
13384,1018110,5965.54
13384,1018490,5965.54
13384,1018803,5965.54
13384,1019109,5965.54
13384,1019420,5965.54
13384,1019725,5965.54
13384,1020079,5965.54
13384,1020384,5965.54
13384,1020699,5965.54
13384,1021008,5965.54
13384,1021311,5965.54
13384,1021616,5965.54
13384,1021869,5965.54
13384,1022183,5965.54
13384,1022505,5965.54
13384,1022835,5965.54
13384,1023141,5965.54
13384,1023460,5965.54
13384,1023761,5965.54
13384,1024003,5965.54
13384,1024322,5965.54
13384,1024670,5965.54
13384,1024998,5965.54
13384,1025230,5965.54
13384,1025545,5965.54
13384,1025892,5965.54
13384,1026150,5965.54
13384,1026470,5965.54
13384,1026771,5965.54
13384,1027075,5965.54
13384,1027482,5965.54
13384,1028060,5965.54
13384,1028382,5965.54
13384,1028853,5965.54
13384,1036224,5965.54
13384,1053457,5965.54
13384,1071968,5965.54
13384,1091082,5964.86
13384,1110914,5964.86
13384,1130471,5964.64
13384,1150097,5964.64
13384,1169983,5964.64
13384,1190156,5964.72
13384,1210245,5964.72
13384,1230470,5964.79
13384,1251092,5964.79
13384,1271192,5964.64
13384,1291411,5964.64
13384,1311400,5964.73
13384,1332109,5964.73
13384,1352696,5964.73
13384,1373182,5964.68
13384,1393571,5964.68
13384,1414409,5964.7
13384,7814066,5964.67
13384,7834682,5964.67
13384,7854996,5964.74
13384,7875660,5964.74
13384,7896383,5964.62
13384,7916758,5964.62
13384,7937284,5964.62
13384,7957824,5964.62
13384,7978711,5964.74
13384,7999399,5964.74
13384,8019535,5964.74
13384,8040272,5964.64
13384,8060860,5964.64
13384,8081490,5964.66
13384,8101966,5964.66
13384,8122044,5964.7
13384,8142803,5964.7
13384,8163795,5964.6
13384,8184648,5964.6
13384,8205607,5964.6
13384,8226348,5964.63
13384,8247053,5964.63
13384,8268202,5964.66
13384,8288843,5964.66
13384,8309457,5964.62
13384,8330193,5964.62
13384,8351096,5964.61
13384,8371922,5964.61
13384,8387399,5964.61
13384,8387676,5964.69
13384,8387996,5964.69
13384,8388305,5965.54
13384,8388667,5965.54
13384,8390640,5965.54
13384,8409216,5965.54
13384,8429324,5964.97
13384,8450001,5964.97
13384,8470184,5964.97
13384,8490249,5964.69
13384,8510651,5964.69
13384,8530953,5964.63
13384,8551580,5964.63
13384,8572189,5964.61
13384,8592881,5964.61
13384,8613460,5964.61
13384,8634041,5964.61
13384,8655123,5964.61
13384,8676178,5964.64
13384,8697349,5964.64
13384,8718811,5964.68
13384,8740257,5964.68
13384,8761885,5964.62
13384,8764701,5964.62
13384,8765001,5965.54
13384,8765237,5965.54
13384,8765558,5965.54
13384,8765861,5965.54
13384,8766168,5965.54
13384,8766476,5965.54
13384,8768285,5965.54
13384,8784688,5965.54
13384,8804726,5965.54
13384,8824803,5964.14
13384,8844561,5964.14
13384,8864669,5964.14
13384,8884918,5964.69
13384,8905614,5964.69
13384,8925974,5964.59
13384,8946706,5964.59
13384,8967053,5964.6
13384,8987432,5964.6
13384,9008044,5964.62
13384,9028630,5964.62
13384,9049503,5964.62
13384,9070359,5964.63
13384,9090979,5964.63
13384,9107752,5964.58
13384,9108002,5964.58
13384,9108381,5965.54
13384,9108609,5965.54
13384,9108942,5965.54
13384,9109322,5965.54
13384,9109624,5965.54
13384,9109935,5965.54
13384,9110242,5965.54
13384,9110544,5965.54
13384,9110917,5965.54
13384,9111219,5965.54
13384,9111524,5965.54
13384,9111840,5965.54
13384,9112135,5965.54
13384,9113728,5965.54
13384,9130176,5965.54
13384,9148788,5965.54
13384,9168748,5964.34
13384,9188738,5964.34
13384,9209214,5964.73
13384,9229694,5964.73
13384,9250399,5964.73
13384,9271291,5964.69
13384,9291651,5964.69
13384,9311847,5964.61
13384,9332231,5964.61
13384,9352575,5964.62
13384,9373161,5964.62
13384,9394153,5964.57
13384,9415176,5964.57
13384,9436263,5964.57
13384,9457514,5964.72
13384,9478647,5964.72
13384,9499780,5964.66
13384,9521000,5964.66
13384,9542657,5964.63
13384,9564077,5964.63
13384,9585344,5964.63
13384,9606528,5964.63
13384,9628020,5964.63
13384,9649212,5964.66
13384,9670265,5964.66
13384,9691192,5964.6
13384,9711847,5964.6
13384,9732755,5964.59
13384,9753852,5964.59
13384,9774700,5964.61
13384,9795690,5964.61
13384,9816432,5964.61
13384,9837058,5964.69
13384,9857444,5964.69
13384,9878006,5964.66
13384,9898474,5964.66
13384,9918954,5964.67
13384,9939585,5964.67
13384,9959808,5964.62
13384,9980392,5964.62
13384,9991733,5964.62
13384,9992037,5964.72
13384,9992403,5964.72
13384,9994532,5965.54
13384,10013738,5965.54
13384,10033809,5964.8
13384,10053632,5964.8
13384,10073872,5964.57
13384,10090918,5964.57
13384,10090948,5964.57
13384,1435393,5964.7
13384,1456363,5964.69
13384,1477116,5964.69
13384,1497703,5964.7
13384,1518726,5964.7
13384,1539577,5964.7
13384,1560416,5964.74
13384,1580810,5964.74
13384,1601279,5964.7
13384,1622008,5964.7
13384,1642764,5964.73
13384,1663511,5964.73
13384,1683852,5964.65
13384,1704794,5964.65
13384,1725566,5964.65
13384,1746287,5964.61
13384,1766936,5964.61
13384,1787313,5964.67
13384,1807891,5964.67
13384,1827984,5964.78
13384,1848298,5964.78
13384,1868442,5964.64
13384,1888901,5964.64
13384,1909315,5964.64
13384,1929480,5964.82
13384,1949562,5964.82
13384,1969481,5964.67
13384,1989638,5964.67
13384,2010113,5964.64
13384,2030585,5964.64
13384,2050930,5964.69
13384,2071766,5964.69
13384,2092817,5964.69
13384,2101803,5964.67
13384,2102106,5964.67
13384,2102411,5965.54
13384,2104527,5965.54
13384,2122981,5965.54
13384,2142947,5965.54
13384,2163148,5964.39
13384,2183372,5964.39
13384,2203781,5964.39
13384,2224464,5964.8
13384,2245218,5964.8
13384,2265809,5964.69
13384,2286294,5964.69
13384,2306824,5964.64
13384,2327282,5964.64
13384,2347751,5964.64
13384,2368712,5964.73
13384,2389094,5964.73
13384,2409816,5964.63
13384,2430436,5964.63
13384,2450891,5964.72
13384,2471785,5964.72
13384,2492363,5964.64
13384,2513218,5964.64
13384,2533777,5964.64
13384,2554322,5964.73
13384,2575192,5964.73
13384,2595927,5964.67
13384,2616788,5964.67
13384,2637660,5964.7
13384,2658404,5964.7
13384,2678600,5964.6
13384,2698955,5964.6
13384,2719088,5964.6
13384,2739429,5964.73
13384,2759660,5964.73
13384,2780343,5964.71
13384,2800852,5964.71
13384,2821556,5964.75
13384,2842461,5964.75
13384,2863557,5964.75
13384,2884183,5964.61
13384,2904783,5964.61
13384,2924944,5964.53
13384,2945486,5964.53
13384,2965696,5964.66
13384,2986061,5964.66
13384,3006475,5964.7
13384,3027320,5964.7
13384,3048403,5964.7
13384,3069407,5964.67
13384,3090517,5964.67
13384,3111498,5964.65
13384,3132511,5964.65
13384,3153523,5964.6
13384,3174606,5964.6
13384,3195744,5964.71
13384,3216717,5964.71
13384,3237841,5964.71
13384,3258836,5964.72
13384,3279683,5964.72
13384,3300185,5964.52
13384,3321248,5964.52
13384,3342291,5964.61
13384,3363077,5964.61
13384,3384011,5964.71
13384,3404893,5964.71
13384,3424852,5964.71
13384,3445328,5964.66
13384,3465677,5964.66
13384,3486451,5964.82
13384,3506895,5964.82
13384,3527526,5964.63
13384,3548380,5964.63
13384,3568985,5964.65
13384,3589704,5964.65
13384,3610200,5964.65
13384,3630817,5964.55
13384,3651285,5964.55
13384,3671898,5964.69
13384,3692763,5964.69
13384,3713630,5964.68
13384,3734525,5964.68
13384,3755336,5964.67
13384,3776339,5964.67
13384,3797328,5964.67
13384,3818390,5964.64
13384,3839461,5964.64
13384,3860427,5964.65
13384,3881629,5964.65
13384,3902931,5964.68
13384,3923670,5964.68
13384,3944777,5964.56
13384,3965908,5964.56
13384,3986772,5964.56
13384,4007905,5964.69
13384,4028705,5964.69
13384,4049495,5964.79
13384,4070221,5964.79
13384,4090975,5964.52
13384,4111840,5964.52
13384,4132557,5964.68
13384,4153298,5964.68
13384,4173941,5964.68
13384,4194437,5964.59
13384,4215020,5964.59
13384,4235411,5964.68
13384,4256070,5964.68
13384,4276779,5964.47
13384,4297459,5964.47
13384,4318055,5964.75
13384,4338555,5964.75
13384,4359263,5964.75
13384,4379716,5964.6
13384,4400352,5964.6
13384,4420836,5964.63
13384,4441547,5964.63
13384,4462221,5964.7
13384,4482845,5964.7
13384,4503019,5964.7
13384,4523206,5964.7
13384,4543691,5964.7
13384,4564097,5964.7
13384,4584671,5964.7
13384,4604874,5964.72
13384,4624898,5964.72
13384,4645575,5964.61
13384,4666182,5964.61
13384,4687052,5964.81
13384,4707903,5964.81
13384,4728905,5964.81
13384,4750035,5964.77
13384,4770994,5964.77
13384,4792140,5964.87
13384,4813255,5964.87
13384,4833806,5964.73
13384,4854924,5964.73
13384,4875316,5964.59
13384,4895566,5964.59
13384,4915924,5964.59
13384,4936278,5964.68
13384,4956892,5964.68
13384,4977752,5964.68
13384,4997856,5964.68
13384,5018321,5964.67
13384,5038945,5964.67
13384,5059549,5964.68
13384,5080286,5964.68
13384,5101152,5964.69
13384,5121625,5964.69
13384,5142221,5964.69
13384,5162953,5964.6
13384,5184035,5964.6
13384,5205219,5964.74
13384,5226141,5964.74
13384,5247508,5964.7
13384,5268747,5964.7
13384,5289810,5964.72
13384,5310706,5964.72
13384,5331676,5964.72
13384,5352646,5964.67
13384,5373468,5964.67
13384,5394430,5964.66
13384,5415009,5964.66
13384,5435488,5964.64
13384,5456466,5964.64
13384,5477079,5964.7
13384,5497934,5964.7
13384,5518539,5964.7
13384,5539414,5964.65
13384,5560016,5964.65
13384,5580768,5964.71
13384,5601104,5964.71
13384,5621603,5964.72
13384,5641798,5964.72
13384,5662139,5964.67
13384,5682363,5964.67
13384,5703005,5964.67
13384,5724001,5964.68
13384,5744662,5964.68
13384,5765406,5964.63
13384,5786282,5964.63
13384,5807121,5964.61
13384,5827950,5964.61
13384,5848979,5964.52
13384,5870071,5964.52
13384,5891213,5964.52
13384,5912330,5964.62
13384,5932898,5964.62
13384,5953595,5964.65
13384,5974088,5964.65
13384,5995004,5964.64
13384,6015822,5964.64
13384,6036728,5964.67
13384,6057607,5964.67
13384,6078807,5964.67
13384,6099592,5964.56
13384,6120532,5964.56
13384,6141405,5964.62
13384,6162260,5964.62
13384,6182984,5964.53
13384,6203480,5964.53
13384,6224225,5964.53
13384,6244581,5964.57
13384,6264928,5964.57
13384,6285524,5964.57
13384,6305985,5964.57
13384,6326559,5964.57
13384,6346971,5964.57
13384,6367687,5964.62
13384,6388299,5964.62
13384,6408984,5964.62
13384,6430288,5964.65
13384,6451231,5964.65
13384,6472274,5964.69
13384,6493479,5964.69
13384,6514372,5964.68
13384,6534458,5964.68
13384,6554911,5964.65
13384,6575326,5964.65
13384,6596058,5964.65
13384,6616520,5964.7
13384,6637082,5964.7
13384,6658134,5964.63
13384,6678846,5964.63
13384,6699721,5964.61
13384,6720734,5964.61
13384,6741731,5964.55
13384,6763106,5964.55
13384,6784197,5964.55
13384,6805327,5964.66
13384,6826401,5964.66
13384,6832560,5964.6
13384,6832792,5964.6
13384,6833211,5965.54
13384,6842970,5965.54
13384,6862936,5965.02
13384,6882947,5965.02
13384,6903126,5965.02
13384,6923004,5964.49
13384,6943311,5964.49
13384,6963782,5964.7
13384,6984148,5964.7
13384,7004988,5964.63
13384,7026038,5964.63
13384,7046939,5964.68
13384,7067834,5964.68
13384,7088536,5964.68
13385,56688,5964.52
13385,77540,5964.52
13385,98573,5964.61
13385,119195,5964.61
13385,140017,5964.73
13385,160737,5964.73
13385,181488,5964.59
13385,202077,5964.59
13385,223274,5964.59
13385,244070,5964.64
13385,264940,5964.64
13385,285701,5964.66
13385,306678,5964.66
13385,327645,5964.59
13385,348899,5964.59
13385,370428,5964.6
13385,391418,5964.6
13385,412477,5964.6
13385,433677,5964.73
13385,454682,5964.73
13385,475739,5964.71
13385,496732,5964.71
13385,517997,5964.63
13385,538973,5964.63
13385,559267,5964.66
13385,579558,5964.66
13385,599930,5964.66
13385,620511,5964.59
13385,640759,5964.59
13385,661212,5964.67
13385,681787,5964.67
13385,702436,5964.56
13385,7102655,5964.66
13385,7123796,5964.66
13385,7145157,5964.62
13385,7166529,5964.62
13385,7187683,5964.62
13385,7209060,5964.61
13385,7230287,5964.61
13385,7251521,5964.58
13385,7272796,5964.58
13385,7294023,5964.7
13385,7315238,5964.7
13385,7336138,5964.7
13385,7357144,5964.58
13385,7378116,5964.58
13385,7399488,5964.6
13385,7420242,5964.6
13385,7440871,5964.59
13385,7461862,5964.59
13385,7482808,5964.58
13385,7504073,5964.58
13385,7525099,5964.65
13385,7546226,5964.65
13385,7567312,5964.65
13385,7588185,5964.58
13385,7609250,5964.58
13385,7630168,5964.65
13385,7651290,5964.65
13385,7672283,5964.63
13385,7693470,5964.63
13385,7714508,5964.63
13385,7735359,5964.63
13385,7756252,5964.63
13385,7777221,5964.63
13385,723057,5964.56
13385,744175,5964.52
13385,764968,5964.52
13385,785907,5964.52
13385,807149,5964.75
13385,828172,5964.75
13385,849251,5964.68
13385,870136,5964.68
13385,890978,5964.72
13385,911738,5964.72
13385,932584,5964.7
13385,953193,5964.7
13385,974059,5964.7
13385,994804,5964.67
13385,1015162,5964.67
13385,1035632,5964.58
13385,1055716,5964.58
13385,1076103,5964.59
13385,1096675,5964.59
13385,1117175,5964.53
13385,1137763,5964.53
13385,1158584,5964.53
13385,1178897,5964.68
13385,1199265,5964.68
13385,1220064,5964.63
13385,1240439,5964.63
13385,1261175,5964.54
13385,1281753,5964.54
13385,1302505,5964.54
13385,1320957,5964.74
13385,1321226,5964.74
13385,1321547,5964.58
13385,1321866,5964.58
13385,1322162,5965.54
13385,1322469,5965.54
13385,1322835,5965.54
13385,1323077,5965.54
13385,1323398,5965.54
13385,1323706,5965.54
13385,1324009,5965.54
13385,1324376,5965.54
13385,1324680,5965.54
13385,1324986,5965.54
13385,1325234,5965.54
13385,1325541,5965.54
13385,1325907,5965.54
13385,1326223,5965.54
13385,1327797,5965.54
13385,1344337,5965.54
13385,1363131,5964.97
13385,1382458,5964.97
13385,1402421,5964.52
13385,7797951,5964.63
13385,7818661,5964.63
13385,7839172,5964.63
13385,7859803,5964.65
13385,7880510,5964.65
13385,7901160,5964.65
13385,7921984,5964.61
13385,7942385,5964.61
13385,7962968,5964.74
13385,7983486,5964.74
13385,8004145,5964.59
13385,8024897,5964.59
13385,8045692,5964.64
13385,8066907,5964.64
13385,8088404,5964.64
13385,8109761,5964.63
13385,8131264,5964.63
13385,8152634,5964.64
13385,8174030,5964.64
13385,8195028,5964.69
13385,8216080,5964.69
13385,8237139,5964.55
13385,8257998,5964.55
13385,8278733,5964.55
13385,8299449,5964.67
13385,8320196,5964.67
13385,8341080,5964.65
13385,8361914,5964.65
13385,8382267,5964.58
13385,8403021,5964.58
13385,8424290,5964.66
13385,8445529,5964.66
13385,8466761,5964.66
13385,8488533,5964.63
13385,8509834,5964.63
13385,8531418,5964.54
13385,8552974,5964.54
13385,8573964,5964.73
13385,8594947,5964.73
13385,8615886,5964.69
13385,8632282,5964.69
13385,8632493,5964.69
13385,8632848,5964.58
13385,8633113,5964.58
13385,8636003,5965.54
13385,8655733,5965.54
13385,8676620,5964.83
13385,8697311,5964.83
13385,8717942,5964.44
13385,8738409,5964.44
13385,8758815,5964.44
13385,8779262,5964.52
13385,8791871,5964.52
13385,8792276,5964.64
13385,8792507,5964.64
13385,8793871,5965.54
13385,8810541,5965.54
13385,8830614,5965.54
13385,8851372,5964.84
13385,8872032,5964.84
13385,8892690,5964.78
13385,8913821,5964.78
13385,8935186,5964.78
13385,8956447,5964.78
13385,8977430,5964.66
13385,8998679,5964.66
13385,9019942,5964.66
13385,9041171,5964.78
13385,9062405,5964.78
13385,9083402,5964.62
13385,9104170,5964.62
13385,9125138,5964.75
13385,9146199,5964.75
13385,9167136,5964.71
13385,9187990,5964.71
13385,9208878,5964.71
13385,9229467,5964.64
13385,9250221,5964.64
13385,9270826,5964.62
13385,9291665,5964.62
13385,9312660,5964.6
13385,9333548,5964.6
13385,9354424,5964.66
13385,9375143,5964.66
13385,9395821,5964.66
13385,9416343,5964.7
13385,9437362,5964.7
13385,9458233,5964.7
13385,9479337,5964.7
13385,9500579,5964.72
13385,9521837,5964.72
13385,9543140,5964.66
13385,9564694,5964.66
13385,9585833,5964.66
13385,9606950,5964.66
13385,9628166,5964.66
13385,9649668,5964.39
13385,9670949,5964.39
13385,9692361,5964.62
13385,9713876,5964.62
13385,9735342,5964.71
13385,9756960,5964.71
13385,9778446,5964.71
13385,9799973,5964.67
13385,9821729,5964.67
13385,9843177,5964.66
13385,9864230,5964.66
13385,9885348,5964.63
13385,9906458,5964.63
13385,9927328,5964.63
13385,9948301,5964.63
13385,9968815,5964.63
13385,9989573,5964.7
13385,10010539,5964.7
13385,10031387,5964.7
13385,10052308,5964.7
13385,10073342,5964.66
13385,10094743,5964.66
13385,10097562,5964.67
13385,10097887,5964.67
13385,10098136,5964.67
13385,10098440,5965.54
13385,10098802,5965.54
13385,10100201,5965.54
13385,10116642,5965.54
13385,10136568,5965.52
13385,10156764,5965.52
13385,10177169,5965.52
13385,10197988,5964.48
13385,10218734,5964.48
13385,10239869,5964.72
13385,10260705,5964.72
13385,10281759,5964.65
13385,10302908,5964.65
13385,10324337,5964.62
13385,10345344,5964.62
13385,10366444,5964.62
13385,10387830,5964.75
13385,10408939,5964.75
13385,10429935,5964.74
13385,10451045,5964.74
13385,10472061,5964.69
13385,10493488,5964.69
13385,10514752,5964.75
13385,10535782,5964.75
13385,10556943,5964.75
13385,10578200,5964.63
13385,10599269,5964.63
13385,10620653,5964.63
13385,10641637,5964.63
13385,10662709,5964.64
13385,10683903,5964.64
13385,10705248,5964.48
13385,10726653,5964.48
13385,10747902,5964.48
13385,10769560,5964.63
13385,10791293,5964.63
13385,10812862,5964.66
13385,10828683,5964.66
13385,10828683,5964.58
13385,1422528,5964.52
13385,1443109,5964.58
13385,1463346,5964.58
13385,1484034,5964.58
13385,1504743,5964.72
13385,1525439,5964.72
13385,1545889,5964.65
13385,1566672,5964.65
13385,1587375,5964.69
13385,1608121,5964.69
13385,1628972,5964.59
13385,1649763,5964.59
13385,1670502,5964.59
13385,1691005,5964.7
13385,1711914,5964.7
13385,1732902,5964.6
13385,1753918,5964.6
13385,1775024,5964.62
13385,1795741,5964.62
13385,1816221,5964.8
13385,1836850,5964.8
13385,1857720,5964.8
13385,1878434,5964.57
13385,1899183,5964.57
13385,1919469,5964.7
13385,1940196,5964.7
13385,1960895,5964.64
13385,1981663,5964.64
13385,2003005,5964.61
13385,2023971,5964.61
13385,2044856,5964.61
13385,2066086,5964.65
13385,2087203,5964.65
13385,2107964,5964.58
13385,2128915,5964.58
13385,2149950,5964.72
13385,2170793,5964.72
13385,2191798,5964.54
13385,2212563,5964.54
13385,2233010,5964.54
13385,2253637,5964.56
13385,2274163,5964.56
13385,2294720,5964.63
13385,2315321,5964.63
13385,2336180,5964.62
13385,2356921,5964.62
13385,2377607,5964.62
13385,2398258,5964.68
13385,2419099,5964.68
13385,2440379,5964.63
13385,2461345,5964.63
13385,2482549,5964.48
13385,2503942,5964.48
13385,2525231,5964.58
13385,2546357,5964.58
13385,2567351,5964.58
13385,2588510,5964.63
13385,2609723,5964.63
13385,2630713,5964.59
13385,2651704,5964.59
13385,2672353,5964.6
13385,2693559,5964.6
13385,2714572,5964.65
13385,2734922,5964.65
13385,2755589,5964.65
13385,2767813,5964.59
13385,2768113,5964.59
13385,2768478,5965.54
13385,2768790,5965.54
13385,2769031,5965.54
13385,2769337,5965.54
13385,2769714,5965.54
13385,2769933,5965.54
13385,2770258,5965.54
13385,2770626,5965.54
13385,2770928,5965.54
13385,2771907,5965.54
13385,2786013,5965.54
13385,2805842,5964.97
13385,2826082,5964.97
13385,2846173,5964.72
13385,2866529,5964.72
13385,2887124,5964.72
13385,2907856,5964.81
13385,2928488,5964.81
13385,2944476,5964.61
13385,2944705,5964.61
13385,2945056,5965.54
13385,2947579,5965.54
13385,2968052,5965.01
13385,2989487,5965.01
13385,3010103,5965.01
13385,3031020,5964.56
13385,3051897,5964.56
13385,3072770,5964.72
13385,3093495,5964.72
13385,3114380,5964.61
13385,3135168,5964.61
13385,3155937,5964.61
13385,3176568,5964.67
13385,3197455,5964.67
13385,3218302,5964.66
13385,3239303,5964.66
13385,3260437,5964.62
13385,3281908,5964.62
13385,3302510,5964.64
13385,3322890,5964.64
13385,3343422,5964.64
13385,3363954,5964.56
13385,3366791,5964.56
13385,3367088,5964.59
13385,3367600,5964.59
13385,3379786,5965.54
13385,3399392,5965.54
13385,3419612,5965.54
13385,3439830,5964.46
13385,3460069,5964.46
13385,3480779,5964.63
13385,3501216,5964.63
13385,3521698,5964.7
13385,3542275,5964.7
13385,3563082,5964.66
13385,3583576,5964.66
13385,3604175,5964.66
13385,3624550,5964.6
13385,3645121,5964.6
13385,3665560,5964.62
13385,3686092,5964.62
13385,3706747,5964.53
13385,3727614,5964.53
13385,3748426,5964.59
13385,3769347,5964.59
13385,3789998,5964.59
13385,3810907,5964.69
13385,3831379,5964.69
13385,3852219,5964.66
13385,3872936,5964.66
13385,3893582,5964.74
13385,3914595,5964.74
13385,3935700,5964.77
13385,3956691,5964.77
13385,3977565,5964.77
13385,3998166,5964.59
13385,4018890,5964.59
13385,4039520,5964.65
13385,4059851,5964.65
13385,4080084,5964.63
13385,4100550,5964.63
13385,4121181,5964.63
13385,4141778,5964.64
13385,4162660,5964.64
13385,4183249,5964.66
13385,4203997,5964.66
13385,4224779,5964.66
13385,4245568,5964.66
13385,4266592,5964.7
13385,4287430,5964.7
13385,4308053,5964.7
13385,4328645,5964.59
13385,4349692,5964.59
13385,4370277,5964.56
13385,4391241,5964.56
13385,4412237,5964.66
13385,4433591,5964.66
13385,4454399,5964.62
13385,4475224,5964.62
13385,4496071,5964.62
13385,4516697,5964.67
13385,4537397,5964.67
13385,4558300,5964.62
13385,4579342,5964.62
13385,4600158,5964.73
13385,4621147,5964.73
13385,4641937,5964.78
13385,4662882,5964.78
13385,4684127,5964.78
13385,4705035,5964.62
13385,4725977,5964.62
13385,4746649,5964.71
13385,4767256,5964.71
13385,4788037,5964.66
13385,4808701,5964.66
13385,4829133,5964.66
13385,4850035,5964.62
13385,4870599,5964.62
13385,4891475,5964.62
13385,4912596,5964.62
13385,4933465,5964.59
13385,4954647,5964.59
13385,4975614,5964.59
13385,4996944,5964.59
13385,5017873,5964.59
13385,5038990,5964.62
13385,5059909,5964.62
13385,5081040,5964.82
13385,5101894,5964.82
13385,5123148,5964.67
13385,5144277,5964.67
13385,5165277,5964.67
13385,5186524,5964.73
13385,5207372,5964.73
13385,5228122,5964.55
13385,5249028,5964.55
13385,5269953,5964.71
13385,5290827,5964.71
13385,5311574,5964.66
13385,5332420,5964.66
13385,5353436,5964.66
13385,5374559,5964.53
13385,5395668,5964.53
13385,5417244,5964.52
13385,5438929,5964.52
13385,5459810,5964.67
13385,5480658,5964.67
13385,5501534,5964.67
13385,5522704,5964.58
13385,5543639,5964.58
13385,5564488,5964.63
13385,5585645,5964.63
13385,5606947,5964.69
13385,5628229,5964.69
13385,5649124,5964.78
13385,5669972,5964.78
13385,5691220,5964.78
13385,5712095,5964.69
13385,5733100,5964.69
13385,5754076,5964.67
13385,5775204,5964.67
13385,5796001,5964.61
13385,5817035,5964.61
13385,5837896,5964.61
13385,5858810,5964.66
13385,5879577,5964.66
13385,5900112,5964.66
13385,5920634,5964.66
13385,5941338,5964.63
13385,5961936,5964.63
13385,5982587,5964.63
13385,6003382,5964.64
13385,6023636,5964.64
13385,6044612,5964.66
13385,6045090,5964.66
13385,6045398,5964.66
13385,6045639,5964.66
13385,6046021,5965.54
13385,6046327,5965.54
13385,6046691,5965.54
13385,6047159,5965.54
13385,6058712,5965.54
13385,6077901,5964.63
13385,6097996,5964.63
13385,6118616,5964.38
13385,6139537,5964.38
13385,6160349,5964.68
13385,6180713,5964.68
13385,6201319,5964.68
13385,6221897,5964.71
13385,6242483,5964.71
13385,6263254,5964.71
13385,6283870,5964.71
13385,6304539,5964.67
13385,6325077,5964.67
13385,6345697,5964.64
13385,6366562,5964.64
13385,6387144,5964.64
13385,6408016,5964.51
13385,6428796,5964.51
13385,6449642,5964.71
13385,6470368,5964.71
13385,6490843,5964.65
13385,6511307,5964.65
13385,6513192,5964.65
13385,6513496,5964.65
13385,6513799,5964.65
13385,6514176,5965.54
13385,6519871,5965.54
13385,6539986,5965.54
13385,6560596,5965.54
13385,6581182,5964.09
13385,6601814,5964.09
13385,6622306,5964.09
13385,6642877,5964.67
13385,6663391,5964.67
13385,6684428,5964.62
13385,6705228,5964.62
13385,6725822,5964.59
13385,6746701,5964.59
13385,6767305,5964.66
13385,6787924,5964.66
13385,6808903,5964.66
13385,6830017,5964.64
13385,6850576,5964.64
13385,6871503,5964.68
13385,6892629,5964.68
13385,6913640,5964.72
13385,6934610,5964.72
13385,6955583,5964.66
13385,6976473,5964.66
13385,6997866,5964.66
13385,7018851,5964.53
13385,7039949,5964.53
13385,7060611,5964.57
13385,7081466,5964.57
13387,58010,5964.63
13387,79354,5964.61
13387,100865,5964.61
13387,122369,5964.61
13387,144018,5964.6
13387,165622,5964.6
13387,187020,5964.62
13387,208527,5964.62
13387,229891,5964.63
13387,251278,5964.63
13387,272755,5964.71
13387,294286,5964.71
13387,315902,5964.71
13387,337331,5964.71
13387,358521,5964.71
13387,379870,5964.6
13387,401788,5964.6
13387,423031,5964.66
13387,445047,5964.66
13387,466474,5964.58
13387,488047,5964.58
13387,509441,5964.58
13387,530681,5964.58
13387,552081,5964.58
13387,573838,5964.69
13387,595354,5964.69
13387,616945,5964.61
13387,638475,5964.61
13387,655468,5964.63
13387,655722,5964.63
13387,656028,5964.63
13387,656398,5965.54
13387,659869,5965.54
13387,679897,5965.54
13387,700536,5965.54
13387,7068349,5964.78
13387,7089625,5964.65
13387,7110550,5964.65
13387,7131113,5964.75
13387,7151685,5964.75
13387,7172998,5964.75
13387,7194537,5964.65
13387,7216213,5964.65
13387,7238214,5964.6
13387,7260064,5964.6
13387,7282155,5964.57
13387,7304268,5964.57
13387,7326289,5964.52
13387,7348691,5964.52
13387,7370969,5964.52
13387,7392325,5964.67
13387,7414393,5964.67
13387,7436361,5964.58
13387,7458132,5964.58
13387,7479886,5964.81
13387,7501726,5964.81
13387,7523423,5964.66
13387,7545207,5964.66
13387,7567015,5964.66
13387,7588820,5964.67
13387,7610539,5964.67
13387,7623815,5964.68
13387,7624186,5964.68
13387,7624639,5965.54
13387,7636157,5965.54
13387,7657043,5964.78
13387,7678534,5964.78
13387,7699716,5964.78
13387,7721392,5964.38
13387,7742575,5964.38
13387,721099,5964.45
13387,742221,5964.45
13387,763239,5964.45
13387,784198,5964.55
13387,805443,5964.55
13387,826829,5964.62
13387,847951,5964.62
13387,869079,5964.72
13387,890320,5964.72
13387,911596,5964.65
13387,932943,5964.65
13387,954049,5964.65
13387,975303,5964.6
13387,996677,5964.6
13387,1017817,5964.68
13387,1038680,5964.68
13387,1060268,5964.56
13387,1081951,5964.56
13387,1103644,5964.61
13387,1125492,5964.61
13387,1147335,5964.61
13387,1169162,5964.67
13387,1190998,5964.67
13387,1212251,5964.57
13387,1234265,5964.57
13387,1256241,5964.67
13387,1277779,5964.67
13387,1299294,5964.68
13387,1320482,5964.68
13387,1341870,5964.68
13387,1363067,5964.66
13387,1384284,5964.66
13387,1405983,5964.65
13387,7764132,5964.52
13387,7785662,5964.52
13387,7807485,5964.7
13387,7829186,5964.7
13387,7850813,5964.63
13387,7872789,5964.63
13387,7893928,5964.63
13387,7915436,5964.59
13387,7936696,5964.59
13387,7957750,5964.51
13387,7979329,5964.51
13387,8000809,5964.55
13387,8022116,5964.55
13387,8043458,5964.66
13387,8064708,5964.66
13387,8085994,5964.66
13387,8107493,5964.65
13387,8129412,5964.65
13387,8151849,5964.56
13387,8173878,5964.56
13387,8195694,5964.6
13387,8217694,5964.6
13387,8239990,5964.64
13387,8262219,5964.64
13387,8283833,5964.64
13387,8305330,5964.62
13387,8327251,5964.62
13387,8349187,5964.71
13387,8370604,5964.71
13387,8392610,5964.5
13387,8414744,5964.5
13387,8436275,5964.54
13387,8458311,5964.54
13387,8467319,5964.54
13387,8467630,5964.61
13387,8467988,5964.61
13387,8468246,5965.54
13387,8468552,5965.54
13387,8468856,5965.54
13387,8469160,5965.54
13387,8469511,5965.54
13387,8469896,5965.54
13387,8470202,5965.54
13387,8470513,5965.54
13387,8470766,5965.54
13387,8471078,5965.54
13387,8471381,5965.54
13387,8473062,5965.54
13387,8489582,5965.54
13387,8509735,5965.54
13387,8530264,5964.54
13387,8550995,5964.54
13387,8571798,5964.71
13387,8593129,5964.71
13387,8614626,5964.71
13387,8636005,5964.71
13387,8657719,5964.59
13387,8679383,5964.59
13387,8701164,5964.59
13387,8722797,5964.54
13387,8744343,5964.54
13387,8766174,5964.59
13387,8787557,5964.59
13387,8809075,5964.58
13387,8830358,5964.58
13387,8851976,5964.65
13387,8873350,5964.65
13387,8894687,5964.65
13387,8896817,5964.62
13387,8897131,5964.62
13387,8897495,5965.54
13387,8897723,5965.54
13387,8904743,5965.54
13387,8925650,5965.54
13387,8946848,5964.51
13387,8968579,5964.51
13387,8990362,5964.51
13387,9011740,5964.5
13387,9033517,5964.5
13387,9055240,5964.56
13387,9076896,5964.56
13387,9098714,5964.62
13387,9120024,5964.62
13387,9141437,5964.59
13387,9162735,5964.59
13387,9184260,5964.59
13387,9205917,5964.62
13387,9227274,5964.62
13387,9248900,5964.61
13387,9270368,5964.61
13387,9292429,5964.66
13387,9314101,5964.66
13387,9336219,5964.63
13387,9357958,5964.63
13387,9379913,5964.63
13387,9401891,5964.74
13387,9423764,5964.74
13387,9445820,5964.61
13387,9467910,5964.61
13387,9489671,5964.63
13387,9511706,5964.63
13387,9533461,5964.59
13387,9555585,5964.59
13387,9577470,5964.59
13387,9598868,5964.63
13387,9620603,5964.63
13387,9642652,5964.73
13387,9664522,5964.73
13387,9686696,5964.56
13387,9708169,5964.56
13387,9729895,5964.7
13387,9751835,5964.7
13387,9773819,5964.7
13387,9795484,5964.69
13387,9817732,5964.69
13387,9839641,5964.72
13387,9861150,5964.72
13387,9883278,5964.63
13387,9905037,5964.63
13387,9927120,5964.66
13387,9949454,5964.66
13387,9971539,5964.66
13387,9993616,5964.55
13387,10015361,5964.55
13387,10037250,5964.52
13387,10059296,5964.52
13387,10080964,5964.65
13387,10102924,5964.65
13387,10111650,5964.53
13387,10112008,5964.53
13387,10112591,5964.53
13387,10125685,5965.54
13387,10147067,5965.54
13387,10168746,5964.9
13387,10190268,5964.9
13387,10211939,5964.57
13387,10233257,5964.57
13387,10254573,5964.53
13387,10276008,5964.53
13387,10283380,5964.53
13387,1427322,5964.65
13387,1448291,5964.59
13387,1469397,5964.59
13387,1490653,5964.62
13387,1512272,5964.62
13387,1533588,5964.62
13387,1554642,5964.67
13387,1576023,5964.67
13387,1597268,5964.64
13387,1618775,5964.64
13387,1640005,5964.74
13387,1661091,5964.74
13387,1682504,5964.48
13387,1703976,5964.48
13387,1725579,5964.48
13387,1746497,5964.67
13387,1768041,5964.67
13387,1789658,5964.57
13387,1811102,5964.57
13387,1832383,5964.66
13387,1853900,5964.66
13387,1875279,5964.58
13387,1897019,5964.58
13387,1918160,5964.58
13387,1939803,5964.62
13387,1961309,5964.62
13387,1963036,5964.54
13387,1963357,5964.54
13387,1963693,5965.54
13387,1967001,5965.54
13387,1989198,5964.77
13387,2013085,5964.77
13387,2035233,5964.77
13387,2057127,5964.08
13387,2078984,5964.08
13387,2100900,5964.8
13387,2115212,5964.8
13387,2115463,5964.52
13387,2115754,5964.52
13387,2116152,5965.54
13387,2116520,5965.54
13387,2116826,5965.54
13387,2117056,5965.54
13387,2117377,5965.54
13387,2117685,5965.54
13387,2118000,5965.54
13387,2118344,5965.54
13387,2118670,5965.54
13387,2118973,5965.54
13387,2119279,5965.54
13387,2119583,5965.54
13387,2119890,5965.54
13387,2120191,5965.54
13387,2120425,5965.54
13387,2120809,5965.54
13387,2121057,5965.54
13387,2121423,5965.54
13387,2121672,5965.54
13387,2122031,5965.54
13387,2122284,5965.54
13387,2123475,5965.54
13387,2137541,5965.54
13387,2156547,5964.88
13387,2176663,5964.88
13387,2197086,5964.36
13387,2217732,5964.36
13387,2238622,5964.36
13387,2259857,5964.64
13387,2280975,5964.64
13387,2302346,5964.61
13387,2323501,5964.61
13387,2344927,5964.52
13387,2366585,5964.52
13387,2367331,5964.65
13387,2367641,5964.65
13387,2367885,5964.65
13387,2368329,5965.54
13387,2368643,5965.54
13387,2368947,5965.54
13387,2369251,5965.54
13387,2378067,5965.54
13387,2397658,5965.54
13387,2418165,5964.41
13387,2439019,5964.41
13387,2459868,5964.41
13387,2480861,5964.65
13387,2501731,5964.65
13387,2523135,5964.67
13387,2544312,5964.67
13387,2565214,5964.63
13387,2586198,5964.63
13387,2607327,5964.54
13387,2628468,5964.54
13387,2649698,5964.54
13387,2670945,5964.65
13387,2692219,5964.65
13387,2713804,5964.7
13387,2735584,5964.7
13387,2757167,5964.72
13387,2779284,5964.72
13387,2801267,5964.56
13387,2823169,5964.56
13387,2845168,5964.56
13387,2867035,5964.67
13387,2888673,5964.67
13387,2910549,5964.59
13387,2932321,5964.59
13387,2954265,5964.72
13387,2976081,5964.72
13387,2997608,5964.85
13387,3018722,5964.85
13387,3040099,5964.85
13387,3061399,5964.7
13387,3082582,5964.7
13387,3103976,5964.59
13387,3125400,5964.59
13387,3146723,5964.48
13387,3168121,5964.48
13387,3189343,5964.7
13387,3211250,5964.7
13387,3232761,5964.7
13387,3253859,5964.64
13387,3275369,5964.64
13387,3296600,5964.57
13387,3318118,5964.57
13387,3339996,5964.55
13387,3362021,5964.55
13387,3383746,5964.8
13387,3405401,5964.8
13387,3426823,5964.8
13387,3448679,5964.77
13387,3470308,5964.77
13387,3491486,5964.59
13387,3513400,5964.59
13387,3534505,5964.61
13387,3556316,5964.61
13387,3577844,5964.73
13387,3599379,5964.73
13387,3621084,5964.73
13387,3642725,5964.71
13387,3664218,5964.71
13387,3685535,5964.76
13387,3706762,5964.76
13387,3728105,5964.65
13387,3749519,5964.65
13387,3771102,5964.49
13387,3792403,5964.49
13387,3814112,5964.49
13387,3835357,5964.6
13387,3856761,5964.6
13387,3878242,5964.53
13387,3899450,5964.53
13387,3920974,5964.65
13387,3942623,5964.65
13387,3964267,5964.73
13387,3985823,5964.73
13387,4007645,5964.73
13387,4029305,5964.54
13387,4051433,5964.54
13387,4073244,5964.61
13387,4094724,5964.61
13387,4116403,5964.65
13387,4137820,5964.65
13387,4159708,5964.65
13387,4181245,5964.65
13387,4202723,5964.65
13387,4224581,5964.83
13387,4246007,5964.83
13387,4267488,5964.75
13387,4289370,5964.75
13387,4311274,5964.57
13387,4332898,5964.57
13387,4354492,5964.69
13387,4376311,5964.69
13387,4397875,5964.69
13387,4419685,5964.55
13387,4441179,5964.55
13387,4462749,5964.59
13387,4484088,5964.59
13387,4505558,5964.72
13387,4526819,5964.72
13387,4548246,5964.64
13387,4569444,5964.64
13387,4591065,5964.64
13387,4612329,5964.53
13387,4633817,5964.53
13387,4655343,5964.61
13387,4676834,5964.61
13387,4698561,5964.66
13387,4719914,5964.66
13387,4741662,5964.44
13387,4763108,5964.44
13387,4784247,5964.44
13387,4805731,5964.61
13387,4827243,5964.61
13387,4848581,5964.54
13387,4870315,5964.54
13387,4892405,5964.61
13387,4914018,5964.61
13387,4935516,5964.74
13387,4956907,5964.74
13387,4978567,5964.74
13387,5000237,5964.68
13387,5021607,5964.68
13387,5043279,5964.25
13387,5064650,5964.25
13387,5086295,5964.69
13387,5107955,5964.69
13387,5129703,5964.77
13387,5152103,5964.77
13387,5173740,5964.52
13387,5195354,5964.52
13387,5217016,5964.52
13387,5238371,5964.7
13387,5260530,5964.7
13387,5282412,5964.4
13387,5304451,5964.4
13387,5326065,5964.63
13387,5347934,5964.63
13387,5370134,5964.63
13387,5381612,5964.64
13387,5381914,5964.64
13387,5382194,5965.54
13387,5382503,5965.54
13387,5383555,5965.54
13387,5398531,5965.54
13387,5419153,5964.95
13387,5440481,5964.95
13387,5461713,5964.95
13387,5483005,5964.65
13387,5504119,5964.65
13387,5525705,5964.62
13387,5547146,5964.62
13387,5569009,5964.74
13387,5590900,5964.74
13387,5612299,5964.85
13387,5633913,5964.85
13387,5655579,5964.85
13387,5670495,5964.62
13387,5670815,5964.62
13387,5671125,5965.54
13387,5671489,5965.54
13387,5671789,5965.54
13387,5672107,5965.54
13387,5672415,5965.54
13387,5672729,5965.54
13387,5672968,5965.54
13387,5673277,5965.54
13387,5673580,5965.54
13387,5673896,5965.54
13387,5674244,5965.54
13387,5674501,5965.54
13387,5674804,5965.54
13387,5675119,5965.54
13387,5677575,5965.54
13387,5697004,5965.54
13387,5719817,5965.36
13387,5741627,5965.36
13387,5763180,5964.32
13387,5784740,5964.32
13387,5806130,5964.63
13387,5827021,5964.63
13387,5848144,5964.63
13387,5869546,5964.64
13387,5890932,5964.64
13387,5912433,5964.46
13387,5934005,5964.46
13387,5955109,5964.71
13387,5976578,5964.71
13387,5997959,5964.62
13387,6019413,5964.62
13387,6041065,5964.62
13387,6062591,5964.43
13387,6084333,5964.43
13387,6105861,5964.58
13387,6127221,5964.58
13387,6135619,5964.68
13387,6135929,5964.68
13387,6136235,5965.54
13387,6136599,5965.54
13387,6140122,5965.54
13387,6160544,5965.54
13387,6182242,5965.54
13387,6203889,5964.35
13387,6225975,5964.35
13387,6247691,5964.34
13387,6268852,5964.34
13387,6290489,5964.68
13387,6311875,5964.68
13387,6333511,5964.68
13387,6354857,5964.7
13387,6376647,5964.7
13387,6398260,5964.63
13387,6419770,5964.63
13387,6441531,5964.59
13387,6463530,5964.59
13387,6485204,5964.57
13387,6506944,5964.57
13387,6528625,5964.57
13387,6550207,5964.47
13387,6571334,5964.47
13387,6592471,5964.6
13387,6613691,5964.6
13387,6634792,5964.64
13387,6650433,5964.64
13387,6650654,5964.58
13387,6650970,5964.58
13387,6651275,5964.58
13387,6660448,5965.54
13387,6680996,5965.54
13387,6702008,5964.91
13387,6723238,5964.91
13387,6744379,5964.77
13387,6765542,5964.77
13387,6786890,5964.77
13387,6808152,5964.5
13387,6829374,5964.5
13387,6850603,5964.6
13387,6871531,5964.6
13387,6893137,5964.61
13387,6914747,5964.61
13387,6936785,5964.65
13387,6958910,5964.65
13387,6981068,5964.65
13387,7003086,5964.64
13387,7024913,5964.64
13387,7046877,5964.78
13388,57072,5964.77
13388,78578,5964.69
13388,100344,5964.69
13388,122237,5964.64
13388,143997,5964.64
13388,165639,5964.58
13388,187488,5964.58
13388,209231,5964.5
13388,230895,5964.5
13388,252792,5964.5
13388,274379,5964.44
13388,296042,5964.44
13388,317686,5964.66
13388,339847,5964.66
13388,361703,5964.6
13388,383513,5964.6
13388,405364,5964.55
13388,427128,5964.55
13388,448875,5964.55
13388,470787,5964.58
13388,492273,5964.58
13388,514016,5964.66
13388,535847,5964.66
13388,557543,5964.68
13388,579949,5964.68
13388,602346,5964.71
13388,624633,5964.71
13388,646815,5964.71
13388,668990,5964.69
13388,691192,5964.69
13388,7042970,5964.53
13388,7064662,5964.53
13388,7087198,5964.53
13388,7109261,5964.68
13388,7131388,5964.68
13388,7153610,5964.57
13388,7175648,5964.57
13388,7198293,5964.57
13388,7220455,5964.57
13388,7242860,5964.65
13388,7265226,5964.65
13388,7287265,5964.65
13388,7309664,5964.56
13388,7331786,5964.56
13388,7353699,5964.59
13388,7375584,5964.59
13388,7397710,5964.57
13388,7419977,5964.57
13388,7442112,5964.71
13388,7461711,5964.71
13388,7461955,5964.71
13388,7462255,5964.61
13388,7462577,5964.61
13388,7463021,5965.54
13388,7474324,5965.54
13388,7495468,5964.93
13388,7517224,5964.93
13388,7539479,5964.99
13388,7561111,5964.99
13388,7582758,5964.99
13388,7604518,5964.73
13388,7626082,5964.73
13388,7647877,5964.58
13388,7669413,5964.58
13388,7691168,5964.6
13388,7712618,5964.6
13388,7734261,5964.63
13388,713193,5964.7
13388,735344,5964.7
13388,757162,5964.62
13388,778867,5964.62
13388,800844,5964.76
13388,822770,5964.76
13388,844561,5964.76
13388,866540,5964.61
13388,888535,5964.61
13388,910083,5964.52
13388,931926,5964.52
13388,948339,5964.62
13388,948677,5964.62
13388,948941,5965.54
13388,950118,5965.54
13388,967014,5965.54
13388,988099,5965.54
13388,1009662,5965.54
13388,1031394,5964.24
13388,1053182,5964.24
13388,1075287,5964.68
13388,1097044,5964.68
13388,1119354,5964.7
13388,1141364,5964.7
13388,1163367,5964.7
13388,1185477,5964.72
13388,1207280,5964.72
13388,1229169,5964.57
13388,1251200,5964.57
13388,1272840,5964.57
13388,1294408,5964.57
13388,1315980,5964.73
13388,1337577,5964.73
13388,1359221,5964.73
13388,1381106,5964.53
13388,1402755,5964.53
13388,7756015,5964.63
13388,7777554,5964.63
13388,7799471,5964.73
13388,7821439,5964.73
13388,7843185,5964.68
13388,7864878,5964.68
13388,7886905,5964.66
13388,7908834,5964.66
13388,7930937,5964.66
13388,7953443,5964.62
13388,7975671,5964.62
13388,7998104,5964.58
13388,8020762,5964.58
13388,8043307,5964.68
13388,8065429,5964.68
13388,8087972,5964.6
13388,8109978,5964.6
13388,8132249,5964.6
13388,8154255,5964.73
13388,8176364,5964.73
13388,8198464,5964.55
13388,8220860,5964.55
13388,8242847,5964.65
13388,8264593,5964.65
13388,8286072,5964.66
13388,8308115,5964.66
13388,8330284,5964.63
13388,8351812,5964.63
13388,8373801,5964.63
13388,8395657,5964.46
13388,8417318,5964.46
13388,8438691,5964.65
13388,8460461,5964.65
13388,8482470,5964.63
13388,8504736,5964.63
13388,8527043,5964.63
13388,8549263,5964.51
13388,8571540,5964.51
13388,8593424,5964.57
13388,8615738,5964.57
13388,8638108,5964.57
13388,8660496,5964.57
13388,8683053,5964.74
13388,8705689,5964.74
13388,8727976,5964.74
13388,8750740,5964.7
13388,8773408,5964.7
13388,8795802,5964.48
13388,8818256,5964.48
13388,8840482,5964.84
13388,8863321,5964.84
13388,8885676,5964.73
13388,8908270,5964.73
13388,8930282,5964.58
13388,8952128,5964.58
13388,8973966,5964.58
13388,8996010,5964.6
13388,9018414,5964.6
13388,9040530,5964.58
13388,9062206,5964.58
13388,9084586,5964.68
13388,9106715,5964.68
13388,9129086,5964.71
13388,9151388,5964.71
13388,9173548,5964.71
13388,9195795,5964.63
13388,9217836,5964.63
13388,9239798,5964.73
13388,9262065,5964.73
13388,9284270,5964.45
13388,9306281,5964.45
13388,9328547,5964.79
13388,9350557,5964.79
13388,9373097,5964.79
13388,9395010,5964.7
13388,9417154,5964.7
13388,9439021,5964.65
13388,9460906,5964.65
13388,9482526,5964.65
13388,9504044,5964.65
13388,9526369,5964.63
13388,9548303,5964.63
13388,9570202,5964.63
13388,9592154,5964.61
13388,9614353,5964.61
13388,9636560,5964.66
13388,9658651,5964.66
13388,9680680,5964.6
13388,9702698,5964.6
13388,9724572,5964.63
13388,9746598,5964.63
13388,9765907,5964.63
13388,9766216,5964.5
13388,9766531,5964.5
13388,9766769,5965.54
13388,9767276,5965.54
13388,9778044,5965.54
13388,9799288,5965.54
13388,9821033,5964.21
13388,9842886,5964.21
13388,9864601,5964.21
13388,9886809,5964.51
13388,9908847,5964.51
13388,9930992,5964.65
13388,9953010,5964.65
13388,9974881,5964.57
13388,9996921,5964.57
13388,10019064,5964.66
13388,10041327,5964.66
13388,10063600,5964.66
13388,10085613,5964.61
13388,10107517,5964.61
13388,10129187,5964.55
13388,10151138,5964.55
13388,10172787,5964.62
13388,10194703,5964.62
13388,10216446,5964.6
13388,10238107,5964.6
13388,10260033,5964.6
13388,10281308,5964.53
13388,10302703,5964.53
13388,10324623,5964.51
13388,10346742,5964.51
13388,10368738,5964.66
13388,10390626,5964.66
13388,10412661,5964.57
13388,10435328,5964.57
13388,10457724,5964.57
13388,10480208,5964.64
13388,10502911,5964.64
13388,10516883,5964.62
13388,10516883,5964.62
13388,10516883,5964.51
13388,10516883,5964.51
13388,10516883,5964.68
13388,1424353,5964.71
13388,1430467,5964.71
13388,1430766,5964.65
13388,1431075,5964.65
13388,1435195,5965.54
13388,1456831,5965.54
13388,1478075,5965.54
13388,1499442,5964.3
13388,1521077,5964.3
13388,1542336,5964.75
13388,1564085,5964.75
13388,1585311,5964.74
13388,1606773,5964.74
13388,1628470,5964.63
13388,1649197,5964.63
13388,1649411,5964.63
13388,1649895,5964.55
13388,1662982,5964.55
13388,1683755,5965.54
13388,1704710,5965.54
13388,1725718,5964.49
13388,1746844,5964.49
13388,1767825,5964.61
13388,1788670,5964.61
13388,1810063,5964.61
13388,1831566,5964.79
13388,1853456,5964.79
13388,1874962,5964.6
13388,1891830,5964.6
13388,1892133,5964.47
13388,1892437,5964.47
13388,1893013,5965.54
13388,1905226,5965.54
13388,1905505,5965.54
13388,1905814,5964.77
13388,1906137,5964.77
13388,1906439,5965.54
13388,1906744,5965.54
13388,1911878,5965.54
13388,1931572,5965.54
13388,1952167,5965.54
13388,1973572,5964.1
13388,1994934,5964.1
13388,2016300,5964.66
13388,2038118,5964.66
13388,2059153,5964.73
13388,2080329,5964.73
13388,2101421,5964.65
13388,2122804,5964.65
13388,2144447,5964.65
13388,2166216,5964.59
13388,2187848,5964.59
13388,2209604,5964.66
13388,2231030,5964.66
13388,2253099,5964.69
13388,2275293,5964.69
13388,2297912,5964.64
13388,2320050,5964.64
13388,2342586,5964.64
13388,2364594,5964.64
13388,2386221,5964.64
13388,2408240,5964.54
13388,2430025,5964.54
13388,2451891,5964.71
13388,2473277,5964.71
13388,2495043,5964.54
13388,2516666,5964.54
13388,2538271,5964.59
13388,2559816,5964.59
13388,2581171,5964.59
13388,2602460,5964.62
13388,2612498,5964.62
13388,2612806,5964.61
13388,2613115,5964.61
13388,2614433,5965.54
13388,2630308,5965.54
13388,2651823,5964.88
13388,2673603,5964.88
13388,2695224,5964.88
13388,2716369,5964.47
13388,2738010,5964.47
13388,2759231,5964.65
13388,2780846,5964.65
13388,2802449,5964.71
13388,2823993,5964.71
13388,2845860,5964.64
13388,2867641,5964.64
13388,2889129,5964.64
13388,2910756,5964.69
13388,2932288,5964.69
13388,2953907,5964.63
13388,2975795,5964.63
13388,2997897,5964.64
13388,3020067,5964.64
13388,3042617,5964.73
13388,3064890,5964.73
13388,3087164,5964.73
13388,3109434,5964.61
13388,3131609,5964.61
13388,3153774,5964.57
13388,3176116,5964.57
13388,3198364,5964.56
13388,3214914,5964.56
13388,3215215,5964.57
13388,3215580,5964.57
13388,3221346,5964.57
13388,3242587,5965.54
13388,3264105,5965.54
13388,3285878,5964.44
13388,3307698,5964.44
13388,3329396,5964.61
13388,3351128,5964.61
13388,3372776,5964.56
13388,3394603,5964.56
13388,3416441,5964.56
13388,3438197,5964.67
13388,3459838,5964.67
13388,3481822,5964.66
13388,3503842,5964.66
13388,3525852,5964.54
13388,3547671,5964.54
13388,3569524,5964.47
13388,3591256,5964.47
13388,3613027,5964.47
13388,3635175,5964.71
13388,3657460,5964.71
13388,3679606,5964.7
13388,3701598,5964.7
13388,3723246,5964.69
13388,3745499,5964.69
13388,3767382,5964.43
13388,3788839,5964.43
13388,3810409,5964.43
13388,3831804,5964.59
13388,3853149,5964.59
13388,3874779,5964.67
13388,3896325,5964.67
13388,3918192,5964.58
13388,3939851,5964.58
13388,3961841,5964.77
13388,3983466,5964.77
13388,4005477,5964.77
13388,4026970,5964.57
13388,4048887,5964.57
13388,4070655,5964.65
13388,4092636,5964.65
13388,4114671,5964.65
13388,4136790,5964.65
13388,4159203,5964.65
13388,4181346,5964.65
13388,4203481,5964.65
13388,4225831,5964.45
13388,4247640,5964.45
13388,4269538,5964.69
13388,4291481,5964.69
13388,4313648,5964.55
13388,4335457,5964.55
13388,4357357,5964.55
13388,4379327,5964.55
13388,4400986,5964.55
13388,4423125,5964.55
13388,4445277,5964.55
13388,4467245,5964.74
13388,4488996,5964.74
13388,4510224,5964.59
13388,4531817,5964.59
13388,4553853,5964.69
13388,4575214,5964.69
13388,4596858,5964.69
13388,4605074,5964.62
13388,4605296,5964.62
13388,4605619,5965.54
13388,4607246,5965.54
13388,4624898,5965.54
13388,4646654,5965.54
13388,4668319,5964.54
13388,4689927,5964.54
13388,4711564,5964.54
13388,4733463,5964.64
13388,4754956,5964.64
13388,4776343,5964.7
13388,4797791,5964.7
13388,4819737,5964.66
13388,4841858,5964.66
13388,4864090,5964.56
13388,4886411,5964.56
13388,4908671,5964.56
13388,4930702,5964.7
13388,4952959,5964.7
13388,4975494,5964.62
13388,4997896,5964.62
13388,5020269,5964.59
13388,5042575,5964.59
13388,5064347,5964.6
13388,5086460,5964.6
13388,5108528,5964.6
13388,5130604,5964.6
13388,5144724,5964.6
13388,5145020,5964.63
13388,5145325,5964.63
13388,5154744,5965.54
13388,5175501,5965.54
13388,5197178,5964.72
13388,5218786,5964.72
13388,5240643,5964.72
13388,5261998,5964.52
13388,5284150,5964.52
13388,5306086,5964.67
13388,5327673,5964.67
13388,5349387,5964.58
13388,5371085,5964.58
13388,5393069,5964.55
13388,5414979,5964.55
13388,5437020,5964.55
13388,5458746,5964.61
13388,5480279,5964.61
13388,5501854,5964.56
13388,5522339,5964.56
13388,5522597,5964.64
13388,5522913,5964.64
13388,5523276,5965.54
13388,5523582,5965.54
13388,5523885,5965.54
13388,5524194,5965.54
13388,5524442,5965.54
13388,5524784,5965.54
13388,5525047,5965.54
13388,5526095,5965.54
13388,5541471,5965.54
13388,5562014,5964.71
13388,5583329,5964.71
13388,5604824,5964.71
13388,5606136,5964.55
13388,5606449,5964.55
13388,5606814,5965.54
13388,5607054,5965.54
13388,5607368,5965.54
13388,5607671,5965.54
13388,5608037,5965.54
13388,5608327,5965.54
13388,5608600,5965.54
13388,5608908,5965.54
13388,5609211,5965.54
13388,5609512,5965.54
13388,5609865,5965.54
13388,5610192,5965.54
13388,5610490,5965.54
13388,5610719,5965.54
13388,5611049,5965.54
13388,5611365,5965.54
13388,5611667,5965.54
13388,5611971,5965.54
13388,5612344,5965.54
13388,5612589,5965.54
13388,5612901,5965.54
13388,5613207,5965.54
13388,5613572,5965.54
13388,5613882,5965.54
13388,5614128,5965.54
13388,5614407,5965.54
13388,5614749,5965.54
13388,5615106,5965.54
13388,5615414,5965.54
13388,5615803,5965.54
13388,5616058,5965.54
13388,5616361,5965.54
13388,5616648,5965.54
13388,5616955,5965.54
13388,5617284,5965.54
13388,5617643,5965.54
13388,5617952,5965.54
13388,5618257,5965.54
13388,5618558,5965.54
13388,5618869,5965.54
13388,5619157,5965.54
13388,5619476,5965.54
13388,5619729,5965.54
13388,5620045,5965.54
13388,5620350,5965.54
13388,5620656,5965.54
13388,5620944,5965.54
13388,5621255,5965.54
13388,5621575,5965.54
13388,5621944,5965.54
13388,5622234,5965.54
13388,5622560,5965.54
13388,5631279,5965.54
13388,5649483,5965.54
13388,5668943,5964.29
13388,5688873,5964.29
13388,5708824,5964.29
13388,5729072,5964.54
13388,5749710,5964.54
13388,5770463,5964.71
13388,5791389,5964.71
13388,5812386,5964.58
13388,5833679,5964.58
13388,5854947,5964.53
13388,5876150,5964.53
13388,5897406,5964.53
13388,5918804,5964.53
13388,5940375,5964.53
13388,5961742,5964.64
13388,5983138,5964.64
13388,6005083,5964.73
13388,6027073,5964.73
13388,6049302,5964.64
13388,6071311,5964.64
13388,6093026,5964.64
13388,6115481,5964.62
13388,6138011,5964.62
13388,6159904,5964.59
13388,6182433,5964.59
13388,6204831,5964.6
13388,6227121,5964.6
13388,6249003,5964.6
13388,6270916,5964.6
13388,6292774,5964.6
13388,6314906,5964.63
13388,6336544,5964.63
13388,6358680,5964.64
13388,6380459,5964.64
13388,6402598,5964.59
13388,6424592,5964.59
13388,6446509,5964.45
13388,6468147,5964.45
13388,6489896,5964.45
13388,6511351,5964.59
13388,6532891,5964.59
13388,6554538,5964.5
13388,6576167,5964.5
13388,6598030,5964.65
13388,6619820,5964.65
13388,6641834,5964.65
13388,6663440,5964.65
13388,6685438,5964.63
13388,6707103,5964.63
13388,6728821,5964.63
13388,6750507,5964.45
13388,6772351,5964.45
13388,6780332,5964.6
13388,6780636,5964.6
13388,6780945,5965.54
13388,6781242,5965.54
13388,6781497,5965.54
13388,6781795,5965.54
13388,6782107,5965.54
13388,6782408,5965.54
13388,6787547,5965.54
13388,6807396,5965.54
13388,6828238,5965.54
13388,6849365,5964.46
13388,6870659,5964.46
13388,6892392,5964.46
13388,6914391,5964.57
13388,6936137,5964.57
13388,6957406,5964.58
13388,6978881,5964.58
13388,7000310,5964.46
13388,7021687,5964.46
13389,58597,5964.71
13389,80377,5964.71
13389,102699,5964.49
13389,124652,5964.49
13389,146759,5964.48
13389,168797,5964.48
13389,190575,5964.56
13389,212546,5964.56
13389,234706,5964.63
13389,256993,5964.63
13389,279226,5964.63
13389,301265,5964.63
13389,323307,5964.63
13389,345179,5964.68
13389,367245,5964.68
13389,389241,5964.58
13389,411506,5964.58
13389,433407,5964.59
13389,455239,5964.59
13389,477325,5964.59
13389,489379,5964.51
13389,489688,5964.51
13389,489929,5965.54
13389,490240,5965.54
13389,490551,5965.54
13389,492848,5965.54
13389,512958,5965.54
13389,534208,5965
13389,555448,5965
13389,576860,5964.81
13389,598350,5964.81
13389,619702,5964.45
13389,641209,5964.45
13389,662628,5964.66
13389,684341,5964.66
13389,706277,5964.66
13389,728512,5964.64
13389,750445,5964.64
13389,772413,5964.63
13389,794414,5964.63
13389,816196,5964.6
13389,822246,5964.6
13389,822613,5964.58
13389,824301,5964.58
13389,842786,5964.58
13389,864645,5965.54
13389,886257,5965.54
13389,907388,5964.34
13389,928881,5964.34
13389,950789,5964.62
13389,972408,5964.62
13389,993956,5964.59
13389,1015496,5964.59
13389,1036846,5964.59
13389,1058546,5964.65
13389,1080078,5964.65
13389,1101574,5964.63
13389,1123152,5964.63
13389,1145214,5964.68
13389,1167670,5964.68
13389,1190149,5964.58
13389,1212672,5964.58
13389,1234932,5964.58
13389,1257461,5964.69
13389,1280257,5964.69
13389,1302276,5964.6
13389,1324698,5964.6
13389,1347186,5964.61
13389,1369480,5964.61
13389,1391741,5964.64
13389,1414529,5964.64
13389,1436500,5964.64
13389,1458657,5964.61
13389,1480962,5964.61
13389,1503496,5964.65
13389,1525581,5964.65
13389,1547588,5964.63
13389,1569774,5964.63
13389,1591540,5964.59
13389,1613726,5964.59
13389,1636081,5964.65
13389,1658250,5964.65
13389,1680007,5964.65
13389,1702001,5964.75
13389,1724001,5964.75
13389,1746305,5964.48
13389,1768083,5964.48
13389,1790088,5964.57
13389,1812151,5964.57
13389,1833984,5964.57
13389,1855905,5964.54
13389,1878133,5964.54
13389,1900530,5964.64
13389,1922717,5964.64
13389,1945443,5964.52
13389,1967875,5964.52
13389,1989929,5964.6
13389,2012415,5964.6
13389,2034872,5964.6
13389,2057165,5964.56
13389,2079488,5964.56
13389,2101506,5964.59
13389,2124029,5964.59
13389,2146340,5964.5
13389,2168332,5964.5
13389,2190217,5964.5
13389,2212252,5964.67
13389,2234624,5964.67
13389,2252930,5964.58
13389,2253241,5964.58
13389,2253613,5965.54
13389,2253857,5965.54
13389,2254171,5965.54
13389,2254533,5965.54
13389,2254836,5965.54
13389,2255074,5965.54
13389,2255388,5965.54
13389,2258526,5965.54
13389,2278073,5965.54
13389,2299075,5964.81
13389,2320420,5964.81
13389,2342070,5964.4
13389,2363360,5964.4
13389,2363711,5964.4
13389,2363950,5964.66
13389,2364272,5964.66
13389,2364567,5965.54
13389,2364941,5965.54
13389,2365195,5965.54
13389,2365558,5965.54
13389,2365792,5965.54
13389,2366127,5965.54
13389,2366427,5965.54
13389,2366734,5965.54
13389,2367104,5965.54
13389,2367406,5965.54
13389,2367641,5965.54
13389,2367951,5965.54
13389,2368306,5965.54
13389,2368646,5965.54
13389,2368954,5965.54
13389,2376914,5965.54
13389,2396089,5965.54
13389,2416457,5965.54
13389,2437675,5964.21
13389,2439704,5964.21
13389,2440025,5965.54
13389,2441127,5965.54
13389,2456003,5965.54
13389,2476582,5965.54
13389,2497972,5965.54
13389,2519235,5965.01
13389,2540664,5965.01
13389,2550480,5964.4
13389,2550826,5964.4
13389,2551132,5965.54
13389,2551380,5965.54
13389,2551684,5965.54
13389,2552060,5965.54
13389,2552366,5965.54
13389,2556405,5965.54
13389,2564358,5965.54
13389,2572689,5964.32
13389,2581099,5964.32
13389,2589564,5964.32
13389,2598083,5964.67
13389,2606466,5964.67
13389,2615055,5964.52
13389,2623373,5964.52
13389,2631561,5964.59
13389,2640267,5964.59
13389,2653710,5964.6
13389,2670962,5964.6
13389,2690647,5964.6
13389,2711047,5964.66
13389,2732569,5964.66
13389,2754071,5964.54
13389,2775701,5964.54
13389,2797389,5964.42
13389,2819546,5964.42
13389,2841308,5964.64
13389,2863079,5964.64
13389,2885366,5964.64
13389,2907660,5964.66
13389,2929553,5964.66
13389,2951941,5964.73
13389,2974595,5964.73
13389,2997518,5964.64
13389,3020174,5964.64
13389,3042267,5964.57
13389,3064456,5964.57
13389,3086609,5964.57
13389,3108862,5964.56
13389,3131049,5964.56
13389,3153537,5964.57
13389,3176064,5964.57
13389,3198648,5964.55
13389,3220750,5964.55
13389,3242752,5964.59
13389,3264406,5964.59
13389,3286418,5964.59
13389,3308791,5964.65
13389,3331075,5964.65
13389,3353335,5964.6
13389,3375149,5964.6
13389,3396713,5964.61
13389,3418579,5964.61
13389,3440648,5964.59
13389,3462899,5964.59
13389,3485426,5964.59
13389,3507585,5964.46
13389,3530045,5964.46
13389,3552078,5964.63
13389,3574403,5964.63
13389,3596659,5964.68
13389,3618711,5964.68
13389,3640626,5964.57
13389,3663251,5964.57
13389,3685639,5964.57
13389,3707898,5964.67
13389,3730190,5964.67
13389,3752585,5964.56
13389,3774973,5964.56
13389,3797565,5964.54
13389,3819799,5964.54
13389,3842189,5964.56
13389,3864442,5964.56
13389,3886529,5964.56
13389,3908631,5964.52
13389,3930995,5964.52
13389,3953395,5964.62
13389,3975687,5964.62
13389,3997846,5964.62
13389,4020371,5964.62
13389,4042387,5964.62
13389,4064507,5964.6
13389,4086560,5964.6
13389,4108818,5964.57
13389,4131083,5964.57
13389,4153303,5964.67
13389,4175253,5964.67
13389,4197516,5964.62
13389,4219341,5964.62
13389,4241406,5964.62
13389,4263561,5964.46
13389,4286184,5964.46
13389,4308238,5964.58
13389,4330895,5964.58
13389,4352912,5964.53
13389,4375031,5964.53
13389,4397464,5964.48
13389,4419860,5964.48
13389,4441726,5964.48
13389,4449681,5964.52
13389,4450061,5964.52
13389,4450370,5965.54
13389,4455293,5965.54
13389,4476677,5965.54
13389,4497931,5965.54
13389,4519671,5964.27
13389,4542056,5964.27
13389,4564114,5964.27
13389,4586503,5964.48
13389,4608274,5964.48
13389,4630007,5964.57
13389,4652025,5964.57
13389,4673662,5964.59
13389,4694920,5964.59
13389,4716417,5964.5
13389,4738038,5964.5
13389,4759923,5964.5
13389,4782349,5964.56
13389,4804467,5964.56
13389,4826384,5964.56
13389,4829516,5964.56
13389,4829772,5964.52
13389,4830079,5964.52
13389,4830659,5965.54
13389,4841624,5965.54
13389,4862576,5965.54
13389,4884421,5964.53
13389,4906074,5964.53
13389,4927769,5964.76
13389,4949601,5964.76
13389,4971488,5964.64
13389,4982429,5964.64
13389,4982429,5964.52
13389,4982429,5964.52
13389,4982429,5964.52
13389,4982429,5964.56
13389,4982429,5964.56
13390,58089,5964.59
13390,80006,5964.55
13390,101857,5964.55
13390,124279,5964.6
13390,146330,5964.6
13390,168447,5964.51
13390,190777,5964.51
13390,212830,5964.67
13390,234890,5964.67
13390,257003,5964.67
13390,279292,5964.55
13390,301817,5964.55
13390,324213,5964.52
13390,346075,5964.52
13390,368496,5964.59
13390,390616,5964.59
13390,412642,5964.58
13390,435033,5964.58
13390,457883,5964.58
13390,480102,5964.52
13390,502983,5964.52
13390,525293,5964.56
13390,547837,5964.56
13390,570217,5964.61
13390,592693,5964.61
13390,615713,5964.55
13390,638333,5964.55
13390,660824,5964.55
13390,683514,5964.73
13390,705770,5964.73
13390,728055,5964.72
13390,750445,5964.72
13390,772733,5964.61
13390,794851,5964.61
13390,817012,5964.62
13390,839401,5964.62
13390,862061,5964.62
13390,884451,5964.71
13390,906702,5964.71
13390,928760,5964.65
13390,951148,5964.65
13390,973402,5964.7
13390,995419,5964.7
13390,1013687,5964.71
13390,1013989,5964.71
13390,1014222,5964.71
13390,1014551,5965.54
13390,1014854,5965.54
13390,1015205,5965.54
13390,1015536,5965.54
13390,1018318,5965.54
13390,1038502,5965.54
13390,1059509,5965.54
13390,1081420,5964.68
13390,1103942,5964.68
13390,1126459,5964.66
13390,1148741,5964.66
13390,1171119,5964.67
13390,1193041,5964.67
13390,1215562,5964.67
13390,1238081,5964.67
13390,1260273,5964.67
13390,1282461,5964.66
13390,1304515,5964.66
13390,1327035,5964.61
13390,1349422,5964.61
13390,1372016,5964.69
13390,1394366,5964.69
13390,1416151,5964.6
13390,1437800,5964.6
13390,1460019,5964.6
13390,1482308,5964.29
13390,1504560,5964.29
13390,1526915,5964.56
13390,1549103,5964.56
13390,1571331,0
13390,1593389,0
13390,1615409,0
13390,1637697,0
13390,1659445,0
13390,1681462,5964.65
13390,1703986,5964.65
13390,1726138,5964.54
13390,1727568,5964.54
13390,1727941,5964.58
13390,1731561,5964.58
13390,1753921,5964.72
13390,1775567,5964.72
13390,1797719,5964.72
13390,1820370,5964.73
13390,1830610,5964.73
13390,1830939,5964.63
13390,1831477,5964.63
13390,1843665,5965.54
13390,1844214,5965.54
13390,1844578,5965.54
13390,1845024,5965.54
13390,1856719,5965.54
13390,1878155,5965.54
13390,1899728,5965.54
13390,1921874,5964.9
13390,1943254,5964.9
13390,1965139,5964.52
13390,1986753,5964.52
13390,2008834,5964.52
13390,2030784,5964.57
13390,2053077,5964.57
13390,2075498,5964.56
13390,2097348,5964.56
13390,2119635,5964.56
13390,2141651,5964.56
13390,2141685,5964.58
13390,2141685,5964.58
13390,2141685,5964.58
13390,2141685,5964.41
13390,2141685,5964.41
13390,2141685,5964.54
13390,2141685,5964.54
13390,2141685,5964.58
13391,58932,5964.66
13391,80949,5964.66
13391,103167,5964.55
13391,125053,5964.55
13391,147339,5964.51
13391,169021,5964.51
13391,191004,5964.51
13391,212855,5964.51
13391,235370,5964.63
13391,257661,5964.63
13391,279948,5964.63
13391,302595,5964.54
13391,324943,5964.54
13391,347394,5964.6
13391,369406,5964.6
13391,391424,5964.59
13391,413905,5964.59
13391,436358,5964.56
13391,458702,5964.56
13391,481422,5964.56
13391,503940,5964.61
13391,526152,5964.61
13391,548611,5964.58
13391,570896,5964.58
13391,592816,5964.48
13391,614937,5964.48
13391,637182,5964.54
13391,645962,5964.54
13391,646311,5964.54
13391,646633,5965.54
13391,646890,5965.54
13391,647244,5965.54
13391,647502,5965.54
13391,647845,5965.54
13391,648163,5965.54
13391,648420,5965.54
13391,648724,5965.54
13391,649164,5965.54
13391,656766,5965.54
13391,677245,5965.54
13391,698249,5964.55
13391,7011130,5965.54
13391,7033070,5964.48
13391,7055041,5964.48
13391,7077061,5964.62
13391,7099207,5964.62
13391,7121153,5964.5
13391,7143301,5964.5
13391,7165452,5964.5
13391,7187333,5964.68
13391,7209310,5964.68
13391,7231758,5964.54
13391,7254413,5964.54
13391,7276298,5964.55
13391,7298173,5964.55
13391,7320459,5964.63
13391,7342612,5964.63
13391,7364496,5964.63
13391,7386644,5964.54
13391,7409025,5964.54
13391,7431505,5964.58
13391,7454085,5964.58
13391,7476727,5964.63
13391,7499009,5964.63
13391,7521227,5964.61
13391,7543005,5964.61
13391,7565257,5964.61
13391,7587005,5964.62
13391,7609051,5964.62
13391,7612598,5964.55
13391,7612905,5964.55
13391,7613270,5965.54
13391,7613577,5965.54
13391,7613826,5965.54
13391,7614133,5965.54
13391,7614480,5965.54
13391,7614735,5965.54
13391,7615111,5965.54
13391,7615338,5965.54
13391,7615649,5965.54
13391,7616031,5965.54
13391,7616338,5965.54
13391,7616643,5965.54
13391,7616957,5965.54
13391,7617254,5965.54
13391,7618145,5965.54
13391,7631566,5965.54
13391,7651278,5964.71
13391,7672013,5964.71
13391,7693151,5965.29
13391,720356,5964.55
13391,742008,5964.63
13391,751555,5964.63
13391,751927,5964.59
13391,752218,5964.59
13391,752527,5964.59
13391,760948,5965.54
13391,781638,5965.54
13391,803463,5964.51
13391,825704,5964.51
13391,847388,5964.45
13391,869410,5964.45
13391,891099,5964.49
13391,913314,5964.49
13391,935199,5964.49
13391,956952,5964.81
13391,978806,5964.81
13391,1000722,5964.57
13391,1022612,5964.57
13391,1044839,5964.44
13391,1066893,5964.44
13391,1089216,5964.44
13391,1095149,5964.54
13391,1095516,5964.54
13391,1095820,5965.54
13391,1096210,5965.54
13391,1096438,5965.54
13391,1096763,5965.54
13391,1097131,5965.54
13391,1097441,5965.54
13391,1097685,5965.54
13391,1097989,5965.54
13391,1098292,5965.54
13391,1098642,5965.54
13391,1098973,5965.54
13391,1099278,5965.54
13391,1099497,5965.54
13391,1099821,5965.54
13391,1100123,5965.54
13391,1100484,5965.54
13391,1104690,5965.54
13391,1122825,5965.54
13391,1142958,5964.93
13391,1164068,5964.93
13391,1184947,5964.78
13391,1205922,5964.78
13391,1227431,5964.66
13391,1249217,5964.66
13391,1271333,5964.66
13391,1293216,5964.66
13391,1315304,5964.66
13391,1337145,5964.59
13391,1359138,5964.59
13391,1360630,5964.5
13391,1360943,5964.5
13391,1361253,5965.54
13391,1367054,5965.54
13391,1388327,5965.54
13391,7714524,5965.29
13391,7736002,5965.29
13391,7757610,5964.48
13391,7779525,5964.48
13391,7801473,5964.55
13391,7823187,5964.55
13391,7845336,5964.68
13391,7867615,5964.68
13391,7889882,5964.58
13391,7911529,5964.58
13391,7933412,5964.58
13391,7955426,5964.57
13391,7977574,5964.57
13391,7999586,5964.69
13391,8022075,5964.69
13391,8044387,5964.54
13391,8066471,5964.54
13391,8089189,5964.54
13391,8111943,5964.54
13391,8134857,5964.54
13391,8157269,5964.56
13391,8179546,5964.56
13391,8201831,5964.59
13391,8224347,5964.59
13391,8246632,5964.62
13391,8268712,5964.62
13391,8291291,5964.68
13391,8313603,5964.68
13391,8335947,5964.68
13391,8358500,5964.54
13391,8381012,5964.54
13391,8403524,5964.56
13391,8425802,5964.56
13391,8448220,5964.58
13391,8470629,5964.58
13391,8492839,5964.64
13391,8515353,5964.64
13391,8537701,5964.64
13391,8560082,5964.6
13391,8582434,5964.6
13391,8604641,5964.6
13391,8627158,5964.6
13391,8649566,5964.58
13391,8672098,5964.58
13391,8694347,5964.58
13391,8716725,5964.56
13391,8739036,5964.56
13391,8761252,5964.46
13391,8783696,5964.46
13391,8806136,5964.52
13391,8828953,5964.52
13391,8851535,5964.59
13391,8874385,5964.59
13391,8896999,5964.64
13391,8919516,5964.64
13391,8941592,5964.64
13391,8963811,5964.57
13391,8985856,5964.57
13391,9007830,5964.61
13391,9009787,5964.61
13391,9010090,5965.54
13391,9010453,5965.54
13391,9010768,5965.54
13391,9011018,5965.54
13391,9011323,5965.54
13391,9011625,5965.54
13391,9011990,5965.54
13391,9013843,5965.54
13391,9031899,5965.54
13391,9053322,5964.26
13391,9074729,5964.26
13391,9096308,5964.26
13391,9117925,5964.77
13391,9139770,5964.77
13391,9161955,5964.62
13391,9184100,5964.62
13391,9206249,5964.55
13391,9228500,5964.55
13391,9251014,5964.55
13391,9273194,5964.55
13391,9295346,5964.55
13391,9317355,5964.58
13391,9339366,5964.58
13391,9361752,5964.61
13391,9379287,5964.61
13391,9379569,5964.6
13391,9379879,5964.6
13391,9380621,5965.54
13391,9394490,5965.54
13391,9416715,5965.54
13391,9438857,5964.7
13391,9460896,5964.7
13391,9483270,5964.41
13391,9505413,5964.41
13391,9527997,5964.59
13391,9550084,5964.59
13391,9572136,5964.53
13391,9594121,5964.53
13391,9616406,5964.53
13391,9638424,5964.6
13391,9660676,5964.6
13391,9682824,5964.54
13391,9705372,5964.54
13391,9727988,5964.56
13391,9750299,5964.56
13391,9772946,5964.56
13391,9795814,5964.64
13391,9819162,5964.64
13391,9841674,5964.43
13391,9864214,5964.43
13391,9886592,5964.53
13391,9909508,5964.53
13391,9932046,5964.52
13391,9954182,5964.52
13391,9976859,5964.52
13391,9999300,5964.46
13391,10022018,5964.46
13391,10044636,5964.61
13391,10066987,5964.61
13391,10088871,5964.58
13391,10110720,5964.58
13391,10132873,5964.66
13391,10155156,5964.66
13391,10177247,5964.53
13391,10199429,5964.53
13391,10221603,5964.53
13391,10244251,5964.54
13391,10266628,5964.54
13391,10288808,5964.57
13391,10311320,5964.57
13391,10333967,5964.53
13391,10356380,5964.53
13391,10378895,5964.43
13391,10401575,5964.43
13391,10424289,5964.43
13391,10446334,5964.59
13391,10468785,5964.59
13391,10491161,5964.49
13391,10513540,5964.49
13391,10535813,5964.52
13391,10558097,5964.52
13391,10580482,5964.5
13391,10602872,5964.5
13391,10625151,5964.5
13391,10647432,5964.58
13391,10669921,5964.58
13391,10692032,5964.58
13391,10714512,5964.58
13391,10737282,5964.54
13391,10759827,5964.54
13391,10782732,5964.57
13391,10805143,5964.57
13391,10827652,5964.57
13391,10850405,5964.6
13391,10872722,5964.6
13391,10895008,5964.53
13391,10917526,5964.53
13391,10939669,5964.49
13391,10961662,5964.49
13391,10983941,5964.55
13391,11006384,5964.55
13391,11028497,5964.55
13391,11050903,5964.61
13391,11073682,5964.61
13391,11096328,5964.52
13391,11119133,5964.52
13391,11141574,5964.61
13391,11164280,5964.61
13391,11186993,5964.66
13391,11209480,5964.66
13391,11232668,5964.66
13391,11255699,5964.62
13391,11278611,5964.62
13391,11300867,5964.68
13391,11323018,5964.68
13391,11345536,5964.59
13391,11367958,5964.59
13391,11389975,5964.59
13391,11412257,5964.6
13391,11434407,5964.6
13391,11456386,5964.53
13391,11478568,5964.53
13391,11500682,5964.75
13391,11522733,5964.75
13391,11544611,5964.52
13391,11566730,5964.52
13391,11589145,5964.52
13391,11611492,5964.57
13391,11633939,5964.57
13391,11656348,5964.69
13391,11678866,5964.69
13391,11701179,5964.56
13391,11723522,5964.56
13391,11746204,5964.6
13391,11768384,5964.6
13391,11790729,5964.6
13391,11813535,5964.55
13391,11836282,5964.55
13391,11859592,5964.63
13391,11882491,5964.63
13391,11905435,5964.56
13391,11928577,5964.56
13391,11951456,5964.61
13391,11972485,5964.61
13391,11972552,5964.61
13391,1410469,5964.71
13391,1432482,5964.71
13391,1454097,5964.58
13391,1476177,5964.58
13391,1498263,5964.74
13391,1520150,5964.74
13391,1542033,5964.74
13391,1564183,5964.62
13391,1586305,5964.62
13391,1608090,5964.67
13391,1630240,5964.67
13391,1652390,5964.5
13391,1674410,5964.5
13391,1696366,5964.53
13391,1718815,5964.53
13391,1741205,5964.59
13391,1763894,5964.59
13391,1786049,5964.59
13391,1808533,5964.56
13391,1831081,5964.56
13391,1853599,5964.61
13391,1876253,5964.61
13391,1898542,5964.61
13391,1920793,5964.61
13391,1943315,5964.61
13391,1965564,5964.75
13391,1987757,5964.75
13391,2009510,5964.47
13391,2031378,5964.47
13391,2053270,5964.4
13391,2075029,5964.4
13391,2097056,5964.6
13391,2119449,5964.6
13391,2141875,5964.56
13391,2164498,5964.56
13391,2186913,5964.56
13391,2209407,5964.54
13391,2231828,5964.54
13391,2254378,5964.52
13391,2276890,5964.52
13391,2299213,5964.62
13391,2321689,5964.62
13391,2343916,5964.57
13391,2359249,5964.57
13391,2359500,5964.57
13391,2359843,5964.59
13391,2360172,5964.59
13391,2363713,5965.54
13391,2385205,5965.54
13391,2406818,5964.68
13391,2428324,5964.68
13391,2450236,5964.64
13391,2471990,5964.64
13391,2494278,5964.64
13391,2516060,5964.61
13391,2538314,5964.61
13391,2560982,5964.58
13391,2583376,5964.58
13391,2605125,5964.57
13391,2627139,5964.57
13391,2649295,5964.57
13391,2671545,5964.58
13391,2693802,5964.58
13391,2715990,5964.47
13391,2737639,5964.47
13391,2759756,5964.71
13391,2782445,5964.71
13391,2805062,5964.5
13391,2827508,5964.5
13391,2849966,5964.5
13391,2871882,5964.6
13391,2894165,5964.6
13391,2916619,5964.64
13391,2938701,5964.64
13391,2960823,5964.48
13391,2982873,5964.48
13391,3005127,5964.53
13391,3027543,5964.53
13391,3050304,5964.53
13391,3072957,5964.76
13391,3095372,5964.76
13391,3117698,5964.47
13391,3140088,5964.47
13391,3162171,5964.58
13391,3184568,5964.58
13391,3207136,5964.4
13391,3229484,5964.4
13391,3251809,5964.4
13391,3274090,5964.65
13391,3296411,5964.65
13391,3318464,5964.73
13391,3340588,5964.73
13391,3362506,5964.58
13391,3384794,5964.58
13391,3406689,5964.58
13391,3428541,5964.49
13391,3450524,5964.49
13391,3472581,5964.5
13391,3494833,5964.5
13391,3517189,5964.54
13391,3539543,5964.54
13391,3562065,5964.53
13391,3584583,5964.53
13391,3606730,5964.53
13391,3628755,5964.64
13391,3651013,5964.64
13391,3673099,5964.8
13391,3695420,5964.8
13391,3717970,5964.61
13391,3740487,5964.61
13391,3763096,5964.54
13391,3785539,5964.54
13391,3807554,5964.54
13391,3807766,5964.52
13391,3808141,5964.52
13391,3808446,5965.54
13391,3814554,5965.54
13391,3836178,5965.54
13391,3858407,5965.54
13391,3880877,5964.38
13391,3902958,5964.38
13391,3925343,5964.38
13391,3947656,5964.55
13391,3970038,5964.55
13391,3992455,5964.63
13391,4014639,5964.63
13391,4036890,5964.59
13391,4059671,5964.59
13391,4082018,5964.57
13391,4104530,5964.57
13391,4126751,5964.57
13391,4148899,5964.54
13391,4171320,5964.54
13391,4193311,5964.58
13391,4215691,5964.58
13391,4237504,5964.57
13391,4255245,5964.57
13391,4255606,5964.55
13391,4255985,5964.55
13391,4264577,5964.55
13391,4286806,5965.54
13391,4309110,5965.54
13391,4331256,5964.13
13391,4353308,5964.13
13391,4375326,5964.66
13391,4397684,5964.66
13391,4419843,5964.66
13391,4441860,5964.56
13391,4464245,5964.56
13391,4485885,5964.73
13391,4507782,5964.73
13391,4529647,5964.52
13391,4551429,5964.52
13391,4573447,5964.58
13391,4595330,5964.58
13391,4617096,5964.58
13391,4638707,5964.68
13391,4660828,5964.68
13391,4683349,5964.6
13391,4705663,5964.6
13391,4727850,5964.66
13391,4749933,5964.66
13391,4772483,5964.53
13391,4795031,5964.53
13391,4817547,5964.53
13391,4839934,5964.6
13391,4862183,5964.6
13391,4884501,5964.65
13391,4906617,5964.65
13391,4915700,5964.54
13391,4916069,5964.54
13391,4916376,5965.54
13391,4916624,5965.54
13391,4916984,5965.54
13391,4917298,5965.54
13391,4917600,5965.54
13391,4917863,5965.54
13391,4918159,5965.54
13391,4918477,5965.54
13391,4918777,5965.54
13391,4919089,5965.54
13391,4919442,5965.54
13391,4919757,5965.54
13391,4920055,5965.54
13391,4920371,5965.54
13391,4920674,5965.54
13391,4920989,5965.54
13391,4921214,5965.54
13391,4921535,5965.54
13391,4921883,5965.54
13391,4922278,5965.54
13391,4922602,5965.54
13391,4922906,5965.54
13391,4923143,5965.54
13391,4923470,5965.54
13391,4923822,5965.54
13391,4924352,5965.54
13391,4936482,5965.54
13391,4956067,5965.54
13391,4976056,5964.64
13391,4996654,5964.64
13391,5017793,5964.45
13391,5039005,5964.45
13391,5060283,5964.52
13391,5081999,5964.52
13391,5103777,5964.6
13391,5125426,5964.6
13391,5147308,5964.6
13391,5169066,5964.56
13391,5191481,5964.56
13391,5213162,5964.56
13391,5235011,5964.56
13391,5256796,5964.58
13391,5278880,5964.58
13391,5301008,5964.68
13391,5323161,5964.68
13391,5345579,5964.68
13391,5368125,5964.67
13391,5390272,5964.67
13391,5412546,5964.58
13391,5434687,5964.58
13391,5457033,5964.56
13391,5479714,5964.56
13391,5502268,5964.58
13391,5524916,5964.58
13391,5547298,5964.58
13391,5569718,5964.64
13391,5588335,5964.64
13391,5588636,5964.66
13391,5588942,5964.66
13391,5589242,5965.54
13391,5589548,5965.54
13391,5595790,5965.54
13391,5616866,5965.54
13391,5638673,5965.54
13391,5647594,5964.29
13391,5647898,5964.29
13391,5648543,5965.54
13391,5662785,5965.54
13391,5684534,5964.79
13391,5706638,5964.79
13391,5728715,5964.79
13391,5751219,5964.77
13391,5773310,5964.77
13391,5795193,5964.68
13391,5816639,5964.68
13391,5838420,5964.47
13391,5860134,5964.47
13391,5874639,5964.58
13391,5874847,5964.58
13391,5875240,5964.58
13391,5878526,5965.54
13391,5899956,5965.54
13391,5922096,5964.72
13391,5944445,5964.72
13391,5966521,5964.68
13391,5988406,5964.68
13391,6010670,5964.6
13391,6032821,5964.6
13391,6054840,5964.6
13391,6076858,5964.61
13391,6099038,5964.61
13391,6120998,5964.59
13391,6143282,5964.59
13391,6165265,5964.6
13391,6186946,5964.6
13391,6209396,5964.58
13391,6231478,5964.58
13391,6253397,5964.58
13391,6274752,5964.53
13391,6296776,5964.53
13391,6318524,5964.6
13391,6340339,5964.6
13391,6362951,5964.61
13391,6385703,5964.61
13391,6408321,5964.54
13391,6430766,5964.54
13391,6453349,5964.54
13391,6476095,5964.56
13391,6498616,5964.56
13391,6521029,5964.58
13391,6543749,5964.58
13391,6566267,5964.77
13391,6589149,5964.77
13391,6611896,5964.59
13391,6634413,5964.59
13391,6656824,5964.59
13391,6679470,5964.57
13391,6701885,5964.57
13391,6724036,5964.57
13391,6745923,5964.57
13391,6767967,5964.56
13391,6789951,5964.56
13391,6811826,5964.56
13391,6834113,5964.56
13391,6856288,5964.56
13391,6878508,5964.5
13391,6900520,5964.5
13391,6922798,5964.6
13391,6944951,5964.6
13391,6967269,5964.54
13391,6979954,5964.54
13391,6980266,5964.59
13391,6980576,5964.59
13391,6980984,5964.59
13391,6989220,5965.54
13392,63028,5964.63
13392,85575,5964.63
13392,108017,5964.63
13392,130264,5964.63
13392,152713,5964.53
13392,174761,5964.53
13392,197112,5964.53
13392,219026,5964.33
13392,241244,5964.33
13392,263032,5964.42
13392,284649,5964.42
13392,306668,5964.63
13392,328551,5964.63
13392,350962,5964.52
13392,373112,5964.52
13392,395326,5964.52
13392,418272,5964.51
13392,440819,5964.51
13392,463094,5964.58
13392,485664,5964.58
13392,508375,5964.49
13392,530719,5964.49
13392,553466,5964.61
13392,576115,5964.61
13392,598798,5964.61
13392,621276,5964.56
13392,643821,5964.56
13392,666295,5964.57
13392,688681,5964.57
13392,711397,5964.51
13392,734075,5964.51
13392,756448,5964.63
13392,778690,5964.63
13392,800840,5964.63
13392,823184,5964.6
13392,845288,5964.6
13392,867836,5964.43
13392,890116,5964.43
13392,912364,5964.51
13392,934213,5964.51
13392,956390,5964.51
13392,978835,5964.6
13392,1001320,5964.6
13392,1023600,5964.55
13392,1045982,5964.55
13392,1068132,5964.57
13392,1091012,5964.57
13392,1113527,5964.49
13392,1135992,5964.49
13392,1158673,5964.49
13392,1181050,5964.53
13392,1203556,5964.53
13392,1225957,5964.53
13392,1248737,5964.53
13392,1271156,5964.52
13392,1293933,5964.52
13392,1316345,5964.51
13392,1338988,5964.51
13392,1361336,5964.51
13392,1365170,5964.49
13392,1365533,5964.49
13392,1365781,5965.54
13392,1366086,5965.54
13392,1366398,5965.54
13392,1366862,5965.54
13392,1376757,5965.54
13392,1397733,5965.54
13392,1419664,5965.54
13392,1441658,5964.28
13392,1463583,5964.28
13392,1485923,5964.44
13392,1508068,5964.44
13392,1529710,5964.58
13392,1551726,5964.58
13392,1573797,5964.53
13392,1595641,5964.53
13392,1612853,5964.53
13392,1613125,5964.6
13392,1613425,5964.6
13392,1614355,5965.54
13392,1630129,5965.54
13392,1651753,5964.61
13392,1673621,5964.61
13392,1695759,5964.61
13392,1718061,5964.31
13392,1739804,5964.31
13392,1761819,5964.53
13392,1783860,5964.53
13392,1806144,5964.51
13392,1828592,5964.51
13392,1850905,5964.53
13392,1873214,5964.53
13392,1895094,5964.53
13392,1917604,5964.56
13392,1940140,5964.56
13392,1962624,5964.51
13392,1985230,5964.51
13392,2007580,5964.55
13392,2029995,5964.55
13392,2052508,5964.61
13392,2075282,5964.61
13392,2097765,5964.61
13392,2120244,5964.57
13392,2142619,5964.57
13392,2164661,5964.48
13392,2187044,5964.48
13392,2209445,5964.66
13392,2231724,5964.66
13392,2254003,5964.53
13392,2276244,5964.53
13392,2298979,5964.53
13392,2321448,5964.58
13392,2344513,5964.58
13392,2367552,5964.59
13392,2390464,5964.59
13392,2413538,5964.56
13392,2436013,5964.56
13392,2458624,5964.48
13392,2481450,5964.48
13392,2504186,5964.48
13392,2526761,5964.61
13392,2549231,5964.61
13392,2571702,5964.52
13392,2593956,5964.52
13392,2615972,5964.49
13392,2627382,5964.49
13392,2627716,5964.58
13392,2628023,5964.58
13392,2629419,5964.58
13392,2646426,5965.54
13392,2668056,5965.54
13392,2689828,5964.36
13392,2712093,5964.36
13392,2733706,5964.51
13392,2755481,5964.51
13392,2777363,5964.51
13392,2789962,5964.51
13392,2789962,5964.51
13392,2789962,5964.37
13392,2789962,5964.37
13392,2789962,5964.51
13392,2789962,5964.51
13392,2789962,5964.48
13392,2789962,5964.48
13392,2789962,5964.48
13392,2789962,5964.54
13393,14068,5965.54
13393,14385,5965.54
13393,14632,5965.54
13393,14940,5965.54
13393,15235,5965.54
13393,15610,5965.54
13393,15912,5965.54
13393,16231,5965.54
13393,16466,5965.54
13393,16837,5965.54
13393,20287,5965.54
13393,39939,5965.54
13393,60954,5964.75
13393,82447,5964.75
13393,104385,5964.28
13393,126226,5964.28
13393,148231,5964.49
13393,170642,5964.49
13393,192308,5964.49
13393,214275,5964.63
13393,236181,5964.63
13393,258121,5964.61
13393,280337,5964.61
13393,302334,5964.55
13393,324813,5964.55
13393,347420,5964.54
13393,369561,5964.54
13393,392064,5964.54
13393,414609,5964.57
13393,437146,5964.57
13393,459580,5964.54
13393,481822,5964.54
13393,503953,5964.51
13393,526095,5964.51
13393,548569,5964.5
13393,571082,5964.5
13393,593698,5964.5
13393,616461,5964.54
13393,639237,5964.54
13393,662109,5964.54
13393,684996,5964.54
13393,6952327,5964.46
13393,6974188,5964.46
13393,6996429,5964.43
13393,7017998,5964.43
13393,7040003,5964.61
13393,7061504,5964.61
13393,7083368,5964.58
13393,7105635,5964.58
13393,7128561,5964.58
13393,7150890,5964.47
13393,7154986,5964.47
13393,7155360,5964.59
13393,7155587,5964.59
13393,7155954,5965.54
13393,7156860,5965.54
13393,7171971,5965.54
13393,7194215,5965.54
13393,7216888,5965.54
13393,7238953,5964.67
13393,7246810,5964.67
13393,7247177,5964.58
13393,7247484,5964.58
13393,7247817,5965.54
13393,7248122,5965.54
13393,7248466,5965.54
13393,7248794,5965.54
13393,7249109,5965.54
13393,7249356,5965.54
13393,7249659,5965.54
13393,7250009,5965.54
13393,7250336,5965.54
13393,7250636,5965.54
13393,7250872,5965.54
13393,7251194,5965.54
13393,7251501,5965.54
13393,7251818,5965.54
13393,7252122,5965.54
13393,7252482,5965.54
13393,7252803,5965.54
13393,7253106,5965.54
13393,7253410,5965.54
13393,7253669,5965.54
13393,7253957,5965.54
13393,7254324,5965.54
13393,7254570,5965.54
13393,7254926,5965.54
13393,7255251,5965.54
13393,7255550,5965.54
13393,7255862,5965.54
13393,7256165,5965.54
13393,7256456,5965.54
13393,7256785,5965.54
13393,7257084,5965.54
13393,7257324,5965.54
13393,7257637,5965.54
13393,7258003,5965.54
13393,7258316,5965.54
13393,7258633,5965.54
13393,7259907,5965.54
13393,7273862,5965.54
13393,7292430,5965.54
13393,7311765,5964.73
13393,7331871,5964.73
13393,7352595,5964.64
13393,7373847,5964.64
13393,7395370,5964.38
13393,7417185,5964.38
13393,7439101,5964.38
13393,7461060,5964.53
13393,7481125,5964.53
13393,7481341,5964.53
13393,7481715,5964.53
13393,7482014,5965.54
13393,7484099,5965.54
13393,7503188,5965.54
13393,7524524,5965.54
13393,7545744,5965.54
13393,7567568,5964.27
13393,7589191,5964.27
13393,7611067,5964.5
13393,7633202,5964.5
13393,707898,5964.49
13393,730820,5964.49
13393,753809,5964.58
13393,776501,5964.58
13393,799311,5964.58
13393,801352,5964.57
13393,801653,5964.57
13393,802188,5965.54
13393,812859,5965.54
13393,835251,5964.47
13393,857716,5964.47
13393,880336,5964.45
13393,902701,5964.45
13393,925222,5964.45
13393,947749,5964.45
13393,970116,5964.45
13393,991930,5964.35
13393,1013806,5964.35
13393,1035713,5964.47
13393,1058349,5964.47
13393,1080356,5964.52
13393,1102203,5964.52
13393,1124509,5964.52
13393,1146654,5964.46
13393,1168424,5964.46
13393,1190054,5964.59
13393,1212361,5964.59
13393,1234363,5964.55
13393,1256496,5964.55
13393,1279328,5964.66
13393,1301937,5964.66
13393,1324681,5964.66
13393,1347112,5964.55
13393,1369908,5964.55
13393,7655123,5964.47
13393,7677251,5964.47
13393,7699374,5964.42
13393,7721659,5964.42
13393,7744379,5964.42
13393,7766843,5964.48
13393,7789621,5964.48
13393,7812174,5964.5
13393,7834966,5964.5
13393,7857378,5964.54
13393,7880257,5964.54
13393,7902807,5964.63
13393,7925583,5964.63
13393,7948478,5964.63
13393,7971661,5964.52
13393,7994466,5964.52
13393,8017338,5964.51
13393,8040123,5964.51
13393,8062871,5964.67
13393,8085301,5964.67
13393,8107768,5964.67
13393,8129907,5964.43
13393,8152138,5964.43
13393,8174067,5964.55
13393,8196170,5964.55
13393,8218027,5964.56
13393,8240593,5964.56
13393,8262455,5964.6
13393,8284590,5964.6
13393,8306893,5964.39
13393,8329384,5964.39
13393,8351677,5964.39
13393,8374105,5964.5
13393,8396487,5964.5
13393,8418884,5964.5
13393,8441149,5964.5
13393,8463603,5964.52
13393,8485667,5964.52
13393,8508101,5964.52
13393,8530461,5964.52
13393,8552980,5964.52
13393,8575699,5964.54
13393,8598355,5964.54
13393,8620748,5964.6
13393,8643408,5964.6
13393,8665711,5964.58
13393,8688230,5964.58
13393,8690472,5964.58
13393,8690720,5964.46
13393,8692581,5964.46
13393,8707140,5965.54
13393,8707482,5965.54
13393,8709749,5965.54
13393,8730225,5965.54
13393,8751968,5964.4
13393,8774005,5964.4
13393,8796165,5964.4
13393,8818290,5964.88
13393,8840551,5964.88
13393,8862906,5964.47
13393,8885089,5964.47
13393,8907740,5964.46
13393,8930157,5964.46
13393,8952822,5964.55
13393,8975135,5964.55
13393,8997989,5964.55
13393,9019984,5964.53
13393,9042017,5964.53
13393,9063809,5964.4
13393,9085935,5964.4
13393,9108184,5964.48
13393,9130477,5964.48
13393,9152998,5964.63
13393,9175602,5964.63
13393,9198456,5964.63
13393,9221338,5964.39
13393,9244246,5964.39
13393,9267130,5964.41
13393,9289940,5964.41
13393,9312328,5964.46
13393,9335214,5964.46
13393,9357749,5964.58
13393,9379973,5964.58
13393,9402245,5964.58
13393,9424375,5964.56
13393,9446807,5964.56
13393,9469302,5964.45
13393,9491703,5964.45
13393,9513967,5964.49
13393,9535929,5964.49
13393,9558559,5964.49
13393,9581025,5964.6
13393,9603555,5964.6
13393,9626470,5964.48
13393,9649132,5964.48
13393,9671907,5964.55
13393,9695096,5964.55
13393,9718449,5964.42
13393,9741328,5964.42
13393,9764315,5964.42
13393,9780042,5964.52
13393,9780266,5964.52
13393,9780590,5964.43
13393,9782601,5964.43
13393,9802224,5965.54
13393,9807940,5965.54
13393,1392698,5964.51
13393,1416058,5964.51
13393,1439575,5964.56
13393,1462526,5964.56
13393,1485100,5964.54
13393,1507768,5964.54
13393,1530045,5964.54
13393,1552682,5964.61
13393,1574958,5964.61
13393,1597094,5964.54
13393,1619660,5964.54
13393,1642162,5964.39
13393,1664168,5964.39
13393,1686076,5964.51
13393,1708086,5964.51
13393,1720026,5964.51
13393,1720330,5964.55
13393,1720580,5964.55
13393,1720884,5965.54
13393,1727766,5965.54
13393,1749762,5965.54
13393,1771889,5965.54
13393,1794141,5964.66
13393,1816427,5964.66
13393,1838949,5964.66
13393,1861103,5964.57
13393,1883696,5964.57
13393,1906165,5964.55
13393,1928397,5964.55
13393,1950703,5964.55
13393,1972839,5964.55
13393,1995081,5964.52
13393,2017257,5964.52
13393,2039360,5964.52
13393,2061872,5964.63
13393,2083835,5964.63
13393,2106343,5964.5
13393,2128548,5964.5
13393,2150657,5964.43
13393,2172900,5964.43
13393,2195231,5964.63
13393,2217827,5964.63
13393,2240257,5964.63
13393,2262523,5964.57
13393,2284917,5964.57
13393,2307053,5964.51
13393,2328181,5964.51
13393,2328523,5964.4
13393,2328821,5964.4
13393,2329182,5965.54
13393,2337011,5965.54
13393,2358239,5965.54
13393,2379636,5964.59
13393,2401373,5964.59
13393,2423608,5964.64
13393,2445276,5964.64
13393,2467320,5964.71
13393,2488928,5964.71
13393,2511066,5964.47
13393,2533600,5964.47
13393,2556262,5964.47
13393,2578784,5964.64
13393,2601511,5964.64
13393,2602682,5964.55
13393,2602983,5964.55
13393,2603227,5965.54
13393,2603532,5965.54
13393,2603837,5965.54
13393,2604146,5965.54
13393,2604459,5965.54
13393,2604760,5965.54
13393,2605056,5965.54
13393,2605419,5965.54
13393,2605737,5965.54
13393,2605988,5965.54
13393,2606353,5965.54
13393,2606659,5965.54
13393,2606976,5965.54
13393,2607281,5965.54
13393,2607523,5965.54
13393,2607836,5965.54
13393,2608142,5965.54
13393,2608452,5965.54
13393,2608756,5965.54
13393,2609127,5965.54
13393,2609431,5965.54
13393,2609676,5965.54
13393,2609970,5965.54
13393,2610339,5965.54
13393,2610652,5965.54
13393,2610904,5965.54
13393,2611204,5965.54
13393,2611513,5965.54
13393,2611818,5965.54
13393,2612206,5965.54
13393,2612516,5965.54
13393,2612869,5965.54
13393,2613129,5965.54
13393,2613437,5965.54
13393,2613747,5965.54
13393,2614055,5965.54
13393,2614424,5965.54
13393,2614725,5965.54
13393,2620439,5965.54
13393,2638663,5965.54
13393,2658780,5965.54
13393,2679620,5964.56
13393,2700861,5964.56
13393,2722244,5964.34
13393,2744133,5964.34
13393,2765899,5964.61
13393,2787522,5964.61
13393,2809723,5964.61
13393,2831554,5964.52
13393,2853883,5964.52
13393,2875721,5964.56
13393,2897321,5964.56
13393,2919120,5964.57
13393,2941391,5964.57
13393,2962727,5964.56
13393,2984034,5964.56
13393,3005841,5964.56
13393,3027409,5964.54
13393,3049283,5964.54
13393,3071321,5964.43
13393,3093691,5964.43
13393,3115858,5964.42
13393,3138129,5964.42
13393,3160406,5964.42
13393,3182705,5964.55
13393,3205039,5964.55
13393,3227475,5964.5
13393,3249728,5964.5
13393,3272115,5964.48
13393,3294682,5964.48
13393,3317209,5964.39
13393,3340032,5964.39
13393,3362886,5964.39
13393,3385813,5964.58
13393,3408517,5964.58
13393,3431177,5964.47
13393,3453649,5964.47
13393,3475980,5964.6
13393,3498542,5964.6
13393,3521242,5964.45
13393,3543616,5964.45
13393,3565906,5964.45
13393,3589078,5964.54
13393,3612144,5964.54
13393,3634768,5964.52
13393,3657295,5964.52
13393,3679729,5964.49
13393,3702082,5964.49
13393,3724612,5964.49
13393,3747148,5964.51
13393,3770016,5964.51
13393,3792492,5964.65
13393,3814729,5964.65
13393,3836992,5964.46
13393,3859162,5964.46
13393,3881296,5964.51
13393,3903434,5964.51
13393,3925697,5964.44
13393,3947741,5964.44
13393,3956655,5964.44
13393,3956956,5964.51
13393,3957309,5964.51
13393,3959007,5965.54
13393,3975521,5965.54
13393,4000994,5964.49
13393,4025378,5964.49
13393,4049012,5964.61
13393,4071581,5964.61
13393,4093873,5964.61
13393,4116099,5964.49
13393,4138933,5964.49
13393,4161375,5964.57
13393,4184298,5964.57
13393,4206564,5964.35
13393,4228543,5964.35
13393,4250586,5964.58
13393,4272421,5964.58
13393,4294125,5964.58
13393,4316126,5964.49
13393,4338289,5964.49
13393,4360292,5964.54
13393,4382449,5964.54
13393,4405346,5964.46
13393,4427741,5964.46
13393,4449811,5964.35
13393,4472189,5964.35
13393,4494321,5964.35
13393,4517214,5964.46
13393,4539479,5964.46
13393,4562006,5964.45
13393,4584340,5964.45
13393,4607071,5964.52
13393,4629432,5964.52
13393,4651626,5964.57
13393,4674025,5964.57
13393,4696307,5964.57
13393,4719114,5964.56
13393,4741341,5964.56
13393,4763937,5964.48
13393,4786561,5964.48
13393,4809328,5964.51
13393,4831791,5964.51
13393,4854124,5964.48
13393,4876733,5964.48
13393,4898994,5964.48
13393,4921147,5964.51
13393,4943573,5964.51
13393,4956377,5964.56
13393,4956682,5964.56
13393,4956980,5965.54
13393,4957494,5965.54
13393,4957761,5965.54
13393,4959368,5965.54
13393,4976099,5965.54
13393,4997881,5964.62
13393,5019779,5964.62
13393,5041306,5964.64
13393,5063677,5964.64
13393,5085311,5964.63
13393,5107210,5964.63
13393,5129477,5964.63
13393,5151510,5964.51
13393,5173512,5964.51
13393,5195680,5964.44
13393,5217939,5964.44
13393,5240072,5964.41
13393,5262011,5964.41
13393,5284872,5964.51
13393,5307911,5964.51
13393,5330692,5964.51
13393,5353744,5964.56
13393,5376526,5964.56
13393,5399289,5964.46
13393,5421660,5964.46
13393,5444195,5964.49
13393,5466367,5964.49
13393,5488791,5964.44
13393,5511585,5964.44
13393,5534602,5964.44
13393,5557262,5964.48
13393,5579953,5964.48
13393,5602951,5964.44
13393,5625618,5964.44
13393,5648286,5964.61
13393,5670946,5964.61
13393,5693431,5964.55
13393,5716123,5964.55
13393,5738650,5964.55
13393,5761441,5964.45
13393,5783897,5964.45
13393,5806499,5964.51
13393,5828862,5964.51
13393,5851293,5964.39
13393,5873682,5964.39
13393,5896141,5964.56
13393,5918473,5964.56
13393,5940829,5964.56
13393,5963395,5964.47
13393,5986053,5964.47
13393,6008704,5964.54
13393,6030998,5964.54
13393,6053394,5964.52
13393,6075914,5964.52
13393,6098573,5964.57
13393,6104207,5964.57
13393,6104449,5964.57
13393,6104767,5965.54
13393,6116184,5965.54
13393,6138138,5965.54
13393,6160391,5965.54
13393,6182688,5964.88
13393,6205038,5964.88
13393,6227826,5964.29
13393,6249862,5964.29
13393,6271725,5964.29
13393,6293627,5964.6
13393,6315528,5964.6
13393,6337528,5964.52
13393,6359830,5964.52
13393,6382487,5964.55
13393,6405370,5964.55
13393,6428526,5964.53
13393,6451556,5964.53
13393,6474607,5964.53
13393,6497430,5964.53
13393,6520148,5964.53
13393,6543227,5964.38
13393,6565764,5964.38
13393,6588413,5964.45
13393,6610541,5964.45
13393,6632842,5964.49
13393,6655236,5964.49
13393,6676976,5964.49
13393,6700058,5964.49
13393,6722362,5964.49
13393,6745215,5964.59
13393,6768178,5964.59
13393,6791466,5964.45
13393,6814510,5964.45
13393,6838125,5964.42
13393,6861684,5964.42
13393,6884588,5964.47
13393,6907530,5964.47
13393,6930023,5964.47
13394,64990,5964.52
13394,87776,5964.52
13394,110568,5964.53
13394,133341,5964.53
13394,155889,5964.34
13394,178680,5964.34
13394,201391,5964.34
13394,224242,5964.48
13394,247160,5964.48
13394,270153,5964.52
13394,292282,5964.52
13394,314939,5964.48
13394,337655,5964.48
13394,360047,5964.56
13394,382973,5964.56
13394,405474,5964.56
13394,428008,5964.38
13394,450164,5964.38
13394,472947,5964.56
13394,495870,5964.56
13394,518458,5964.55
13394,540886,5964.55
13394,563572,5964.55
13394,586461,5964.55
13394,609269,5964.55
13394,631868,5964.42
13394,654301,5964.42
13394,676988,5964.62
13394,699377,5964.62
13394,721903,5964.55
13394,744293,5964.55
13394,766713,5964.55
13394,789203,5964.55
13394,811760,5964.55
13394,834526,5964.61
13394,856987,5964.61
13394,879456,5964.51
13394,901525,5964.51
13394,924017,5964.57
13394,946288,5964.57
13394,968676,5964.45
13394,991030,5964.45
13394,1014253,5964.45
13394,1036702,5964.36
13394,1059062,5964.36
13394,1081379,5964.5
13394,1104104,5964.5
13394,1126501,5964.46
13394,1148792,5964.46
13394,1170953,5964.52
13394,1193076,5964.52
13394,1215712,5964.52
13394,1237865,5964.52
13394,1260387,5964.52
13394,1282788,5964.45
13394,1305580,5964.45
13394,1327972,5964.48
13394,1350502,5964.48
13394,1372768,5964.51
13394,1394933,5964.51
13394,1417583,5964.51
13394,1439849,5964.55
13394,1462249,5964.55
13394,1484647,5964.53
13394,1506812,5964.53
13394,1529470,5964.53
13394,1552230,5964.53
13394,1575181,5964.54
13394,1597924,5964.54
13394,1620845,5964.54
13394,1643375,5964.43
13394,1666294,5964.43
13394,1689046,5964.45
13394,1711635,5964.45
13394,1733988,5964.47
13394,1756351,5964.47
13394,1778607,5964.47
13394,1801333,5964.54
13394,1823989,5964.54
13394,1846314,5964.51
13394,1869303,5964.51
13394,1891299,5964.48
13394,1913332,5964.48
13394,1935332,5964.6
13394,1957297,5964.6
13394,1979464,5964.6
13394,2001503,5964.58
13394,2023732,5964.58
13394,2045794,5964.45
13394,2068280,5964.45
13394,2091231,5964.5
13394,2113916,5964.5
13394,2136206,5964.41
13394,2158592,5964.41
13394,2181174,5964.41
13394,2203759,5964.44
13394,2223580,5964.44
13394,2223799,5964.52
13394,2224153,5964.52
13394,2224488,5965.54
13394,2226797,5965.54
13394,2247172,5965.54
13394,2269593,5965.54
13394,2292011,5965.54
13394,2314235,5965
13394,2336224,5965
13394,2358575,5964.37
13394,2380676,5964.37
13394,2402510,5964.46
13394,2424184,5964.46
13394,2446088,5964.37
13394,2467956,5964.37
13394,2490192,5964.37
13394,2512626,5964.56
13394,2534667,5964.56
13394,2556927,5964.53
13394,2579427,5964.53
13394,2601718,5964.61
13394,2623881,5964.61
13394,2646379,5964.58
13394,2668805,5964.58
13394,2691191,5964.58
13394,2714019,5964.5
13394,2736774,5964.5
13394,2746297,5964.51
13394,2746594,5964.51
13394,2746911,5965.54
13394,2747218,5965.54
13394,2747524,5965.54
13394,2753044,5965.54
13394,2774308,5965.54
13394,2796156,5964.71
13394,2817745,5964.71
13394,2839708,5964.6
13394,2861967,5964.6
13394,2883995,5964.49
13394,2905888,5964.49
13394,2928414,5964.46
13394,2950607,5964.46
13394,2972703,5964.46
13394,2994823,5964.49
13394,3016855,5964.49
13394,3039353,5964.45
13394,3061684,5964.45
13394,3083778,5964.5
13394,3106311,5964.5
13394,3129032,5964.43
13394,3151880,5964.43
13394,3174411,5964.43
13394,3197217,5964.51
13394,3220357,5964.51
13394,3243153,5964.54
13394,3266118,5964.54
13394,3288988,5964.5
13394,3311379,5964.5
13394,3333646,5964.42
13394,3355673,5964.42
13394,3377567,5964.42
13394,3399307,5964.46
13394,3421272,5964.46
13394,3443335,5964.45
13394,3465239,5964.45
13394,3487251,5964.45
13394,3509153,5964.45
13394,3531156,5964.46
13394,3553518,5964.46
13394,3575432,5964.46
13394,3598341,5964.5
13394,3620887,5964.5
13394,3643543,5964.51
13394,3666450,5964.51
13394,3689115,5964.57
13394,3711407,5964.57
13394,3733663,5964.44
13394,3742431,5964.44
13394,3742756,5964.44
13394,3743060,5965.54
13394,3743414,5965.54
13394,3743737,5965.54
13394,3746397,5965.54
13394,3767486,5965.54
13394,3789134,5965.54
13394,3810619,5965.54
13394,3832123,5964.52
13394,3853861,5964.52
13394,3875495,5964.49
13394,3896960,5964.49
13394,3918924,5964.56
13394,3940924,5964.56
13394,3962816,5964.66
13394,3985218,5964.66
13394,4007239,5964.39
13394,4030274,5964.39
13394,4030602,5964.39
13394,4030904,5964.5
13394,4031145,5964.5
13394,4031459,5965.54
13394,4036343,5965.54
13394,4057098,5965.54
13394,4075615,5965.54
13394,4075962,5964.22
13394,4076336,5964.22
13394,4077611,5964.22
13394,4094408,5965.54
13394,4115739,5965.54
13394,4137660,5964.46
13394,4159510,5964.46
13394,4181300,5964.65
13394,4203096,5964.65
13394,4225087,5964.65
13394,4247244,5964.6
13394,4269170,5964.6
13394,4291133,5964.48
13394,4313427,5964.48
13394,4335613,5964.49
13394,4357834,5964.49
13394,4379991,5964.49
13394,4402362,5964.49
13394,4424790,5964.46
13394,4446849,5964.46
13394,4469079,5964.46
13394,4491210,5964.41
13394,4513604,5964.41
13394,4536254,5964.51
13394,4542980,5964.51
13394,4543284,5964.55
13394,4543654,5964.55
13394,4543967,5965.54
13394,4544210,5965.54
13394,4544511,5965.54
13394,4544868,5965.54
13394,4545184,5965.54
13394,4545498,5965.54
13394,4545803,5965.54
13394,4546042,5965.54
13394,4546413,5965.54
13394,4546659,5965.54
13394,4546972,5965.54
13394,4547339,5965.54
13394,4547584,5965.54
13394,4547936,5965.54
13394,4548257,5965.54
13394,4548562,5965.54
13394,4548813,5965.54
13394,4549118,5965.54
13394,4549482,5965.54
13394,4549788,5965.54
13394,4550050,5965.54
13394,4550368,5965.54
13394,4550662,5965.54
13394,4550965,5965.54
13394,4551340,5965.54
13394,4551642,5965.54
13394,4551886,5965.54
13394,4552253,5965.54
13394,4552493,5965.54
13394,4552813,5965.54
13394,4553154,5965.54
13394,4553484,5965.54
13394,4553786,5965.54
13394,4554035,5965.54
13394,4554343,5965.54
13394,4554709,5965.54
13394,4555011,5965.54
13394,4555342,5965.54
13394,4555712,5965.54
13394,4556012,5965.54
13394,4556238,5965.54
13394,4556580,5965.54
13394,4556936,5965.54
13394,4557243,5965.54
13394,4557525,5965.54
13394,4557861,5965.54
13394,4558168,5965.54
13394,4558412,5965.54
13394,4558779,5965.54
13394,4559028,5965.54
13394,4559342,5965.54
13394,4559683,5965.54
13394,4560015,5965.54
13394,4560254,5965.54
13394,4560560,5965.54
13394,4560933,5965.54
13394,4561246,5965.54
13394,4561490,5965.54
13394,4561797,5965.54
13394,4562109,5965.54
13394,4562474,5965.54
13394,4562776,5965.54
13394,4563034,5965.54
13394,4563393,5965.54
13394,4563640,5965.54
13394,4563941,5965.54
13394,4564297,5965.54
13394,4564627,5965.54
13394,4564867,5965.54
13394,4565228,5965.54
13394,4565480,5965.54
13394,4565789,5965.54
13394,4566098,5965.54
13394,4566412,5965.54
13394,4566721,5965.54
13394,4567012,5965.54
13394,4567337,5965.54
13394,4567649,5965.54
13394,4567995,5965.54
13394,4568325,5965.54
13394,4568633,5965.54
13394,4568937,5965.54
13394,4569184,5965.54
13394,4569500,5965.54
13394,4569854,5965.54
13394,4570088,5965.54
13394,4570415,5965.54
13394,4570723,5965.54
13394,4571093,5965.54
13394,4571400,5965.54
13394,4571661,5965.54
13394,4572005,5965.54
13394,4572325,5965.54
13394,4572555,5965.54
13394,4572914,5965.54
13394,4573244,5965.54
13394,4573552,5965.54
13394,4573794,5965.54
13394,4574101,5965.54
13394,4574492,5965.54
13394,4574794,5965.54
13394,4575103,5965.54
13394,4575471,5965.54
13394,4575703,5965.54
13394,4576026,5965.54
13394,4576395,5965.54
13394,4576639,5965.54
13394,4576934,5965.54
13394,4577250,5965.54
13394,4577596,5965.54
13394,4577844,5965.54
13394,4578169,5965.54
13394,4578473,5965.54
13394,4578845,5965.54
13394,4579149,5965.54
13394,4579454,5965.54
13394,4579693,5965.54
13394,4580076,5965.54
13394,4580386,5965.54
13394,4580624,5965.54
13394,4580936,5965.54
13394,4581306,5965.54
13394,4581605,5965.54
13394,4581922,5965.54
13394,4582168,5965.54
13394,4582477,5965.54
13394,4582775,5965.54
13394,4583146,5965.54
13394,4583444,5965.54
13394,4583762,5965.54
13394,4584064,5965.54
13394,4584372,5965.54
13394,4584612,5965.54
13394,4584908,5965.54
13394,4585231,5965.54
13394,4585595,5965.54
13394,4585844,5965.54
13394,4586153,5965.54
13394,4586455,5965.54
13394,4586822,5965.54
13394,4587134,5965.54
13394,4587437,5965.54
13394,4587685,5965.54
13394,4587991,5965.54
13394,4588354,5965.54
13394,4588659,5965.54
13394,4588969,5965.54
13394,4589217,5965.54
13394,4589525,5965.54
13394,4589829,5965.54
13394,4590199,5965.54
13394,4590504,5965.54
13394,4590816,5965.54
13394,4591056,5965.54
13394,4591426,5965.54
13394,4591733,5965.54
13394,4591956,5965.54
13394,4592304,5965.54
13394,4592621,5965.54
13394,4592905,5965.54
13394,4593277,5965.54
13394,4593581,5965.54
13394,4593880,5965.54
13394,4594132,5965.54
13394,4594443,5965.54
13394,4594739,5965.54
13394,4595108,5965.54
13394,4595408,5965.54
13394,4595713,5965.54
13394,4596045,5965.54
13394,4596349,5965.54
13394,4596705,5965.54
13394,4596946,5965.54
13394,4597265,5965.54
13394,4597631,5965.54
13394,4597938,5965.54
13394,4598185,5965.54
13394,4598477,5965.54
13394,4598856,5965.54
13394,4599161,5965.54
13394,4599406,5965.54
13394,4599789,5965.54
13394,4600084,5965.54
13394,4600327,5965.54
13394,4600606,5965.54
13394,4600955,5965.54
13394,4601264,5965.54
13394,4601566,5965.54
13394,4601941,5965.54
13394,4602255,5965.54
13394,4602495,5965.54
13394,4602788,5965.54
13394,4603151,5965.54
13394,4603473,5965.54
13394,4603694,5965.54
13394,4604030,5965.54
13394,4604391,5965.54
13394,4604704,5965.54
13394,4605004,5965.54
13394,4605253,5965.54
13394,4605561,5965.54
13394,4605872,5965.54
13394,4606241,5965.54
13394,4606552,5965.54
13394,4606782,5965.54
13394,4607095,5965.54
13394,4607407,5965.54
13394,4607721,5965.54
13394,4608092,5965.54
13394,4608398,5965.54
13394,4608710,5965.54
13394,4608940,5965.54
13394,4609255,5965.54
13394,4609561,5965.54
13394,4609925,5965.54
13394,4610163,5965.54
13394,4610476,5965.54
13394,4610782,5965.54
13394,4611085,5965.54
13394,4611458,5965.54
13394,4611760,5965.54
13394,4611990,5965.54
13394,4612376,5965.54
13394,4612678,5965.54
13394,4612937,5965.54
13394,4613256,5965.54
13394,4613540,5965.54
13394,4613907,5965.54
13394,4614212,5965.54
13394,4614456,5965.54
13394,4614760,5965.54
13394,4615084,5965.54
13394,4615397,5965.54
13394,4615767,5965.54
13394,4616068,5965.54
13394,4616311,5965.54
13394,4616623,5965.54
13394,4617006,5965.54
13394,4617309,5965.54
13394,4617683,5965.54
13394,4617989,5965.54
13394,4618219,5965.54
13394,4618534,5965.54
13394,4618830,5965.54
13394,4619153,5965.54
13394,4619465,5965.54
13394,4619836,5965.54
13394,4620143,5965.54
13394,4620389,5965.54
13394,4620692,5965.54
13394,4621004,5965.54
13394,4621369,5965.54
13394,4621676,5965.54
13394,4621989,5965.54
13394,4622292,5965.54
13394,4622524,5965.54
13394,4622836,5965.54
13394,4623150,5965.54
13394,4623517,5965.54
13394,4623822,5965.54
13394,4624130,5965.54
13394,4624435,5965.54
13394,4624684,5965.54
13394,4624994,5965.54
13394,4625296,5965.54
13394,4625611,5965.54
13394,4625919,5965.54
13394,4626229,5965.54
13394,4626539,5965.54
13394,4626827,5965.54
13394,4627152,5965.54
13394,4627461,5965.54
13394,4627762,5965.54
13394,4628046,5965.54
13394,4628369,5965.54
13394,4628739,5965.54
13394,4629045,5965.54
13394,4629342,5965.54
13394,4629662,5965.54
13394,4629960,5965.54
13394,4630276,5965.54
13394,4630575,5965.54
13394,4630879,5965.54
13394,4631127,5965.54
13394,4631438,5965.54
13394,4631805,5965.54
13394,4632126,5965.54
13394,4632365,5965.54
13394,4632674,5965.54
13394,4632989,5965.54
13394,4633288,5965.54
13394,4633607,5965.54
13394,4633958,5965.54
13394,4634341,5965.54
13394,4634655,5965.54
13394,4634948,5965.54
13394,4635194,5965.54
13394,4635514,5965.54
13394,4635813,5965.54
13394,4636171,5965.54
13394,4636475,5965.54
13394,4636735,5965.54
13394,4637042,5965.54
13394,4637353,5965.54
13394,4637661,5965.54
13394,4638020,5965.54
13394,4638325,5965.54
13394,4638558,5965.54
13394,4638873,5965.54
13394,4639186,5965.54
13394,4639493,5965.54
13394,4639858,5965.54
13394,4640117,5965.54
13394,4640415,5965.54
13394,4640731,5965.54
13394,4641029,5965.54
13394,4641390,5965.54
13394,4641701,5965.54
13394,4642023,5965.54
13394,4642244,5965.54
13394,4642571,5965.54
13394,4642870,5965.54
13394,4643178,5965.54
13394,4643388,5965.54
13395,21773,5964.54
13395,22074,5965.54
13395,22423,5965.54
13395,22688,5965.54
13395,22996,5965.54
13395,23373,5965.54
13395,28238,5965.54
13395,47512,5965.54
13395,67603,5964.53
13395,87813,5964.53
13395,98448,5964.38
13395,98750,5964.38
13395,99067,5965.54
13395,99422,5965.54
13395,99731,5965.54
13395,101619,5965.54
13395,120174,5965.54
13395,140418,5964.55
13395,160961,5964.55
13395,181984,5964.65
13395,202855,5964.65
13395,223185,5964.56
13395,244337,5964.56
13395,265573,5964.56
13395,286139,5964.51
13395,306731,5964.51
13395,327467,5964.6
13395,348279,5964.6
13395,368887,5964.47
13395,389821,5964.47
13395,411382,5964.57
13395,432426,5964.57
13395,453988,5964.57
13395,475407,5964.56
13395,497220,5964.56
13395,518492,5964.6
13395,523609,5964.6
13395,523987,5964.51
13395,524442,5964.51
13395,533595,5965.54
13395,557777,5965.54
13395,580947,5965.54
13395,603292,5964.56
13395,625215,5964.56
13395,647105,5964.33
13395,669368,5964.33
13395,690997,5964.49
13395,712709,5964.49
13395,734179,5964.45
13395,755512,5964.45
13395,777294,5964.45
13395,798912,5964.49
13395,820412,5964.49
13395,841684,5964.38
13395,863315,5964.38
13395,884724,5964.66
13395,906694,5964.66
13395,928709,5964.54
13395,950717,5964.54
13395,972356,5964.54
13395,996536,5964.6
13395,1018479,5964.6
13395,1040661,5964.46
13395,1062724,5964.46
13395,1084480,5964.51
13395,1106769,5964.51
13395,1128468,5964.5
13395,1150032,5964.5
13395,1171622,5964.5
13395,1193288,5964.44
13395,1215212,5964.44
13395,1237028,5964.53
13395,1259080,5964.53
13395,1281212,5964.45
13395,1303370,5964.45
13395,1325282,5964.61
13395,1347133,5964.61
13395,1369935,5964.61
13395,1392577,5964.54
13395,1415142,5964.54
13395,1437366,5964.52
13395,1460027,5964.52
13395,1482548,5964.55
13395,1505220,5964.55
13395,1527508,5964.6
13395,1549753,5964.6
13395,1571782,5964.6
13395,1593418,5964.46
13395,1615368,5964.46
13395,1637068,5964.62
13395,1658576,5964.62
13395,1680082,5964.43
13395,1701350,5964.43
13395,1722864,5964.55
13395,1743941,5964.55
13395,1766036,5964.55
13395,1787982,5964.66
13395,1810244,5964.66
13395,1832773,5964.51
13395,1854923,5964.51
13395,1877179,5964.62
13395,1899194,5964.62
13395,1921206,5964.65
13395,1943379,5964.65
13395,1965885,5964.65
13395,1988430,5964.55
13395,2011069,5964.55
13395,2033468,5964.47
13395,2055588,5964.47
13395,2077252,5964.56
13395,2099144,5964.56
13395,2120906,5964.6
13395,2142522,5964.6
13395,2164175,5964.6
13395,2186162,5964.49
13395,2207955,5964.49
13395,2229942,5964.51
13395,2251699,5964.51
13395,2273788,5964.53
13395,2295745,5964.53
13395,2317704,5964.62
13395,2339512,5964.62
13395,2361301,5964.62
13395,2383444,5964.61
13395,2405495,5964.61
13395,2427473,5964.54
13395,2449479,5964.54
13395,2471362,5964.61
13395,2493506,5964.61
13395,2514887,5964.68
13395,2514887,5964.68
13398,57079,5964.49
13398,78687,5964.49
13398,100487,5964.5
13398,122102,5964.5
13398,143973,5964.59
13398,165884,5964.59
13398,187887,5964.54
13398,209864,5964.54
13398,231615,5964.55
13398,253435,5964.55
13398,275581,5964.55
13398,297609,5964.52
13398,319564,5964.52
13398,341310,5964.6
13398,363362,5964.6
13398,384868,5964.65
13398,407018,5964.65
13398,429321,5964.45
13398,451438,5964.45
13398,473575,5964.45
13398,496199,5964.62
13398,518317,5964.62
13398,540786,5964.52
13398,563162,5964.52
13398,585583,5964.49
13398,607467,5964.49
13398,629926,5964.61
13398,651968,5964.61
13398,674312,5964.61
13398,6879277,5964.54
13398,6901724,5964.54
13398,6924080,5964.54
13398,6946237,5964.59
13398,6968651,5964.59
13398,6991161,5964.51
13398,7013359,5964.51
13398,7035322,5964.57
13398,7057118,5964.57
13398,7079040,5964.59
13398,7101313,5964.59
13398,7123034,5964.59
13398,7145176,5964.45
13398,7166914,5964.45
13398,7188781,5964.49
13398,7210677,5964.49
13398,7232899,5964.46
13398,7255092,5964.46
13398,7277370,5964.43
13398,7299270,5964.43
13398,7321442,5964.43
13398,7343472,5964.54
13398,7365417,5964.54
13398,7387285,5964.47
13398,7409589,5964.47
13398,7431882,5964.58
13398,7454124,5964.58
13398,7462070,5964.59
13398,7462365,5964.59
13398,7462679,5964.59
13398,7464657,5965.54
13398,7484306,5965.54
13398,7505935,5964.79
13398,7527759,5964.79
13398,7549784,5964.4
13398,696180,5964.47
13398,718686,5964.47
13398,740799,5964.51
13398,763373,5964.51
13398,785508,5964.5
13398,807689,5964.5
13398,830197,5964.6
13398,852576,5964.6
13398,874855,5964.6
13398,897133,5964.5
13398,919286,5964.5
13398,941366,5964.53
13398,963557,5964.53
13398,985495,5964.49
13398,1007238,5964.49
13398,1029485,5964.53
13398,1051787,5964.53
13398,1074142,5964.53
13398,1096189,5964.63
13398,1118107,5964.63
13398,1140328,5964.52
13398,1162349,5964.52
13398,1184456,5964.57
13398,1206622,5964.57
13398,1228881,5964.57
13398,1250683,5964.58
13398,1272956,5964.58
13398,1295070,5964.55
13398,1317280,5964.55
13398,1339495,5964.5
13398,1362036,5964.5
13398,7572190,5964.4
13398,7594429,5964.62
13398,7616552,5964.62
13398,7638616,5964.62
13398,7660284,5964.47
13398,7682274,5964.47
13398,7704290,5964.41
13398,7725914,5964.41
13398,7747970,5964.49
13398,7769827,5964.49
13398,7791718,5964.56
13398,7813453,5964.56
13398,7835492,5964.56
13398,7857620,5964.58
13398,7879629,5964.58
13398,7901960,5964.58
13398,7924067,5964.58
13398,7946195,5964.45
13398,7967977,5964.45
13398,7990272,5964.59
13398,8012975,5964.59
13398,8035025,5964.59
13398,8057108,5964.59
13398,8078561,5964.59
13398,8100445,5964.46
13398,8122558,5964.46
13398,8144607,5964.37
13398,8167131,5964.37
13398,8189273,5964.57
13398,8211155,5964.57
13398,8233178,5964.57
13398,8255200,5964.45
13398,8277446,5964.45
13398,8299726,5964.58
13398,8322122,5964.58
13398,8344782,5964.44
13398,8367324,5964.44
13398,8389381,5964.51
13398,8411825,5964.51
13398,8434369,5964.51
13398,8456842,5964.54
13398,8478809,5964.54
13398,8501050,5964.57
13398,8523488,5964.57
13398,8546000,5964.47
13398,8568148,5964.47
13398,8590520,5964.59
13398,8612949,5964.59
13398,8635274,5964.59
13398,8657120,5964.53
13398,8679304,5964.53
13398,8684008,5964.56
13398,8684295,5964.56
13398,8684679,5965.54
13398,8684932,5965.54
13398,8685234,5965.54
13398,8685539,5965.54
13398,8685855,5965.54
13398,8686208,5965.54
13398,8686518,5965.54
13398,8688082,5965.54
13398,8705486,5965.54
13398,8726535,5964.7
13398,8748258,5964.7
13398,8770018,5964.69
13398,8792048,5964.69
13398,8813894,5964.69
13398,8835922,5964.48
13398,8858203,5964.48
13398,8880486,5964.53
13398,8903139,5964.53
13398,8924893,5964.48
13398,8947172,5964.48
13398,8968929,5964.52
13398,8990822,5964.52
13398,9012955,5964.52
13398,9034585,5964.47
13398,9056402,5964.47
13398,9078485,5964.53
13398,9100697,5964.53
13398,9122919,5964.57
13398,9144905,5964.57
13398,9166984,5964.52
13398,9189128,5964.52
13398,9211870,5964.52
13398,9234592,5964.56
13398,9257434,5964.56
13398,9280352,5964.53
13398,9303121,5964.53
13398,9325772,5964.61
13398,9348633,5964.61
13398,9371542,5964.61
13398,9393874,5964.51
13398,9416404,5964.51
13398,9438824,5964.52
13398,9461339,5964.52
13398,9483878,5964.65
13398,9506023,5964.65
13398,9528395,5964.57
13398,9550612,5964.57
13398,9572900,5964.57
13398,9594835,5964.55
13398,9616594,5964.55
13398,9638481,5964.54
13398,9660876,5964.54
13398,9683309,5964.55
13398,9705884,5964.55
13398,9728089,5964.47
13398,9750869,5964.47
13398,9773393,5964.58
13398,9795676,5964.58
13398,9817948,5964.58
13398,9840227,5964.46
13398,9862238,5964.46
13398,9884711,5964.38
13398,9907352,5964.38
13398,9929926,5964.45
13398,9952483,5964.45
13398,9975286,5964.58
13398,9997919,5964.58
13398,10020623,5964.58
13398,10043100,5964.42
13398,10065369,5964.42
13398,10087649,5964.47
13398,10110356,5964.47
13398,10132702,5964.47
13398,10154795,5964.47
13398,10176971,5964.53
13398,10199194,5964.53
13398,10220941,5964.53
13398,10242668,5964.62
13398,10264788,5964.62
13398,10287070,5964.48
13398,10309220,5964.48
13398,10331229,5964.49
13398,10353351,5964.49
13398,10358645,5964.51
13398,10359001,5964.51
13398,10359317,5964.51
13398,10360045,5965.54
13398,10361816,5965.54
13398,10362125,5964.74
13398,10362795,5964.74
13398,10363961,5965.54
13398,10363961,5965.54
13398,1384332,5964.53
13398,1406830,5964.53
13398,1429094,5964.58
13398,1451513,5964.58
13398,1473647,5964.58
13398,1496157,5964.5
13398,1518638,5964.5
13398,1541274,5964.54
13398,1563901,5964.54
13398,1586222,5964.51
13398,1608816,5964.51
13398,1631438,5964.51
13398,1654522,5964.59
13398,1677379,5964.59
13398,1699931,5964.55
13398,1722155,5964.55
13398,1744157,5964.59
13398,1766521,5964.59
13398,1789030,5964.48
13398,1811193,5964.48
13398,1833192,5964.48
13398,1855352,5964.52
13398,1877251,5964.52
13398,1899718,5964.51
13398,1921789,5964.51
13398,1944057,5964.55
13398,1966072,5964.55
13398,1988088,5964.54
13398,1991108,5964.54
13398,1991409,5965.54
13398,1993144,5965.54
13398,2012114,5965.54
13398,2034999,5964.61
13398,2057098,5964.61
13398,2079393,5964.32
13398,2101623,5964.32
13398,2123825,5964.56
13398,2146344,5964.56
13398,2169023,5964.58
13398,2191820,5964.58
13398,2214453,5964.58
13398,2236982,5964.53
13398,2259133,5964.53
13398,2280995,5964.55
13398,2303036,5964.55
13398,2324913,5964.59
13398,2346956,5964.59
13398,2369822,5964.49
13398,2391729,5964.49
13398,2414142,5964.49
13398,2436213,5964.54
13398,2458510,5964.54
13398,2480446,5964.49
13398,2502708,5964.49
13398,2524990,5964.57
13398,2547202,5964.57
13398,2569003,5964.47
13398,2591038,5964.47
13398,2613678,5964.47
13398,2635946,5964.57
13398,2657958,5964.57
13398,2679982,5964.55
13398,2701891,5964.55
13398,2723774,5964.47
13398,2745785,5964.47
13398,2768096,5964.5
13398,2790133,5964.5
13398,2812506,5964.5
13398,2814097,5964.67
13398,2814440,5964.67
13398,2816066,5965.54
13398,2833348,5965.54
13398,2854224,5964.7
13398,2875471,5964.7
13398,2896856,5964.59
13398,2918239,5964.59
13398,2939454,5964.59
13398,2960879,5964.34
13398,2982605,5964.34
13398,3004096,5964.67
13398,3025887,5964.67
13398,3048128,5964.6
13398,3070553,5964.6
13398,3092944,5964.51
13398,3115309,5964.51
13398,3137619,5964.51
13398,3160476,5964.43
13398,3182788,5964.43
13398,3205198,5964.46
13398,3227164,5964.46
13398,3249344,5964.58
13398,3271525,5964.58
13398,3294171,5964.5
13398,3316804,5964.5
13398,3339089,5964.5
13398,3361352,5964.49
13398,3383618,5964.49
13398,3405900,5964.54
13398,3428182,5964.54
13398,3450581,5964.54
13398,3473203,5964.54
13398,3495653,5964.48
13398,3518164,5964.48
13398,3540678,5964.48
13398,3563217,5964.45
13398,3585615,5964.45
13398,3608022,5964.56
13398,3630681,5964.56
13398,3653071,5964.47
13398,3675480,5964.47
13398,3697990,5964.56
13398,3720641,5964.56
13398,3743072,5964.56
13398,3765577,5964.53
13398,3787604,5964.53
13398,3809735,5964.57
13398,3831783,5964.57
13398,3853770,5964.49
13398,3875776,5964.49
13398,3897820,5964.59
13398,3919825,5964.59
13398,3941819,5964.59
13398,3963950,5964.43
13398,3986011,5964.43
13398,4008108,5964.47
13398,4030016,5964.47
13398,4051932,5964.6
13398,4073983,5964.6
13398,4096464,5964.53
13398,4119300,5964.53
13398,4142402,5964.53
13398,4164826,5964.48
13398,4187728,5964.48
13398,4210255,5964.59
13398,4233037,5964.59
13398,4255188,5964.5
13398,4277247,5964.5
13398,4299585,5964.5
13398,4321869,5964.5
13398,4344041,5964.53
13398,4366276,5964.53
13398,4388669,5964.53
13398,4410951,5964.43
13398,4433148,5964.43
13398,4455245,5964.53
13398,4477144,5964.53
13398,4499006,5964.53
13398,4521267,5964.53
13398,4543293,5964.44
13398,4565332,5964.44
13398,4587197,5964.44
13398,4609222,5964.54
13398,4631233,5964.54
13398,4652964,5964.2
13398,4674904,5964.2
13398,4696602,5964.55
13398,4718682,5964.55
13398,4740935,5964.55
13398,4763212,5964.55
13398,4785231,5964.55
13398,4807498,5964.54
13398,4829898,5964.54
13398,4852317,5964.5
13398,4874803,5964.5
13398,4896866,5964.49
13398,4919119,5964.49
13398,4941119,5964.42
13398,4963145,5964.42
13398,4985565,5964.42
13398,5007819,5964.55
13398,5030122,5964.55
13398,5052636,5964.52
13398,5075130,5964.52
13398,5097589,5964.5
13398,5119814,5964.5
13398,5124041,5964.58
13398,5124427,5964.58
13398,5124713,5964.58
13398,5125016,5965.54
13398,5125290,5965.54
13398,5127031,5965.54
13398,5144583,5965.54
13398,5166029,5964.55
13398,5187856,5964.55
13398,5209982,5964.55
13398,5231995,5964.34
13398,5253883,5964.34
13398,5275823,5964.61
13398,5297813,5964.61
13398,5319949,5964.54
13398,5342079,5964.54
13398,5364112,5964.44
13398,5386108,5964.44
13398,5408270,5964.44
13398,5430408,5964.57
13398,5452912,5964.57
13398,5475043,5964.5
13398,5497455,5964.5
13398,5519352,5964.56
13398,5541877,5964.56
13398,5564026,5964.53
13398,5586928,5964.53
13398,5609718,5964.53
13398,5632784,5964.54
13398,5655668,5964.54
13398,5678606,5964.47
13398,5700671,5964.47
13398,5722736,5964.54
13398,5745156,5964.54
13398,5767151,5964.55
13398,5789440,5964.55
13398,5811680,5964.55
13398,5833803,5964.55
13398,5856380,5964.55
13398,5878731,5964.41
13398,5900852,5964.41
13398,5923343,5964.5
13398,5945615,5964.5
13398,5967875,5964.46
13398,5990024,5964.46
13398,5994013,5964.46
13398,5994314,5964.54
13398,5994622,5964.54
13398,5996082,5965.54
13398,6014123,5965.54
13398,6035749,5964.87
13398,6057509,5964.87
13398,6079368,5964.54
13398,6101603,5964.54
13398,6123631,5964.54
13398,6145817,5964.42
13398,6167984,5964.42
13398,6190145,5964.57
13398,6212671,5964.57
13398,6234666,5964.48
13398,6256813,5964.48
13398,6278710,5964.5
13398,6301234,5964.5
13398,6323691,5964.5
13398,6345513,5964.46
13398,6367029,5964.46
13398,6389008,5964.53
13398,6410809,5964.53
13398,6433079,5964.51
13398,6455012,5964.51
13398,6477502,5964.51
13398,6499495,5964.51
13398,6522047,5964.51
13398,6544274,5964.5
13398,6566335,5964.5
13398,6588496,5964.43
13398,6611053,5964.43
13398,6633150,5964.51
13398,6654756,5964.51
13398,6677317,5964.59
13398,6699958,5964.59
13398,6722616,5964.59
13398,6745431,5964.56
13398,6768042,5964.56
13398,6790450,5964.49
13398,6812525,5964.49
13398,6834834,5964.46
13398,6856953,5964.46
13399,58476,5964.15
13399,80639,5964.57
13399,102642,5964.57
13399,124763,5964.45
13399,147194,5964.45
13399,169435,5964.55
13399,191345,5964.55
13399,213482,5964.45
13399,235617,5964.45
13399,257753,5964.45
13399,279784,5964.53
13399,301800,5964.53
13399,323131,5964.49
13399,344860,5964.49
13399,366441,5964.61
13399,388391,5964.61
13399,410996,5964.55
13399,433250,5964.55
13399,455269,5964.55
13399,477526,5964.57
13399,499967,5964.57
13399,523239,5964.56
13399,546142,5964.56
13399,568933,5964.53
13399,591335,5964.53
13399,613212,5964.53
13399,635751,5964.64
13399,657905,5964.64
13399,679902,5964.5
13399,701803,5964.5
13399,723926,5964.59
13399,745712,5964.59
13399,767475,5964.47
13399,789499,5964.47
13399,812015,5964.47
13399,834073,5964.39
13399,856453,5964.39
13399,879211,5964.53
13399,901578,5964.53
13399,924145,5964.51
13399,946683,5964.51
13399,968933,5964.42
13399,991481,5964.42
13399,1013575,5964.42
13399,1036229,5964.57
13399,1058662,5964.57
13399,1081183,5964.54
13399,1103166,5964.54
13399,1125616,5964.47
13399,1147518,5964.47
13399,1170026,5964.47
13399,1191801,5964.47
13399,1213459,5964.47
13399,1235046,5964.57
13399,1257020,5964.57
13399,1278566,5964.5
13399,1300416,5964.5
13399,1322403,5964.55
13399,1344414,5964.55
13399,1366420,5964.54
13399,1388274,5964.54
13399,1410542,5964.54
13399,1432305,5964.48
13399,1454835,5964.48
13399,1476977,5964.44
13399,1499510,5964.44
13399,1521939,5964.5
13399,1544414,5964.5
13399,1566314,5964.5
13399,1589007,5964.48
13399,1611310,5964.48
13399,1633445,5964.49
13399,1655901,5964.49
13399,1678443,5964.58
13399,1701084,5964.58
13399,1723625,5964.49
13399,1745922,5964.49
13399,1768419,5964.49
13399,1790840,5964.5
13399,1796277,5964.5
13399,1796517,5964.4
13399,1796883,5964.4
13399,1797495,5965.54
13399,1811082,5965.54
13399,1833224,5964.57
13399,1840744,5964.57
13399,1840744,5964.57
13399,1840744,5965.54
13399,1840744,5965.54
13399,1840744,5965.54
13399,1840744,5965.54
13399,1840744,5964.22
13399,1840744,5964.22
13399,1840744,5964.44
13400,59380,5964.59
13400,81262,5964.45
13400,103663,5964.45
13400,126019,5964.45
13400,148392,5964.52
13400,170292,5964.52
13400,192477,5964.45
13400,214453,5964.45
13400,236348,5964.49
13400,258272,5964.49
13400,280287,5964.42
13400,302794,5964.42
13400,324840,5964.42
13400,346821,5964.44
13400,369123,5964.44
13400,391483,5964.39
13400,414057,5964.39
13400,436251,5964.52
13400,459031,5964.52
13400,481791,5964.46
13400,504056,5964.46
13400,508327,5964.46
13400,508684,5964.48
13400,508938,5964.48
13400,509245,5965.54
13400,509551,5965.54
13400,509896,5965.54
13400,510231,5965.54
13400,510510,5965.54
13400,510837,5965.54
13400,511151,5965.54
13400,511392,5965.54
13400,511698,5965.54
13400,511968,5965.54
13400,512302,5965.54
13400,514367,5965.54
13400,532274,5965.54
13400,553180,5965.54
13400,574652,5964.54
13400,596445,5964.54
13400,617915,5964.28
13400,639807,5964.28
13400,661427,5964.45
13400,682883,5964.45
13400,6901557,5964.45
13400,6924020,5964.45
13400,6946042,5964.49
13400,6968620,5964.49
13400,6990914,5964.52
13400,7013410,5964.52
13400,7035568,5964.53
13400,7057611,5964.53
13400,7079878,5964.47
13400,7102400,5964.47
13400,7124667,5964.47
13400,7147271,5964.52
13400,7169693,5964.52
13400,7192209,5964.54
13400,7214778,5964.54
13400,7237287,5964.59
13400,7259966,5964.59
13400,7282651,5964.59
13400,7305039,5964.5
13400,7327167,5964.5
13400,7349963,5964.49
13400,7372212,5964.49
13400,7394897,5964.53
13400,7417679,5964.53
13400,7439813,5964.43
13400,7461581,5964.43
13400,7484018,5964.43
13400,7506100,5964.5
13400,7528268,5964.5
13400,7550276,5964.48
13400,7572275,5964.48
13400,704706,5964.54
13400,726531,5964.54
13400,748650,5964.54
13400,770466,5964.51
13400,792881,5964.51
13400,815178,5964.47
13400,837532,5964.47
13400,859336,5964.53
13400,881602,5964.53
13400,904008,5964.45
13400,926137,5964.45
13400,948445,5964.45
13400,970847,5964.5
13400,980614,5964.5
13400,980919,5964.5
13400,981227,5964.5
13400,981537,5965.54
13400,981847,5965.54
13400,982148,5965.54
13400,982453,5965.54
13400,982754,5965.54
13400,983063,5965.54
13400,983373,5965.54
13400,983608,5965.54
13400,984319,5965.54
13400,995648,5965.54
13400,1015911,5965.54
13400,1037033,5964.31
13400,1058265,5964.31
13400,1079648,5964.31
13400,1101292,5964.66
13400,1123070,5964.66
13400,1144944,5964.56
13400,1166721,5964.56
13400,1188628,5964.59
13400,1210610,5964.59
13400,1232494,5964.59
13400,1254369,5964.51
13400,1276540,5964.51
13400,1298030,5964.49
13400,1319914,5964.49
13400,1342019,5964.46
13400,1363526,5964.46
13400,7594176,5964.53
13400,7615980,5964.53
13400,7637922,5964.4
13400,7660094,5964.4
13400,7682372,5964.4
13400,7704148,5964.53
13400,7726254,5964.53
13400,7748196,5964.44
13400,7770504,5964.44
13400,7792862,5964.57
13400,7814970,5964.57
13400,7837467,5964.42
13400,7860482,5964.42
13400,7883460,5964.42
13400,7905732,5964.49
13400,7928649,5964.49
13400,7950970,5964.56
13400,7973567,5964.56
13400,7996076,5964.45
13400,8018239,5964.45
13400,8040447,5964.45
13400,8062522,5964.45
13400,8084936,5964.45
13400,8107047,5964.45
13400,8128953,5964.45
13400,8150974,5964.56
13400,8172720,5964.56
13400,8194972,5964.46
13400,8216675,5964.46
13400,8238789,5964.46
13400,8260938,5964.46
13400,8282156,5964.46
13400,8304202,5964.5
13400,8326594,5964.5
13400,8348849,5964.55
13400,8371053,5964.55
13400,8374485,5964.42
13400,8374787,5964.42
13400,8377122,5964.42
13400,8397720,5965.54
13400,8420032,5965.54
13400,8442294,5964.29
13400,8464163,5964.29
13400,8486556,5964.29
13400,8508732,5964.29
13400,8531492,5964.29
13400,8554270,5964.62
13400,8576285,5964.62
13400,8598326,5964.4
13400,8620072,5964.4
13400,8642346,5964.38
13400,8664374,5964.38
13400,8686091,5964.45
13400,8708042,5964.45
13400,8730217,5964.45
13400,8752421,5964.46
13400,8774563,5964.46
13400,8796933,5964.45
13400,8818765,5964.45
13400,8840945,5964.5
13400,8863013,5964.5
13400,8884995,5964.51
13400,8907378,5964.51
13400,8923379,5964.51
13400,8923715,5964.53
13400,8923962,5964.53
13400,8928548,5965.54
13400,8949692,5965.54
13400,8971234,5964.49
13400,8993100,5964.49
13400,9015268,5964.53
13400,9037372,5964.53
13400,9059765,5964.53
13400,9081838,5964.43
13400,9104078,5964.43
13400,9126323,5964.48
13400,9148466,5964.48
13400,9170471,5964.45
13400,9192610,5964.45
13400,9215126,5964.59
13400,9237403,5964.59
13400,9259289,5964.59
13400,9281532,5964.47
13400,9303672,5964.47
13400,9325977,5964.51
13400,9348148,5964.51
13400,9370158,5964.46
13400,9392307,5964.46
13400,9412784,5964.46
13400,9434818,5964.46
13400,9456824,5964.46
13400,9479128,5964.48
13400,9501368,5964.48
13400,9523632,5964.4
13400,9546186,5964.4
13400,9568818,5964.58
13400,9591434,5964.58
13400,9613892,5964.58
13400,9636417,5964.58
13400,9658951,5964.58
13400,9681337,5964.49
13400,9704004,5964.49
13400,9726066,5964.46
13400,9748448,5964.46
13400,9770695,5964.44
13400,9793267,5964.44
13400,9815240,5964.44
13400,9837245,5964.44
13400,9859506,5964.44
13400,9881804,5964.49
13400,9903728,5964.49
13400,9926032,5964.4
13400,9948473,5964.4
13400,9970756,5964.45
13400,9992506,5964.45
13400,10014420,5964.45
13400,10036411,5964.46
13400,10058062,5964.46
13400,10080048,5964.52
13400,10102096,5964.52
13400,10123851,5964.46
13400,10145931,5964.46
13400,10168280,5964.5
13400,10190400,5964.5
13400,10212649,5964.5
13400,10216786,5964.56
13400,1385274,5964.46
13400,1407268,5964.46
13400,1429588,5964.46
13400,1451216,5964.54
13400,1473365,5964.54
13400,1495405,5964.38
13400,1517781,5964.38
13400,1539822,5964.64
13400,1561966,5964.64
13400,1584277,5964.52
13400,1606428,5964.52
13400,1628913,5964.52
13400,1650959,5964.26
13400,1673853,5964.26
13400,1696193,5964.55
13400,1718480,5964.55
13400,1741050,5964.54
13400,1763446,5964.54
13400,1785758,5964.51
13400,1807865,5964.51
13400,1829880,5964.51
13400,1851970,5964.53
13400,1874024,5964.53
13400,1896180,5964.45
13400,1917941,5964.45
13400,1939667,5964.54
13400,1961943,5964.54
13400,1984167,5964.49
13400,2006250,5964.49
13400,2028659,5964.49
13400,2050854,5964.53
13400,2073389,5964.53
13400,2095854,5964.38
13400,2118650,5964.38
13400,2141416,5964.51
13400,2164092,5964.51
13400,2186201,5964.52
13400,2208492,5964.52
13400,2230797,5964.52
13400,2253235,5964.47
13400,2275709,5964.47
13400,2289486,5964.55
13400,2289770,5964.55
13400,2290092,5965.54
13400,2299210,5965.54
13400,2320746,5964.71
13400,2343012,5964.71
13400,2365047,5964.71
13400,2387115,5964.61
13400,2409061,5964.61
13400,2430677,5964.25
13400,2452268,5964.25
13400,2474091,5964.53
13400,2496373,5964.53
13400,2518190,5964.42
13400,2539869,5964.42
13400,2561991,5964.42
13400,2583808,5964.53
13400,2605721,5964.53
13400,2627442,5964.5
13400,2649593,5964.5
13400,2671498,5964.5
13400,2693222,5964.5
13400,2715114,5964.44
13400,2724777,5964.44
13400,2725080,5964.44
13400,2725326,5965.54
13400,2725696,5965.54
13400,2726000,5965.54
13400,2726225,5965.54
13400,2726561,5965.54
13400,2726863,5965.54
13400,2727175,5965.54
13400,2727472,5965.54
13400,2727780,5965.54
13400,2728155,5965.54
13400,2728452,5965.54
13400,2728905,5965.54
13400,2739790,5965.54
13400,2759509,5964.53
13400,2779815,5964.53
13400,2800985,5964.53
13400,2822083,5964.56
13400,2843330,5964.56
13400,2865108,5964.58
13400,2886724,5964.58
13400,2908208,5964.41
13400,2929654,5964.41
13400,2951604,5964.44
13400,2973650,5964.44
13400,2995934,5964.44
13400,3017708,5964.44
13400,3039760,5964.44
13400,3061833,5964.51
13400,3083719,5964.51
13400,3105557,5964.57
13400,3127741,5964.57
13400,3149882,5964.51
13400,3172152,5964.51
13400,3194305,5964.51
13400,3216582,5964.53
13400,3238505,5964.53
13400,3261016,5964.46
13400,3273591,5964.46
13400,3273882,5964.63
13400,3274116,5964.63
13400,3274447,5965.54
13400,3274757,5965.54
13400,3281364,5965.54
13400,3302095,5965.54
13400,3323021,5965.54
13400,3344880,5964.49
13400,3366922,5964.49
13400,3388480,5964.56
13400,3410253,5964.56
13400,3431797,5964.51
13400,3453975,5964.51
13400,3476087,5964.51
13400,3498061,5964.47
13400,3520135,5964.47
13400,3542077,5964.5
13400,3564081,5964.5
13400,3585690,5964.27
13400,3607834,5964.27
13400,3629939,5964.52
13400,3651928,5964.52
13400,3674177,5964.52
13400,3696057,5964.48
13400,3718220,5964.48
13400,3733530,5964.43
13400,3733831,5964.43
13400,3734250,5965.54
13400,3744513,5965.54
13400,3766022,5964.96
13400,3787765,5964.96
13400,3809387,5964.96
13400,3831057,5964.32
13400,3852815,5964.32
13400,3874598,5964.49
13400,3896964,5964.49
13400,3918842,5964.58
13400,3940717,5964.58
13400,3962493,5964.58
13400,3984730,5964.57
13400,4006747,5964.57
13400,4028657,5964.47
13400,4038216,5964.47
13400,4038527,5964.46
13400,4038888,5964.46
13400,4039190,5965.54
13400,4042223,5965.54
13400,4062894,5965.54
13400,4084144,5964.45
13400,4105414,5964.45
13400,4127061,5964.63
13400,4148802,5964.63
13400,4170802,5964.55
13400,4192634,5964.55
13400,4214475,5964.36
13400,4236556,5964.36
13400,4258380,5964.36
13400,4280486,5964.44
13400,4302067,5964.44
13400,4324041,5964.41
13400,4345829,5964.41
13400,4367709,5964.5
13400,4389949,5964.5
13400,4411627,5964.51
13400,4433452,5964.51
13400,4455610,5964.51
13400,4477483,5964.52
13400,4499904,5964.52
13400,4521748,5964.58
13400,4543696,5964.58
13400,4565937,5964.5
13400,4588210,5964.5
13400,4610254,5964.46
13400,4632515,5964.46
13400,4654882,5964.46
13400,4676988,5964.46
13400,4699313,5964.46
13400,4721673,5964.46
13400,4744237,5964.46
13400,4766670,5964.56
13400,4788893,5964.56
13400,4810734,5964.56
13400,4832897,5964.46
13400,4855195,5964.46
13400,4877633,5964.44
13400,4900167,5964.44
13400,4922440,5964.47
13400,4945107,5964.47
13400,4967172,5964.42
13400,4989386,5964.42
13400,5011791,5964.42
13400,5033576,5964.48
13400,5055813,5964.48
13400,5077957,5964.54
13400,5100237,5964.54
13400,5122635,5964.53
13400,5144780,5964.53
13400,5167280,5964.5
13400,5189860,5964.5
13400,5212227,5964.5
13400,5234492,5964.64
13400,5256563,5964.64
13400,5278501,5964.49
13400,5301089,5964.49
13400,5323336,5964.57
13400,5345314,5964.57
13400,5367310,5964.49
13400,5389474,5964.49
13400,5411778,5964.49
13400,5434302,5964.51
13400,5456310,5964.51
13400,5478087,5964.51
13400,5500034,5964.51
13400,5522244,5964.48
13400,5544391,5964.48
13400,5566270,5964.49
13400,5588404,5964.49
13400,5610477,5964.49
13400,5632417,5964.56
13400,5654582,5964.56
13400,5676335,5964.51
13400,5698541,5964.51
13400,5720537,5964.4
13400,5742741,5964.4
13400,5764552,5964.58
13400,5786681,5964.58
13400,5808835,5964.58
13400,5831110,5964.52
13400,5852992,5964.52
13400,5875041,5964.53
13400,5896676,5964.53
13400,5918394,5964.57
13400,5940407,5964.57
13400,5962564,5964.47
13400,5985001,5964.47
13400,6007586,5964.47
13400,6029504,5964.51
13400,6051641,5964.51
13400,6074179,5964.47
13400,6096733,5964.47
13400,6118848,5964.55
13400,6140915,5964.55
13400,6163542,5964.55
13400,6186416,5964.34
13400,6209111,5964.34
13400,6231734,5964.4
13400,6254373,5964.4
13400,6277045,5964.55
13400,6299225,5964.55
13400,6321706,5964.55
13400,6344131,5964.44
13400,6366877,5964.44
13400,6389319,5964.45
13400,6411959,5964.45
13400,6434315,5964.5
13400,6456796,5964.5
13400,6479456,5964.52
13400,6501810,5964.52
13400,6524655,5964.66
13400,6547130,5964.66
13400,6570052,5964.66
13400,6592357,5964.54
13400,6614839,5964.54
13400,6637361,5964.41
13400,6659395,5964.41
13400,6681846,5964.47
13400,6703916,5964.47
13400,6725692,5964.47
13400,6747405,5964.48
13400,6769211,5964.48
13400,6791309,5964.56
13400,6813117,5964.56
13400,6835147,5964.53
13400,6857416,5964.53
13400,6879387,5964.45
13402,49647,5964.73
13402,71140,5964.73
13402,79788,5964.41
13402,80082,5964.41
13402,80445,5965.54
13402,85133,5965.54
13402,106125,5964.7
13402,128143,5964.7
13402,149899,5964.7
13402,171690,5964.45
13402,193812,5964.45
13402,215829,5964.59
13402,237858,5964.59
13402,260020,5964.5
13402,282154,5964.5
13402,303756,5964.5
13402,325530,5964.5
13402,347537,5964.5
13402,369262,5964.43
13402,390809,5964.43
13402,412961,5964.49
13402,434210,5964.49
13402,455722,5964.43
13402,477700,5964.43
13402,500096,5964.38
13402,521881,5964.38
13402,543895,5964.38
13402,565863,5964.51
13402,587540,5964.51
13402,609077,5964.54
13402,631069,5964.54
13402,653092,5964.35
13402,675098,5964.35
13402,6891209,5964.47
13402,6913226,5964.56
13402,6935663,5964.56
13402,6957638,5964.39
13402,6980047,5964.39
13402,7002189,5964.46
13402,7024163,5964.46
13402,7045946,5964.46
13402,7067906,5964.37
13402,7089497,5964.37
13402,7111102,5964.4
13402,7132681,5964.4
13402,7154379,5964.38
13402,7176097,5964.38
13402,7197923,5964.41
13402,7220077,5964.41
13402,7242228,5964.41
13402,7264390,5964.27
13402,7286208,5964.27
13402,7308111,5964.5
13402,7329924,5964.5
13402,7352322,5964.45
13402,7374663,5964.45
13402,7396914,5964.39
13402,7419193,5964.39
13402,7441864,5964.39
13402,7464686,5964.47
13402,7487285,5964.47
13402,7509730,5964.46
13402,7531980,5964.46
13402,7554237,5964.5
13402,697250,5964.35
13402,719685,5964.4
13402,741931,5964.4
13402,764330,5964.5
13402,786439,5964.5
13402,808779,5964.49
13402,831014,5964.49
13402,853282,5964.4
13402,875420,5964.4
13402,897893,5964.4
13402,920372,5964.48
13402,943127,5964.48
13402,965275,5964.49
13402,987789,5964.49
13402,1010657,5964.47
13402,1033117,5964.47
13402,1055477,5964.47
13402,1078321,5964.47
13402,1100824,5964.47
13402,1123092,5964.45
13402,1145879,5964.45
13402,1168214,5964.49
13402,1191037,5964.49
13402,1213344,5964.38
13402,1236112,5964.38
13402,1258537,5964.48
13402,1281448,5964.48
13402,1304213,5964.48
13402,1326765,5964.36
13402,1349195,5964.36
13402,1371680,5964.57
13402,7576645,5964.5
13402,7599268,5964.44
13402,7621470,5964.44
13402,7644092,5964.44
13402,7666709,5964.46
13402,7689115,5964.46
13402,7711441,5964.51
13402,7733718,5964.51
13402,7756214,5964.52
13402,7778376,5964.52
13402,7800385,5964.48
13402,7822259,5964.48
13402,7844277,5964.48
13402,7866810,5964.48
13402,7888846,5964.48
13402,7910853,5964.36
13402,7933010,5964.36
13402,7954742,5964.46
13402,7976678,5964.46
13402,7998280,5964.46
13402,8019923,5964.47
13402,8041592,5964.47
13402,8063430,5964.45
13402,8084487,5964.45
13402,8106309,5964.52
13402,8128464,5964.52
13402,8150909,5964.62
13402,8173513,5964.62
13402,8196156,5964.62
13402,8218551,5964.37
13402,8241207,5964.37
13402,8263891,5964.48
13402,8285944,5964.48
13402,8308278,5964.37
13402,8330559,5964.37
13402,8352962,5964.54
13402,8375365,5964.54
13402,8397640,5964.54
13402,8420149,5964.42
13402,8442557,5964.42
13402,8464695,5964.52
13402,8487243,5964.52
13402,8510019,5964.49
13402,8532173,5964.49
13402,8554324,5964.42
13402,8576435,5964.42
13402,8598494,5964.42
13402,8620458,5964.51
13402,8642991,5964.51
13402,8665296,5964.39
13402,8687181,5964.39
13402,8709182,5964.43
13402,8730686,5964.43
13402,8752456,5964.53
13402,8774423,5964.53
13402,8796285,5964.53
13402,8818590,5964.42
13402,8841144,5964.42
13402,8863641,5964.42
13402,8885907,5964.42
13402,8908068,5964.46
13402,8930701,5964.46
13402,8953016,5964.47
13402,8969608,5964.47
13402,8969956,5964.47
13402,8970275,5964.48
13402,8970621,5964.48
13402,8979620,5965.54
13402,9000437,5965.54
13402,9021835,5964.21
13402,9043616,5964.21
13402,9065274,5964.34
13402,9086960,5964.34
13402,9109150,5964.34
13402,9131125,5964.64
13402,9152623,5964.64
13402,9174148,5964.44
13402,9195660,5964.44
13402,9217292,5964.36
13402,9238902,5964.36
13402,9260418,5964.5
13402,9282019,5964.5
13402,9303539,5964.5
13402,9325329,5964.41
13402,9347187,5964.41
13402,9368953,5964.42
13402,9390719,5964.42
13402,9412480,5964.4
13402,9434229,5964.4
13402,9456378,5964.39
13402,9478304,5964.39
13402,9500738,5964.39
13402,9523330,5964.42
13402,9545546,5964.42
13402,9567773,5964.43
13402,9589832,5964.43
13402,9612022,5964.5
13402,9634417,5964.5
13402,9657095,5964.46
13402,9679451,5964.46
13402,9701617,5964.46
13402,9724072,5964.47
13402,9746568,5964.47
13402,9769222,5964.49
13402,9791583,5964.49
13402,9813894,5964.5
13402,9836276,5964.5
13402,9858593,5964.5
13402,9881224,5964.5
13402,9904261,5964.5
13402,9926970,5964.45
13402,9949482,5964.45
13402,9971704,5964.5
13402,9994233,5964.5
13402,10016378,5964.47
13402,10038767,5964.47
13402,10050457,5964.47
13402,1394162,5964.57
13402,1416365,5964.45
13402,1433465,5964.45
13402,1433795,5964.51
13402,1434040,5964.51
13402,1434591,5964.51
13402,1447395,5965.54
13402,1468772,5965.54
13402,1490270,5964.36
13402,1502692,5964.36
13402,1502997,5964.56
13402,1503233,5964.56
13402,1503615,5965.54
13402,1503920,5965.54
13402,1504223,5965.54
13402,1504591,5965.54
13402,1504893,5965.54
13402,1505146,5965.54
13402,1505459,5965.54
13402,1505814,5965.54
13402,1507008,5965.54
13402,1521980,5965.54
13402,1542575,5965.54
13402,1563690,5965.54
13402,1585309,5964.62
13402,1607235,5964.62
13402,1621711,5964.2
13402,1622001,5964.2
13402,1622341,5965.54
13402,1622665,5965.54
13402,1628267,5965.54
13402,1648602,5965.54
13402,1669610,5965.54
13402,1690750,5964.18
13402,1711993,5964.18
13402,1733340,5964.36
13402,1754852,5964.36
13402,1776461,5964.57
13402,1798369,5964.57
13402,1820958,5964.57
13402,1843052,5964.62
13402,1865183,5964.62
13402,1887331,5964.5
13402,1909490,5964.5
13402,1928383,5964.46
13402,1928660,5964.46
13402,1928967,5965.54
13402,1929329,5965.54
13402,1929640,5965.54
13402,1929888,5965.54
13402,1930198,5965.54
13402,1937171,5965.54
13402,1957378,5965.54
13402,1978901,5964.66
13402,2000788,5964.66
13402,2022405,5964.55
13402,2044226,5964.55
13402,2066200,5964.55
13402,2088197,5964.57
13402,2110022,5964.57
13402,2131849,5964.44
13402,2154007,5964.44
13402,2176013,5964.45
13402,2198100,5964.45
13402,2220295,5964.48
13402,2242058,5964.48
13402,2264337,5964.48
13402,2286733,5964.42
13402,2308887,5964.42
13402,2330906,5964.5
13402,2353172,5964.5
13402,2375429,5964.5
13402,2392107,5964.5
13402,2392422,5964.59
13402,2392674,5964.59
13402,2393346,5964.59
13402,2408456,5965.54
13402,2429958,5965.54
13402,2451597,5964.59
13402,2473617,5964.59
13402,2495762,5964.67
13402,2517763,5964.67
13402,2539647,5964.45
13402,2561559,5964.45
13402,2583443,5964.45
13402,2605436,5964.53
13402,2627475,5964.53
13402,2649735,5964.46
13402,2671864,5964.46
13402,2693950,5964.61
13402,2716059,5964.61
13402,2738558,5964.48
13402,2760713,5964.48
13402,2782988,5964.48
13402,2805365,5964.42
13402,2827519,5964.42
13402,2828458,5964.5
13402,2828762,5964.5
13402,2829133,5965.54
13402,2829438,5965.54
13402,2830753,5965.54
13402,2846753,5965.54
13402,2867842,5965.54
13402,2889115,5963.92
13402,2910897,5963.92
13402,2932836,5964.51
13402,2954919,5964.51
13402,2977055,5964.56
13402,2999083,5964.56
13402,3020820,5964.56
13402,3042352,5964.47
13402,3064084,5964.47
13402,3085586,5964.49
13402,3107188,5964.49
13402,3128999,5964.59
13402,3151007,5964.59
13402,3173136,5964.54
13402,3195789,5964.54
13402,3218484,5964.54
13402,3240721,5964.48
13402,3263336,5964.48
13402,3285980,5964.46
13402,3308082,5964.46
13402,3321574,5964.48
13402,3321859,5964.48
13402,3322131,5965.54
13402,3323985,5965.54
13402,3343206,5965.54
13402,3349012,5964.65
13402,3349324,5964.65
13402,3349688,5965.54
13402,3349992,5965.54
13402,3350305,5965.54
13402,3357156,5965.54
13402,3378266,5965.54
13402,3400163,5964.57
13402,3421737,5964.57
13402,3422088,5964.69
13402,3422391,5964.69
13402,3422694,5965.54
13402,3423181,5965.54
13402,3433525,5965.54
13402,3454299,5965.54
13402,3475410,5965.54
13402,3496674,5964.56
13402,3518053,5964.56
13402,3539810,5964.28
13402,3542675,5964.28
13402,3543057,5964.34
13402,3543360,5964.34
13402,3543584,5965.54
13402,3545880,5965.54
13402,3565831,5965.54
13402,3586957,5964.63
13402,3608476,5964.63
13402,3630086,5965.14
13402,3651578,5965.14
13402,3673483,5964.19
13402,3695258,5964.19
13402,3717423,5964.19
13402,3739902,5964.44
13402,3762180,5964.44
13402,3784340,5964.48
13402,3806355,5964.48
13402,3828348,5964.46
13402,3850268,5964.46
13402,3872226,5964.5
13402,3893741,5964.5
13402,3914983,5964.5
13402,3936659,5964.57
13402,3958298,5964.57
13402,3979908,5964.45
13402,4001675,5964.45
13402,4023309,5964.41
13402,4045204,5964.41
13402,4067335,5964.54
13402,4089590,5964.54
13402,4111793,5964.54
13402,4134299,5964.38
13402,4156713,5964.38
13402,4179536,5964.51
13402,4202369,5964.51
13402,4224660,5964.43
13402,4247065,5964.43
13402,4269779,5964.49
13402,4291737,5964.49
13402,4313727,5964.49
13402,4336016,5964.46
13402,4358408,5964.46
13402,4380678,5964.41
13402,4403467,5964.41
13402,4425265,5964.47
13402,4447593,5964.47
13402,4469807,5964.44
13402,4492425,5964.44
13402,4514941,5964.44
13402,4536848,5964.54
13402,4558703,5964.54
13402,4580571,5964.5
13402,4602675,5964.5
13402,4624400,5964.44
13402,4646297,5964.44
13402,4668059,5964.37
13402,4690318,5964.37
13402,4712316,5964.37
13402,4734614,5964.45
13402,4757161,5964.45
13402,4779900,5964.53
13402,4802446,5964.53
13402,4825114,5964.4
13402,4847499,5964.4
13402,4869801,5964.51
13402,4892654,5964.51
13402,4915224,5964.51
13402,4937349,5964.47
13402,4960195,5964.47
13402,4982788,5964.43
13402,4984047,5964.43
13402,4984356,5965.54
13402,4984719,5965.54
13402,4985023,5965.54
13402,4985326,5965.54
13402,4985639,5965.54
13402,4985933,5965.54
13402,4986987,5965.54
13402,5002468,5965.54
13402,5023461,5965.54
13402,5045091,5964.34
13402,5066866,5964.34
13402,5088386,5964.5
13402,5110124,5964.5
13402,5132156,5964.5
13402,5153773,5964.52
13402,5175845,5964.52
13402,5197672,5964.45
13402,5219556,5964.45
13402,5241929,5964.46
13402,5263753,5964.46
13402,5285942,5964.46
13402,5308763,5964.39
13402,5330925,5964.39
13402,5353333,5964.48
13402,5375745,5964.48
13402,5397880,5964.39
13402,5419720,5964.39
13402,5423112,5964.49
13402,5423489,5964.49
13402,5423792,5964.49
13402,5425223,5965.54
13402,5443129,5965.54
13402,5465084,5964.71
13402,5486751,5964.71
13402,5489050,5964.51
13402,5489395,5964.51
13402,5489722,5965.54
13402,5490037,5965.54
13402,5496009,5965.54
13402,5516861,5965.54
13402,5537994,5965.54
13402,5559352,5964.37
13402,5581235,5964.37
13402,5602877,5964.46
13402,5624760,5964.46
13402,5647038,5964.56
13402,5668916,5964.56
13402,5691058,5964.56
13402,5712843,5964.48
13402,5734848,5964.48
13402,5757340,5964.37
13402,5779259,5964.37
13402,5801425,5964.43
13402,5823792,5964.43
13402,5845713,5964.43
13402,5868020,5964.5
13402,5890321,5964.5
13402,5912656,5964.52
13402,5934651,5964.52
13402,5956536,5964.37
13402,5978939,5964.37
13402,6000716,5964.37
13402,6022715,5964.37
13402,6044748,5964.37
13402,6067150,5964.38
13402,6089665,5964.38
13402,6111814,5964.45
13402,6134435,5964.45
13402,6156355,5964.54
13402,6178123,5964.54
13402,6200101,5964.45
13402,6222789,5964.45
13402,6244840,5964.45
13402,6266939,5964.5
13402,6288861,5964.5
13402,6310778,5964.38
13402,6333123,5964.38
13402,6355258,5964.37
13402,6377413,5964.37
13402,6399566,5964.51
13402,6421940,5964.51
13402,6444096,5964.51
13402,6466088,5964.37
13402,6488034,5964.37
13402,6510283,5964.43
13402,6532668,5964.43
13402,6554940,5964.41
13402,6577229,5964.41
13402,6599621,5964.33
13402,6622013,5964.33
13402,6644156,5964.33
13402,6666883,5964.37
13402,6689356,5964.37
13402,6711960,5964.34
13402,6734725,5964.34
13402,6757350,5964.49
13402,6779967,5964.49
13402,6802374,5964.44
13402,6824762,5964.44
13402,6846868,5964.44
13402,6869123,5964.47
13403,60283,5964.36
13403,82246,5964.36
13403,98145,5964.56
13403,98435,5964.56
13403,98755,5965.54
13403,99414,5965.54
13403,113748,5965.54
13403,135391,5965.54
13403,157400,5964.07
13403,169218,5964.07
13403,169532,5964.07
13403,169834,5965.54
13403,179187,5965.54
13403,200449,5965.54
13403,204605,5965.54
13403,204906,5964.32
13403,205279,5964.32
13403,205796,5964.32
13403,219033,5965.54
13403,239884,5965.54
13403,260857,5964.47
13403,282313,5964.47
13403,303629,5964.46
13403,325280,5964.46
13403,346916,5964.33
13403,369056,5964.33
13403,390837,5964.33
13403,412522,5964.6
13403,434458,5964.6
13403,456525,5964.54
13403,478864,5964.54
13403,500877,5964.43
13403,522619,5964.43
13403,544736,5964.56
13403,566511,5964.56
13403,588188,5964.56
13403,610449,5964.65
13403,632212,5964.65
13403,654201,5964.5
13403,676251,5964.5
13403,6857764,5964.54
13403,6880168,5964.54
13403,6902464,5964.49
13403,6924489,5964.49
13403,6946997,5964.49
13403,6969382,5964.48
13403,6992131,5964.48
13403,7014174,5964.62
13403,7036344,5964.62
13403,7058732,5964.65
13403,7081121,5964.65
13403,7103588,5964.52
13403,7125619,5964.52
13403,7148066,5964.52
13403,7170488,5964.59
13403,7193004,5964.59
13403,7215532,5964.52
13403,7237671,5964.52
13403,7259561,5964.56
13403,7281718,5964.56
13403,7303610,5964.46
13403,7325434,5964.46
13403,7347645,5964.46
13403,7369665,5964.51
13403,7391779,5964.51
13403,7413683,5964.53
13403,7435885,5964.53
13403,7458089,5964.56
13403,7480236,5964.56
13403,7502901,5964.56
13403,7524914,5964.59
13403,698268,5964.52
13403,720167,5964.52
13403,742567,5964.56
13403,764498,5964.56
13403,786717,5964.56
13403,808963,5964.55
13403,831380,5964.55
13403,853380,5964.54
13403,875800,5964.54
13403,897936,5964.49
13403,920090,5964.49
13403,942315,5964.59
13403,964514,5964.59
13403,986778,5964.59
13403,1008924,5964.57
13403,1031312,5964.57
13403,1053794,5964.48
13403,1076223,5964.48
13403,1098065,5964.61
13403,1120447,5964.61
13403,1142928,5964.61
13403,1165223,5964.58
13403,1187753,5964.58
13403,1209988,5964.53
13403,1232346,5964.53
13403,1254798,5964.58
13403,1277216,5964.58
13403,1299656,5964.63
13403,1321812,5964.63
13403,1343924,5964.63
13403,1366177,5964.48
13403,7547610,5964.59
13403,7570297,5964.54
13403,7592879,5964.54
13403,7615665,5964.52
13403,7638135,5964.52
13403,7660809,5964.61
13403,7683372,5964.61
13403,7705839,5964.61
13403,7728545,5964.58
13403,7751119,5964.58
13403,7773730,5964.57
13403,7796056,5964.57
13403,7817772,5964.61
13403,7839655,5964.61
13403,7861810,5964.45
13403,7884171,5964.45
13403,7906078,5964.45
13403,7928121,5964.59
13403,7950116,5964.59
13403,7972176,5964.54
13403,7994295,5964.54
13403,8016293,5964.6
13403,8038369,5964.6
13403,8060837,5964.5
13403,8083113,5964.5
13403,8105517,5964.5
13403,8127664,5964.52
13403,8149815,5964.52
13403,8161244,5964.58
13403,8161244,5964.58
13403,1388952,5964.48
13403,1411386,5964.47
13403,1432972,5964.47
13403,1454477,5964.67
13403,1476508,5964.67
13403,1498094,5964.58
13403,1520522,5964.58
13403,1542726,5964.58
13403,1565087,5964.59
13403,1587310,5964.59
13403,1609743,5964.51
13403,1632141,5964.51
13403,1654927,5964.52
13403,1677348,5964.52
13403,1700239,5964.55
13403,1723036,5964.55
13403,1745954,5964.55
13403,1768735,5964.48
13403,1791298,5964.48
13403,1813785,5964.65
13403,1836062,5964.65
13403,1858724,5964.51
13403,1880971,5964.51
13403,1903382,5964.56
13403,1925345,5964.56
13403,1947639,5964.56
13403,1969562,5964.5
13403,1991583,5964.5
13403,2013728,5964.61
13403,2035865,5964.61
13403,2057735,5964.56
13403,2079816,5964.56
13403,2102085,5964.49
13403,2124195,5964.49
13403,2146340,5964.49
13403,2168337,5964.56
13403,2190673,5964.56
13403,2213191,5964.62
13403,2235424,5964.62
13403,2257412,5964.56
13403,2279459,5964.56
13403,2301588,5964.55
13403,2323912,5964.55
13403,2345397,5964.55
13403,2367239,5964.67
13403,2389409,5964.67
13403,2411351,5964.57
13403,2433483,5964.57
13403,2455964,5964.55
13403,2478214,5964.55
13403,2500231,5964.51
13403,2522508,5964.51
13403,2544528,5964.51
13403,2566993,5964.55
13403,2589554,5964.55
13403,2611741,5964.44
13403,2634129,5964.44
13403,2656330,5964.64
13403,2678686,5964.64
13403,2700959,5964.64
13403,2723477,5964.64
13403,2745851,5964.64
13403,2768385,5964.57
13403,2790536,5964.57
13403,2812700,5964.56
13403,2816490,5964.56
13403,2816796,5965.54
13403,2818909,5965.54
13403,2819506,5965.54
13403,2819746,5964.5
13403,2820061,5964.5
13403,2820354,5965.54
13403,2820670,5965.54
13403,2821035,5965.54
13403,2821339,5965.54
13403,2821646,5965.54
13403,2821945,5965.54
13403,2822182,5965.54
13403,2824767,5965.54
13403,2844506,5965.54
13403,2864675,5964.39
13403,2885224,5964.39
13403,2905947,5964.78
13403,2927326,5964.78
13403,2948694,5964.78
13403,2969821,5964.57
13403,2991648,5964.57
13403,3013323,5964.43
13403,3035070,5964.43
13403,3056879,5964.59
13403,3079250,5964.59
13403,3101436,5964.51
13403,3123523,5964.51
13403,3145817,5964.51
13403,3168458,5964.51
13403,3190801,5964.51
13403,3213375,5964.5
13403,3235530,5964.5
13403,3257781,5964.56
13403,3280207,5964.56
13403,3302342,5964.58
13403,3324866,5964.58
13403,3347044,5964.58
13403,3369328,5964.48
13403,3391197,5964.48
13403,3412881,5964.57
13403,3434581,5964.57
13403,3456239,5964.52
13403,3477965,5964.52
13403,3499467,5964.47
13403,3521222,5964.47
13403,3543276,5964.47
13403,3565265,5964.58
13403,3587151,5964.58
13403,3609564,5964.53
13403,3631186,5964.53
13403,3653201,5964.47
13403,3675467,5964.47
13403,3698092,5964.47
13403,3721051,5964.55
13403,3744064,5964.55
13403,3766869,5964.56
13403,3789385,5964.56
13403,3811877,5964.54
13403,3834343,5964.54
13403,3856842,5964.56
13403,3878984,5964.56
13403,3900891,5964.56
13403,3922366,5964.55
13403,3944023,5964.55
13403,3965767,5964.54
13403,3987663,5964.54
13403,4009942,5964.55
13403,4031940,5964.55
13403,4035405,5964.56
13403,4035720,5964.56
13403,4036027,5964.56
13403,4036381,5965.54
13403,4036767,5965.54
13403,4037076,5965.54
13403,4037323,5965.54
13403,4037614,5965.54
13403,4037947,5965.54
13403,4038283,5965.54
13403,4038614,5965.54
13403,4038919,5965.54
13403,4039153,5965.54
13403,4039483,5965.54
13403,4039792,5965.54
13403,4045482,5965.54
13403,4064879,5965.54
13403,4085430,5965.54
13403,4106543,5964.29
13403,4128049,5964.29
13403,4149318,5964.29
13403,4170654,5964.56
13403,4192300,5964.56
13403,4213658,5964.58
13403,4235062,5964.58
13403,4256312,5964.63
13403,4277992,5964.63
13403,4300092,5964.52
13403,4321573,5964.52
13403,4343730,5964.52
13403,4365746,5964.62
13403,4387830,5964.62
13403,4410066,5964.55
13403,4429161,5964.55
13403,4429405,5964.56
13403,4429719,5964.56
13403,4432568,5964.56
13403,4453689,5965.54
13403,4478645,5965.54
13403,4502475,5964.73
13403,4525643,5964.73
13403,4547899,5964.51
13403,4569709,5964.51
13403,4592044,5964.54
13403,4614183,5964.54
13403,4636579,5964.54
13403,4658392,5964.57
13403,4680639,5964.57
13403,4702617,5964.65
13403,4724705,5964.65
13403,4746568,5964.64
13403,4768556,5964.64
13403,4791096,5964.56
13403,4813387,5964.56
13403,4835886,5964.56
13403,4857946,5964.68
13403,4879907,5964.68
13403,4902198,5964.47
13403,4924727,5964.47
13403,4947193,5964.78
13403,4969866,5964.78
13403,4992292,5964.78
13403,5014853,5964.57
13403,5037376,5964.57
13403,5059435,5964.62
13403,5081379,5964.62
13403,5103543,5964.68
13403,5125481,5964.68
13403,5147860,5964.5
13403,5169990,5964.5
13403,5192098,5964.5
13403,5214396,5964.65
13403,5236069,5964.65
13403,5258154,5964.64
13403,5280554,5964.64
13403,5303224,5964.48
13403,5325546,5964.48
13403,5347812,5964.62
13403,5370562,5964.62
13403,5393055,5964.62
13403,5415205,5964.49
13403,5436851,5964.49
13403,5458749,5964.55
13403,5480865,5964.55
13403,5503189,5964.67
13403,5525299,5964.67
13403,5547267,5964.67
13403,5569209,5964.58
13403,5591349,5964.58
13403,5613364,5964.55
13403,5635439,5964.55
13403,5657292,5964.51
13403,5679535,5964.51
13403,5701810,5964.5
13403,5724177,5964.5
13403,5746375,5964.5
13403,5768503,5964.5
13403,5790622,5964.5
13403,5812959,5964.57
13403,5835002,5964.57
13403,5857454,5964.5
13403,5879742,5964.5
13403,5901991,5964.6
13403,5924007,5964.6
13403,5946149,5964.6
13403,5968202,5964.64
13403,5990190,5964.64
13403,6012451,5964.59
13403,6034324,5964.59
13403,6056492,5964.59
13403,6078781,5964.59
13403,6100905,5964.44
13403,6122815,5964.44
13403,6144679,5964.44
13403,6166586,5964.56
13403,6188841,5964.56
13403,6210757,5964.43
13403,6232885,5964.43
13403,6255411,5964.44
13403,6277739,5964.44
13403,6300328,5964.44
13403,6323016,5964.44
13403,6345770,5964.44
13403,6368745,5964.47
13403,6391242,5964.47
13403,6414008,5964.42
13403,6436800,5964.42
13403,6459297,5964.49
13403,6481596,5964.49
13403,6503400,5964.5
13403,6525366,5964.5
13403,6547354,5964.5
13403,6569404,5964.7
13403,6591297,5964.7
13403,6613284,5964.61
13403,6635197,5964.61
13403,6657588,5964.51
13403,6679868,5964.51
13403,6702013,5964.42
13403,6724022,5964.42
13403,6746352,5964.42
13403,6768822,5964.55
13403,6791336,5964.55
13403,6813235,5964.41
13403,6835239,5964.41
13406,61125,5964.39
13406,82805,5964.39
13406,104506,5964.39
13406,126090,5964.5
13406,147964,5964.5
13406,169793,5964.43
13406,191484,5964.43
13406,213544,5964.48
13406,235811,5964.48
13406,257783,5964.45
13406,279686,5964.45
13406,301499,5964.45
13406,323624,5964.37
13406,345452,5964.37
13406,367468,5964.52
13406,389499,5964.52
13406,411517,5964.51
13406,433819,5964.51
13406,455487,5964.47
13406,477294,5964.47
13406,499063,5964.47
13406,520824,5964.45
13406,542439,5964.45
13406,564201,5964.44
13406,586133,5964.44
13406,608173,5964.5
13406,630069,5964.5
13406,652017,5964.45
13406,673765,5964.45
13406,6847224,5964.59
13406,6869104,5964.59
13406,6890980,5964.46
13406,6912955,5964.46
13406,6935019,5964.46
13406,6957494,5964.53
13406,6979938,5964.53
13406,7001559,5964.45
13406,7022956,5964.45
13406,7044958,5964.45
13406,7067096,5964.45
13406,7089255,5964.47
13406,7111489,5964.47
13406,7133793,5964.47
13406,7155997,5964.5
13406,7178335,5964.5
13406,7200615,5964.53
13406,7222702,5964.53
13406,7244785,5964.32
13406,7266667,5964.32
13406,7288885,5964.32
13406,7293238,5964.54
13406,7293514,5964.54
13406,7293882,5965.54
13406,7294189,5965.54
13406,7294491,5965.54
13406,7294738,5965.54
13406,7295107,5965.54
13406,7295358,5965.54
13406,7295661,5965.54
13406,7296193,5965.54
13406,7308414,5965.54
13406,7328629,5965.54
13406,7349727,5965.54
13406,7371221,5964.52
13406,7392713,5964.52
13406,7414863,5964.42
13406,7436805,5964.42
13406,7458384,5964.42
13406,7480141,5964.46
13406,7502156,5964.46
13406,7524052,5964.47
13406,695539,5964.45
13406,717690,5964.58
13406,739894,5964.58
13406,762303,5964.54
13406,784489,5964.54
13406,806811,5964.51
13406,829504,5964.51
13406,851602,5964.51
13406,873724,5964.43
13406,896033,5964.43
13406,918886,5964.51
13406,941934,5964.51
13406,964451,5964.56
13406,972536,5964.56
13406,972848,5964.49
13406,974940,5964.49
13406,993620,5965.54
13406,1015406,5965.54
13406,1037732,5965.54
13406,1059524,5964.65
13406,1081354,5964.65
13406,1103211,5964.36
13406,1125069,5964.36
13406,1146837,5964.41
13406,1168809,5964.41
13406,1190830,5964.41
13406,1212864,5964.44
13406,1234505,5964.44
13406,1256534,5964.41
13406,1278541,5964.41
13406,1300685,5964.41
13406,1322512,5964.41
13406,1344506,5964.57
13406,7545733,5964.47
13406,7567305,5964.34
13406,7588934,5964.34
13406,7611252,5964.5
13406,7633117,5964.5
13406,7654978,5964.5
13406,7677257,5964.52
13406,7699282,5964.52
13406,7721172,5964.38
13406,7742791,5964.38
13406,7764549,5964.46
13406,7786699,5964.46
13406,7808390,5964.45
13406,7830618,5964.45
13406,7852626,5964.45
13406,7874891,5964.42
13406,7897196,5964.42
13406,7919727,5964.56
13406,7941905,5964.56
13406,7964128,5964.43
13406,7986649,5964.43
13406,8009294,5964.47
13406,8031813,5964.47
13406,8054609,5964.47
13406,8077101,5964.5
13406,8099267,5964.5
13406,8121437,5964.4
13406,8143439,5964.4
13406,8165571,5964.55
13406,8187619,5964.55
13406,8209375,5964.39
13406,8231503,5964.39
13406,8253432,5964.39
13406,8275150,5964.41
13406,8297531,5964.41
13406,8319693,5964.53
13406,8341839,5964.53
13406,8363594,5964.4
13406,8385490,5964.4
13406,8407387,5964.47
13406,8429397,5964.47
13406,8451841,5964.47
13406,8473901,5964.43
13406,8496322,5964.43
13406,8518616,5964.5
13406,8540921,5964.5
13406,8563029,5964.46
13406,8585288,5964.46
13406,8607174,5964.38
13406,8629216,5964.38
13406,8652030,5964.38
13406,8674650,5964.44
13406,8697019,5964.44
13406,8719820,5964.39
13406,8742598,5964.39
13406,8764855,5964.44
13406,8786890,5964.44
13406,8808909,5964.32
13406,8831334,5964.32
13406,8854453,5964.32
13406,8876560,5964.48
13406,8898784,5964.48
13406,8920583,5964.46
13406,8942622,5964.46
13406,8964443,5964.52
13406,8986331,5964.52
13406,9008488,5964.48
13406,9030492,5964.48
13406,9052649,5964.48
13406,9074605,5964.46
13406,9096786,5964.46
13406,9118841,5964.49
13406,9140684,5964.49
13406,9162800,5964.49
13406,9184983,5964.49
13406,9206914,5964.41
13406,9228944,5964.41
13406,9251523,5964.41
13406,9274078,5964.55
13406,9296214,5964.55
13406,9318709,5964.45
13406,9341308,5964.45
13406,9363936,5964.5
13406,9386187,5964.5
13406,9408597,5964.5
13406,9430774,5964.46
13406,9452794,5964.46
13406,9475419,5964.41
13406,9497650,5964.41
13406,9519815,5964.45
13406,9541967,5964.45
13406,9563929,5964.43
13406,9586116,5964.43
13406,9608324,5964.43
13406,9630320,5964.5
13406,9643550,5964.5
13406,9643907,5964.41
13406,9644216,5964.41
13406,9652891,5965.54
13406,9674313,5965.54
13406,9696075,5964.37
13406,9717962,5964.37
13406,9739457,5964.37
13406,9760601,5964.52
13406,9782354,5964.52
13406,9803988,5964.47
13406,9825862,5964.47
13406,9847757,5964.43
13406,9869794,5964.43
13406,9891892,5964.45
13406,9903410,5964.45
13406,9903757,5964.45
13406,9904226,5964.47
13406,9916191,5964.47
13406,9937187,5965.54
13406,9958926,5965.54
13406,9980815,5964.34
13406,10002831,5964.34
13406,10024857,5964.57
13406,10046784,5964.57
13406,10069010,5964.57
13406,10091363,5964.75
13406,10113825,5964.75
13406,10135961,5964.47
13406,10158365,5964.47
13406,10180371,5964.51
13406,10201876,5964.51
13406,10223889,5964.49
13406,10246028,5964.49
13406,10267392,5964.49
13406,10289172,5964.57
13406,10311321,5964.57
13406,10332851,5964.5
13406,10355202,5964.5
13406,10377644,5964.45
13406,10400251,5964.45
13406,10422660,5964.58
13406,10445337,5964.58
13406,10467603,5964.58
13406,10490092,5964.41
13406,10512645,5964.41
13406,10535094,5964.45
13406,10557594,5964.45
13406,10580592,5964.52
13406,10602882,5964.52
13406,10624977,5964.55
13406,10647493,5964.55
13406,10669586,5964.55
13406,10692243,5964.55
13406,10714521,5964.55
13406,10737035,5964.45
13406,10759322,5964.45
13406,10781487,5964.4
13406,10803202,5964.4
13406,10825227,5964.51
13406,10847508,5964.51
13406,10869270,5964.51
13406,10891404,5964.39
13406,10913596,5964.39
13406,10935818,5964.53
13406,10957585,5964.53
13406,10979812,5964.52
13406,11001877,5964.52
13406,11024273,5964.5
13406,11046160,5964.5
13406,11067393,5964.5
13406,11067461,5964.44
13406,1366942,5964.57
13406,1389379,5964.57
13406,1411525,5964.4
13406,1433483,5964.4
13406,1456093,5964.47
13406,1477693,5964.47
13406,1500301,5964.32
13406,1522922,5964.32
13406,1545534,5964.49
13406,1567832,5964.49
13406,1590620,5964.49
13406,1612399,5964.47
13406,1634383,5964.47
13406,1656092,5964.35
13406,1678306,5964.35
13406,1700047,5964.54
13406,1722400,5964.54
13406,1744729,5964.57
13406,1767020,5964.57
13406,1789631,5964.57
13406,1811787,5964.5
13406,1833781,5964.5
13406,1855750,5964.45
13406,1878071,5964.45
13406,1882959,5964.49
13406,1883275,5964.49
13406,1884641,5965.54
13406,1901059,5965.54
13406,1922945,5965.54
13406,1944691,5964.63
13406,1966074,5964.63
13406,1987974,5964.55
13406,2009993,5964.55
13406,2031980,5964.55
13406,2054004,5964.55
13406,2075762,5964.46
13406,2097766,5964.46
13406,2119289,5964.46
13406,2141067,5964.42
13406,2162776,5964.42
13406,2184836,5964.47
13406,2206600,5964.47
13406,2228476,5964.38
13406,2250601,5964.38
13406,2272538,5964.5
13406,2294788,5964.5
13406,2317169,5964.5
13406,2339111,5964.46
13406,2361078,5964.46
13406,2382999,5964.47
13406,2405123,5964.47
13406,2427269,5964.5
13406,2449272,5964.5
13406,2471552,5964.52
13406,2493683,5964.52
13406,2515454,5964.52
13406,2537375,5964.52
13406,2559646,5964.52
13406,2581847,5964.39
13406,2604549,5964.39
13406,2626683,5964.55
13406,2649239,5964.55
13406,2671479,5964.55
13406,2692224,5964.49
13406,2692482,5964.49
13406,2692789,5964.48
13406,2693101,5964.48
13406,2693408,5965.54
13406,2693676,5965.54
13406,2703558,5965.54
13406,2724939,5965.54
13406,2746639,5965.54
13406,2768761,5964.31
13406,2790628,5964.31
13406,2812716,5964.41
13406,2834717,5964.41
13406,2857105,5964.45
13406,2879073,5964.45
13406,2900807,5964.31
13406,2922524,5964.31
13406,2944099,5964.31
13406,2965788,5964.54
13406,2987938,5964.54
13406,3009561,5964.51
13406,3031606,5964.51
13406,3053574,5964.41
13406,3075375,5964.41
13406,3097248,5964.46
13406,3118990,5964.46
13406,3141150,5964.46
13406,3163592,5964.49
13406,3185951,5964.49
13406,3208462,5964.55
13406,3231047,5964.55
13406,3253258,5964.5
13406,3275535,5964.5
13406,3297960,5964.52
13406,3320323,5964.52
13406,3342292,5964.52
13406,3364436,5964.55
13406,3386135,5964.55
13406,3408536,5964.52
13406,3430839,5964.52
13406,3453570,5964.49
13406,3476299,5964.49
13406,3498658,5964.46
13406,3521054,5964.46
13406,3543328,5964.46
13406,3565850,5964.45
13406,3587976,5964.45
13406,3610269,5964.42
13406,3632575,5964.42
13406,3654663,5964.49
13406,3676824,5964.49
13406,3698957,5964.49
13406,3720993,5964.5
13406,3742917,5964.5
13406,3765529,5964.59
13406,3787707,5964.59
13406,3810187,5964.42
13406,3833109,5964.42
13406,3855353,5964.4
13406,3877663,5964.4
13406,3900050,5964.4
13406,3922333,5964.5
13406,3944325,5964.5
13406,3966350,5964.39
13406,3988512,5964.39
13406,4010294,5964.47
13406,4032363,5964.47
13406,4054350,5964.51
13406,4076450,5964.51
13406,4098705,5964.51
13406,4120977,5964.55
13406,4143256,5964.55
13406,4165621,5964.49
13406,4188036,5964.49
13406,4209735,5964.5
13406,4231705,5964.5
13406,4253314,5964.48
13406,4275560,5964.48
13406,4298002,5964.48
13406,4320564,5964.49
13406,4343166,5964.49
13406,4365521,5964.43
13406,4388129,5964.43
13406,4410166,5964.39
13406,4432915,5964.39
13406,4455419,5964.43
13406,4478225,5964.43
13406,4500873,5964.43
13406,4523424,5964.46
13406,4545958,5964.46
13406,4568421,5964.48
13406,4590594,5964.48
13406,4602646,5964.36
13406,4602952,5964.36
13406,4603239,5965.54
13406,4603606,5965.54
13406,4603924,5965.54
13406,4604229,5965.54
13406,4604551,5965.54
13406,4604792,5965.54
13406,4605101,5965.54
13406,4605404,5965.54
13406,4605756,5965.54
13406,4606003,5965.54
13406,4613352,5965.54
13406,4632717,5965.54
13406,4653252,5964.91
13406,4674749,5964.91
13406,4696371,5964.26
13406,4718378,5964.26
13406,4740414,5964.51
13406,4762492,5964.51
13406,4784899,5964.54
13406,4807161,5964.54
13406,4828922,5964.54
13406,4850626,5964.44
13406,4872580,5964.44
13406,4894456,5964.43
13406,4916617,5964.43
13406,4938764,5964.47
13406,4960912,5964.47
13406,4982946,5964.4
13406,5005824,5964.4
13406,5027960,5964.4
13406,5049721,5964.49
13406,5072021,5964.49
13406,5094418,5964.42
13406,5116733,5964.42
13406,5138917,5964.49
13406,5160954,5964.49
13406,5180916,5964.49
13406,5181156,5964.49
13406,5181453,5964.49
13406,5181828,5965.54
13406,5190671,5965.54
13406,5211655,5965.54
13406,5233788,5965.54
13406,5255952,5964.74
13406,5277988,5964.74
13406,5299849,5964.74
13406,5321739,5964.4
13406,5343750,5964.4
13406,5365645,5964.43
13406,5387900,5964.43
13406,5409923,5964.41
13406,5431801,5964.41
13406,5453505,5964.49
13406,5475417,5964.49
13406,5497222,5964.49
13406,5519305,5964.34
13406,5541239,5964.34
13406,5563266,5964.46
13406,5585657,5964.46
13406,5607679,5964.48
13406,5630080,5964.48
13406,5652740,5964.48
13406,5675016,5964.47
13406,5697266,5964.47
13406,5719957,5964.51
13406,5742488,5964.51
13406,5764486,5964.45
13406,5786869,5964.45
13406,5809043,5964.48
13406,5831438,5964.48
13406,5853819,5964.48
13406,5876478,5964.39
13406,5898767,5964.39
13406,5911959,5964.38
13406,5912305,5964.38
13406,5912542,5965.54
13406,5912843,5965.54
13406,5913149,5965.54
13406,5913451,5965.54
13406,5913834,5965.54
13406,5914148,5965.54
13406,5914452,5965.54
13406,5920699,5965.54
13406,5940174,5965.54
13406,5961078,5964.57
13406,5982509,5964.57
13406,6004320,5964.66
13406,6025582,5964.66
13406,6047041,5964.66
13406,6069020,5964.25
13406,6091311,5964.25
13406,6106303,5964.46
13406,6106591,5964.46
13406,6106901,5965.54
13406,6108782,5965.54
13406,6109028,5965.54
13406,6109333,5964.36
13406,6109645,5964.36
13406,6109937,5965.54
13406,6110262,5965.54
13406,6110623,5965.54
13406,6110913,5965.54
13406,6111227,5965.54
13406,6111547,5965.54
13406,6111815,5965.54
13406,6112094,5965.54
13406,6113740,5965.54
13406,6129076,5965.54
13406,6149008,5965.54
13406,6169165,5964.19
13406,6189987,5964.19
13406,6211478,5964.41
13406,6232636,5964.41
13406,6254626,5964.41
13406,6276145,5964.38
13406,6298043,5964.38
13406,6319995,5964.57
13406,6332654,5964.57
13406,6332971,5964.38
13406,6333283,5964.38
13406,6333577,5965.54
13406,6333817,5965.54
13406,6334144,5965.54
13406,6334697,5965.54
13406,6346388,5965.54
13406,6348004,5965.54
13406,6348296,5965.54
13406,6348619,5965.54
13406,6348923,5965.54
13406,6349167,5965.54
13406,6349479,5965.54
13406,6349787,5965.54
13406,6350173,5965.54
13406,6350546,5965.54
13406,6350848,5965.54
13406,6351159,5965.54
13406,6351464,5965.54
13406,6351706,5965.54
13406,6354652,5965.54
13406,6373466,5965.54
13406,6393748,5965.54
13406,6414064,5964.3
13406,6434729,5964.3
13406,6455590,5964.13
13406,6477003,5964.13
13406,6498161,5964.44
13406,6519998,5964.44
13406,6541529,5964.44
13406,6563430,5964.27
13406,6584946,5964.27
13406,6606573,5964.47
13406,6628065,5964.47
13406,6649948,5964.49
13406,6671849,5964.49
13406,6693511,5964.46
13406,6715666,5964.46
13406,6737492,5964.46
13406,6759320,5964.36
13406,6781237,5964.36
13406,6802881,5964.64
13406,6825180,5964.64
13407,61764,5964.59
13407,83446,5964.59
13407,105594,5964.49
13407,127810,5964.49
13407,149768,5964.39
13407,172331,5964.39
13407,194434,5964.48
13407,216822,5964.48
13407,238951,5964.47
13407,261214,5964.47
13407,283560,5964.47
13407,305180,5964.38
13407,327145,5964.38
13407,349302,5964.46
13407,371828,5964.46
13407,393829,5964.46
13407,415837,5964.46
13407,437978,5964.46
13407,459772,5964.51
13407,481770,5964.51
13407,503777,5964.47
13407,525927,5964.47
13407,548351,5964.57
13407,570354,5964.57
13407,592738,5964.5
13407,615211,5964.5
13407,621546,5964.5
13407,621856,5964.51
13407,622159,5964.51
13407,626973,5965.54
13407,647842,5965.54
13407,669332,5964.25
13407,6891383,5964.43
13407,6913784,5964.43
13407,6936055,5964.44
13407,6958234,5964.44
13407,6980485,5964.44
13407,7003008,5964.44
13407,7025263,5964.44
13407,7047672,5964.42
13407,7069647,5964.42
13407,7091938,5964.39
13407,7114343,5964.39
13407,7136751,5964.47
13407,7158907,5964.47
13407,7181547,5964.47
13407,7204179,5964.5
13407,7226866,5964.5
13407,7249653,5964.51
13407,7272005,5964.51
13407,7294335,5964.52
13407,7316664,5964.52
13407,7338621,5964.4
13407,7360772,5964.4
13407,7382537,5964.4
13407,7404296,5964.52
13407,7426362,5964.52
13407,7448303,5964.51
13407,7470341,5964.51
13407,7492374,5964.35
13407,7514266,5964.35
13407,7536370,5964.39
13407,7558637,5964.39
13407,691212,5964.25
13407,713111,5964.25
13407,734809,5964.58
13407,756644,5964.58
13407,778529,5964.49
13407,800297,5964.49
13407,822542,5964.47
13407,844476,5964.47
13407,866314,5964.49
13407,888612,5964.49
13407,910367,5964.49
13407,932569,5964.41
13407,954573,5964.41
13407,976733,5964.51
13407,998909,5964.51
13407,1021270,5964.41
13407,1043500,5964.41
13407,1065469,5964.41
13407,1088062,5964.36
13407,1110804,5964.36
13407,1133450,5964.42
13407,1156217,5964.42
13407,1178995,5964.55
13407,1201401,5964.55
13407,1224474,5964.55
13407,1246951,5964.43
13407,1269538,5964.43
13407,1291943,5964.5
13407,1313948,5964.5
13407,1335693,5964.54
13407,1357602,5964.54
13407,7580677,5964.39
13407,7602941,5964.41
13407,7624774,5964.41
13407,7646706,5964.46
13407,7668736,5964.46
13407,7690869,5964.38
13407,7712904,5964.38
13407,7735280,5964.38
13407,7757570,5964.41
13407,7776568,5964.41
13407,7776872,5964.43
13407,7777178,5964.43
13407,7777539,5965.54
13407,7777792,5965.54
13407,7778102,5965.54
13407,7781705,5965.54
13407,7802438,5965.54
13407,7823792,5964.54
13407,7845839,5964.54
13407,7867574,5964.08
13407,7889331,5964.08
13407,7911103,5964.41
13407,7932852,5964.41
13407,7954737,5964.41
13407,7977017,5964.39
13407,7998990,5964.39
13407,8020946,5964.39
13407,8042975,5964.39
13407,8065201,5964.41
13407,8087098,5964.41
13407,8109129,5964.43
13407,8130998,5964.43
13407,8152640,5964.43
13407,8171964,5964.41
13407,8172285,5964.41
13407,8172590,5964.5
13407,8172903,5964.5
13407,8175777,5965.54
13407,8197144,5965.54
13407,8219035,5964.34
13407,8221744,5964.34
13407,8222094,5964.34
13407,8222409,5965.54
13407,8222665,5965.54
13407,8223033,5965.54
13407,8223330,5965.54
13407,8223577,5965.54
13407,8223887,5965.54
13407,8224192,5965.54
13407,8224562,5965.54
13407,8224860,5965.54
13407,8225113,5965.54
13407,8225460,5965.54
13407,8225710,5965.54
13407,8226077,5965.54
13407,8226329,5965.54
13407,8226655,5965.54
13407,8226961,5965.54
13407,8227339,5965.54
13407,8227635,5965.54
13407,8227882,5965.54
13407,8228187,5965.54
13407,8228500,5965.54
13407,8229677,5965.54
13407,8244308,5965.54
13407,8263482,5965.54
13407,8283695,5965.54
13407,8304447,5964.55
13407,8325571,5964.55
13407,8346920,5964.4
13407,8368808,5964.4
13407,8390403,5964.48
13407,8411836,5964.48
13407,8433341,5964.57
13407,8438852,5964.57
13407,8439077,5964.57
13407,8439410,5965.54
13407,8439715,5965.54
13407,8440027,5965.54
13407,8441684,5965.54
13407,8458963,5965.54
13407,8480143,5965.54
13407,8501195,5964.4
13407,8522325,5964.4
13407,8544231,5964.4
13407,8565595,5964.42
13407,8587163,5964.42
13407,8608789,5964.42
13407,8630762,5964.42
13407,8652367,5964.52
13407,8674138,5964.52
13407,8696037,5964.52
13407,8717809,5964.41
13407,8740049,5964.41
13407,8761546,5964.39
13407,8783719,5964.39
13407,8805588,5964.49
13407,8827595,5964.49
13407,8850290,5964.54
13407,8872624,5964.54
13407,8894752,5964.54
13407,8916779,5964.46
13407,8939139,5964.46
13407,8961500,5964.4
13407,8983891,5964.4
13407,9006288,5964.43
13407,9028819,5964.43
13407,9044291,5964.36
13407,9044548,5964.36
13407,9045008,5964.36
13407,9054401,5965.54
13407,9076264,5965.54
13407,9098153,5964.69
13407,9120225,5964.69
13407,9142891,5964.67
13407,9164977,5964.67
13407,9186903,5964.52
13407,9208574,5964.52
13407,9230125,5964.52
13407,9251637,5964.43
13407,9273537,5964.43
13407,9295423,5964.36
13407,9317169,5964.36
13407,9339073,5964.53
13407,9361074,5964.53
13407,9383615,5964.53
13407,9406451,5964.37
13407,9428912,5964.37
13407,9451175,5964.29
13407,9473496,5964.29
13407,9496454,5964.41
13407,9518665,5964.41
13407,9540913,5964.39
13407,9563207,5964.39
13407,9585343,5964.39
13407,9607707,5964.45
13407,9630370,5964.45
13407,9652668,5964.43
13407,9674848,5964.43
13407,9697382,5964.27
13407,9720116,5964.27
13407,9742400,5964.44
13407,9750182,5964.44
13407,9750502,5964.44
13407,9750811,5965.54
13407,9751125,5965.54
13407,9751363,5965.54
13407,9751669,5965.54
13407,9751984,5965.54
13407,9752301,5965.54
13407,9752660,5965.54
13407,9754659,5965.54
13407,9773430,5965.54
13407,9794221,5964.95
13407,9815464,5964.95
13407,9837094,5964.49
13407,9858793,5964.49
13407,9880850,5964.29
13407,9902641,5964.29
13407,9924710,5964.29
13407,9947042,5964.53
13407,9969259,5964.53
13407,9991718,5964.34
13407,10013618,5964.34
13407,10035645,5964.48
13407,10057777,5964.48
13407,10079643,5964.49
13407,10101669,5964.49
13407,10123799,5964.49
13407,10145943,5964.41
13407,10168079,5964.41
13407,10189988,5964.43
13407,10212185,5964.43
13407,10234288,5964.44
13407,10256291,5964.44
13407,10278453,5964.43
13407,10300790,5964.43
13407,10323102,5964.43
13407,10345137,5964.42
13407,10355694,5964.42
13407,10356006,5964.44
13407,10356303,5964.44
13407,10356668,5965.54
13407,10356923,5965.54
13407,10357233,5965.54
13407,10357529,5965.54
13407,10357873,5965.54
13407,10358204,5965.54
13407,10359504,5965.54
13407,10359849,5965.54
13407,10360162,5965.54
13407,10360479,5965.54
13407,10360784,5965.54
13407,10361091,5965.54
13407,10361436,5965.54
13407,10361773,5965.54
13407,10362217,5965.54
13407,10371850,5965.54
13407,10391032,5964.51
13407,10411021,5964.51
13407,10431756,5964.3
13407,10452899,5964.3
13407,10474420,5964.3
13407,10495946,5964.57
13407,10517527,5964.57
13407,10539217,5964.43
13407,10561037,5964.43
13407,10582784,5964.39
13407,10604036,5964.39
13407,10625949,5964.52
13407,10647690,5964.52
13407,10669188,5964.52
13407,10690727,5964.47
13407,10712345,5964.47
13407,10734081,5964.52
13407,10749827,5964.52
13407,10750065,5964.51
13407,10750338,5964.51
13407,10750686,5965.54
13407,10755950,5965.54
13407,10781194,5965.54
13407,10805988,5964.75
13407,10829417,5964.75
13407,10852068,5964.56
13407,10874364,5964.56
13407,10896864,5964.56
13407,10919131,5964.56
13407,10941152,5964.56
13407,10963247,5964.44
13407,10985317,5964.44
13407,11007089,5964.45
13407,11029129,5964.45
13407,11050992,5964.44
13407,11072922,5964.44
13407,11094903,5964.42
13407,11117267,5964.42
13407,11139115,5964.42
13407,11160564,5964.4
13407,11182623,5964.4
13407,11204840,5964.47
13407,11227115,5964.47
13407,11249253,5964.41
13407,11271264,5964.41
13407,11293664,5964.41
13407,11315637,5964.41
13407,11337481,5964.41
13407,11359354,5964.58
13407,11381486,5964.58
13407,11403935,5964.44
13407,11426403,5964.44
13407,11448548,5964.44
13407,11470850,5964.37
13407,11493594,5964.37
13407,11516119,5964.44
13407,11538839,5964.44
13407,11561611,5964.4
13407,11583962,5964.4
13407,11606491,5964.4
13407,11629107,5964.4
13407,11651835,5964.4
13407,11672556,5964.47
13407,11672800,5964.47
13407,11673166,5964.45
13407,11673763,5964.45
13407,11686887,5965.54
13407,11709113,5965.54
13407,11730735,5965.54
13407,11752990,5964.2
13407,11775302,5964.2
13407,11797178,5964.7
13407,11818950,5964.7
13407,11841091,5964.34
13407,11862834,5964.34
13407,11884949,5964.49
13407,11906884,5964.49
13407,11928998,5964.49
13407,11951039,5964.49
13407,11973412,5964.49
13407,11995389,5964.44
13407,12017729,5964.44
13407,12039851,5964.44
13407,12062016,5964.44
13407,12084149,5964.44
13407,12106557,5964.51
13407,12128685,5964.51
13407,12150997,5964.41
13407,12173105,5964.41
13407,12194744,5964.48
13407,12216698,5964.48
13407,12238680,5964.39
13407,12260850,5964.39
13407,12282796,5964.39
13407,12304866,5964.39
13407,12326714,5964.39
13407,12348471,5964.46
13407,12370818,5964.46
13407,12392760,5964.51
13407,12414545,5964.51
13407,12436884,5964.51
13407,12459460,5964.41
13407,12482231,5964.41
13407,12504997,5964.42
13407,12527664,5964.42
13407,12550262,5964.4
13407,12572336,5964.4
13407,12594525,5964.4
13407,12616748,5964.41
13407,12639046,5964.41
13407,12661046,5964.39
13407,12682931,5964.39
13407,12705137,5964.41
13407,12727497,5964.41
13407,12749477,5964.41
13407,12771689,5964.54
13407,12793795,5964.54
13407,12815818,5964.43
13407,12837805,5964.43
13407,12859718,5964.5
13407,12877829,5964.5
13407,12878107,5964.43
13407,12878410,5964.43
13407,12878781,5964.43
13407,12879097,5965.54
13407,12879399,5965.54
13407,12879650,5965.54
13407,12879954,5965.54
13407,12880258,5965.54
13407,12880624,5965.54
13407,12880942,5965.54
13407,12882117,5965.54
13407,12897605,5965.54
13407,12918006,5965.54
13407,12939072,5965.54
13407,12960829,5964.21
13407,12982226,5964.21
13407,13004031,5964.66
13407,13026116,5964.66
13407,13047763,5964.66
13407,13069544,5964.51
13407,13091410,5964.51
13407,13113327,5964.42
13407,13135305,5964.42
13407,13157762,5964.45
13407,13179922,5964.45
13407,13202624,5964.56
13407,13224662,5964.56
13407,13246398,5964.56
13407,13268881,5964.48
13407,13291224,5964.48
13407,13313357,5964.55
13407,13335385,5964.55
13407,13357790,5964.54
13407,13380561,5964.54
13407,13402567,5964.54
13407,13424719,5964.43
13407,13447101,5964.43
13407,13469017,5964.42
13407,13490735,5964.42
13407,13512796,5964.48
13407,13534256,5964.48
13407,13555919,5964.44
13407,13577580,5964.44
13407,13599171,5964.44
13407,13621069,5964.49
13407,13643118,5964.49
13407,13665370,5964.57
13407,13687489,5964.57
13407,13709844,5964.54
13407,13731732,5964.54
13407,13753556,5964.54
13407,13775702,5964.49
13407,13797693,5964.49
13407,13819506,5964.61
13407,13841424,5964.61
13407,13863656,5964.42
13407,13885712,5964.42
13407,13907798,5964.56
13407,13929689,5964.56
13407,13951440,5964.56
13407,13973453,5964.48
13407,13981109,5964.48
13407,1379364,5964.49
13407,1401765,5964.49
13407,1423634,5964.49
13407,1445402,5964.47
13407,1467609,5964.47
13407,1489551,5964.56
13407,1511324,5964.56
13407,1533088,5964.41
13407,1554662,5964.41
13407,1576605,5964.46
13407,1598607,5964.46
13407,1620630,5964.46
13407,1631019,5964.5
13407,1631318,5964.5
13407,1631815,5965.54
13407,1644221,5965.54
13407,1665760,5964.66
13407,1687581,5964.66
13407,1709648,5964.66
13407,1732196,5964.62
13407,1754371,5964.62
13407,1776200,5964.32
13407,1798335,5964.32
13407,1820498,5964.48
13407,1842233,5964.48
13407,1863743,5964.43
13407,1885135,5964.43
13407,1906916,5964.43
13407,1928372,5964.43
13407,1949829,5964.43
13407,1971638,5964.44
13407,1993765,5964.44
13407,2015700,5964.48
13407,2037822,5964.48
13407,2059859,5964.51
13407,2081616,5964.51
13407,2103732,5964.51
13407,2125639,5964.52
13407,2147796,5964.52
13407,2169910,5964.43
13407,2192017,5964.43
13407,2214197,5964.51
13407,2236705,5964.51
13407,2258759,5964.54
13407,2280906,5964.54
13407,2302921,5964.54
13407,2325089,5964.45
13407,2347945,5964.45
13407,2370375,5964.52
13407,2392737,5964.52
13407,2415166,5964.37
13407,2437438,5964.37
13407,2459596,5964.37
13407,2481841,5964.5
13407,2504561,5964.5
13407,2527042,5964.42
13407,2549432,5964.42
13407,2571719,5964.45
13407,2594125,5964.45
13407,2617031,5964.45
13407,2639799,5964.45
13407,2662094,5964.45
13407,2684549,5964.51
13407,2707004,5964.51
13407,2729553,5964.53
13407,2751951,5964.53
13407,2773617,5964.49
13407,2795628,5964.49
13407,2817233,5964.46
13407,2838858,5964.46
13407,2860537,5964.46
13407,2882487,5964.44
13407,2904127,5964.44
13407,2925897,5964.43
13407,2947876,5964.43
13407,2969916,5964.44
13407,2992060,5964.44
13407,3014057,5964.44
13407,3036347,5964.52
13407,3058707,5964.52
13407,3081293,5964.4
13407,3103934,5964.4
13407,3126352,5964.33
13407,3148857,5964.33
13407,3171384,5964.46
13407,3193539,5964.46
13407,3216028,5964.46
13407,3239108,5964.46
13407,3261633,5964.46
13407,3284176,5964.43
13407,3306809,5964.43
13407,3329210,5964.43
13407,3351664,5964.43
13407,3374279,5964.46
13407,3397081,5964.46
13407,3419603,5964.46
13407,3441719,5964.43
13407,3463956,5964.43
13407,3485646,5964.38
13407,3507533,5964.38
13407,3529545,5964.43
13407,3551859,5964.43
13407,3574030,5964.43
13407,3596008,5964.29
13407,3617844,5964.29
13407,3639491,5964.53
13407,3661683,5964.53
13407,3683744,5964.49
13407,3705745,5964.49
13407,3727680,5964.48
13407,3749971,5964.48
13407,3772120,5964.48
13407,3794071,5964.38
13407,3816395,5964.38
13407,3838430,5964.43
13407,3860999,5964.43
13407,3883085,5964.41
13407,3905547,5964.41
13407,3927540,5964.41
13407,3949643,5964.46
13407,3971910,5964.46
13407,3993734,5964.45
13407,4015497,5964.45
13407,4037652,5964.39
13407,4059842,5964.39
13407,4081716,5964.36
13407,4103757,5964.36
13407,4125751,5964.36
13407,4147521,5964.37
13407,4169425,5964.37
13407,4191288,5964.48
13407,4212920,5964.48
13407,4234952,5964.42
13407,4256940,5964.42
13407,4278884,5964.43
13407,4300609,5964.43
13407,4322573,5964.43
13407,4344477,5964.52
13407,4366153,5964.52
13407,4388158,5964.41
13407,4410067,5964.41
13407,4431821,5964.56
13407,4453698,5964.56
13407,4475459,5964.56
13407,4497257,5964.5
13407,4519454,5964.5
13407,4540961,5964.5
13407,4563405,5964.5
13407,4585536,5964.49
13407,4607764,5964.49
13407,4630263,5964.48
13407,4652728,5964.48
13407,4674762,5964.48
13407,4696685,5964.42
13407,4718793,5964.42
13407,4741053,5964.48
13407,4762956,5964.48
13407,4785032,5964.32
13407,4807240,5964.32
13407,4829675,5964.46
13407,4852566,5964.46
13407,4875330,5964.46
13407,4897858,5964.39
13407,4920249,5964.39
13407,4942945,5964.4
13407,4959195,5964.4
13407,4959460,5964.47
13407,4959823,5964.47
13407,4970258,5964.47
13407,4991890,5965.54
13407,5013884,5965.54
13407,5035987,5964.32
13407,5057679,5964.32
13407,5079807,5964.35
13407,5101839,5964.35
13407,5123805,5964.51
13407,5145940,5964.51
13407,5167980,5964.51
13407,5190313,5964.47
13407,5212283,5964.47
13407,5234023,5964.45
13407,5255963,5964.45
13407,5277666,5964.45
13407,5298960,5964.45
13407,5321062,5964.57
13407,5343329,5964.57
13407,5365233,5964.57
13407,5387336,5964.5
13407,5409368,5964.5
13407,5431400,5964.45
13407,5453671,5964.45
13407,5475431,5964.55
13407,5497430,5964.55
13407,5519670,5964.55
13407,5541260,5964.51
13407,5563092,5964.51
13407,5585228,5964.46
13407,5607388,5964.46
13407,5629261,5964.43
13407,5651533,5964.43
13407,5673834,5964.36
13407,5696047,5964.36
13407,5718346,5964.36
13407,5740555,5964.38
13407,5762965,5964.38
13407,5785311,5964.47
13407,5807980,5964.47
13407,5830089,5964.5
13407,5852254,5964.5
13407,5874448,5964.32
13407,5896798,5964.32
13407,5918948,5964.32
13407,5941222,5964.45
13407,5963488,5964.45
13407,5985369,5964.4
13407,6007780,5964.4
13407,6030679,5964.41
13407,6053305,5964.41
13407,6075775,5964.41
13407,6098636,5964.49
13407,6121208,5964.49
13407,6143698,5964.51
13407,6166060,5964.51
13407,6188031,5964.53
13407,6209904,5964.53
13407,6232011,5964.38
13407,6253780,5964.38
13407,6275682,5964.38
13407,6297823,5964.48
13407,6319461,5964.48
13407,6341215,5964.47
13407,6363183,5964.47
13407,6384852,5964.55
13407,6406484,5964.55
13407,6428375,5964.55
13407,6450159,5964.55
13407,6471769,5964.55
13407,6493390,5964.47
13407,6515531,5964.47
13407,6537796,5964.48
13407,6559835,5964.48
13407,6571435,5964.4
13407,6571748,5964.4
13407,6572057,5964.4
13407,6572420,5965.54
13407,6572727,5965.54
13407,6573041,5965.54
13407,6573350,5965.54
13407,6573653,5965.54
13407,6573956,5965.54
13407,6574200,5965.54
13407,6574518,5965.54
13407,6574889,5965.54
13407,6575134,5965.54
13407,6575482,5965.54
13407,6575799,5965.54
13407,6576109,5965.54
13407,6576412,5965.54
13407,6576653,5965.54
13407,6577031,5965.54
13407,6577331,5965.54
13407,6577647,5965.54
13407,6577890,5965.54
13407,6578196,5965.54
13407,6578569,5965.54
13407,6578876,5965.54
13407,6579180,5965.54
13407,6579442,5965.54
13407,6579746,5965.54
13407,6580118,5965.54
13407,6580421,5965.54
13407,6580737,5965.54
13407,6580978,5965.54
13407,6581279,5965.54
13407,6582883,5965.54
13407,6597919,5965.54
13407,6617088,5965.54
13407,6636937,5964.02
13407,6657290,5964.02
13407,6678125,5964.02
13407,6698764,5964.51
13407,6719604,5964.51
13407,6740770,5964.44
13407,6762113,5964.44
13407,6783367,5964.45
13407,6804864,5964.45
13407,6826327,5964.45
13407,6847743,5964.45
13407,6869487,5964.45
