runnum,evnum,HALLA_p
11996,61267,7907.35
11996,90095,7907.29
11996,119003,7907.29
11996,147821,7907.2
11996,177110,7907.2
11996,206425,7907.2
11996,235498,7907.1
11996,264696,7907.1
11996,293230,7907.22
11996,322392,7907.22
11996,351578,7907.15
11996,381160,7907.15
11996,411070,7907.15
11996,440554,7907.36
11996,469743,7907.36
11996,498797,7907.3
11996,528078,7907.3
11996,557679,7907.29
11996,586980,7907.29
11996,616300,7907.32
11996,645097,7907.32
11996,674511,7907.32
11996,703968,7907.38
11996,733305,7907.38
11996,762708,7907.42
11996,792156,7907.42
11996,821222,7907.3
11996,850693,7907.3
11996,880256,7907.3
11996,909650,7907.09
11996,939115,7907.09
11996,13705,7907.38
11996,43151,7907.38
11996,72466,7907.11
11996,101627,7907.11
11996,130975,7907.11
11996,160418,7907.12
11996,163580,7907.12
11996,163768,7907.41
11996,163914,7907.41
11996,164045,7906.38
11996,164211,7906.38
11996,164381,7906.38
11996,164538,7906.38
11996,164704,7906.38
11996,164873,7906.38
11996,165031,7906.38
11996,165197,7906.38
11996,165379,7906.38
11996,165520,7906.38
11996,165688,7906.38
11996,165844,7906.38
11996,165991,7906.38
11996,166183,7906.38
11996,166347,7906.38
11996,166509,7906.38
11996,166674,7906.38
11996,166833,7906.38
11996,167001,7906.38
11996,167208,7906.38
11996,167392,7906.38
11996,167512,7906.38
11996,167689,7906.38
11996,167863,7906.38
11996,168019,7906.38
11996,169198,7906.38
11996,184492,7906.38
11996,210423,7909.47
11996,237651,7909.47
11996,266099,7906.63
11996,294757,7906.63
11996,323830,7906.63
11996,335719,7907.78
11996,335885,7907.78
11996,338136,7906.38
11996,357989,7906.38
11996,387025,7909.38
11996,415540,7909.38
11996,444634,7906.57
11996,474071,7906.57
11996,503251,7906.57
11996,532302,7907.75
11996,561963,7907.75
11996,591560,7907.36
11996,621111,7907.36
11996,650540,7907.28
11996,679894,7907.28
11996,708982,7907.28
11996,738109,7907.14
11996,767185,7907.14
11996,796746,7907.56
11996,825909,7907.56
11996,854659,7907.17
11996,883666,7907.17
11996,912690,7907.34
11996,941800,7907.34
11996,5220,7907.34
11996,34780,7907.23
11996,64238,7907.23
11996,93500,7907.27
11996,122833,7907.27
11996,152282,7907.47
11996,181355,7907.47
11996,210771,7907.47
11996,239900,7907.5
11996,269096,7907.5
11996,298573,7907.46
11996,327924,7907.46
11996,357469,7907.37
11996,386552,7907.37
11996,415270,7907.34
11996,444120,7907.34
11996,473320,7907.34
11996,502764,7907.21
11996,532458,7907.21
11996,562321,7907.26
11996,591689,7907.26
11996,621433,7907.38
11996,650990,7907.38
11996,680424,7907.15
11996,710433,7907.15
11996,739951,7907.15
11996,769555,7907.22
11996,799472,7907.22
11996,829032,7907.21
11996,858360,7907.21
11996,887697,7907.4
11996,916906,7907.4
11996,946270,7907.41
11996,16644,7907.41
11996,46561,7907.41
11996,76142,7907.2
11996,105445,7907.2
11996,134785,7907.32
11996,163899,7907.32
11996,193113,7907.32
11996,222212,7907.6
11996,251611,7907.6
11996,280836,7907.21
11996,310520,7907.21
11996,340091,7907.52
11996,369653,7907.52
11996,398648,7907.23
11996,427730,7907.23
11996,456689,7907.23
11996,485727,7907.5
11996,515232,7907.5
11996,544485,7907.22
11996,574076,7907.22
11996,603761,7907.47
11996,633469,7907.47
11996,663174,7907.28
11996,692336,7907.28
11996,721656,7907.28
11996,751060,7907.31
11996,780709,7907.31
11996,810498,7907.34
11996,840054,7907.34
11996,869694,7907.45
11996,899071,7907.45
11996,928476,7907.34
11996,958182,7907.34
11996,29504,7907.34
11996,29772,7907.17
11996,29944,7907.17
11996,30096,7906.38
11996,30196,7906.38
11996,30384,7906.38
11996,30574,7906.38
11996,30725,7906.38
11996,30914,7906.38
11996,31045,7906.38
11996,31210,7906.38
11996,31386,7906.38
11996,31545,7906.38
11996,31700,7906.38
11996,31863,7906.38
11996,32034,7906.38
11996,32198,7906.38
11996,32377,7906.38
11996,32505,7906.38
11996,32685,7906.38
11996,32829,7906.38
11996,33007,7906.38
11996,36182,7906.38
11996,56211,7906.38
11996,83053,7906.38
11996,111064,7906.38
11996,139431,7906.79
11996,168301,7906.79
11996,197197,7908.02
11996,226329,7908.02
11996,255707,7907.53
11996,285108,7907.53
11996,314468,7907.4
11996,344042,7907.4
11996,373614,7907.4
11996,403164,7907.34
11996,429811,7907.34
11996,429933,7907.22
11996,430096,7907.22
11996,432563,7906.38
11996,453081,7906.38
11996,481969,7906.38
11997,66401,7906.65
11997,95833,7907.55
11997,125308,7907.55
11997,154910,7907.55
11997,184436,7907.59
11997,213589,7907.59
11997,243035,7907.25
11997,272704,7907.25
11997,302553,7907.49
11997,332166,7907.49
11997,361889,7907.47
11997,391545,7907.47
11997,421114,7907.47
11997,450388,7907.21
11997,479783,7907.21
11997,508806,7907.24
11997,538219,7907.24
11997,567617,7907.08
11997,597325,7907.08
11997,627076,7907.08
11997,656727,7907.48
11997,685949,7907.48
11997,715216,7907.36
11997,744677,7907.36
11997,774001,7907.37
11997,803289,7907.37
11997,832350,7907.33
11997,861666,7907.33
11997,891369,7907.33
11997,921327,7907.05
11997,950714,7907.05
11997,28258,7907.35
11997,58136,7907.35
11997,87947,7907.2
11997,117622,7907.2
11997,146906,7907.2
11997,176376,7907.66
11997,205940,7907.66
11997,226430,7907.3
11997,226588,7907.3
11997,226754,7906.38
11997,240929,7906.38
11997,269374,7908.54
11997,26193,7907.29
11997,56231,7907.17
11997,86170,7907.17
11997,116028,7907.64
11997,145395,7907.64
11997,175221,7907.64
11997,204336,7907.3
11997,233964,7907.3
11997,263139,7907.45
11997,292543,7907.45
11997,322010,7907.24
11997,351601,7907.24
11997,381309,7907.24
11997,411002,7907.3
11997,440575,7907.3
11997,470017,7907.47
11997,499684,7907.47
11997,528907,7907.24
11997,558637,7907.24
11997,588499,7907.55
11997,617578,7907.55
11997,646928,7907.55
11997,676573,7907.3
11997,706290,7907.3
11997,735957,7907.19
11997,765160,7907.19
11997,794604,7907.3
11997,823854,7907.3
11997,852878,7907.35
11997,882825,7907.35
11997,912745,7907.35
11997,942179,7907.42
11997,17878,7907.42
11997,47345,7907.34
11997,76899,7907.34
11997,106679,7907.25
11997,136449,7907.25
11997,166096,7907.33
11997,196186,7907.33
11997,226298,7907.33
11997,256343,7907.15
11997,285948,7907.15
11997,315370,7907.27
11997,344788,7907.27
11997,373973,7907.56
11997,375477,7907.56
11997,375477,7907.4
11997,375477,7907.4
11997,375477,7907.29
11997,375477,7907.29
11997,375477,7907.29
11997,375477,7907.1
11997,375477,7907.1
11998,69070,7907.43
11998,98566,7907.43
11998,127958,7906.92
11998,157027,7906.92
11998,186800,7907.44
11998,216539,7907.44
11998,246536,7907.13
11998,276245,7907.13
11998,292164,7907.31
11998,292364,7907.31
11998,292465,7907.31
11998,298858,7906.38
11998,324592,7906.38
11998,353262,7910.3
11998,382104,7910.3
11998,411869,7905.86
11998,441433,7905.86
11998,471016,7907.7
11998,500454,7907.7
11998,529867,7907.7
11998,559311,7907.25
11998,588872,7907.25
11998,618691,7907.64
11998,648280,7907.64
11998,678425,7907.38
11998,708290,7907.38
11998,738078,7907.79
11998,740805,7907.79
11998,740895,7907.79
11998,741106,7906.38
11998,754457,7906.38
11998,782124,7906.38
11998,810680,7906.38
11998,839361,7905.2
11998,869025,7905.2
11998,899129,7907.83
11998,928685,7907.83
11998,957995,7907.83
11998,28284,7907.4
11998,57637,7907.4
11998,87697,7906.96
11998,117449,7906.96
11998,147285,7907.4
11998,176853,7907.4
11998,206020,7907.33
11998,235091,7907.33
11998,264422,7907.33
11998,294381,7907.41
11998,324337,7907.41
11998,353882,7907.43
11998,383275,7907.43
11998,412882,7907.28
11998,442312,7907.28
11998,472163,7907.26
11998,488906,7907.26
11998,489098,7907.26
11998,489256,7907.63
11998,503774,7907.63
11998,532063,7907.63
11998,561235,7907.63
11998,590513,7907.63
11998,620091,7907.63
11998,649679,7907.63
11998,679121,7907.63
11998,707922,7907.41
11998,737370,7907.41
11998,766526,7907.41
11998,796272,7907.25
11998,826025,7907.25
11998,855328,7907.39
11998,885044,7907.39
11998,914384,7907.4
11998,944145,7907.4
11998,12485,7907.11
11998,42109,7907.11
11998,71415,7907.11
11998,100513,7907.4
11998,130134,7907.4
11998,159807,7907.41
11998,189491,7907.41
11998,218954,7907.27
11998,248509,7907.27
11998,278209,7907.37
11998,307645,7907.37
11998,337351,7907.37
11998,367041,7907.11
11998,396867,7907.11
11998,410372,7907.21
11998,410530,7907.21
11998,411222,7906.38
11998,427689,7906.38
11998,455969,7910.72
11998,469681,7910.72
11998,469841,7910.72
11998,469963,7906.38
11998,475080,7906.38
11998,500049,7906.38
11998,519104,7906.38
11998,519265,7905.16
11998,519432,7905.16
11998,519602,7905.16
11998,522733,7906.38
11998,544745,7906.38
11998,573215,7907.71
11998,578456,7907.71
11998,578612,7907.53
11998,578779,7907.53
11998,578948,7907.53
11998,579108,7906.38
11998,579276,7906.38
11998,579462,7906.38
11998,579596,7906.38
11998,579762,7906.38
11998,579926,7906.38
11998,580092,7906.38
11998,580252,7906.38
11998,580406,7906.38
11998,580593,7906.38
11998,580767,7906.38
11998,580862,7906.38
11998,581048,7906.38
11998,581202,7906.38
11998,581378,7906.38
11998,581542,7906.38
11998,582730,7906.38
11998,597086,7906.38
11998,625361,7906.38
11998,653781,7906.38
11998,682351,7906.45
11998,710466,7906.45
11998,739677,7908.2
11998,769113,7908.2
11998,798403,7908.2
11998,827745,7907.45
11998,857297,7907.45
11998,6791,7907.34
11998,36105,7907.23
11998,65265,7907.23
11998,94796,7907.23
11998,124682,7907.4
11998,154215,7907.4
11998,183314,7907.5
11998,212570,7907.5
11998,242030,7907.05
11998,271731,7907.05
11998,301193,7907.28
11998,330544,7907.28
11998,360297,7907.28
11998,390084,7907.43
11998,419318,7907.43
11998,448615,7907.56
11998,478441,7907.56
11998,507763,7907.14
11998,537089,7907.14
11998,566544,7907.19
11998,595850,7907.19
11998,625509,7907.19
11998,655042,7907.21
11998,684294,7907.21
11998,713745,7907.54
11998,743367,7907.54
11998,773312,7907.32
11998,802950,7907.32
11998,832645,7907.33
11998,861956,7907.33
11998,891548,7907.33
11998,920939,7907.37
11998,950511,7907.37
11998,18483,7907.28
11998,48491,7907.28
11998,78217,7907.26
11998,107810,7907.26
11998,137093,7907.4
11998,166380,7907.4
11998,196271,7907.4
11998,225629,7907.08
11998,254848,7907.08
11998,284028,7907.39
11998,313616,7907.39
11998,343032,7907.32
11998,372942,7907.32
11998,383045,7907.34
11998,383169,7907.34
11998,383354,7907.34
11998,383527,7906.38
11998,383644,7906.38
11998,383831,7906.38
11998,383982,7906.38
11998,384167,7906.38
11998,384755,7906.38
11998,398843,7906.38
11998,425866,7906.38
11998,454132,7906.38
11998,482821,7904.9
11998,512314,7904.9
11998,541448,7907.35
11998,571128,7907.35
11998,600435,7907.52
11998,629440,7907.52
11998,658382,7907.11
11998,687719,7907.11
11999,60523,7907.98
11999,88919,7907.64
11999,117463,7907.64
11999,146088,7907.73
11999,175077,7907.73
11999,203637,7907.73
11999,232682,7907.63
11999,261740,7907.63
11999,291539,7907.55
11999,320927,7907.55
11999,337149,7907.48
11999,337311,7907.48
11999,337473,7907.48
11999,337613,7906.38
11999,337774,7906.38
11999,341559,7906.38
11999,363581,7906.38
11999,392274,7907.56
11999,421745,7907.56
11999,451155,7907.45
11999,479816,7907.45
11999,508736,7907.45
11999,537834,7907.4
11999,567109,7907.4
11999,596743,7907.51
11999,626152,7907.51
11999,655460,7907.52
11999,685289,7907.52
11999,714929,7907.47
11999,744531,7907.47
11999,773970,7907.47
11999,803385,7907.3
11999,832938,7907.3
11999,862309,7907.36
11999,892075,7907.36
11999,921556,7907.36
11999,950738,7907.36
11999,25056,7907.36
11999,54734,7907.36
11999,84029,7907.36
11999,113511,7907.36
11999,138558,7907.36
11999,138736,7907.31
11999,138909,7907.31
11999,139074,7906.38
11999,139186,7906.38
11999,139357,7906.38
11999,139513,7906.38
11999,139686,7906.38
11999,139849,7906.38
11999,140007,7906.38
11999,140179,7906.38
11999,140365,7906.38
11999,140496,7906.38
11999,140670,7906.38
11999,140854,7906.38
11999,150739,7906.38
11999,177112,7906.38
11999,206158,7907.2
11999,234732,7907.2
11999,263758,7907.27
11999,292706,7907.27
11999,309865,7907.41
11999,310004,7907.41
11999,310178,7907.41
11999,315112,7906.38
11999,340579,7906.38
11999,368522,7907.26
11999,397301,7907.26
11999,426599,7905.97
11999,456121,7905.97
11999,485748,7905.48
11999,514550,7905.48
11999,543779,7905.48
11999,573491,7908.17
11999,602964,7908.17
11999,631931,7907.07
11999,661238,7907.07
11999,690468,7907.19
11999,719785,7907.19
11999,749991,7908.04
11999,779488,7908.04
11999,808457,7908.04
11999,838129,7907.69
11999,867319,7907.69
11999,896683,7907.04
11999,926055,7907.04
11999,955504,7907.56
11999,23122,7907.56
11999,53096,7907.12
11999,82788,7907.12
11999,112120,7907.12
11999,141147,7907.44
11999,170194,7907.44
11999,199271,7907.41
11999,228599,7907.41
11999,258130,7907.52
11999,287831,7907.52
11999,317004,7907.29
11999,334064,7907.29
11999,334203,7907.49
11999,334374,7907.49
11999,339015,7907.49
11999,364143,7906.38
11999,393329,7906.38
11999,422317,7905.78
11999,451993,7905.78
11999,480789,7907.3
11999,509963,7907.3
11999,539321,7907.3
11999,568613,7907.3
11999,598077,7907.3
11999,627717,7907.2
11999,657073,7907.2
11999,686660,7907.58
11999,716490,7907.58
11999,746132,7907.44
11999,775549,7907.44
11999,804904,7907.22
11999,834368,7907.22
11999,863917,7907.41
11999,893509,7907.41
11999,922410,7907.41
11999,951988,7907.34
11999,21164,7907.34
11999,50267,7907.27
11999,79546,7907.27
11999,108626,7907.41
11999,138172,7907.41
11999,168293,7907.62
11999,197958,7907.62
11999,227416,7907.62
11999,257246,7907.55
11999,271830,7907.55
11999,271992,7907.09
11999,277305,7907.09
11999,302793,7906.38
11999,331828,7906.38
11999,360987,7906.38
11999,389892,7905.92
11999,419014,7905.92
11999,448603,7907.23
11999,460389,7907.23
11999,460552,7906.94
11999,460735,7906.94
11999,460963,7906.38
11999,461086,7906.38
11999,461245,7906.38
11999,461414,7906.38
11999,461576,7906.38
11999,463357,7906.38
11999,480542,7906.38
11999,507690,7910.4
11999,535949,7910.4
11999,564521,7906.31
11999,593177,7906.31
11999,622465,7907.39
11999,651545,7907.39
11999,680791,7907.39
11999,709674,7907.12
11999,738944,7907.12
11999,768050,7907.56
11999,797348,7907.56
11999,826780,7907.55
11999,855622,7907.55
11999,884888,7907.34
11999,914176,7907.34
11999,943145,7907.34
11999,6011,7907.38
11999,35184,7907.38
11999,64307,7907.34
11999,93487,7907.34
11999,122451,7907.5
11999,150976,7907.5
11999,179123,7907.33
11999,208051,7907.33
11999,237629,7907.33
11999,266820,7907.69
11999,295834,7907.69
11999,324213,7907.35
11999,353508,7907.35
11999,382646,7907.57
11999,411838,7907.57
11999,440574,7907.2
11999,469521,7907.2
11999,497994,7907.2
11999,527582,7907.5
11999,556994,7907.5
11999,586056,7907.21
11999,614599,7907.21
11999,643255,7907.67
11999,672117,7907.67
11999,701110,7907.67
11999,724258,7907.54
11999,724435,7907.54
11999,727543,7907.2
11999,748653,7907.2
11999,777560,7911.3
11999,806418,7911.3
11999,835057,7911.3
11999,863887,7907.03
11999,887906,7907.03
11999,888070,7907.26
12001,64472,7907.53
12001,92914,7907.53
12001,121456,7907.34
12001,150121,7907.34
12001,179067,7907.34
12001,207910,7907.4
12001,236468,7907.4
12001,265078,7907.33
12001,293711,7907.33
12001,323055,7907.52
12001,352583,7907.52
12001,15506,7907.61
12001,44313,7907.35
12001,73326,7907.35
12001,90981,7907.55
12001,91154,7907.55
12001,91323,7906.38
12001,91451,7906.38
12001,91617,7906.38
12001,91798,7906.38
12001,91997,7906.38
12001,92083,7906.38
12001,92247,7906.38
12001,92411,7906.38
12001,92652,7906.38
12001,92740,7906.38
12001,92928,7906.38
12001,93077,7906.38
12001,93241,7906.38
12001,103392,7906.38
12001,129132,7906.38
12001,157137,7906.38
12001,185569,7905.13
12001,214654,7905.13
12001,243051,7907.06
12001,272286,7907.06
12001,301440,7907.14
12001,330333,7907.14
12001,359421,7907.14
12001,388341,7907.14
12001,417421,7907.14
12001,446838,7907.58
12001,461913,7907.58
12001,462081,7907.43
12001,462285,7907.43
12001,462479,7906.38
12001,462596,7906.38
12001,462780,7906.38
12001,462944,7906.38
12001,463104,7906.38
12001,463261,7906.38
12001,463437,7906.38
12001,464142,7906.38
12001,464309,7906.38
12001,464463,7906.38
12001,464627,7906.38
12001,464803,7906.38
12001,464958,7906.38
12001,465148,7906.38
12001,465291,7906.38
12001,465456,7906.38
12001,465629,7906.38
12001,465792,7906.38
12001,465953,7906.38
12001,466116,7906.38
12001,466311,7906.38
12001,466439,7906.38
12001,466615,7906.38
12001,466785,7906.38
12001,466944,7906.38
12001,467099,7906.38
12001,467261,7906.38
12001,467433,7906.38
12001,467590,7906.38
12001,467752,7906.38
12001,467942,7906.38
12001,468080,7906.38
12001,468244,7906.38
12001,468392,7906.38
12001,468574,7906.38
12001,468742,7906.38
12001,468898,7906.38
12001,469059,7906.38
12001,469224,7906.38
12001,469424,7906.38
12001,469555,7906.38
12001,469715,7906.38
12001,471260,7906.38
12001,486752,7906.38
12001,512734,7906.38
12001,540148,7906.38
12001,568282,7904.88
12001,595577,7904.88
12001,623223,7907.23
12001,651471,7907.23
12001,679512,7907.33
12001,707822,7907.33
12001,736257,7907.53
12001,765516,7907.53
12001,794191,7907.53
12001,823004,7907.47
12001,851469,7907.47
12001,880574,7907.03
12001,909671,7907.03
12001,938450,7907.25
12001,3946,7907.25
12001,32609,7907.25
12001,61142,7907.36
12001,89724,7907.36
12001,118523,7907.35
12001,147840,7907.35
12001,177023,7907.28
12001,206109,7907.28
12001,235101,7907.68
12001,264693,7907.68
12001,293475,7907.68
12001,322746,7907.12
12001,351605,7907.12
12001,372094,7907.76
12001,372254,7907.76
12001,372374,7906.38
12001,372530,7906.38
12001,372700,7906.38
12001,385432,7906.38
12001,413828,7906.38
12001,442757,7912.52
12001,471081,7912.52
12001,499617,7906.84
12001,528480,7906.84
12001,557023,7906.84
12001,8733,7907.27
12001,37987,7907.27
12001,67142,7907.27
12001,96114,7907.32
12001,124639,7907.32
12001,153307,7907.37
12001,182422,7907.37
12001,212405,7907.51
12001,241447,7907.51
12001,269915,7907.51
12001,298606,7907.35
12001,327067,7907.35
12001,355546,7907.45
12001,384196,7907.45
12001,412223,7907.32
12001,441157,7907.32
12001,470356,7907.32
12001,499106,7907.19
12001,527915,7907.19
12001,557089,7907.52
12001,586200,7907.52
12001,598115,7907.36
12001,598279,7907.36
12001,601107,7907.36
12001,620062,7906.38
12001,649002,7906.38
12001,197,7907.8
12001,28151,7907.45
12001,56179,7907.45
12001,84497,7907.45
12002,66333,7907.49
12002,95094,7907.49
12002,123375,7907.43
12002,151642,7907.43
12002,179893,7907.43
12002,208372,7907.42
12002,236202,7907.42
12002,264173,7907.5
12002,291648,7907.5
12002,319713,7907.47
12002,348129,7907.47
12002,376682,7907.47
12002,405204,7907.62
12002,433582,7907.62
12002,461809,7907.25
12002,490205,7907.25
12002,519031,7907.51
12002,547048,7907.51
12002,575948,7907.51
12002,604261,7907.37
12002,632830,7907.37
12002,661191,7907.81
12002,689704,7907.81
12002,717907,7907.35
12002,745979,7907.35
12002,774479,7907.42
12002,802202,7907.42
12002,830329,7907.42
12002,858682,7907.47
12002,887278,7907.47
12002,915991,7907.39
12002,944876,7907.39
12002,8522,7907.33
12002,36933,7907.33
12002,65116,7907.47
12002,93208,7907.47
12002,121184,7907.47
12002,150364,7907.32
12002,179277,7907.32
12002,207834,7907.41
12002,236237,7907.41
12002,264551,7907.46
12002,292449,7907.46
12002,320747,7907.46
12002,349625,7907.54
12002,378578,7907.54
12002,404077,7907.39
12002,404143,7907.39
12002,405857,7906.38
12002,422628,7906.38
12002,448999,7906.38
12002,476490,7912.34
12002,504148,7912.34
12002,532216,7906.6
12002,560760,7906.6
12002,588261,7907.74
12002,616457,7907.74
12002,644490,7907.74
12002,671328,7907.44
12002,671557,7907.44
12002,671726,7907.66
12002,671892,7907.66
12002,672051,7906.38
12002,672225,7906.38
12002,672381,7906.38
12002,672547,7906.38
12002,672742,7906.38
12002,672816,7906.38
12002,673018,7906.38
12002,673141,7906.38
12002,673324,7906.38
12002,673483,7906.38
12002,673659,7906.38
12002,673814,7906.38
12002,673979,7906.38
12002,674148,7906.38
12002,674318,7906.38
12002,674475,7906.38
12002,674626,7906.38
12002,676234,7906.38
12002,693131,7906.38
12002,720550,7912.43
12002,748429,7912.43
12002,775233,7912.43
12002,802335,7905.88
12002,829951,7905.88
12002,857635,7906.9
12002,886406,7906.9
12002,914558,7907.88
12002,942484,7907.88
12002,970831,7907.88
12002,26428,7907.88
12002,55021,7907.88
12002,83535,7907.49
12002,112365,7907.49
12002,139920,7907.79
12002,146411,7907.79
12002,146566,7907.59
12002,146728,7907.59
12002,147862,7907.59
12002,164731,7906.38
12002,191538,7906.38
12002,219090,7908.68
12002,248004,7908.68
12002,276850,7906.82
12002,305349,7906.82
12002,333650,7906.82
12002,361547,7907.7
12002,389441,7907.7
12002,418064,7907.28
12002,446648,7907.28
12002,475523,7907.37
12002,504822,7907.37
12002,533764,7907.37
12002,561449,7907.39
12002,589477,7907.39
12002,617521,7907.59
12002,646062,7907.59
12002,674326,7907.56
12002,702780,7907.56
12002,731573,7907.56
12002,759870,7907.69
12002,788378,7907.69
12002,817356,7907.48
12002,845831,7907.48
12002,874177,7907.57
12002,902990,7907.57
12002,931625,7907.57
12002,960641,7907.44
12002,22382,7907.44
12002,50632,7907.59
12002,78392,7907.59
12002,106305,7907.63
12002,134332,7907.63
12002,162866,7907.63
12002,191706,7907.63
12002,220241,7907.63
12002,241315,7907.57
12002,241433,7907.57
12002,241594,7906.38
12002,241748,7906.38
12002,241916,7906.38
12002,243783,7906.38
12002,261612,7906.38
12002,289151,7906.38
12002,317326,7906.38
12002,345596,7905.98
12002,373493,7905.98
12002,401002,7905.98
12002,428519,7907.47
12002,456812,7907.47
12002,485445,7907.17
12002,514109,7907.17
12002,542518,7907.94
12002,570815,7907.94
12002,599534,7907.43
12002,613471,7907.43
12002,613633,7907.43
12002,613787,7907.17
12002,616009,7907.17
12002,635828,7906.38
12002,663337,7906.38
12002,691140,7905.23
12002,719544,7905.23
12002,747527,7905.23
12002,775473,7907.49
12002,803745,7907.49
12002,831811,7907.25
12002,860347,7907.25
12002,888403,7907.45
12002,916897,7907.45
12002,945446,7907.45
12002,3969,7907.53
12002,31843,7907.53
12002,59620,7907.58
12002,87378,7907.58
12002,115091,7907.51
12002,143307,7907.51
12002,171764,7907.51
12002,200158,7907.43
12002,228203,7907.43
12002,256576,7907.47
12002,284363,7907.47
12002,312437,7907.7
12002,340532,7907.7
12002,368463,7907.51
12002,396370,7907.51
12002,424466,7907.51
12002,453102,7907.53
12002,481396,7907.53
12002,510044,7907.83
12002,538830,7907.83
12002,567530,7907.31
12002,596303,7907.31
12002,624726,7907.31
12002,652775,7907.69
12002,680920,7907.69
12002,709094,7907.25
12002,736967,7907.25
12002,765273,7907.55
12002,793844,7907.55
12002,822353,7907.55
12002,850894,7907.26
12004,68816,7907.47
12004,97052,7907.47
12004,125820,7907.61
12004,154594,7907.61
12004,183211,7907.61
12004,211802,7907.23
12004,240109,7907.23
12004,268215,7907.56
12004,296179,7907.56
12004,324057,7907.36
12004,352506,7907.36
12004,381179,7907.36
12004,409453,7907.36
12004,437630,7907.36
12004,466022,7907.6
12004,494420,7907.6
12004,523219,7907.16
12004,551890,7907.16
12004,580298,7907.16
12004,608640,7907.3
12004,636520,7907.3
12004,664431,7907.28
12004,692405,7907.28
12004,720175,7907.5
12004,748671,7907.5
12004,777163,7907.5
12004,805231,7907.46
12004,833270,7907.46
12004,861658,7907.41
12004,890274,7907.41
12004,918601,7907.48
12004,946671,7907.48
12004,11229,7907.28
12004,39490,7907.28
12004,68313,7907.28
12004,97102,7907.37
12004,125327,7907.37
12004,154073,7907.41
12004,183379,7907.41
12004,212042,7907.22
12004,240360,7907.22
12004,268228,7907.22
12004,296664,7907.76
12004,325448,7907.76
12004,353998,7907.3
12004,381773,7907.3
12004,410194,7907.44
12004,438479,7907.44
12004,467254,7907.46
12004,495559,7907.46
12004,524379,7907.46
12004,553180,7907.36
12004,581718,7907.36
12004,609851,7907.61
12004,638154,7907.61
12004,667104,7907.58
12004,695510,7907.58
12004,723796,7907.58
12004,751932,7907.64
12004,780116,7907.64
12004,807846,7907.5
12004,836260,7907.5
12004,864685,7907.19
12004,893301,7907.19
12004,922216,7907.19
12004,951213,7907.53
12004,16289,7907.53
12004,44326,7907.65
12004,72339,7907.65
12004,100217,7907.36
12004,128218,7907.36
12004,156674,7907.36
12004,185123,7907.44
12004,213435,7907.44
12004,241411,7907.42
12004,269322,7907.42
12004,297833,7907.59
12004,326178,7907.59
12004,354680,7907.38
12004,383641,7907.38
12004,412362,7907.38
12004,430148,7907.22
12004,430297,7907.22
12004,430437,7906.38
12004,430569,7906.38
12004,430739,7906.38
12004,430905,7906.38
12004,431067,7906.38
12004,431256,7906.38
12004,431399,7906.38
12004,431557,7906.38
12004,431725,7906.38
12004,431896,7906.38
12004,432040,7906.38
12004,432227,7906.38
12004,432385,7906.38
12004,432548,7906.38
12004,432717,7906.38
12004,432875,7906.38
12004,433023,7906.38
12004,433213,7906.38
12004,433379,7906.38
12004,433539,7906.38
12004,434317,7906.38
12004,447187,7906.38
12004,473933,7906.38
12004,501277,7905.28
12004,528101,7905.28
12004,555326,7906.76
12004,582722,7906.76
12004,610994,7906.76
12004,639441,7908.09
12004,667570,7908.09
12004,695471,7907.51
12004,723768,7907.51
12004,751700,7907.48
12004,780321,7907.48
12004,808890,7907.48
12004,837444,7907.19
12004,865214,7907.19
12004,893650,7907.66
12004,922335,7907.66
12004,950966,7907.53
12004,11344,7907.53
12004,39750,7907.53
12004,68649,7907.26
12004,97682,7907.26
12004,125946,7907.49
12004,154581,7907.49
12004,183233,7907.26
12004,211541,7907.26
12004,240097,7907.46
12004,269295,7907.46
12004,297685,7907.46
12004,325865,7907.54
12004,354138,7907.54
12004,381954,7907.28
12004,410335,7907.28
12004,439002,7907.49
12004,467229,7907.49
12004,495320,7907.49
12004,523318,7907.34
12004,551548,7907.34
12004,579400,7907.66
12004,607743,7907.66
12004,636268,7907.39
12004,665226,7907.39
12004,693772,7907.47
12004,722239,7907.47
12004,732387,7907.47
12004,732552,7907.59
12004,732712,7907.59
12004,732869,7906.38
12004,733046,7906.38
12004,733202,7906.38
12004,733367,7906.38
12004,733523,7906.38
12004,733713,7906.38
12004,733891,7906.38
12004,734032,7906.38
12004,734205,7906.38
12004,734368,7906.38
12004,734510,7906.38
12004,739958,7906.38
12004,765347,7906.38
12004,792343,7906.38
12004,819241,7905.74
12004,846326,7905.74
12004,874083,7905.74
12004,902121,7907.33
12004,930641,7907.33
12004,959114,7908.05
12004,21615,7908.05
12004,50307,7907.48
12004,79093,7907.48
12004,107475,7907.48
12004,134751,7907.59
12004,162670,7907.59
12004,191026,7907.78
12004,219616,7907.78
12004,248186,7907.37
12004,276082,7907.37
12004,304310,7907.37
12004,333167,7907.56
12004,361502,7907.56
12004,390228,7907.86
12004,418930,7907.86
12004,446982,7907.78
12004,475503,7907.78
12004,503786,7907.78
12004,532251,7907.17
12004,560097,7907.17
12004,588250,7907.56
12004,616693,7907.56
12004,645337,7907.53
12004,674221,7907.53
12004,702633,7907.53
12004,730725,7907.41
12004,748764,7907.41
12004,748925,7907.38
12004,749076,7907.38
12004,749235,7906.38
12004,749404,7906.38
12004,749549,7906.38
12006,66638,7907.32
12006,94566,7907.32
12006,122489,7907.59
12006,151135,7907.59
12006,179910,7907.33
12006,208609,7907.33
12006,237178,7907.45
12006,265189,7907.45
12006,288839,7907.45
12006,288968,7907.43
12006,289125,7907.43
12006,289291,7906.38
12006,289503,7906.38
12006,289667,7906.38
12006,289791,7906.38
12006,289983,7906.38
12006,290149,7906.38
12006,290490,7906.38
12006,301936,7906.38
12006,328732,7906.38
12006,356585,7904.96
12006,384157,7904.96
12006,411625,7904.96
12006,439740,7906.66
12006,467621,7906.66
12006,495788,7908.13
12006,523945,7908.13
12006,552481,7907.71
12006,581024,7907.71
12006,609132,7907.71
12006,638139,7907.28
12006,666293,7907.28
12006,694401,7907.16
12006,722419,7907.16
12006,750733,7907.61
12006,779061,7907.61
12006,807577,7907.61
12006,835997,7907.02
12006,864212,7907.02
12006,892632,7907.62
12006,920510,7907.62
12006,923736,7907.48
12006,923891,7907.48
12006,924070,7906.38
12006,924238,7906.38
12006,928674,7906.38
12006,951626,7906.38
12006,12606,7906.38
12006,41355,7905.18
12006,69425,7905.18
12006,96996,7907.18
12006,124598,7907.18
12006,152798,7907.18
12006,181069,7908.13
12006,209747,7908.13
12006,238394,7907.49
12006,267351,7907.49
12006,295529,7907.29
12006,323901,7907.29
12006,352576,7907.29
12006,381375,7907.78
12006,409665,7907.78
12006,437599,7907.11
12006,465967,7907.11
12006,493918,7907.37
12006,522293,7907.37
12006,551024,7907.72
12006,579463,7907.72
12006,607130,7907.72
12006,634953,7907.51
12006,662591,7907.51
12006,690434,7907.52
12006,718270,7907.52
12006,746263,7907.29
12006,774843,7907.29
12006,803877,7907.29
12006,819805,7907.3
12006,819955,7907.3
12006,820126,7906.38
12006,823178,7906.38
12006,843508,7906.38
12006,871445,7906.38
12006,899390,7906.38
12006,926607,7904.16
12006,954263,7904.16
12006,17361,7907.08
12006,45444,7907.08
12006,73713,7907.83
12006,101999,7907.83
12006,107599,7907.29
12006,107716,7907.29
12006,107899,7907.29
12006,108043,7906.38
12006,108225,7906.38
12006,108394,7906.38
12006,108548,7906.38
12006,109388,7906.38
12006,119093,7906.38
12006,147053,7906.38
12006,174164,7912.33
12006,201917,7912.33
12006,229235,7906.51
12006,256844,7906.51
12006,284294,7908.74
12006,311886,7908.74
12006,339419,7908.74
12006,367376,7907.61
12006,396235,7907.61
12006,424005,7907.23
12006,452424,7907.23
12006,480947,7907.45
12006,509388,7907.45
12006,537322,7907.45
12006,566169,7907.58
12006,594889,7907.58
12006,623236,7907.3
12006,651837,7907.3
12006,680522,7907.74
12006,709098,7907.74
12006,737071,7907.4
12006,764329,7907.4
12006,791884,7907.4
12006,820159,7907.54
12006,848800,7907.54
12006,877633,7907.46
12006,906181,7907.46
12006,934718,7907.74
12006,963033,7907.74
12006,25029,7907.74
12006,52414,7907.22
12006,80496,7907.22
12006,108427,7907.63
12006,136695,7907.63
12006,164596,7907.48
12006,192646,7907.48
12006,206706,7907.48
12006,206836,7907.4
12006,207001,7907.4
12006,207143,7906.38
12006,207360,7906.38
12006,207524,7906.38
12006,207697,7906.38
12006,207852,7906.38
12006,208001,7906.38
12006,208181,7906.38
12006,209575,7906.38
12006,226775,7906.38
12006,255105,7911.8
12006,283041,7911.8
12006,310848,7911.8
12006,338013,7906.07
12006,365620,7906.07
12006,393021,7907.84
12006,420818,7907.84
12006,448936,7907.63
12006,476901,7907.63
12006,504627,7907.63
12006,532427,7907.39
12006,560741,7907.39
12006,588865,7907.42
12006,617024,7907.42
12006,644666,7907.58
12006,672739,7907.58
12006,700867,7907.58
12006,728520,7907.26
12006,756662,7907.26
12006,784578,7907.08
12006,812481,7907.08
12006,840269,7907.42
12006,868929,7907.42
12006,897212,7907.2
12006,925396,7907.2
12006,953561,7907.2
12006,14898,7907.44
12006,42839,7907.44
12006,70828,7907.48
12006,98899,7907.48
12006,127435,7907.42
12006,155672,7907.42
12006,183756,7907.42
12006,211984,7907.37
12006,240698,7907.37
12006,268839,7907.25
12006,296664,7907.25
12006,324339,7907.31
12006,352670,7907.31
12006,381044,7907.31
12006,409336,7907.63
12006,438054,7907.63
12006,466711,7907.48
12006,495780,7907.48
12006,523547,7907.56
12006,551718,7907.56
12006,580363,7907.36
12006,608737,7907.36
12006,637980,7907.36
12006,666905,7907.55
12006,695579,7907.55
12006,723759,7907.57
12006,751416,7907.57
12006,779902,7907.38
12006,808480,7907.38
12006,837036,7907.38
12006,864947,7907.68
12013,31055,7907.6
12013,44123,7907.6
12013,57313,7907.49
12013,70592,7907.49
12013,84211,7907.24
12013,97368,7907.24
12013,110699,7907.81
12013,124373,7907.81
12013,138218,7907.81
12013,151798,7907.53
12013,165493,7907.53
12013,178781,7907.45
12013,192095,7907.45
12013,206068,7907.5
12013,219747,7907.5
12013,233592,7907.5
12013,247259,7907.53
12013,260705,7907.53
12013,274006,7907.62
12013,287328,7907.62
12013,300898,7907.38
12013,314231,7907.38
12013,327684,7907.38
12013,341351,7907.55
12013,354687,7907.55
12013,368545,7907.6
12013,382562,7907.6
12013,396777,7907.46
12013,410347,7907.46
12013,423774,7907.46
12013,437363,7907.65
12013,451021,7907.65
12013,464748,7907.5
12013,478718,7907.5
12013,492629,7907.57
12013,506609,7907.57
12013,520183,7907.57
12013,533470,7907.54
12013,546905,7907.54
12013,560088,7907.51
12013,573301,7907.51
12013,587233,7907.37
12013,600935,7907.37
12013,614394,7907.61
12013,627817,7907.61
12013,641532,7907.61
12013,655078,7907.55
12013,668649,7907.55
12013,682592,7907.56
12013,696180,7907.56
12013,709912,7907.66
12013,723819,7907.66
12013,737374,7907.66
12013,751097,7907.41
12013,765044,7907.41
12013,779002,7907.47
12013,792419,7907.47
12013,806135,7907.51
12013,820438,7907.51
12013,834287,7907.51
12013,847712,7907.36
12013,9643,7907.36
12013,23223,7907.28
12013,36784,7907.28
12013,50224,7907.64
12013,63912,7907.64
12013,77341,7907.64
12013,91295,7907.35
12013,105112,7907.35
12013,118881,7907.57
12013,132385,7907.57
12013,145864,7907.57
12013,159317,7907.57
12013,173096,7907.57
12013,186521,7907.74
12013,199988,7907.74
12013,213217,7907.57
12013,226452,7907.57
12013,240566,7907.4
12013,254547,7907.4
12013,268210,7907.4
12013,282035,7907.52
12013,295847,7907.52
12013,309222,7907.6
12013,323180,7907.6
12013,336800,7907.54
12013,350251,7907.54
12013,363830,7907.54
12013,377238,7907.6
12013,390969,7907.6
12013,404646,7907.27
12013,418163,7907.27
12013,431761,7907.33
12013,445476,7907.33
12013,458909,7907.33
12013,472360,7907.72
12013,485300,7907.72
12013,498733,7907.37
12013,512171,7907.37
12013,525881,7907.47
12013,539558,7907.47
12013,553242,7907.47
12013,567339,7907.49
12013,580894,7907.49
12013,594229,7907.48
12013,607026,7907.48
12013,620194,7907.59
12013,633431,7907.59
12013,647205,7907.59
12013,661136,7907.64
12013,674876,7907.64
12013,689195,7907.64
12013,703272,7907.64
12013,717499,7907.55
12013,731210,7907.55
12013,744885,7907.55
12013,758563,7907.34
12013,772369,7907.34
12013,785942,7907.65
12013,799636,7907.65
12013,813335,7907.5
12013,826790,7907.5
12013,840361,7907.5
12013,853935,7907.28
12013,10951,7907.28
12013,24647,7907.44
12013,38876,7907.44
12013,52700,7907.44
12013,66400,7907.44
12013,80306,7907.65
12013,94249,7907.65
12013,108008,7907.65
12013,121692,7907.7
12013,135133,7907.7
12013,148961,7907.51
12013,162910,7907.51
12013,164703,7907.51
12013,165016,7907.48
12013,165262,7907.48
12013,168051,7906.38
12013,178400,7906.38
12013,187480,7907.65
12013,187619,7907.65
12013,187855,7907.65
12013,188167,7906.38
12013,190317,7906.38
12013,200305,7906.38
12013,214640,7906.38
12013,228856,7906.38
12013,242523,7908.35
12013,256238,7908.35
12013,270054,7907.64
12013,283482,7907.64
12013,296940,7907.41
12013,310350,7907.41
12013,323552,7907.41
12013,337375,7907.69
12013,350933,7907.69
12013,364290,7907.49
12013,377434,7907.49
12013,390871,7907.42
12013,404189,7907.42
12013,417661,7907.53
12013,431202,7907.53
12013,445020,7907.53
12013,458822,7907.6
12013,472649,7907.6
12013,486141,7907.49
12013,499741,7907.49
12013,513007,7907.49
12013,526478,7907.49
12013,539753,7907.49
12013,553080,7907.32
12013,566758,7907.32
12013,580693,7907.39
12013,594522,7907.39
12013,608100,7907.53
12013,621546,7907.53
12013,634745,7907.53
12013,646761,7907.36
12013,646940,7907.36
12013,647239,7907.58
12013,647631,7907.58
12013,651600,7906.38
12013,663428,7906.38
12013,670632,7906.38
12013,670820,7905.31
12013,671072,7905.31
12013,671319,7906.38
12013,671681,7906.38
12013,675446,7906.38
12013,687467,7906.38
12013,700896,7906.38
12013,714095,7907.01
12013,727417,7907.01
12013,740992,7907.52
12013,754819,7907.52
12013,768768,7907.26
12013,782317,7907.26
12013,795628,7907.26
12013,809228,7907.73
12013,822865,7907.73
12013,836578,7907.63
12013,849760,7907.63
12014,17239,7907.57
12014,24813,7907.57
12014,32490,7907.52
12014,40313,7907.52
12014,48233,7907.9
12014,56318,7907.9
12014,64216,7907.62
12014,72144,7907.62
12014,80108,7907.62
12014,88153,7907.55
12014,96094,7907.55
12014,104175,7907.62
12014,112252,7907.62
12014,120406,7907.61
12014,128499,7907.61
12014,136696,7907.61
12014,144724,7907.56
12014,152817,7907.56
12014,161089,7907.28
12014,169309,7907.28
12014,177385,7907.53
12014,185579,7907.53
12014,193515,7907.53
12014,201372,7907.68
12014,209237,7907.68
12014,217174,7907.23
12014,224980,7907.23
12014,232949,7907.56
12014,241132,7907.56
12014,248944,7907.56
12014,256749,7907.52
12014,264694,7907.52
12014,272981,7907.7
12014,281082,7907.7
12014,289013,7907.59
12014,297059,7907.59
12014,303938,7907.59
12014,304155,7907.75
12014,304413,7907.75
12014,304652,7906.38
12014,304898,7906.38
12014,305121,7906.38
12014,305323,7906.38
12014,305558,7906.38
12014,305808,7906.38
12014,306046,7906.38
12014,306281,7906.38
12014,306466,7906.38
12014,306717,7906.38
12014,307083,7906.38
12014,307270,7906.38
12014,307507,7906.38
12014,307763,7906.38
12014,307998,7906.38
12014,308238,7906.38
12014,308489,7906.38
12014,308734,7906.38
12014,308981,7906.38
12014,309164,7906.38
12014,309518,7906.38
12014,309701,7906.38
12014,309956,7906.38
12014,310192,7906.38
12014,311584,7906.38
12014,317138,7906.38
12014,324063,7909.52
12014,331632,7909.52
12014,339185,7907.75
12014,346821,7907.75
12014,354656,7907.75
12014,362700,7907.76
12014,370535,7907.76
12014,378338,7907.63
12014,386001,7907.63
12014,393821,7907.53
12014,401626,7907.53
12014,409451,7907.53
12014,417365,7907.56
12014,425193,7907.56
12014,433366,7907.51
12014,441294,7907.51
12014,449365,7907.81
12014,457329,7907.81
12014,465389,7907.81
12014,473452,7907.49
12014,481372,7907.49
12014,489310,7907.73
12014,497694,7907.73
12014,505809,7907.47
12014,513647,7907.47
12014,521691,7907.47
12014,529851,7907.47
12014,537975,7907.47
12014,545873,7907.35
12014,553949,7907.35
12014,562132,7907.37
12014,570479,7907.37
12014,578522,7907.37
12014,586714,7907.37
12014,591215,7907.37
12014,591416,7907.5
12014,591656,7907.5
12014,591903,7906.38
12014,592153,7906.38
12014,592390,7906.38
12014,592647,7906.38
12014,592941,7906.38
12014,593174,7906.38
12014,593424,7906.38
12014,593677,7906.38
12014,593918,7906.38
12014,594398,7906.38
12014,598297,7906.38
12014,605003,7906.38
12014,612217,7907.95
12014,619846,7907.95
12014,627657,7907.84
12014,635497,7907.84
12014,643278,7907.84
12014,651084,7907.58
12014,658908,7907.58
12014,666575,7907.69
12014,674624,7907.69
12014,682597,7907.3
12014,690542,7907.3
12014,698462,7907.3
12014,706540,7907.63
12014,714453,7907.63
12014,722521,7907.49
12014,730182,7907.49
12014,734894,7907.65
12014,735126,7907.65
12014,735353,7907.65
12014,735616,7906.38
12014,735862,7906.38
12014,736108,7906.38
12014,736288,7906.38
12014,736527,7906.38
12014,736839,7906.38
12014,737083,7906.38
12014,737257,7906.38
12014,737510,7906.38
12014,737754,7906.38
12014,737997,7906.38
12014,738986,7906.38
12014,743998,7906.38
12014,751023,7906.38
12014,758434,7908.49
12014,765862,7908.49
12014,773819,7907.77
12014,781385,7907.77
12014,788921,7907.53
12014,796591,7907.53
12014,804275,7907.53
12014,811837,7907.33
12014,819643,7907.33
12014,827326,7907.55
12014,835122,7907.55
12014,842781,7907.55
12014,850604,7907.63
12014,858396,7907.63
12014,866220,7907.56
12014,874176,7907.56
12014,882094,7907.63
12014,890299,7907.63
12014,898307,7907.63
12014,906148,7907.61
12014,913823,7907.61
12014,921251,7907.67
12014,929079,7907.67
12014,936989,7907.72
12014,945082,7907.72
12014,953006,7907.72
12014,960944,7907.5
12014,7509,7907.5
12014,15548,7907.21
12014,23589,7907.21
12014,31535,7907.35
12014,39493,7907.35
12014,47406,7907.35
12014,55544,7907.69
12014,63566,7907.69
12014,71533,7907.55
12014,79431,7907.55
12014,87364,7907.59
12014,87737,7907.59
12017,16728,7907.72
12017,24687,7907.47
12017,32818,7907.47
12017,40784,7907.47
12017,48763,7907.43
12017,56565,7907.43
12017,64379,7907.34
12017,72114,7907.34
12017,80103,7907.34
12017,87886,7907.34
12017,95843,7907.34
12017,103524,7907.39
12017,111465,7907.39
12017,119416,7907.51
12017,127326,7907.51
12017,135142,7907.51
12017,142932,7907.56
12017,150632,7907.56
12017,158437,7907.77
12017,166372,7907.77
12017,174203,7907.49
12017,181728,7907.49
12017,189404,7907.49
12017,197150,7907.45
12017,205170,7907.45
12017,213207,7907.46
12017,221409,7907.46
12017,229499,7907.22
12017,237646,7907.22
12017,245349,7907.22
12017,253271,7907.42
12017,261070,7907.42
12017,268907,7907.44
12017,276584,7907.44
12017,284535,7907.53
12017,292330,7907.53
12017,299866,7907.53
12017,307553,7907.43
12017,315364,7907.43
12017,323305,7907.63
12017,331246,7907.63
12017,339170,7907.28
12017,346902,7907.28
12017,354799,7907.39
12017,362478,7907.39
12017,370135,7907.39
12017,378081,7907.46
12017,380698,7907.46
12017,380905,7907.57
12017,381149,7907.57
12017,381396,7906.38
12017,381638,7906.38
12017,382082,7906.38
12017,385426,7906.38
12017,392854,7906.38
12017,400277,7907.99
12017,407837,7907.99
12017,415651,7907.87
12017,423327,7907.87
12017,431392,7907.87
12017,439442,7907.76
12017,447249,7907.76
12017,455208,7907.72
12017,463014,7907.72
12017,470963,7907.5
12017,478772,7907.5
12017,483442,7907.43
12017,483653,7907.43
12017,483870,7907.43
12017,484114,7906.38
12017,484357,7906.38
12017,485714,7906.38
12017,488528,7906.38
12017,493304,7908.47
12017,499566,7908.47
12017,506455,7908.47
12017,513743,7908.03
12017,521702,7908.03
12017,528854,7907.6
12017,529045,7907.6
12017,529285,7906.38
12017,529646,7906.38
12017,529774,7906.38
12017,530673,7906.38
12017,535411,7906.38
12017,542870,7909.77
12017,550673,7909.77
12017,558764,7907.83
12017,566662,7907.83
12017,574750,7907.83
12017,582302,7907.77
12017,589957,7907.77
12017,597645,7907.66
12017,605476,7907.66
12017,613132,7907.65
12017,620805,7907.65
12017,628491,7907.65
12017,636040,7907.63
12017,643881,7907.63
12017,651814,7907.4
12017,659828,7907.4
12017,667541,7907.46
12017,675556,7907.46
12017,683416,7907.46
12017,691095,7907.4
12017,698953,7907.4
12017,707081,7907.4
12017,715536,7907.4
12017,723346,7907.58
12017,731521,7907.58
12017,739598,7907.34
12017,747549,7907.34
12017,755232,7907.34
12017,762759,7907.65
12017,770370,7907.65
12017,778119,7907.73
12017,785950,7907.73
12017,793487,7907.45
12017,801030,7907.45
12017,808862,7907.45
12017,816519,7907.69
12017,824330,7907.69
12017,832428,7907.46
12017,840582,7907.46
12017,848640,7907.67
12017,856491,7907.67
12017,864265,7907.67
12017,872072,7907.56
12017,880015,7907.56
12017,888065,7907.42
12017,895908,7907.42
12017,903695,7907.47
12017,911515,7907.47
12017,919181,7907.47
12017,926620,7907.48
12017,934176,7907.48
12017,941716,7907.56
12017,949115,7907.56
12017,957058,7907.54
12017,6818,7907.54
12017,14624,7907.54
12017,22550,7907.57
12017,30251,7907.57
12017,38041,7907.55
12017,42154,7907.55
12017,42348,7907.51
12017,42581,7907.51
12017,44910,7907.51
12017,51586,7906.38
12017,59013,7906.38
12017,66534,7905.38
12017,74511,7905.38
12017,82294,7907.4
12017,90243,7907.4
12017,98166,7907.35
12017,106250,7907.35
12017,114059,7907.35
12017,121962,7907.68
12017,129783,7907.68
12017,137610,7907.67
12017,145199,7907.67
12017,152917,7907.21
12017,160631,7907.21
12017,168434,7907.21
12017,176234,7907.54
12017,184029,7907.54
12017,191989,7907.54
12017,200204,7907.54
12017,208528,7907.64
12017,216826,7907.64
12017,224888,7907.64
12017,232702,7907.72
12017,240523,7907.72
12017,248192,7907.53
12017,256014,7907.53
12017,263951,7907.2
12017,271585,7907.2
12017,279639,7907.2
12017,287594,7907.29
12017,295527,7907.29
12017,303724,7907.36
12017,311670,7907.36
12017,319471,7907.91
12017,327301,7907.91
12017,335227,7907.91
12017,343180,7907.43
12017,350961,7907.43
12017,358658,7907.41
12017,366575,7907.41
12017,374405,7907.22
12017,382296,7907.22
12017,390141,7907.79
12017,397947,7907.79
12017,405643,7907.79
12017,413319,7907.55
12017,421193,7907.55
12017,428915,7907.6
12017,436576,7907.6
12017,444542,7907.47
12017,452237,7907.47
12017,460038,7907.47
12017,467693,7907.86
12017,475525,7907.86
12019,23777,7907.33
12019,34397,7907.51
12019,44718,7907.51
12019,55022,7907.45
12019,65746,7907.45
12019,76688,7907.35
12019,87128,7907.35
12019,97525,7907.35
12019,108254,7907.54
12019,119151,7907.54
12019,130030,7907.42
12019,140626,7907.42
12019,151456,7907.32
12019,162168,7907.32
12019,172766,7907.32
12019,183254,7907.69
12019,194014,7907.69
12019,204656,7907.47
12019,215288,7907.47
12019,226153,7907.44
12019,236906,7907.44
12019,247676,7907.44
12019,258160,7907.74
12019,269040,7907.74
12019,279683,7907.41
12019,290532,7907.41
12019,291693,7907.68
12019,291938,7907.68
12019,293461,7907.68
12019,301317,7906.38
12019,311887,7906.38
12019,322614,7904.89
12019,333505,7904.89
12019,344119,7904.89
12019,354897,7907.55
12019,365696,7907.55
12019,376248,7907.44
12019,386897,7907.44
12019,397391,7907.58
12019,408032,7907.58
12019,418645,7907.58
12019,429628,7907.53
12019,440402,7907.53
12019,451126,7907.56
12019,461572,7907.56
12019,472034,7907.43
12019,482382,7907.43
12019,493130,7907.42
12019,503968,7907.42
12019,514896,7907.42
12019,525528,7907.53
12019,536354,7907.53
12019,547006,7907.29
12019,558024,7907.29
12019,568927,7907.52
12019,579896,7907.52
12019,590783,7907.52
12019,601694,7907.73
12019,612564,7907.73
12019,622935,7907.38
12019,633672,7907.38
12019,644689,7907.16
12019,655314,7907.16
12019,666081,7907.16
12019,676833,7907.66
12019,687579,7907.66
12019,698330,7907.46
12019,708946,7907.46
12019,719833,7907.52
12019,730846,7907.52
12019,741692,7907.52
12019,752474,7907.51
12019,763337,7907.51
12019,774072,7907.46
12019,785237,7907.46
12019,796097,7907.59
12019,807235,7907.59
12019,818142,7907.59
12019,829137,7907.38
12019,840143,7907.38
12019,851258,7907.56
12019,862033,7907.56
12019,872771,7907.42
12019,883636,7907.42
12019,3302,7907.42
12019,14132,7907.33
12019,24906,7907.33
12019,35954,7907.45
12019,46656,7907.45
12019,57502,7907.45
12019,68174,7907.35
12019,79040,7907.35
12019,89823,7907.62
12019,100564,7907.62
12019,111452,7907.3
12019,122182,7907.3
12019,133150,7907.3
12019,144341,7907.65
12019,155089,7907.65
12019,165822,7907.43
12019,176640,7907.43
12019,187594,7907.32
12019,198619,7907.32
12019,209508,7907.32
12019,220256,7907.27
12019,231238,7907.27
12019,241989,7907.67
12019,253284,7907.67
12019,264393,7907.3
12019,275012,7907.3
12019,285909,7907.3
12019,296420,7907.57
12019,307297,7907.57
12019,317900,7907.44
12019,328282,7907.44
12019,338885,7907.34
12019,349797,7907.34
12019,360532,7907.34
12019,371289,7907.46
12019,382424,7907.46
12019,393177,7907.73
12019,403991,7907.73
12019,414805,7907.46
12019,425407,7907.46
12019,435751,7907.46
12019,446155,7907.61
12019,457050,7907.61
12019,467935,7907.29
12019,478656,7907.29
12019,479573,7907.78
12019,479819,7907.78
12019,480064,7906.38
12019,480310,7906.38
12019,480615,7906.38
12019,480912,7906.38
12019,481091,7906.38
12019,481337,7906.38
12019,481586,7906.38
12019,481826,7906.38
12019,482014,7906.38
12019,482202,7906.38
12019,482847,7906.38
12019,487748,7906.38
12019,497082,7909.51
12019,507335,7909.51
12019,517680,7909.51
12019,528074,7908.16
12019,538693,7908.16
12019,549157,7907.42
12019,559947,7907.42
12019,570689,7907.3
12019,581003,7907.3
12019,591278,7907.3
12019,601923,7907.5
12019,612658,7907.5
12019,623537,7907.63
12019,634157,7907.63
12019,644819,7907.55
12019,655546,7907.55
12019,666172,7907.55
12019,676941,7907.34
12019,687396,7907.34
12019,697920,7907.55
12019,708515,7907.55
12019,719527,7907.54
12019,730438,7907.54
12019,741447,7907.56
12019,752190,7907.56
12019,763195,7907.56
12019,774195,7907.71
12019,784830,7907.71
12019,795466,7907.51
12019,805953,7907.51
12019,816296,7907.49
12019,826812,7907.49
12019,837420,7907.49
12019,848035,7907.47
12019,858924,7907.47
12019,869812,7907.58
12019,880568,7907.58
12019,890915,7907.6
12019,8268,7907.6
12019,18617,7907.6
12019,29499,7907.36
12019,40112,7907.36
12019,50763,7907.68
12019,61523,7907.68
12019,72379,7907.55
12019,83123,7907.55
12019,93632,7907.55
12019,104503,7907.25
12019,115278,7907.25
12019,126126,7907.55
12019,137110,7907.55
12019,148051,7907.6
12019,159035,7907.6
12019,169806,7907.6
12019,180906,7907.67
12019,191796,7907.67
12019,202422,7907.48
12019,213163,7907.48
12019,223837,7907.48
12019,234698,7907.48
12021,393,7906.38
12021,637,7906.38
12021,884,7906.38
12021,1236,7906.38
12021,1421,7906.38
12021,1672,7906.38
12021,1915,7906.38
12021,2150,7906.38
12021,2452,7906.38
12021,2558,7906.38
12021,2716,7906.38
12021,2973,7906.38
12021,3274,7906.38
12021,3407,7906.38
12021,3643,7906.38
12021,3895,7906.38
12021,6158,7906.38
12021,12826,7907.44
12021,13017,7907.44
12021,13266,7907.44
12021,13506,7906.38
12021,13751,7906.38
12021,13984,7906.38
12021,14412,7906.38
12021,14665,7906.38
12021,14969,7906.38
12021,15156,7906.38
12021,15386,7906.38
12021,15633,7906.38
12021,15880,7906.38
12021,16121,7906.38
12021,16972,7906.38
12021,21957,7906.38
12021,30168,7908.86
12021,38758,7908.86
12021,47601,7907.43
12021,56801,7907.43
12021,66000,7907.43
12021,75364,7907.49
12021,84967,7907.49
12021,94411,7907.54
12021,104195,7907.54
12021,114253,7907.36
12021,123764,7907.36
12021,133483,7907.77
12021,143201,7907.77
12021,152907,7907.29
12021,162926,7907.29
12021,173041,7907.29
12021,182995,7907.5
12021,192849,7907.5
12021,202590,7907.2
12021,212512,7907.2
12021,222548,7907.56
12021,232785,7907.56
12021,242783,7907.49
12021,253014,7907.49
12021,263139,7907.49
12021,272970,7907.27
12021,283058,7907.27
12021,292976,7907.25
12021,302914,7907.25
12021,313049,7907.7
12021,323245,7907.7
12021,333290,7907.46
12021,343520,7907.46
12021,353750,7907.46
12021,363866,7907.58
12021,373842,7907.58
12021,383722,7907.35
12021,393580,7907.35
12021,403569,7907.31
12021,413677,7907.31
12021,423651,7907.41
12021,433895,7907.41
12021,443605,7907.41
12021,453723,7907.29
12021,464082,7907.29
12021,474711,7907.63
12021,485075,7907.63
12021,495361,7907.38
12021,505828,7907.38
12021,507892,7907.26
12021,508131,7907.26
12021,508384,7907.26
12021,508625,7906.38
12021,508805,7906.38
12021,509037,7906.38
12021,509292,7906.38
12021,509536,7906.38
12021,509782,7906.38
12021,510027,7906.38
12021,510259,7906.38
12021,510507,7906.38
12021,510835,7906.38
12021,511070,7906.38
12021,511314,7906.38
12021,511613,7906.38
12021,511803,7906.38
12021,511977,7906.38
12021,512228,7906.38
12021,512519,7906.38
12021,512692,7906.38
12021,512938,7906.38
12021,513242,7906.38
12021,513552,7906.38
12021,513801,7906.38
12021,514040,7906.38
12021,514292,7906.38
12021,515866,7906.38
12021,522499,7906.38
12021,531716,7906.38
12021,541191,7906.59
12021,550788,7906.59
12021,560801,7907.71
12021,570654,7907.71
12021,581028,7907.47
12021,591245,7907.47
12021,601479,7907.53
12021,611469,7907.53
12021,621504,7907.53
12021,631326,7907.54
12021,641409,7907.54
12021,651921,7907.52
12021,662426,7907.52
12021,672809,7907.55
12021,683407,7907.55
12021,693752,7907.27
12021,704167,7907.27
12021,714248,7907.31
12021,724511,7907.31
12021,734679,7907.31
12021,744592,7907.51
12021,754562,7907.51
12021,764567,7907.44
12021,774547,7907.44
12021,785030,7907.55
12021,795292,7907.55
12021,805775,7907.44
12021,816287,7907.44
12021,826367,7907.44
12021,836737,7907.58
12021,846848,7907.58
12021,857223,7907.36
12021,867753,7907.36
12021,877696,7907.33
12021,887843,7907.33
12021,897962,7907.62
12021,8945,7907.62
12021,19161,7907.62
12021,29541,7907.26
12021,30946,7907.26
12021,31246,7907.48
12021,31444,7907.48
12021,31682,7906.38
12021,31933,7906.38
12021,32174,7906.38
12021,32411,7906.38
12021,32727,7906.38
12021,32943,7906.38
12021,33190,7906.38
12021,33429,7906.38
12021,33707,7906.38
12021,33952,7906.38
12021,34184,7906.38
12021,34412,7906.38
12021,34703,7906.38
12021,34957,7906.38
12021,35194,7906.38
12021,35437,7906.38
12021,35693,7906.38
12021,35928,7906.38
12021,36175,7906.38
12021,36407,7906.38
12021,36660,7906.38
12021,36891,7906.38
12021,37141,7906.38
12021,37374,7906.38
12021,37576,7906.38
12021,37998,7906.38
12021,41553,7906.38
12021,49503,7907.1
12021,59086,7907.1
12021,68708,7907.56
12021,78724,7907.56
12021,88944,7907.56
12021,98893,7907.5
12021,108751,7907.5
12021,118895,7907.63
12021,128877,7907.63
12021,138665,7907.67
12021,148458,7907.67
12021,158678,7907.28
12021,169171,7907.28
12021,179279,7907.28
12021,189520,7907.64
12021,199771,7907.64
12021,209905,7907.45
12021,220244,7907.45
12021,235871,7907.39
12021,246340,7907.39
12021,257134,7907.63
12021,274404,7907.63
12029,20959,7907.05
12029,30051,7907.29
12029,39288,7907.29
12029,48474,7907.21
12029,57711,7907.21
12029,67063,7906.94
12029,76405,7906.94
12029,85875,7907.1
12029,94938,7907.1
12029,104284,7907.1
12029,114017,7907.1
12029,123737,7907.1
12029,133216,7907.09
12029,142952,7907.09
12029,152764,7907.3
12029,162669,7907.3
12029,172534,7907.26
12029,182368,7907.26
12029,191997,7907.26
12029,201717,7906.98
12029,211197,7906.98
12029,220863,7907
12029,230520,7907
12029,239958,7907.15
12029,249838,7907.15
12029,259817,7906.92
12029,269667,7906.92
12029,279264,7907.27
12029,284998,7907.27
12029,285325,7907.27
12029,285517,7907.18
12029,285750,7907.18
12029,291407,7906.38
12029,301548,7906.38
12029,311638,7909.73
12029,321502,7909.73
12029,331493,7907.41
12029,341362,7907.41
12029,350803,7907.41
12029,360949,7907.08
12029,370529,7907.08
12029,380648,7907.46
12029,390636,7907.46
12029,400615,7906.75
12029,409952,7906.75
12029,419165,7907.01
12029,428794,7907.01
12029,438251,7907.32
12029,447848,7907.32
12029,457451,7907.32
12029,467037,7907.2
12029,467346,7907.2
12029,467686,7907.42
12029,474355,7907.42
12029,484092,7909.68
12029,494072,7909.68
12029,504172,7907.41
12029,513888,7907.41
12029,523435,7907.41
12029,533113,7907.35
12029,542591,7907.35
12029,552074,7907.29
12029,561643,7907.29
12029,571568,7907.42
12029,581879,7907.42
12029,591714,7906.98
12029,602119,7906.98
12029,612211,7906.98
12029,622200,7907.07
12029,632059,7907.07
12029,641904,7906.91
12029,651750,7906.91
12029,661505,7907.18
12029,671139,7907.18
12029,680688,7907.33
12029,690153,7907.33
12029,699875,7907.33
12029,709612,7907.28
12029,719354,7907.28
12029,728969,7907.31
12029,738903,7907.31
12029,748923,7907.26
12029,758994,7907.26
12029,768773,7907.48
12029,778870,7907.48
12029,788973,7907.48
12029,799103,7907.29
12029,809181,7907.29
12029,819048,7907.4
12029,829195,7907.4
12029,838909,7907.33
12029,849033,7907.33
12029,854682,7907.12
12029,854863,7907.12
12029,855912,7906.38
12029,857436,7906.38
12029,857681,7906.38
12029,857913,7906.38
12029,858721,7906.38
12029,862275,7906.38
12029,862486,7906.38
12029,862731,7906.38
12029,868079,7906.38
12029,869494,7909.84
12029,869702,7909.84
12029,869935,7909.84
12029,875087,7906.38
12029,878420,7906.38
12029,878640,7908.27
12029,878892,7908.27
12029,879133,7906.38
12029,879374,7906.38
12029,879696,7906.38
12029,879924,7906.38
12029,880168,7906.38
12029,880351,7906.38
12029,880720,7906.38
12029,880855,7906.38
12029,881103,7906.38
12029,886043,7906.38
12029,887454,7906.38
12029,887682,7906.38
12029,887919,7906.38
12029,888165,7906.38
12029,888395,7906.38
12029,888644,7906.38
12029,890549,7906.38
12029,899519,7906.38
12029,6013,7910.3
12029,6208,7910.3
12029,6507,7906.38
12029,6728,7906.38
12029,10298,7906.38
12029,19370,7906.38
12029,28614,7906.38
12029,38460,7906.35
12029,48454,7906.35
12029,58663,7907.14
12029,68390,7907.14
12029,78504,7907.24
12029,88492,7907.24
12029,98369,7907.04
12029,108230,7907.04
12029,117798,7907.04
12029,127407,7907.32
12029,137154,7907.32
12029,146886,7907.36
12029,156569,7907.36
12029,166547,7907.22
12029,176715,7907.22
12029,186959,7907.09
12029,197317,7907.09
12029,207537,7907.09
12029,217544,7907.14
12029,227266,7907.14
12029,237106,7907.12
12029,247223,7907.12
12029,257350,7907.26
12029,266530,7907.26
12029,266809,7907.1
12029,267034,7907.1
12029,267291,7907.1
12029,267530,7906.38
12029,267778,7906.38
12029,268021,7906.38
12029,268264,7906.38
12029,268499,7906.38
12029,268728,7906.38
12029,268923,7906.38
12029,269168,7906.38
12029,269424,7906.38
12029,269663,7906.38
12029,269913,7906.38
12029,270142,7906.38
12029,270454,7906.38
12029,270691,7906.38
12029,270934,7906.38
12029,271117,7906.38
12029,271363,7906.38
12029,271805,7906.38
12029,276943,7906.38
12029,286441,7906.38
12029,296156,7909.1
12029,305607,7909.1
12029,315611,7907.11
12029,325852,7907.11
12029,335822,7907.55
12029,345932,7907.55
12029,355777,7907.32
12029,365519,7907.32
12029,375515,7907.32
12029,385648,7907.05
12029,395492,7907.05
12029,405339,7907.21
12029,415342,7907.21
12029,425299,7907.24
12029,435566,7907.24
12029,445931,7907.19
12029,456402,7907.19
12029,466635,7907.19
12029,476619,7907.15
12029,486484,7907.15
12029,496094,7906.99
12030,24182,7907.33
12030,34550,7907.31
12030,44896,7907.31
12030,54884,7907.02
12030,64862,7907.02
12030,75249,7907.4
12030,85747,7907.4
12030,96100,7907.4
12030,106592,7907.3
12030,116956,7907.3
12030,127605,7907.46
12030,137969,7907.46
12030,148317,7907.28
12030,158878,7907.28
12030,169203,7907.65
12030,179555,7907.65
12030,190040,7907.65
12030,200535,7907.44
12030,210917,7907.44
12030,221018,7907.51
12030,231011,7907.51
12030,241359,7907.57
12030,251490,7907.57
12030,261721,7907.67
12030,272339,7907.67
12030,282723,7907.67
12030,293353,7907.12
12030,303971,7907.12
12030,314755,7907.47
12030,325861,7907.47
12030,336484,7907.5
12030,347348,7907.5
12030,357878,7907.2
12030,368253,7907.2
12030,378375,7907.12
12030,388589,7907.12
12030,398701,7907.12
12030,409310,7906.99
12030,419936,7906.99
12030,430300,7907.24
12030,440938,7907.24
12030,451298,7907.31
12030,462012,7907.31
12030,472566,7907.54
12030,478739,7907.54
12030,478942,7907.54
12030,481035,7907.22
12030,489229,7907.22
12030,489322,7909.85
12030,489569,7909.85
12030,489795,7906.38
12030,492333,7906.38
12030,496659,7906.38
12030,496856,7906.38
12030,497108,7906.38
12030,497344,7906.38
12030,497600,7906.38
12030,499739,7906.38
12030,508707,7906.38
12030,518951,7907.91
12030,526154,7907.91
12030,526360,7907.25
12030,527118,7907.25
12030,535044,7907.25
12030,535233,7906.38
12030,535472,7906.38
12030,535718,7906.38
12030,536026,7906.38
12030,536947,7906.38
12030,540836,7906.38
12030,541033,7907.47
12030,541267,7907.47
12030,541634,7907.47
12030,541764,7906.38
12030,542015,7906.38
12030,542258,7906.38
12030,542619,7906.38
12030,542745,7906.38
12030,542982,7906.38
12030,543296,7906.38
12030,543540,7906.38
12030,543788,7906.38
12030,544186,7906.38
12030,549824,7906.38
12030,559186,7906.38
12030,569010,7906.38
12030,578895,7907.46
12030,583823,7907.46
12030,584013,7907.46
12030,584364,7907.67
12030,584561,7907.67
12030,586718,7906.38
12030,595928,7906.38
12030,605674,7909.9
12030,615903,7909.9
12030,625889,7907.61
12030,635971,7907.61
12030,645858,7907.61
12030,655465,7907.4
12030,665408,7907.4
12030,675130,7907.38
12030,684752,7907.38
12030,694607,7907.24
12030,704712,7907.24
12030,714625,7907.39
12030,725085,7907.39
12030,735702,7907.39
12030,745955,7907.4
12030,755926,7907.4
12030,766050,7907.27
12030,776283,7907.27
12030,786390,7907.57
12030,796752,7907.57
12030,806998,7907.45
12030,817506,7907.45
12030,827710,7907.45
12030,837811,7907.4
12030,847970,7907.4
12030,858456,7907.4
12030,868791,7907.4
12030,879191,7907.32
12030,889677,7907.32
12030,900049,7907.17
12030,910376,7907.17
12030,7175,7907.37
12030,17670,7907.37
12030,28177,7907.37
12030,38256,7907.68
12030,48665,7907.68
12030,58744,7907.48
12030,69001,7907.48
12030,78973,7907.37
12030,89227,7907.37
12030,99471,7907.51
12030,109813,7907.51
12030,120320,7907.51
12030,130954,7907.49
12030,141328,7907.49
12030,152057,7907.44
12030,162548,7907.44
12030,172942,7907.41
12030,183055,7907.41
12030,193146,7907.45
12030,203647,7907.45
12030,214020,7907.45
12030,224299,7907.22
12030,234699,7907.22
12030,245059,7907.26
12030,255619,7907.26
12030,265623,7907.5
12030,275584,7907.5
12030,285589,7907.48
12030,296084,7907.48
12030,306178,7907.48
12030,313284,7907.21
12030,313467,7907.21
12030,313751,7907.16
12030,313952,7907.16
12030,314273,7906.38
12030,314497,7906.38
12030,314723,7906.38
12030,314922,7906.38
12030,315168,7906.38
12030,315407,7906.38
12030,315662,7906.38
12030,315964,7906.38
12030,316203,7906.38
12030,316444,7906.38
12030,316633,7906.38
12030,316872,7906.38
12030,317123,7906.38
12030,317361,7906.38
12030,317675,7906.38
12030,317920,7906.38
12030,318137,7906.38
12030,318406,7906.38
12030,318646,7906.38
12030,318889,7906.38
12030,319078,7906.38
12030,319318,7906.38
12030,319569,7906.38
12030,319822,7906.38
12030,320052,7906.38
12030,320291,7906.38
12030,320545,7906.38
12030,320726,7906.38
12030,320975,7906.38
12030,321269,7906.38
12030,321517,7906.38
12030,321766,7906.38
12030,322002,7906.38
12030,322229,7906.38
12030,322439,7906.38
12030,322678,7906.38
12030,323046,7906.38
12030,323219,7906.38
12030,323540,7906.38
12030,323724,7906.38
12030,323964,7906.38
12030,324142,7906.38
12030,324387,7906.38
12030,324618,7906.38
12030,324879,7906.38
12038,23138,7907.26
12038,33259,7907.29
12038,43369,7907.29
12038,53726,7907.29
12038,63855,7907.31
12038,73695,7907.31
12038,83834,7906.85
12038,94170,7906.85
12038,104544,7906.85
12038,115033,7907.47
12038,125431,7907.47
12038,135406,7907.24
12038,145507,7907.24
12038,155747,7907.24
12038,165858,7907.25
12038,175649,7907.25
12038,185445,7907.51
12038,193117,7907.51
12038,193309,7907.51
12038,193546,7907.34
12038,193792,7907.34
12038,194041,7906.38
12038,194285,7906.38
12038,194469,7906.38
12038,194707,7906.38
12038,194953,7906.38
12038,195196,7906.38
12038,195562,7906.38
12038,198903,7906.38
12038,207371,7906.38
12038,207643,7906.38
12038,207950,7907.34
12038,208184,7907.34
12038,212562,7906.38
12038,212906,7906.38
12038,213103,7906.38
12038,213346,7906.38
12038,213588,7906.38
12038,213824,7906.38
12038,214077,7906.38
12038,214320,7906.38
12038,214558,7906.38
12038,214819,7906.38
12038,215051,7906.38
12038,215232,7906.38
12038,215491,7906.38
12038,215734,7906.38
12038,216039,7906.38
12038,216739,7906.38
12038,222272,7906.38
12038,231766,7907.31
12038,241986,7907.31
12038,251731,7907.31
12038,261469,7907.25
12038,271679,7907.25
12038,281413,7907.23
12038,291280,7907.23
12038,301403,7907.23
12038,312021,7907.32
12038,322428,7907.32
12038,332356,7907.48
12038,342346,7907.48
12038,352698,7907.48
12038,363329,7907.2
12038,373202,7907.2
12038,383425,7907.23
12038,393046,7907.23
12038,402903,7907.23
12038,412996,7907.05
12038,423249,7907.05
12038,433625,7907.14
12038,444112,7907.14
12038,454714,7907.14
12038,465508,7906.29
12038,475872,7906.29
12038,486626,7907.28
12038,497104,7907.28
12038,507727,7907.26
12038,517846,7907.26
12038,527893,7907.26
12038,537809,7907.29
12038,547795,7907.29
12038,557880,7907.29
12038,568143,7907.29
12038,578250,7907.29
12038,588609,7907.28
12038,599127,7907.28
12038,609744,7907.42
12038,619759,7907.42
12038,629960,7907.42
12038,639947,7907.19
12038,650047,7907.19
12038,660064,7907.2
12038,669778,7907.2
12038,679709,7907.25
12038,689856,7907.25
12038,699867,7907.25
12038,709456,7907.1
12038,719682,7907.1
12038,721493,7907.2
12038,722043,7907.2
12038,728530,7906.38
12038,737193,7906.38
12038,746919,7907.25
12038,756938,7907.25
12038,766910,7907.25
12038,769654,7906.86
12038,769910,7906.86
12038,770318,7906.38
12038,776840,7906.38
12038,787202,7906.38
12038,797933,7907.27
12038,808587,7907.27
12038,818925,7907.26
12038,829291,7907.26
12038,839568,7907.18
12038,840598,7907.18
12038,840832,7907.18
12038,841073,7906.38
12038,841319,7906.38
12038,841566,7906.38
12038,841808,7906.38
12038,842042,7906.38
12038,842281,7906.38
12038,842538,7906.38
12038,842773,7906.38
12038,843025,7906.38
12038,843271,7906.38
12038,843501,7906.38
12038,843754,7906.38
12038,844064,7906.38
12038,844311,7906.38
12038,844553,7906.38
12038,844788,7906.38
12038,845045,7906.38
12038,845263,7906.38
12038,846823,7906.38
12038,855299,7906.38
12038,865280,7906.48
12038,875267,7906.48
12038,885254,7907.33
12038,895379,7907.33
12038,905619,7907.33
12038,916091,7907.21
12038,926448,7907.21
12038,7651,7907.2
12038,17761,7907.2
12038,28064,7907.2
12038,38485,7907.18
12038,49284,7907.18
12038,60005,7907.13
12038,70629,7907.13
12038,81354,7907.13
12038,92017,7907.18
12038,102636,7907.18
12038,113135,7907.19
12038,123729,7907.19
12038,134107,7907.19
12038,144592,7907.22
12038,155178,7907.22
12038,166252,7907.12
12038,177117,7907.12
12038,187742,7907.12
12038,198122,7907.23
12038,208359,7907.23
12038,218603,7907.14
12038,228573,7907.14
12038,239220,7907.14
12038,249544,7907.26
12038,259677,7907.26
12038,269899,7907.19
12038,280409,7907.19
12038,291027,7907.19
12038,301480,7907.25
12038,312039,7907.25
12038,322471,7907.28
12038,332784,7907.28
12038,343886,7907.22
12038,354985,7907.22
12038,365897,7907.22
12038,376921,7907.12
12038,387817,7907.12
12038,398537,7907.18
12038,408581,7907.18
12038,418779,7907.18
12038,428907,7907.26
12038,439276,7907.26
12038,449893,7907.19
12038,460620,7907.19
12038,471274,7907.19
12038,482178,7907.31
12038,492998,7907.31
12038,503528,7907.31
12038,513888,7907.31
12038,524714,7907.31
12038,535123,7907.34
12038,545753,7907.34
12038,556257,7907.3
12038,567393,7907.3
12038,578099,7907.3
12038,588743,7907.21
12038,599516,7907.21
12038,610136,7907.22
12039,22633,7907.03
12039,32634,7907.03
12039,42720,7906.99
12039,52732,7906.99
12039,62714,7907.15
12039,72822,7907.15
12039,82652,7907.15
12039,92369,7907.1
12039,102614,7907.1
12039,112982,7906.99
12039,123483,7906.99
12039,133744,7907.1
12039,143851,7907.1
12039,153721,7907.09
12039,164017,7907.09
12039,174294,7907.09
12039,184577,7906.83
12039,194657,7906.83
12039,204647,7907.11
12039,214482,7907.11
12039,224473,7906.76
12039,234363,7906.76
12039,244453,7906.88
12039,254572,7906.88
12039,264813,7906.88
12039,274514,7906.98
12039,283891,7906.98
12039,293494,7907.01
12039,303200,7907.01
12039,312671,7906.79
12039,322554,7906.79
12039,332115,7906.79
12039,341729,7906.92
12039,351574,7906.92
12039,361579,7906.89
12039,371607,7906.89
12039,381397,7906.89
12039,389883,7907.08
12039,389974,7907.08
12039,389974,7907.01
12039,389974,7907.01
12039,389974,7907.01
12039,389974,7906.98
12039,389974,7906.98
12039,389974,7907.19
12039,389974,7907.19
12039,389974,7907.06
12039,389974,7907.06
12039,389974,7906.86
12039,389974,7906.86
12039,389974,7906.86
12039,389974,7907.22
12039,389974,7907.22
12039,389974,7907.08
12039,389974,7907.08
12039,389974,7907.04
12039,389974,7907.04
12039,389974,7907.04
12039,389974,7907.05
12039,389974,7907.05
12039,389974,7907.18
12039,389974,7907.18
12039,389974,7907.19
12039,389974,7907.19
12039,389974,7907.19
12039,389974,7907.14
12039,389974,7907.14
12039,389974,7907.09
12039,389974,7907.09
12039,389974,7907.18
12039,389974,7907.18
12039,389974,7907.18
12040,22736,7907.18
12040,32617,7907.18
12040,42336,7907.14
12040,52009,7907.14
12040,62162,7907.14
12040,72179,7907.14
12040,82022,7907.14
12040,91752,7907.1
12040,101758,7907.1
12040,111963,7907.16
12040,122091,7907.16
12040,131944,7907.25
12040,141812,7907.25
12040,151631,7907.25
12040,161019,7907.33
12040,161165,7907.33
12040,161472,7907.05
12040,161713,7907.05
12040,161963,7907.05
12040,162138,7906.38
12040,162400,7906.38
12040,162632,7906.38
12040,162745,7906.38
12041,21842,7907.3
12041,31569,7907.3
12041,41313,7907.22
12041,51073,7907.22
12041,60755,7907.22
12041,70634,7907.1
12041,80763,7907.1
12041,90841,7907.17
12041,100949,7907.17
12041,110932,7907.2
12041,121180,7907.2
12041,131043,7907.2
12041,140699,7907.31
12041,150616,7907.31
12041,160359,7906.97
12041,170479,7906.97
12041,180466,7907.14
12041,190556,7907.14
12041,192008,7907.14
12041,192266,7907.29
12041,193643,7907.29
12041,202476,7906.38
12041,212980,7906.38
12041,223067,7906.89
12041,233418,7906.89
12041,243828,7907
12041,254288,7907
12041,264696,7907
12041,275040,7907.25
12041,285291,7907.25
12041,295400,7907.12
12041,305510,7907.12
12041,314506,7907.4
12041,314724,7907.4
12041,314973,7906.38
12041,315150,7906.38
12041,315399,7906.38
12041,315644,7906.38
12041,316073,7906.38
12041,322475,7906.38
12041,323603,7906.38
12041,323724,7906.38
12041,323971,7906.38
12041,324756,7906.38
12041,330074,7906.38
12041,330247,7906.38
12041,330626,7906.38
12041,336015,7906.38
12041,345207,7906.38
12041,352481,7906.81
12041,352685,7906.81
12041,353070,7906.38
12041,358841,7906.38
12041,368228,7907.66
12041,368441,7907.66
12041,368687,7907.66
12041,368872,7906.38
12041,369423,7906.38
12041,376484,7906.38
12041,385788,7906.38
12041,395525,7906.38
12041,405367,7906.49
12041,415117,7906.49
12041,424971,7907.48
12041,425110,7907.48
12041,425474,7906.38
12041,425664,7906.38
12041,426772,7906.38
12041,427016,7906.38
12041,427199,7906.38
12041,427440,7906.38
12041,427682,7906.38
12041,427929,7906.38
12041,428170,7906.38
12041,428416,7906.38
12041,428651,7906.38
12041,430877,7906.38
12041,434602,7906.38
12041,434781,7906.38
12041,435016,7906.38
12041,435327,7906.38
12041,435573,7906.38
12041,435814,7906.38
12041,436149,7906.38
12041,442295,7906.38
12041,451761,7906.38
12041,461905,7906.38
12041,471863,7906.99
12041,481722,7906.99
12041,491565,7907.23
12041,501587,7907.23
12041,511696,7907.31
12041,521790,7907.31
12041,531910,7907.31
12041,541999,7907.32
12041,552142,7907.32
12041,562645,7907.31
12041,572883,7907.31
12041,575098,7907.34
12041,575346,7907.34
12041,575721,7907.34
12041,582163,7906.38
12041,592149,7906.38
12041,602630,7907.43
12041,612637,7907.43
12041,622786,7907.15
12041,632745,7907.15
12041,642853,7907.19
12041,653089,7907.19
12041,663071,7907.19
12041,673040,7907.15
12041,683410,7907.15
12041,694168,7907.21
12041,704792,7907.21
12041,715651,7907.32
12041,726290,7907.32
12041,737030,7907.35
12041,747668,7907.35
12041,758095,7907.35
12041,768545,7907.31
12041,778892,7907.31
12041,789021,7907.26
12041,798767,7907.26
12041,808831,7907.18
12041,819339,7907.18
12041,829568,7907.18
12041,840092,7907.23
12041,850985,7907.23
12041,861725,7907.07
12041,872215,7907.07
12041,882576,7907.32
12041,893171,7907.32
12041,903182,7907.13
12041,913308,7907.13
12041,914902,7907.13
12041,915145,7907.18
12041,915504,7907.18
12041,917045,7906.38
12041,926131,7906.38
12041,936096,7907.75
12041,5523,7907.75
12041,15895,7907.01
12041,26487,7907.01
12041,36605,7907.01
12041,46929,7907.24
12041,57464,7907.24
12041,63433,7907.25
12041,63628,7907.25
12041,63826,7907.25
12041,64129,7906.38
12041,64374,7906.38
12041,64558,7906.38
12041,64802,7906.38
12041,65116,7906.38
12041,65356,7906.38
12041,65646,7906.38
12041,66734,7906.38
12041,74544,7906.38
12041,84254,7907.55
12041,94236,7907.55
12041,104497,7907.62
12041,114988,7907.62
12041,125228,7907.62
12041,135234,7907.23
12041,145579,7907.23
12041,155741,7907.23
12041,166349,7907.23
12041,176679,7907.23
12041,187439,7907.15
12041,197791,7907.15
12041,208067,7907.35
12041,218390,7907.35
12041,228912,7907.12
12041,238844,7907.12
12041,249026,7907.12
12041,259355,7907.34
12041,269902,7907.34
12041,280225,7907.14
12041,290747,7907.14
12041,301099,7907.25
12041,311222,7907.25
12041,321457,7907.32
12041,331800,7907.32
12041,341934,7907.32
12041,352189,7907.24
12041,362721,7907.24
12041,373303,7907.03
12041,383528,7907.03
12041,394054,7907.07
12041,404650,7907.07
12041,415298,7907.2
12041,425511,7907.2
12041,435896,7907.2
12041,446105,7907.12
12041,456733,7907.12
12041,466840,7907.2
12041,476980,7907.2
12041,487483,7907.17
12041,498272,7907.17
12041,509098,7907.17
12041,519361,7907.16
12041,529690,7907.16
12041,540214,7907.18
12041,550624,7907.18
12042,1304,7907.12
12042,4710,7907.12
12042,15099,7906.38
12042,25963,7906.38
12042,36710,7906.38
12042,47366,7907
12042,57862,7907
12042,67968,7907.25
12042,78178,7907.25
12042,88719,7907.25
12042,99332,7907.21
12042,109829,7907.21
12042,120421,7907.14
12042,130951,7907.14
12042,141313,7907.31
12042,151675,7907.31
12042,162058,7907.31
12042,172528,7907
12042,182777,7907
12042,193264,7907.02
12042,203789,7907.02
12042,214278,7907.02
12042,224743,7907.2
12042,235064,7907.2
12042,245237,7907.05
12042,255732,7907.05
12042,266115,7907.3
12042,276094,7907.3
12042,286704,7907.3
12042,297081,7907.27
12042,307204,7907.27
12042,318068,7906.97
12042,328845,7906.97
12042,339702,7906.97
12042,350079,7907.36
12042,360833,7907.36
12042,363390,7907.12
12042,363616,7907.12
12042,363867,7907.12
12042,364112,7906.38
12042,364328,7906.38
12042,364530,7906.38
12042,364782,7906.38
12042,365087,7906.38
12042,365566,7906.38
12042,372482,7906.38
12042,382202,7906.66
12042,392427,7906.66
12042,402751,7907.39
12042,409458,7907.39
12042,409654,7907.39
12042,409894,7906.38
12042,415633,7906.38
12042,426240,7906.54
12042,437127,7906.54
12042,447765,7906.54
12042,458252,7907.43
12042,468767,7907.43
12042,478987,7906.92
12042,489238,7906.92
12042,499456,7906.92
12042,509446,7907.3
12042,519816,7907.3
12042,530208,7906.9
12042,540831,7906.9
12042,551455,7907.2
12042,561668,7907.2
12042,571768,7907.2
12042,581638,7907.36
12042,591880,7907.36
12042,602232,7907.18
12042,612769,7907.18
12042,623343,7907.01
12042,633851,7907.01
12042,644508,7907.01
12042,655264,7907.03
12042,665627,7907.03
12042,675717,7907.07
12042,685838,7907.07
12042,695810,7907.06
12042,706056,7907.06
12042,716565,7907.26
12042,727295,7907.26
12042,737536,7907.26
12042,748282,7907.13
12042,758896,7907.13
12042,769185,7907.27
12042,779783,7907.27
12042,790032,7907.27
12042,800150,7907.24
12042,810379,7907.24
12042,820759,7907.27
12042,831095,7907.27
12042,842002,7907.05
12042,852726,7907.05
12042,863395,7907.05
12042,873624,7907.19
12042,883860,7907.19
12042,894237,7907.2
12042,904586,7907.2
12042,914811,7907.2
12042,925113,7907.2
12042,4603,7907.26
12042,15022,7907.26
12042,25324,7907.26
12042,35986,7907.19
12042,46843,7907.19
12042,57457,7906.99
12042,67773,7906.99
12042,78464,7907.14
12042,89488,7907.14
12042,99717,7907.14
12042,109775,7907.07
12042,119951,7907.07
12042,129799,7907.21
12042,139897,7907.21
12042,150169,7907.21
12042,160374,7907.21
12042,171017,7907.21
12042,181650,7907.26
12042,192262,7907.26
12042,194674,7907.08
12042,194873,7907.08
12042,195235,7906.38
12042,195414,7906.38
12042,195658,7906.38
12042,195900,7906.38
12042,196149,7906.38
12042,196394,7906.38
12042,196626,7906.38
12042,196885,7906.38
12042,197129,7906.38
12042,197372,7906.38
12042,197601,7906.38
12042,198426,7906.38
12042,205814,7906.38
12042,216339,7906.38
12042,226953,7906.38
12042,237080,7907.16
12042,247065,7907.16
12042,257290,7907.18
12042,267392,7907.18
12042,277768,7907.06
12042,288232,7907.06
12042,298769,7907.06
12042,309008,7907.04
12042,319502,7907.04
12042,329754,7907.2
12042,340221,7907.2
12042,350364,7907.13
12042,360569,7907.13
12042,370934,7907.13
12042,381196,7907.23
12042,391804,7907.23
12042,402204,7907.27
12042,412797,7907.27
12042,418384,7907.2
12042,418579,7907.2
12042,418885,7906.38
12042,424807,7906.38
12042,435700,7906.38
12042,446457,7907.42
12042,457336,7907.42
12042,467846,7907.24
12042,478305,7907.24
12042,488428,7907.08
12042,498915,7907.08
12042,509405,7907.08
12042,519900,7907.28
12042,530547,7907.28
12042,541287,7907.38
12042,551922,7907.38
12042,562301,7907.02
12042,572381,7907.02
12042,582531,7907.02
12042,591180,7907.13
12042,591355,7907.13
12042,591665,7906.38
12042,591839,7906.38
12042,594018,7906.38
12042,603778,7906.38
12042,614165,7906.38
12042,621246,7906.42
12042,621483,7906.42
12042,623287,7906.38
12042,633557,7906.38
12042,644385,7906.38
12042,654943,7906.68
12042,665655,7906.68
12042,676127,7907.24
12042,686407,7907.24
12042,697021,7907.24
12042,699965,7906.85
12042,700211,7906.85
12042,700443,7906.38
12042,700639,7906.38
12042,704402,7906.38
12042,714236,7906.38
12042,724726,7906.38
12042,735760,7906.89
12042,736542,7906.89
12042,736894,7906.38
12042,737752,7906.38
12043,22882,7907.14
12043,32866,7907.14
12043,43004,7907.08
12043,53243,7907.08
12043,63199,7907.19
12043,73110,7907.19
12043,83685,7907.19
12043,94052,7907.22
12043,104462,7907.22
12043,114780,7907.07
12043,125520,7907.07
12043,135818,7907.07
12043,146162,7907.08
12043,156884,7907.08
12043,167524,7907.17
12043,178152,7907.17
12043,188628,7907.2
12043,199143,7907.2
12043,209366,7907.2
12043,219742,7907.23
12043,230009,7907.23
12043,240373,7907.2
12043,250640,7907.2
12043,252965,7906.99
12043,253207,7906.99
12043,253518,7906.99
12043,260461,7906.38
12043,270327,7906.38
12043,280695,7906.98
12043,291703,7906.98
12043,302314,7907.12
12043,312566,7907.12
12043,322556,7907.12
12043,332944,7907.16
12043,343540,7907.16
12043,353804,7907.18
12043,364148,7907.18
12043,374530,7907.08
12043,384744,7907.08
12043,395122,7907.08
12043,405631,7907.15
12043,416256,7907.15
12043,426623,7907.13
12043,436984,7907.13
12043,447605,7907.24
12043,458351,7907.24
12043,468733,7907.24
12043,479095,7907.05
12043,489716,7907.05
12043,500064,7907.74
12043,510457,7907.74
12043,520963,7906.84
12043,531577,7906.84
12043,542218,7906.84
12043,552466,7907.09
12043,563085,7907.09
12043,573442,7907.15
12043,583797,7907.15
12043,594177,7907.1
12043,604789,7907.1
12043,614766,7907.1
12043,625161,7907.01
12043,635268,7907.01
12043,645631,7906.98
12043,656114,7906.98
12043,666481,7907.12
12043,677007,7907.12
12043,687132,7907.21
12043,697195,7907.21
12043,707583,7907.21
12043,717698,7907.25
12043,728114,7907.25
12043,738527,7906.98
12043,748932,7906.98
12043,759301,7907.27
12043,768900,7907.27
12043,769201,7907.27
12043,769385,7907.05
12043,769629,7907.05
12043,771464,7906.38
12043,780935,7906.38
12043,791791,7907.65
12043,802481,7907.65
12043,812915,7907.07
12043,823406,7907.07
12043,833902,7907.07
12043,844416,7907.17
12043,854795,7907.17
12043,865281,7907.24
12043,875770,7907.24
12043,886021,7907
12043,895942,7907
12043,906128,7906.96
12043,916491,7906.96
12043,926595,7906.96
12043,975,7907.22
12043,11457,7907.22
12043,21951,7907.11
12043,32690,7907.11
12043,43307,7906.98
12043,53843,7906.98
12043,64311,7907.18
12043,74570,7907.18
12043,85035,7907.18
12043,95425,7907.06
12043,105642,7907.06
12043,115896,7907.21
12043,126004,7907.21
12043,136749,7907.12
12043,147765,7907.12
12043,158010,7907.12
12043,168376,7906.96
12043,175277,7906.96
12043,175486,7907.15
12043,175786,7907.15
12043,178048,7906.38
12043,187153,7906.38
12044,24146,7907.12
12044,34899,7907.12
12044,45267,7907.01
12044,55648,7907.01
12044,65878,7907.01
12044,76270,7906.96
12044,86762,7906.96
12044,97375,7906.74
12044,104911,7906.74
12044,105132,7906.74
12044,105319,7907.11
12044,106933,7907.11
12044,115513,7906.38
12044,125360,7906.38
12044,135493,7906.77
12044,145617,7906.77
12044,155605,7906.92
12044,165949,7906.92
12044,167905,7906.92
12044,168086,7907
12044,168388,7907
12044,168636,7906.38
12044,169663,7906.38
12044,178213,7906.38
12044,188705,7906.38
12044,199218,7906.38
12044,209438,7906.36
12044,219915,7906.36
12044,228931,7907.17
12044,229170,7907.17
12044,229483,7906.38
12044,229662,7906.38
12044,233656,7906.38
12044,243128,7906.38
12044,248572,7906.38
12044,248822,7906.75
12044,249065,7906.75
12044,249315,7906.75
12044,249555,7906.38
12044,249794,7906.38
12044,251412,7906.38
12044,260395,7906.38
12044,267843,7906.38
12044,268075,7907.6
12044,268328,7907.6
12044,268566,7906.38
12044,270149,7906.38
12044,276147,7906.38
12044,284093,7906.38
12044,292918,7906.38
12044,302655,7907.58
12044,312513,7907.58
12044,322699,7907.36
12044,332880,7907.36
12044,343195,7907.36
12044,353346,7906.99
12044,363595,7906.99
12044,373648,7907.22
12044,383669,7907.22
12044,393935,7907.22
12044,404671,7907.19
12044,412390,7907.19
12044,412575,7907.01
12044,412928,7907.01
12044,418816,7907.01
12044,428681,7906.38
12044,438787,7906.38
12044,448993,7906.91
12044,459233,7906.91
12044,469486,7907.04
12044,473345,7907.04
12044,473588,7907.08
12044,473826,7907.08
12044,475281,7907.08
12044,483894,7906.38
12044,493969,7906.38
12044,504350,7906.34
12044,514201,7906.34
12044,524071,7907.44
12044,534187,7907.44
12044,542743,7907.44
12044,542919,7907.04
12044,543278,7907.04
12044,543476,7906.38
12044,543718,7906.38
12044,547391,7906.38
12044,556889,7906.38
12044,566845,7906.38
12044,577108,7906.25
12044,585597,7906.25
12044,585779,7907.12
12044,586072,7907.12
12044,586325,7907.12
12044,586571,7906.38
12044,589715,7906.38
12044,599449,7906.38
12044,610112,7906.38
12044,620453,7907.01
12044,631244,7907.01
12044,641833,7907.01
12044,652342,7907.15
12044,662710,7907.15
12044,672794,7907.23
12044,683043,7907.23
12044,693175,7907.03
12044,703099,7907.03
12044,713377,7907.03
12044,723396,7907.17
12044,724736,7907.17
12044,724978,7907.12
12044,727976,7907.12
12044,738574,7907.12
12044,749363,7906.38
12044,759997,7906.38
12044,770876,7907.01
12044,781455,7907.01
12044,791698,7907
12044,801838,7907
12044,812061,7907
12044,817594,7906.9
12044,817805,7906.9
12044,818305,7906.38
12044,825616,7906.38
12044,835450,7907.49
12044,845707,7907.49
12044,8707,7906.95
12044,19479,7906.98
12044,29939,7906.98
12044,40180,7907.12
12044,50436,7907.12
12044,60690,7907.15
12044,71032,7907.15
12044,81176,7907.15
12044,91396,7906.97
12044,102024,7906.97
12044,112244,7906.91
12044,123155,7906.91
12044,133763,7907.2
12044,144275,7907.2
12044,154746,7906.91
12044,163696,7906.91
12044,163888,7906.91
12044,164142,7907.17
12044,170502,7907.17
12044,180740,7906.38
12044,191096,7906.38
12044,201333,7906.82
12044,211838,7906.82
12044,222133,7906.82
12044,232173,7907.25
12044,242413,7907.25
12044,252753,7906.99
12044,263309,7906.99
12044,273552,7906.98
12044,283788,7906.98
12044,294123,7906.94
12044,304556,7906.94
12044,312965,7906.94
12044,313180,7907.08
12044,313383,7907.08
12044,314064,7906.38
12044,321647,7906.38
12044,331525,7907.72
12044,342034,7907.72
12044,352399,7907.15
12044,362374,7907.15
12044,372495,7907.15
12044,382746,7906.9
12044,392855,7906.9
12044,403085,7907.09
12044,413406,7907.09
12044,423643,7906.92
12044,433802,7906.92
12044,444412,7906.92
12044,455056,7907.1
12044,465517,7907.1
12044,475959,7906.88
12044,486512,7906.88
12044,497545,7907.1
12044,508016,7907.1
12044,518283,7907.16
12044,528527,7907.16
12044,538481,7907.16
12044,548724,7906.97
12044,559111,7906.97
12044,569724,7907.12
12044,579880,7907.12
12044,590350,7907.12
12044,600711,7907.12
12044,611184,7907.12
12044,621544,7906.98
12044,631788,7906.98
12044,641797,7906.97
12044,652111,7906.97
12045,24932,7907.14
12045,35164,7907.21
12045,45546,7907.21
12045,55881,7907.05
12045,65489,7907.05
12045,65723,7907.23
12045,65957,7907.23
12045,66148,7907.23
12045,69766,7906.38
12045,78315,7906.38
12045,78449,7907.73
12045,78702,7907.73
12045,79003,7906.38
12045,79254,7906.38
12045,79494,7906.38
12045,79741,7906.38
12045,79921,7906.38
12045,80287,7906.38
12045,80466,7906.38
12045,84017,7906.38
12045,93653,7906.38
12045,103995,7906.38
12045,114490,7906.63
12045,124589,7906.63
12045,135107,7907.37
12045,145217,7907.37
12045,155464,7907.25
12045,165549,7907.25
12045,175787,7907.15
12045,185777,7907.15
12045,196043,7907.15
12045,206376,7907.07
12045,216639,7907.07
12045,226860,7907.01
12045,236864,7907.01
12045,246849,7907.07
12045,257089,7907.07
12045,265895,7907.07
12045,266106,7907.11
12045,266343,7907.11
12045,266580,7906.38
12045,266829,7906.38
12045,267138,7906.38
12045,267253,7906.38
12045,267570,7906.38
12045,267813,7906.38
12045,268050,7906.38
12045,268540,7906.38
12045,275055,7906.38
12045,284920,7906.38
12045,295011,7906.38
12045,305096,7906.86
12045,315116,7906.86
12045,325375,7906.86
12045,335606,7907.23
12045,345585,7907.23
12045,355576,7907.16
12045,365947,7907.16
12045,376051,7907.14
12045,386408,7907.14
12045,396651,7907.19
12045,407131,7907.19
12045,417414,7907.19
12045,427651,7907.17
12045,437889,7907.17
12045,448026,7907.2
12045,458480,7907.2
12045,468831,7906.95
12045,479583,7906.95
12045,490226,7906.95
12045,496834,7907.05
12045,497021,7907.05
12045,497258,7906.38
12045,497518,7906.38
12045,497818,7906.38
12045,498064,7906.38
12045,500279,7906.38
12045,503428,7906.38
12045,503686,7906.38
12045,505363,7906.38
12045,514312,7906.38
12045,524321,7907.02
12045,534442,7907.02
12045,544671,7907.15
12045,554803,7907.15
12045,565008,7907.15
12045,574982,7907.13
12045,585095,7907.13
12045,595745,7907.2
12045,606256,7907.2
12045,616882,7907.1
12045,627363,7907.1
12045,637992,7907.15
12045,648605,7907.15
12045,659236,7907.15
12045,669707,7907.01
12045,679976,7907.01
12045,690324,7907.26
12045,699026,7907.26
12045,699259,7907.05
12045,699626,7907.05
12045,706343,7906.38
12045,717704,7906.38
12045,728611,7906.38
12045,739624,7906.37
12045,750243,7906.37
12045,760611,7907.13
12045,770834,7907.13
12045,780945,7907.22
12045,783325,7907.22
12045,783573,7907.15
12045,785836,7907.15
12045,795564,7907.15
12045,800227,7906.38
12045,800416,7906.38
12045,800944,7906.38
12045,807995,7906.38
12045,817615,7907.87
12045,827599,7907.87
12045,837591,7907.38
12045,847926,7907.38
12045,858048,7907.38
12045,868280,7907.22
12045,878687,7907.22
12045,889303,7907.14
12045,900046,7907.14
12045,910410,7907
12045,920386,7907
12045,925848,7907.18
12045,926090,7907.18
12045,928183,7907.18
12045,937534,7906.38
12045,6655,7906.38
12045,6803,7906.73
12045,7048,7906.73
12045,10816,7906.38
12045,19625,7906.38
12045,29086,7907.38
12045,39344,7907.38
12045,49721,7907.38
12045,60210,7907.27
12045,70688,7907.27
12045,81052,7907.17
12045,87493,7907.17
12045,87719,7907.04
12045,87961,7907.04
12045,91756,7906.38
12045,102283,7906.38
12045,113152,7906.38
12045,125413,7907.08
12045,136056,7907.08
12045,146946,7907.12
12045,152309,7907.12
12045,152615,7907.12
12045,152849,7907.12
12045,153101,7906.38
12045,153294,7906.38
12045,153605,7906.38
12045,153851,7906.38
12045,154104,7906.38
12045,155272,7906.38
12045,159125,7906.38
12045,159368,7907.17
12045,159562,7907.17
12045,159987,7906.38
12045,160163,7906.38
12045,160410,7906.38
12045,160651,7906.38
12045,160998,7906.38
12045,166397,7906.38
12045,175550,7906.38
12045,184654,7906.38
12045,184789,7906.36
12045,185097,7906.36
12045,185341,7906.38
12045,189561,7906.38
12045,199163,7906.38
12045,209145,7907.54
12045,217923,7907.54
12045,218090,7907.52
12045,218454,7907.52
12045,218641,7906.38
12045,218828,7906.38
12045,221805,7906.38
12045,232070,7906.38
12045,242692,7906.38
12045,253177,7906.81
12045,263419,7906.81
12045,273759,7906.81
12045,283996,7907.15
12045,294246,7907.15
12045,304098,7907.16
12045,314184,7907.16
12045,324228,7907.16
12045,334190,7906.91
12045,344807,7906.91
12045,355549,7907.22
12045,366078,7907.22
12045,376444,7906.99
12045,386554,7906.99
12045,396912,7906.99
12045,406880,7907.1
12045,417157,7907.1
12046,3318,7906.38
12046,13099,7906.38
12046,23261,7906.38
12046,33516,7906.42
12046,44373,7906.42
12046,54612,7907.4
12046,64743,7907.4
12046,74874,7907.56
12046,84972,7907.56
12046,94928,7907.56
12046,105216,7907.23
12046,115675,7907.23
12046,126160,7907.19
12046,136567,7907.19
12046,146900,7907.35
12046,157277,7907.35
12046,159378,7907.35
12046,159626,7907.43
12046,159799,7907.43
12046,160105,7906.38
12046,163015,7906.38
12046,171969,7906.6
12046,177954,7906.6
12046,178152,7906.6
12046,178386,7906.38
12046,178644,7906.38
12046,179067,7906.38
12046,184169,7906.38
12046,193252,7906.38
12046,199247,7906.71
12046,199396,7906.71
12046,199656,7906.38
12046,199894,7906.38
12046,200204,7906.38
12046,200382,7906.38
12046,200635,7906.38
12046,200911,7906.38
12046,201235,7906.38
12046,201370,7906.38
12046,201681,7906.38
12046,201916,7906.38
12046,202150,7906.38
12046,202467,7906.38
12046,202661,7906.38
12046,202891,7906.38
12046,203149,7906.38
12046,203402,7906.38
12046,203637,7906.38
12046,203891,7906.38
12046,204074,7906.38
12046,204314,7906.38
12046,204624,7906.38
12046,204862,7906.38
12046,205111,7906.38
12046,205355,7906.38
12046,205556,7906.38
12046,205784,7906.38
12046,206026,7906.38
12046,206264,7906.38
12046,206523,7906.38
12046,206820,7906.38
12046,207058,7906.38
12046,207303,7906.38
12046,207476,7906.38
12046,207735,7906.38
12046,208090,7906.38
12046,208275,7906.38
12046,208525,7906.38
12046,208767,7906.38
12046,208962,7906.38
12046,209204,7906.38
12046,209440,7906.38
12046,209680,7906.38
12046,209928,7906.38
12046,210180,7906.38
12046,210417,7906.38
12046,210660,7906.38
12046,210909,7906.38
12046,211090,7906.38
12046,211347,7906.38
12046,211587,7906.38
12046,211947,7906.38
12046,212135,7906.38
12046,212380,7906.38
12046,212634,7906.38
12046,212871,7906.38
12046,213110,7906.38
12046,213302,7906.38
12046,213549,7906.38
12046,213791,7906.38
12046,214101,7906.38
12046,214348,7906.38
12046,214532,7906.38
12046,214775,7906.38
12046,215020,7906.38
12046,215266,7906.38
12046,215563,7906.38
12046,215809,7906.38
12046,215987,7906.38
12046,216230,7906.38
12046,216478,7906.38
12046,216723,7906.38
12046,217084,7906.38
12046,217265,7906.38
12046,217517,7906.38
12046,217708,7906.38
12046,218017,7906.38
12046,218189,7906.38
12046,218439,7906.38
12046,218683,7906.38
12046,218930,7906.38
12046,219299,7906.38
12046,219366,7906.38
12046,219671,7906.38
12046,219913,7906.38
12046,220095,7906.38
12046,220345,7906.38
12046,220648,7906.38
12046,220887,7906.38
12046,221125,7906.38
12046,221311,7906.38
12046,221672,7906.38
12046,221866,7906.38
12046,222101,7906.38
12046,222363,7906.38
12046,222560,7906.38
12046,222784,7906.38
12046,223030,7906.38
12046,223289,7906.38
12046,223521,7906.38
12046,223766,7906.38
12046,223997,7906.38
12046,224242,7906.38
12046,224506,7906.38
12046,226981,7906.38
12046,234653,7906.38
12046,243473,7907.39
12046,252553,7907.39
12046,262184,7907.26
12046,265286,7907.26
12046,265522,7907.26
12046,265763,7907.16
12046,267900,7907.16
12046,276861,7906.38
12046,286480,7906.38
12046,296579,7906.89
12046,306207,7906.89
12046,315787,7906.89
12046,325491,7907.28
12046,328365,7907.28
12046,328559,7907.33
12046,328805,7907.33
12046,330193,7907.33
12046,330379,7906.38
12046,330623,7906.38
12046,335193,7906.38
12046,344375,7906.38
12046,354146,7906.38
12046,364211,7906.78
12046,373932,7906.78
12046,383835,7907.39
12046,394048,7907.39
12046,404237,7907.26
12046,414394,7907.26
12046,424681,7907.26
12046,434768,7907.46
12046,439879,7907.46
12046,440116,7907.23
12046,440373,7907.23
12046,440612,7907.23
12046,441237,7906.38
12046,449082,7906.38
12046,459450,7908.11
12046,469783,7908.11
12046,479780,7907.49
12046,489508,7907.49
12046,499388,7907.49
12046,509369,7907.25
12046,519205,7907.25
12046,528802,7907.3
12046,538484,7907.3
12046,548072,7907.3
12046,558125,7907.21
12046,568120,7907.21
12046,570162,7907.23
12046,570355,7907.23
12046,570599,7906.38
12046,570841,7906.38
12046,571080,7906.38
12046,571335,7906.38
12046,572402,7906.38
12046,580074,7906.38
12046,589696,7906.38
12046,599638,7906.86
12046,603319,7906.86
12046,603569,7907.3
12046,603810,7907.3
12046,604058,7907.3
12046,604304,7906.38
12046,604659,7906.38
12046,610741,7906.38
12046,620350,7906.38
12046,630299,7907.19
12047,24569,7907.21
12047,35044,7907.22
12047,45269,7907.22
12047,55150,7907.4
12047,65149,7907.4
12047,75097,7907.4
12047,85235,7907.53
12047,95241,7907.53
12047,105584,7907.49
12047,116016,7907.49
12047,126054,7907.48
12047,136059,7907.48
12047,146040,7907.48
12047,156145,7907.05
12047,166481,7907.05
12047,176210,7907.38
12047,186063,7907.38
12047,196061,7907.39
12047,206061,7907.39
12047,215659,7907.3
12047,225731,7907.3
12047,235618,7907.3
12047,246046,7907.07
12047,256502,7907.07
12047,257053,7907.45
12047,257296,7907.45
12047,257543,7906.38
12047,257777,7906.38
12047,261227,7906.38
12047,270308,7906.38
12047,280066,7906.38
12047,290038,7906.41
12047,300168,7906.41
12047,310628,7907.34
12047,320909,7907.34
12047,331126,7907.34
12047,341218,7907.35
12047,351467,7907.35
12047,361301,7907.23
12047,371304,7907.23
12047,381303,7907.23
12047,391535,7907.56
12047,401669,7907.56
12047,411781,7907.34
12047,421828,7907.34
12047,431969,7907.47
12047,442114,7907.47
12047,452211,7907.47
12047,462476,7907.28
12047,472931,7907.28
12047,483051,7907.39
12047,493174,7907.39
12047,503493,7907.21
12047,509625,7907.21
12047,509855,7907.21
12047,510099,7907.27
12047,510345,7907.27
12047,510584,7906.38
12047,510764,7906.38
12047,511016,7906.38
12047,517197,7906.38
12047,525281,7906.38
12047,525471,7907.67
12047,525777,7907.67
12047,525961,7906.38
12047,526209,7906.38
12047,526447,7906.38
12047,529921,7906.38
12047,538696,7906.38
12047,548031,7907.94
12047,557882,7907.94
12047,568284,7907.1
12047,578515,7907.1
12047,588489,7907.35
12047,598224,7907.35
12047,608431,7907.35
12047,618582,7907.29
12047,628794,7907.29
12047,639564,7907.27
12047,649915,7907.27
12047,660299,7907.2
12047,670550,7907.2
12047,680653,7907.2
12047,690648,7907.29
12047,700856,7907.29
12047,710879,7907.29
12047,721098,7907.29
12047,731330,7907.3
12047,741724,7907.3
12047,751948,7907.3
12047,762573,7907.18
12047,773070,7907.18
12047,783547,7907.35
12047,793914,7907.35
12047,804804,7907.28
12047,814656,7907.28
12047,824536,7907.28
12047,834483,7907.3
12047,844293,7907.3
12047,853940,7907.31
12047,863818,7907.31
12047,873942,7907.35
12047,884546,7907.35
12047,894796,7907.35
12047,902212,7907.34
12047,902411,7907.34
12047,902607,7906.38
12047,902847,7906.38
12047,903150,7906.38
12047,903404,7906.38
12047,903633,7906.38
12047,903825,7906.38
12047,904073,7906.38
12047,906292,7906.38
12047,915372,7906.38
12047,925207,7907.41
12047,935064,7907.41
12047,2924,7907.41
12047,13306,7907.71
12047,23818,7907.71
12047,33935,7907.38
12047,44019,7907.38
12047,53622,7907.39
12047,63806,7907.39
12047,73869,7907.39
12047,84058,7907.42
12047,94458,7907.42
12047,104694,7907.15
12047,114965,7907.15
12047,125180,7907.25
12047,135436,7907.25
12047,145428,7907.25
12047,155545,7907.22
12047,165769,7907.22
12047,176013,7907.35
12047,186137,7907.35
12047,196211,7907.23
12047,206451,7907.23
12047,216596,7907.23
12047,226928,7907.35
12047,237051,7907.35
12047,247427,7907.14
12047,257537,7907.14
12047,267897,7907.35
12047,278571,7907.35
12047,289031,7907.35
12047,299653,7907.13
12047,310140,7907.13
12047,320365,7907.36
12047,330354,7907.36
12047,340588,7907.36
12047,351114,7907.22
12047,361202,7907.22
12047,363178,7907.28
12047,363373,7907.28
12047,363718,7907.28
12047,363920,7906.38
12047,364707,7906.38
12047,372651,7906.38
12047,382766,7906.38
12047,393124,7906.85
12047,403331,7906.85
12047,413509,7906.85
12047,423599,7907.35
12047,433675,7907.35
12047,443467,7907.31
12047,453685,7907.31
12047,463685,7907.41
12047,473910,7907.41
12047,475815,7907.41
12047,476058,7907.29
12047,476294,7907.29
12047,476547,7906.38
12047,476790,7906.38
12047,478338,7906.38
12047,486688,7906.38
12047,496409,7906.38
12047,506665,7907.18
12047,516891,7907.18
12047,527020,7907.28
12047,537115,7907.28
12047,547235,7907.36
12047,557097,7907.36
12047,567080,7907.36
12047,577432,7907.27
12047,587676,7907.27
12047,598020,7907.35
12047,608273,7907.35
12047,618408,7907.32
12047,628639,7907.32
12047,639001,7907.32
12047,649118,7907.24
12047,659593,7907.24
12047,669330,7907.35
12047,679209,7907.35
12047,688907,7907.33
12047,698620,7907.33
12047,708368,7907.33
12047,718220,7907.34
12047,728229,7907.34
12047,738220,7907.25
12047,748435,7907.25
12047,758552,7907.53
12048,23203,7907.29
12048,33296,7907.25
12048,43130,7907.25
12048,52839,7907.33
12048,62824,7907.33
12048,72811,7907.32
12048,83310,7907.32
12048,93933,7907.32
12048,104406,7907.33
12048,114883,7907.33
12048,125023,7907.33
12048,135024,7907.33
12048,145127,7907.19
12048,154843,7907.19
12048,164968,7907.32
12048,174972,7907.32
12048,185217,7907.32
12048,190474,7907.31
12048,190677,7907.31
12048,190925,7906.38
12048,191170,7906.38
12048,191414,7906.38
12048,191655,7906.38
12048,191899,7906.38
12048,192137,7906.38
12048,192377,7906.38
12048,192614,7906.38
12048,192814,7906.38
12048,193119,7906.38
12048,193365,7906.38
12048,193614,7906.38
12048,193846,7906.38
12048,194097,7906.38
12048,194337,7906.38
12048,198429,7906.38
12048,206719,7906.38
12048,216081,7906.38
12048,225792,7906.69
12048,235680,7906.69
12048,245662,7907.28
12048,255666,7907.28
12048,266121,7907.09
12048,276237,7907.09
12048,286466,7907.34
12048,287165,7907.34
12048,287409,7907.34
12048,287649,7906.38
12048,287944,7906.38
12048,290939,7906.38
12048,299918,7906.38
12048,309617,7906.38
12048,319428,7906.61
12048,329432,7906.61
12048,339306,7907.44
12048,349416,7907.44
12048,359614,7907.33
12048,370113,7907.33
12048,380139,7907.33
12048,382051,7907.32
12048,382292,7907.32
12048,382536,7906.38
12048,383792,7906.38
12048,392731,7906.38
12048,403354,7906.38
12048,414004,7906.38
12048,419312,7907.06
12048,419525,7907.06
12048,419778,7907.06
12048,420432,7906.38
12048,428241,7906.38
12048,438259,7907.89
12048,448372,7907.89
12048,458450,7907.89
12048,468816,7907.31
12048,479346,7907.31
12048,489653,7907.31
12048,500049,7907.31
12048,510297,7907.25
12048,520685,7907.25
12048,530914,7907.25
12048,541322,7907.3
12048,551591,7907.3
12048,562138,7907.39
12048,572388,7907.39
12048,582609,7907.39
12048,592667,7907.35
12048,602587,7907.35
12048,612461,7907.27
12048,622035,7907.27
12048,632053,7907.27
12048,641823,7907.16
12048,652403,7907.16
12048,662759,7907.18
12048,672627,7907.18
12048,682738,7907.32
12048,692961,7907.32
12048,703363,7907.3
12048,713693,7907.3
12048,723791,7907.3
12048,733772,7907.28
12048,743903,7907.28
12048,754016,7907.27
12048,764033,7907.27
12048,774000,7907.33
12048,784099,7907.33
12048,794218,7907.33
12048,804282,7907.07
12048,814301,7907.07
12048,824408,7907.29
12048,834512,7907.29
12048,844516,7907.29
12048,854486,7907.3
12048,864602,7907.3
12048,874739,7907.15
12048,885067,7907.15
12048,895345,7907.24
12048,905683,7907.24
12048,915800,7907.24
12048,926037,7907.39
12048,936565,7907.39
12048,4043,7907.18
12048,14320,7907.18
12048,24672,7907.18
12048,34656,7907.38
12048,45135,7907.38
12048,55530,7907.23
12048,65874,7907.23
12048,66937,7907.23
12050,13330,7907.92
12050,13569,7907.92
12050,13816,7906.38
12050,14058,7906.38
12050,14302,7906.38
12050,14658,7906.38
12050,19973,7906.38
12050,28812,7906.38
12050,38162,7906.38
12050,47722,7906.35
12050,57455,7906.35
12050,67190,7907.15
12050,77195,7907.15
12050,86903,7906.98
12050,97003,7906.98
12050,107026,7907.27
12050,117235,7907.27
12050,127169,7907.27
12050,137072,7907.23
12050,147019,7907.23
12050,156659,7907.1
12050,166761,7907.1
12050,176881,7907.01
12050,187102,7907.01
12050,191573,7907.19
12050,191890,7907.19
12050,192023,7907.19
12050,192267,7906.38
12050,192506,7906.38
12050,192755,7906.38
12050,192998,7906.38
12050,193235,7906.38
12050,193486,7906.38
12050,193725,7906.38
12050,194024,7906.38
12050,194270,7906.38
12050,194527,7906.38
12050,194762,7906.38
12050,195018,7906.38
12050,195256,7906.38
12050,195501,7906.38
12050,195759,7906.38
12050,196004,7906.38
12050,196251,7906.38
12050,196488,7906.38
12050,196748,7906.38
12050,196997,7906.38
12050,197169,7906.38
12050,197408,7906.38
12050,197665,7906.38
12050,197910,7906.38
12050,198161,7906.38
12050,198400,7906.38
12050,198644,7906.38
12050,198817,7906.38
12050,199070,7906.38
12050,199374,7906.38
12050,199610,7906.38
12050,199860,7906.38
12050,200102,7906.38
12050,200345,7906.38
12050,200585,7906.38
12050,200823,7906.38
12050,201079,7906.38
12050,201319,7906.38
12050,201508,7906.38
12050,201805,7906.38
12050,202059,7906.38
12050,203386,7906.38
12050,210273,7906.38
12050,218478,7906.38
12050,227554,7906.38
12050,237147,7906.57
12050,246619,7906.57
12050,256119,7907.27
12050,265855,7907.27
12050,275586,7907.1
12050,285934,7907.1
12050,295910,7907.1
12050,305754,7907.2
12050,315636,7907.2
12050,325618,7907
12050,332856,7907
12050,333044,7907
12050,333287,7907.27
12050,333523,7907.27
12050,333771,7906.38
12050,334014,7906.38
12050,334991,7906.38
12050,343211,7906.38
12050,352786,7906.38
12050,362797,7906.72
12050,372790,7906.72
12050,382486,7907.29
12050,392253,7907.29
12050,401566,7907.29
12050,411029,7907.06
12050,420629,7907.06
12050,430515,7907.26
12050,440237,7907.26
12050,450076,7907.26
12050,459836,7907.28
12050,469693,7907.28
12050,479262,7907.08
12050,489123,7907.08
12050,499385,7907.25
12050,509616,7907.25
12050,519484,7907.25
12050,529184,7907.12
12050,539058,7907.12
12050,549140,7907.15
12050,559063,7907.15
12050,568887,7907.25
12050,578951,7907.25
12050,589231,7907.25
12050,599095,7907.26
12050,609169,7907.26
12050,619060,7907.24
12050,628787,7907.24
12050,638621,7907.19
12050,648618,7907.19
12050,658451,7907.19
12050,668721,7907.18
12050,678832,7907.18
12050,688657,7907.14
12050,698543,7907.14
12050,708255,7907.17
12050,718514,7907.17
12050,728336,7907.21
12050,738233,7907.21
12050,747785,7907.21
12050,757410,7907.1
12050,766998,7907.1
12050,776984,7907
12050,787255,7907
12050,797349,7907.32
12050,807572,7907.32
12050,817469,7907.32
12050,827309,7907.06
12050,837154,7907.06
12050,846768,7907.17
12050,9183,7907.12
12050,19193,7907.21
12050,29307,7907.21
12050,38903,7907.21
12050,48895,7907.23
12050,59001,7907.23
12050,69111,7907.02
12050,79083,7907.02
12050,88817,7907.21
12050,98852,7907.21
12050,108931,7907.21
12050,118889,7907.23
12050,128501,7907.23
12050,138245,7907.25
12050,148086,7907.25
12050,157948,7906.89
12050,167274,7906.89
12050,176884,7906.89
12050,186717,7907.23
12050,196829,7907.23
12050,198865,7907.13
12050,199113,7907.13
12050,199356,7906.38
12050,199604,7906.38
12050,199848,7906.38
12050,200091,7906.38
12050,200342,7906.38
12050,200583,7906.38
12050,200830,7906.38
12050,201075,7906.38
12050,201314,7906.38
12050,201556,7906.38
12050,201806,7906.38
12050,202050,7906.38
12050,202298,7906.38
12050,202534,7906.38
12050,202785,7906.38
12050,203092,7906.38
12050,203334,7906.38
12050,203585,7906.38
12050,203828,7906.38
12050,204072,7906.38
12050,204317,7906.38
12050,208368,7906.38
12050,208788,7906.38
12050,209025,7906.38
12050,209392,7906.38
12050,214445,7906.38
12050,223382,7906.38
12050,233173,7907.37
12050,242657,7907.37
12050,252209,7907.11
12051,22299,7907
12051,31706,7906.91
12051,41421,7906.91
12051,51575,7907.05
12051,61669,7907.05
12051,71911,7907.05
12051,82030,7907.06
12051,91993,7907.06
12051,101874,7907.01
12051,111716,7907.01
12051,121447,7906.97
12051,131312,7906.97
12051,141298,7906.94
12051,151015,7906.94
12051,160592,7906.94
12051,170095,7907.01
12051,179572,7907.01
12051,189353,7907.04
12051,199541,7907.04
12051,209584,7907.05
12051,219614,7907.05
12051,229334,7907.11
12051,239469,7907.11
12051,249453,7906.9
12051,259176,7906.9
12051,268784,7906.9
12051,278608,7907.13
12051,288632,7907.13
12051,298718,7906.84
12051,308695,7906.84
12051,318427,7907.09
12051,328407,7907.09
12051,338535,7907.09
12051,348761,7907.15
12051,359021,7907.15
12051,369255,7906.76
12051,379551,7906.76
12051,389576,7907
12051,399968,7907
12051,409813,7907.01
12051,419832,7907.01
12051,429522,7906.9
12051,439445,7906.9
12051,449765,7906.9
12051,459748,7906.99
12051,469616,7906.99
12051,479219,7906.96
12051,489061,7906.96
12051,498929,7906.87
12051,508522,7906.87
12051,518261,7907.1
12051,528082,7907.1
12051,537993,7907.1
12051,547577,7907.19
12051,557429,7907.19
12051,567289,7907.15
12051,577383,7907.15
12051,587479,7906.97
12051,597619,7906.97
12051,607597,7906.97
12051,617175,7907.05
12051,626720,7907.05
12051,636658,7907.16
12051,646750,7907.16
12051,656745,7907.16
12051,666717,7906.93
12051,676721,7906.93
12051,686580,7906.87
12051,694046,7906.87
12051,694173,7906.87
12051,694483,7907.38
12051,701024,7907.38
12051,711035,7906.38
12051,721011,7906.38
12051,730355,7907.16
12051,739863,7907.16
12051,749542,7907.16
12051,759271,7907.18
12051,769128,7907.18
12051,778759,7906.83
12051,788462,7906.83
12051,798469,7906.83
12051,808793,7906.95
12051,819057,7906.95
12051,829157,7907.01
12051,839301,7907.01
12051,849391,7907.09
12051,859385,7907.09
12051,869488,7907.09
12051,879420,7907.09
12051,889326,7907.09
12051,898811,7907.07
12051,908778,7907.07
12051,918755,7907.13
12051,928988,7907.13
12051,939397,7907.13
12051,3037,7906.85
12051,13300,7906.85
12051,23166,7906.99
12051,33018,7906.99
12051,42749,7906.98
12051,52474,7906.98
12051,62318,7906.98
12051,72044,7906.84
12051,82037,7906.84
12051,92139,7907.1
12051,102386,7907.1
12051,112476,7906.99
12051,122742,7906.99
12051,132736,7907.08
12051,142899,7907.08
12051,152799,7907.08
12051,162963,7907.03
12051,172922,7907.03
12051,183039,7907.11
12051,193157,7907.11
12051,202985,7907.11
12051,212742,7906.91
12051,222437,7906.91
12051,231780,7906.99
12051,232113,7906.99
12051,232300,7906.99
12051,232549,7906.38
12051,232791,7906.38
12051,233038,7906.38
12051,233276,7906.38
12051,233470,7906.38
12051,233715,7906.38
12051,234016,7906.38
12051,234267,7906.38
12051,234509,7906.38
12051,234686,7906.38
12051,234928,7906.38
12051,235178,7906.38
12051,235414,7906.38
12051,235666,7906.38
12051,235975,7906.38
12051,236162,7906.38
12051,236399,7906.38
12051,236653,7906.38
12051,236896,7906.38
12051,237132,7906.38
12051,241341,7906.38
12051,250200,7906.38
12051,260130,7907.87
12051,270023,7907.87
12051,279733,7906.75
12051,289712,7906.75
12051,299841,7906.75
12051,309544,7907
12051,319278,7907
12051,329416,7907.01
12051,339359,7907.01
12051,349107,7907.01
12051,359106,7907.02
12051,369218,7907.02
12051,379095,7906.89
12051,389066,7906.89
12051,398747,7907.04
12051,408377,7907.04
12051,418231,7907.04
12051,428225,7907.08
12051,438194,7907.08
12051,447930,7907.01
12051,457900,7907.01
12051,467902,7906.77
12051,478113,7906.77
12051,487971,7906.77
12051,497988,7907.07
12051,507681,7907.07
12051,517936,7907.23
12051,528329,7907.23
12051,538422,7906.94
12051,548416,7906.94
12051,558494,7906.91
12051,568648,7906.91
12051,578801,7906.91
12051,589099,7906.97
12051,599487,7906.97
12051,609617,7906.81
12051,619579,7906.81
12051,629048,7906.81
12051,638647,7907.04
12051,648234,7907.04
12051,658245,7907.07
12051,668197,7907.07
12051,677950,7907.1
12051,688031,7907.1
12051,698546,7907.1
12051,708642,7906.95
12051,718767,7906.95
12051,728750,7907.16
12051,738484,7907.16
12051,748606,7907.16
12051,758721,7907.29
12051,768555,7907.29
12051,778414,7907.17
12051,788382,7907.17
12051,798494,7907.13
12051,809004,7907.13
12051,818858,7907.13
12051,828999,7906.87
12051,839013,7906.87
12055,14678,7906.8
12055,22885,7906.8
12055,27428,7906.8
12055,27623,7906.94
12055,27874,7906.94
12055,28108,7906.38
12055,28350,7906.38
12055,28543,7906.38
12055,28785,7906.38
12055,29035,7906.38
12055,29278,7906.38
12055,29514,7906.38
12055,29770,7906.38
12055,30075,7906.38
12055,30322,7906.38
12055,30566,7906.38
12055,30812,7906.38
12055,31059,7906.38
12055,31309,7906.38
12055,31484,7906.38
12055,31736,7906.38
12055,31978,7906.38
12055,32220,7906.38
12055,32470,7906.38
12055,32713,7906.38
12055,32947,7906.38
12055,33198,7906.38
12055,33389,7906.38
12055,33632,7906.38
12055,33943,7906.38
12055,34127,7906.38
12055,34373,7906.38
12055,34686,7906.38
12055,34934,7906.38
12055,35169,7906.38
12055,35422,7906.38
12055,35663,7906.38
12055,35904,7906.38
12055,36089,7906.38
12055,36337,7906.38
12055,36570,7906.38
12055,36823,7906.38
12055,37131,7906.38
12055,37366,7906.38
12055,37556,7906.38
12055,37795,7906.38
12055,38112,7906.38
12055,38352,7906.38
12055,38604,7906.38
12055,38833,7906.38
12055,39035,7906.38
12055,39335,7906.38
12055,39581,7906.38
12055,39815,7906.38
12055,40069,7906.38
12055,40359,7906.38
12055,40499,7906.38
12055,40804,7906.38
12055,41042,7906.38
12055,41297,7906.38
12055,41540,7906.38
12055,41720,7906.38
12055,41963,7906.38
12055,42212,7906.38
12055,42455,7906.38
12055,42699,7906.38
12055,42932,7906.38
12055,43127,7906.38
12055,43364,7906.38
12055,43616,7906.38
12055,43864,7906.38
12055,44114,7906.38
12055,44466,7906.38
12055,44662,7906.38
12055,44907,7906.38
12055,45154,7906.38
12055,45385,7906.38
12055,45585,7906.38
12055,45827,7906.38
12055,46063,7906.38
12055,47898,7906.38
12055,55335,7906.38
12055,64032,7906.58
12055,72457,7906.58
12055,81303,7906.66
12055,90129,7906.66
12055,99526,7906.66
12055,108715,7906.52
12055,117614,7906.52
12055,127108,7906.59
12055,136315,7906.59
12055,145697,7906.51
12055,155165,7906.51
12055,164478,7906.51
12055,173696,7906.47
12055,182809,7906.47
12055,192026,7906.53
12055,201424,7906.53
12055,210939,7906.81
12055,220185,7906.81
12055,229639,7906.65
12055,239372,7906.65
12055,248965,7906.55
12055,258332,7906.55
12055,268029,7906.55
12055,277401,7906.42
12055,287127,7906.42
12055,296586,7906.75
12055,297032,7906.75
12055,297278,7906.53
12055,297725,7906.53
12055,305035,7906.38
12055,314887,7906.38
12055,324591,7906.38
12055,330449,7905.3
12055,330641,7905.3
12055,334647,7906.38
12055,343353,7906.38
12055,352687,7907.55
12055,362019,7907.55
12055,371255,7906.77
12055,380445,7906.77
12055,389939,7906.77
12055,399677,7906.5
12055,408902,7906.5
12055,418366,7906.62
12055,427668,7906.62
12055,437027,7906.44
12055,446505,7906.44
12055,455738,7906.67
12055,465222,7906.67
12055,474684,7906.66
12055,484381,7906.66
12055,493725,7906.66
12055,503524,7906.67
12055,513341,7906.67
12055,523067,7906.65
12055,532658,7906.65
12055,542242,7906.7
12055,551580,7906.7
12055,561069,7906.77
12055,570536,7906.77
12055,579865,7906.77
12055,589534,7906.59
12055,599092,7906.59
12055,608428,7906.56
12055,617792,7906.56
12055,626871,7906.5
12055,636333,7906.5
12055,646337,7906.57
12055,656316,7906.57
12055,666140,7906.57
12055,675594,7906.82
12055,684825,7906.82
12055,693953,7906.77
12055,703157,7906.77
12055,712613,7906.55
12055,721871,7906.55
12055,731297,7906.8
12055,740760,7906.8
12055,750500,7906.8
12055,760244,7906.85
12055,769745,7906.85
12055,779691,7906.82
12055,789293,7906.82
12055,798521,7906.73
12055,807723,7906.73
12055,816946,7906.68
12055,826406,7906.68
12055,835907,7906.68
12055,845607,7906.68
12055,855205,7906.68
12055,864694,7906.76
12055,874285,7906.76
12055,884407,7906.94
12055,893994,7906.94
12055,903485,7906.91
12055,913206,7906.91
12055,922811,7906.77
12055,932140,7906.77
12055,941480,7906.77
12055,950437,7906.82
12055,1979,7906.82
12055,3907,7906.79
12055,4137,7906.79
12055,4440,7906.38
12055,4688,7906.38
12055,5182,7906.38
12055,11681,7906.38
12055,20538,7906.38
12055,29498,7906.76
12055,38831,7906.76
12055,48440,7906.8
12055,58167,7906.8
12055,67642,7906.69
12055,77084,7906.69
12055,86476,7906.77
12055,87154,7906.77
12055,87401,7906.77
12055,87714,7906.38
12055,87954,7906.38
12055,88204,7906.38
12055,88438,7906.38
12055,88689,7906.38
12056,19290,7907.36
12056,28022,7907.36
12056,29250,7907.23
12056,29554,7907.23
12056,29802,7906.38
12056,30045,7906.38
12056,30275,7906.38
12056,30472,7906.38
12056,34210,7906.38
12056,43304,7906.38
12056,52757,7906.38
12056,61873,7907.31
12056,70732,7907.31
12056,79888,7907.6
12056,89382,7907.6
12056,98599,7907.27
12056,107774,7907.27
12056,116762,7907.27
12056,126264,7907.46
12056,135715,7907.46
12056,145041,7907.66
12056,154813,7907.66
12056,164791,7907.4
12056,174392,7907.4
12056,184186,7907.44
12056,193971,7907.44
12056,203315,7907.36
12056,212798,7907.36
12056,222380,7907.36
12056,231961,7907.34
12056,242364,7907.34
12056,252440,7907.5
12056,262558,7907.5
12056,272162,7907.43
12056,281815,7907.43
12056,291133,7907.33
12056,300855,7907.33
12056,310462,7907.33
12056,320027,7907.35
12056,324197,7907.35
12056,324444,7907.5
12056,324772,7907.5
12056,330788,7906.38
12056,340544,7906.38
12056,349925,7907.52
12056,359886,7907.52
12056,369938,7907.52
12056,380101,7907.48
12056,390223,7907.48
12056,400169,7907.23
12056,410158,7907.23
12056,420175,7907.7
12056,429724,7907.7
12056,439494,7907.28
12056,449073,7907.28
12056,459303,7907.28
12056,469285,7907.4
12056,479551,7907.4
12056,489250,7907.53
12056,499296,7907.53
12056,509404,7907.38
12056,519112,7907.38
12056,528557,7907.17
12056,537891,7907.17
12056,547521,7907.49
12056,557225,7907.49
12056,567232,7907.49
12056,577322,7907.51
12056,587469,7907.51
12056,597543,7907.59
12056,607280,7907.59
12056,617385,7907.24
12056,627121,7907.24
12056,636984,7907.78
12056,646420,7907.78
12056,656049,7907.78
12056,661611,7907.51
12056,661787,7907.51
12056,662028,7906.38
12056,662279,7906.38
12056,662523,7906.38
12056,662769,7906.38
12056,663072,7906.38
12056,663317,7906.38
12056,663622,7906.38
12056,663814,7906.38
12056,664060,7906.38
12056,664297,7906.38
12056,664552,7906.38
12056,664787,7906.38
12056,665031,7906.38
12056,665286,7906.38
12056,665524,7906.38
12056,665776,7906.38
12056,666023,7906.38
12056,666270,7906.38
12056,666519,7906.38
12056,666759,7906.38
12056,666992,7906.38
12056,667255,7906.38
12056,667498,7906.38
12056,667739,7906.38
12056,667986,7906.38
12056,668233,7906.38
12056,668416,7906.38
12056,671404,7906.38
12056,679958,7906.38
12056,689068,7906.58
12056,698636,7906.58
12056,708019,7907.43
12056,717462,7907.43
12056,727339,7907.41
12056,737448,7907.41
12056,741899,7907.41
12056,742147,7907.1
12056,742451,7907.1
12056,742570,7906.38
12056,742888,7906.38
12056,743132,7906.38
12056,743322,7906.38
12056,745192,7906.38
12056,753535,7906.38
12056,762737,7906.38
12056,772354,7906.87
12056,782087,7906.87
12056,791591,7907.68
12056,801541,7907.68
12056,811254,7907.23
12056,820853,7907.23
12056,830568,7907.23
12056,840804,7907.47
12056,850152,7907.47
12056,859396,7907.54
12056,868858,7907.54
12056,878469,7907.39
12056,888008,7907.39
12056,897401,7907.39
12056,907391,7907.31
12056,917216,7907.31
12056,8470,7907.13
12056,18425,7907.13
12056,28415,7907.89
12056,38027,7907.89
12056,47891,7907.21
12056,57716,7907.21
12056,67334,7907.21
12056,77069,7907.32
12056,86793,7907.32
12056,96411,7907.23
12056,106440,7907.23
12056,115984,7907.27
12056,125709,7907.27
12056,135324,7907.32
12056,136218,7907.32
12056,136456,7907.32
12056,136701,7906.38
12056,136947,7906.38
12056,137182,7906.38
12056,137431,7906.38
12056,137624,7906.38
12056,137865,7906.38
12056,138112,7906.38
12056,138358,7906.38
12056,138725,7906.38
12056,138907,7906.38
12056,139156,7906.38
12056,139341,7906.38
12056,139646,7906.38
12056,139833,7906.38
12056,143628,7906.38
12056,152048,7908.02
12056,161259,7908.02
12056,170453,7908.02
12056,176845,7908.08
12056,177027,7908.08
12056,177263,7907.45
12056,177634,7907.45
12056,178053,7906.38
12056,185469,7906.38
12056,195576,7907.56
12056,205825,7907.56
12056,215183,7906.98
12056,224629,7906.98
12056,234126,7906.98
12056,243459,7907.45
12056,252824,7907.45
12056,262031,7907.38
12056,271599,7907.38
12056,281600,7907.38
12056,291199,7907.34
12056,301300,7907.34
12056,311705,7907.39
12056,321803,7907.39
12056,332152,7907.39
12056,341999,7907.45
12056,351636,7907.45
12056,361472,7907.3
12056,371067,7907.3
12056,380974,7907.34
12056,390797,7907.34
12056,400656,7907.34
12056,410740,7907.51
12056,420630,7907.51
12057,22487,7907.44
12057,22744,7907.44
12057,22935,7907.4
12057,23293,7907.4
12057,23432,7906.38
12057,23742,7906.38
12057,25761,7906.38
12057,32357,7906.38
12057,40206,7906.38
12057,49293,7907.24
12057,58535,7907.24
12057,68253,7907.42
12057,78513,7907.42
12057,88748,7907.35
12057,98645,7907.35
12057,108702,7907.4
12057,112487,7907.4
12057,112720,7907.4
12057,112967,7906.38
12057,113206,7906.38
12057,113455,7906.38
12057,113699,7906.38
12057,114054,7906.38
12057,114252,7906.38
12057,114438,7906.38
12057,114671,7906.38
12057,115041,7906.38
12057,115214,7906.38
12057,119857,7906.38
12057,129343,7906.38
12057,130901,7906.38
12057,131149,7908.14
12057,131390,7908.14
12057,131624,7906.38
12057,131826,7906.38
12057,132124,7906.38
12057,132371,7906.38
12057,132627,7906.38
12057,132867,7906.38
12057,133115,7906.38
12057,135634,7906.38
12057,143569,7906.38
12057,152526,7907.93
12057,161782,7907.93
12057,171109,7907.93
12057,180562,7907.35
12057,190064,7907.35
12057,200158,7907.42
12057,210284,7907.42
12057,220248,7907.37
12057,230629,7907.37
12057,240861,7907.35
12057,250597,7907.35
12057,260588,7907.63
12057,270636,7907.63
12057,280191,7907.63
12057,289749,7907.21
12057,299679,7907.21
12057,309742,7907.45
12057,319981,7907.45
12057,330061,7907.36
12057,339955,7907.36
12057,350023,7907.53
12057,359791,7907.53
12057,369617,7907.53
12057,379749,7907.05
12057,389968,7907.05
12057,400338,7907.76
12057,410730,7907.76
12057,421685,7907.47
12057,432098,7907.47
12057,442280,7907.85
12057,452584,7907.85
12057,462692,7907.85
12057,472405,7907.51
12057,482417,7907.51
12057,492040,7907.41
12057,501842,7907.41
12057,511691,7907.4
12057,521419,7907.4
12057,531041,7907.36
12057,540524,7907.36
12057,550282,7907.36
12057,560733,7907.41
12057,570955,7907.41
12057,581344,7907.43
12057,591476,7907.43
12057,601822,7907.43
12057,612046,7907.52
12057,622417,7907.52
12057,632401,7907.33
12057,642394,7907.33
12057,642568,7907.34
12057,642818,7907.34
12057,645624,7907.34
12057,655198,7906.38
12057,665174,7906.38
12057,675448,7906.74
12057,685267,7906.74
12057,695028,7907.52
12057,704979,7907.52
12057,714937,7907.57
12057,724726,7907.57
12057,734686,7907.57
12057,744403,7907.55
12057,754818,7907.55
12057,765289,7907.23
12057,775390,7907.23
12057,785877,7907.37
12057,796133,7907.37
12057,806109,7907.37
12057,816371,7907.26
12057,826361,7907.26
12057,836688,7907.4
12057,846703,7907.4
12057,856866,7907.31
12057,867193,7907.31
12057,877278,7907.39
12057,887526,7907.39
12057,897441,7907.39
12057,907628,7907.27
12057,3076,7907.27
12057,5514,7907.36
12057,5759,7907.36
12057,6006,7906.38
12057,6307,7906.38
12057,6497,7906.38
12057,6741,7906.38
12057,6985,7906.38
12057,7227,7906.38
12057,7471,7906.38
12057,7705,7906.38
12057,8023,7906.38
12057,8266,7906.38
12057,8509,7906.38
12057,8741,7906.38
12057,8935,7906.38
12057,9246,7906.38
12057,9426,7906.38
12057,9660,7906.38
12057,9975,7906.38
12057,11586,7906.38
12057,19809,7906.38
12057,29680,7906.38
12057,39514,7906.38
12057,49754,7907.51
12057,59729,7907.51
12057,69725,7907.38
12057,79693,7907.38
12057,89731,7907.44
12057,99429,7907.44
12057,109542,7907.44
12057,119750,7907.44
12057,130154,7907.44
12057,140247,7907.27
12057,150472,7907.27
12057,160355,7907.73
12057,170453,7907.73
12057,180428,7907.35
12057,190287,7907.35
12057,200281,7907.35
12057,210325,7907.4
12057,220520,7907.4
12057,230612,7907.51
12057,240855,7907.51
12057,251084,7907.59
12057,261105,7907.59
12057,270625,7907.42
12057,280011,7907.42
12057,289369,7907.41
12057,298847,7907.41
12057,308586,7907.41
12057,318397,7907.05
12057,328668,7907.05
12057,338250,7907.58
12057,348527,7907.58
12057,358503,7907.38
12057,368307,7907.38
12057,377957,7907.49
12057,388188,7907.49
12057,398311,7907.49
12057,408145,7907.36
12057,418294,7907.36
12057,427145,7907.37
12057,427364,7907.37
12057,427603,7906.38
12057,427851,7906.38
12057,428320,7906.38
12057,434515,7906.38
12057,436881,7906.38
12057,437075,7907.63
12057,437329,7907.63
12057,437574,7906.38
12057,437806,7906.38
12057,437994,7906.38
12057,438365,7906.38
12057,438483,7906.38
12057,438732,7906.38
12057,438979,7906.38
12057,439220,7906.38
12057,439465,7906.38
12057,439711,7906.38
12057,439958,7906.38
12059,510,7906.38
12059,703,7906.38
12059,952,7906.38
12059,1198,7906.38
12059,1437,7906.38
12059,1622,7906.38
12059,1869,7906.38
12059,2055,7906.38
12059,2364,7906.38
12059,2557,7906.38
12059,2795,7906.38
12059,3105,7906.38
12059,3347,7906.38
12059,3596,7906.38
12059,3783,7906.38
12059,4079,7906.38
12059,4266,7906.38
12059,4816,7906.38
12059,5981,7906.38
12059,11330,7906.38
12059,16411,7907.31
12059,16652,7907.31
12059,17663,7907.31
12059,25903,7906.38
12059,29989,7906.38
12059,30198,7906.98
12059,30708,7906.98
12059,37929,7906.98
12059,47741,7906.38
12059,57224,7906.38
12059,66823,7907.11
12059,76578,7907.11
12059,85511,7907.36
12059,85755,7907.36
12059,85992,7907.36
12059,86242,7906.38
12059,86488,7906.38
12059,90481,7906.38
12059,100296,7906.38
12059,110440,7906.38
12059,120504,7906.84
12059,130047,7906.84
12059,139922,7907.35
12059,149862,7907.35
12059,159986,7907.32
12059,170123,7907.32
12059,180095,7907.42
12059,189926,7907.42
12059,199842,7907.42
12059,209683,7907.41
12059,219784,7907.41
12059,230001,7907.36
12059,240114,7907.36
12059,249974,7907.32
12059,260210,7907.32
12059,270592,7907.41
12059,280949,7907.41
12059,291457,7907.41
12059,301450,7907.4
12059,311033,7907.4
12059,321035,7907.33
12059,331266,7907.33
12059,341374,7907.33
12059,351498,7907.44
12059,361468,7907.44
12059,371180,7907.29
12059,380444,7907.29
12059,389902,7907.39
12059,399720,7907.39
12059,409275,7907.39
12059,419452,7907.37
12059,430056,7907.37
12059,440430,7907.35
12059,450589,7907.35
12059,460665,7907.29
12059,464498,7907.29
12059,464678,7907.29
12059,464922,7906.38
12059,465166,7906.38
12059,465353,7906.38
12059,465599,7906.38
12059,465846,7906.38
12059,466148,7906.38
12059,466392,7906.38
12059,466640,7906.38
12059,466886,7906.38
12059,467132,7906.38
12059,467374,7906.38
12059,467618,7906.38
12059,467851,7906.38
12059,468039,7906.38
12059,468353,7906.38
12059,468584,7906.38
12059,469527,7906.38
12059,476957,7906.38
12059,486580,7906.38
12059,496385,7906.38
12059,506776,7907.57
12059,516875,7907.57
12059,526614,7907.44
12059,536468,7907.44
12059,546437,7907.4
12059,556545,7907.4
12059,566832,7907.4
12059,576914,7907.31
12059,587042,7907.31
12059,597779,7907.45
12059,608141,7907.45
12059,618266,7907.21
12059,628637,7907.21
12059,638601,7907.23
12059,648448,7907.23
12059,658447,7907.23
12059,668576,7907.52
12059,678792,7907.52
12059,688664,7907.33
12059,698602,7907.33
12059,709135,7907.45
12059,719394,7907.45
12059,729605,7907.45
12059,740104,7907.46
12059,749996,7907.46
12059,759719,7907.34
12059,769611,7907.34
12059,779343,7907.45
12059,789145,7907.45
12059,799132,7907.51
12059,809371,7907.51
12059,819725,7907.51
12059,829827,7907.53
12059,840356,7907.53
12059,850982,7907.26
12059,861221,7907.26
12059,871528,7907.47
12059,881584,7907.47
12059,891139,7907.16
12059,901262,7907.16
12059,911831,7907.16
12059,9708,7907.46
12059,19954,7907.46
12059,30059,7907.33
12059,40562,7907.33
12059,50667,7907.5
12059,60802,7907.5
12059,70751,7907.45
12059,80375,7907.45
12059,90615,7907.5
12059,100714,7907.5
12059,111108,7907.5
12059,121468,7907.37
12059,131333,7907.37
12059,141177,7907.48
12059,151023,7907.48
12059,160617,7907.39
12059,170615,7907.39
12059,181014,7907.54
12059,192138,7907.54
12059,202590,7907.54
12059,212872,7907.58
12059,223232,7907.58
12059,233733,7907.49
12059,243444,7907.49
12059,253686,7907.57
12059,263884,7907.57
12059,274018,7907.35
12059,284400,7907.35
12059,295012,7907.35
12059,305391,7907.39
12059,315529,7907.39
12059,325474,7907.48
12059,335597,7907.48
12059,345453,7907.46
12059,355444,7907.46
12059,365917,7907.37
12059,375435,7907.37
12059,385247,7907.37
12059,395240,7907.25
12059,405296,7907.25
12059,415482,7907.57
12059,425583,7907.57
12059,435814,7907.57
12059,445959,7907.32
12059,456444,7907.32
12059,466797,7907.47
12059,476937,7907.47
12059,486893,7907.23
12059,497126,7907.23
12059,507368,7907.23
12059,517350,7907.33
12059,527343,7907.33
12059,537334,7907.34
12059,547375,7907.34
12059,557314,7907.34
12059,567584,7907.29
12059,577908,7907.29
12059,588154,7907.48
12059,598282,7907.48
12059,608255,7907.46
12059,618600,7907.46
12059,628985,7907.46
12059,639579,7907.54
12059,649855,7907.54
12059,660061,7907.47
12060,22513,7906.38
12060,32600,7907.15
12060,42855,7907.15
12060,52562,7907.59
12060,62712,7907.59
12060,72670,7907.59
12060,82545,7907.44
12060,92409,7907.44
12060,102622,7907.53
12060,112613,7907.53
12060,122591,7907.53
12060,132824,7907.45
12060,142966,7907.45
12060,152933,7907.59
12060,163674,7907.59
12060,173918,7907.76
12060,184553,7907.76
12060,195174,7907.76
12060,205293,7907.61
12060,215124,7907.61
12060,225119,7907.51
12060,226161,7907.51
12060,226413,7907.51
12060,226652,7906.38
12060,228755,7906.38
12060,238223,7906.38
12060,248750,7906.38
12060,259198,7907.61
12060,269846,7907.61
12060,279928,7907.61
12060,289934,7907.69
12060,299789,7907.69
12060,309629,7907.66
12060,319412,7907.66
12060,329588,7907.62
12060,339733,7907.62
12060,349311,7907.6
12060,359166,7907.6
12060,8745,7907.33
12060,18972,7907.45
12060,29211,7907.45
12060,39346,7907.43
12060,49206,7907.43
12060,58811,7907.39
12060,68504,7907.39
12060,78377,7907.49
12060,88248,7907.49
12060,98078,7907.49
12060,108199,7907.54
12060,118421,7907.54
12060,128933,7907.25
12060,139064,7907.25
12060,149269,7907.51
12060,159677,7907.51
12060,169406,7907.24
12060,179650,7907.24
12060,189501,7907.24
12060,199076,7907.44
12060,209057,7907.44
12060,219068,7907.64
12060,229254,7907.64
12060,239415,7907.44
12060,249386,7907.44
12060,259419,7907.43
12060,260060,7907.43
12060,260241,7907.43
12060,260442,7906.38
12060,260680,7906.38
12060,260990,7906.38
12060,261232,7906.38
12060,261470,7906.38
12060,261656,7906.38
12060,262018,7906.38
12060,262208,7906.38
12060,262459,7906.38
12060,262711,7906.38
12060,262885,7906.38
12060,263141,7906.38
12060,263447,7906.38
12060,263690,7906.38
12060,263943,7906.38
12060,264124,7906.38
12060,264493,7906.38
12060,264669,7906.38
12060,264868,7906.38
12060,265175,7906.38
12060,265359,7906.38
12060,265601,7906.38
12060,265838,7906.38
12060,266198,7906.38
12060,266386,7906.38
12060,266636,7906.38
12060,266851,7906.38
12060,267062,7906.38
12060,267310,7906.38
12060,267615,7906.38
12060,267862,7906.38
12060,267989,7906.38
12060,268344,7906.38
12060,268542,7906.38
12060,268786,7906.38
12060,269030,7906.38
12060,269211,7906.38
12060,269448,7906.38
12060,269808,7906.38
12060,269994,7906.38
12060,270189,7906.38
12060,272444,7906.38
12060,280640,7906.38
12060,290041,7906.38
12060,299871,7907.54
12060,309567,7907.54
12060,319316,7907.54
12060,328914,7907.49
12060,332549,7907.49
12060,332738,7907.57
12060,335410,7907.57
12060,344764,7906.38
12060,352689,7906.38
12060,352931,7907.46
12060,353056,7907.46
12060,353294,7907.46
12060,353556,7906.38
12060,353782,7906.38
12060,354087,7906.38
12060,354277,7906.38
12060,354579,7906.38
12060,354818,7906.38
12060,355072,7906.38
12060,355302,7906.38
12060,355505,7906.38
12060,355798,7906.38
12060,356049,7906.38
12060,356302,7906.38
12060,356537,7906.38
12060,356784,7906.38
12060,356971,7906.38
12060,357219,7906.38
12060,357463,7906.38
12060,357706,7906.38
12060,357954,7906.38
12060,358254,7906.38
12060,358499,7906.38
12060,358734,7906.38
12060,358991,7906.38
12062,20759,7907.46
12062,30547,7907.46
12062,40858,7907.52
12062,51180,7907.52
12062,61306,7907.52
12062,71417,7907.46
12062,81276,7907.46
12062,91101,7907.51
12062,100763,7907.51
12062,110310,7907.58
12062,119632,7907.58
12062,129519,7907.35
12062,139101,7907.35
12062,148470,7907.35
12062,158197,7907.45
12062,167902,7907.45
12062,177373,7907.5
12062,187251,7907.5
12062,196825,7907.44
12062,206698,7907.44
12062,216435,7907.49
12062,226406,7907.49
12062,236005,7907.49
12062,246360,7907.5
12062,256629,7907.5
12062,266225,7907.4
12062,276345,7907.4
12062,286333,7907.27
12062,296568,7907.27
12062,306435,7907.4
12062,316155,7907.4
12062,325998,7907.4
12062,335842,7907.72
12062,345832,7907.72
12062,355540,7907.37
12062,365158,7907.37
12062,375017,7907.47
12062,384508,7907.47
12062,393977,7907.36
12062,403317,7907.36
12062,412650,7907.36
12062,422518,7907.44
12062,432490,7907.44
12062,442365,7907.46
12062,452468,7907.46
12062,462303,7907.5
12062,471905,7907.5
12062,481763,7907.51
12062,491898,7907.51
12062,501816,7907.43
12062,511613,7907.43
12062,521685,7907.43
12062,531552,7907.41
12062,541425,7907.41
12062,551258,7907.46
12062,561265,7907.46
12062,571344,7907.39
12062,581363,7907.39
12062,591853,7907.43
12062,601947,7907.43
12062,611826,7907.43
12062,621435,7907.39
12062,631436,7907.39
12062,641127,7907.45
12062,650834,7907.45
12062,660650,7907.58
12062,670361,7907.58
12062,680153,7907.48
12062,690144,7907.48
12062,700005,7907.48
12062,710263,7907.27
12062,720595,7907.27
12062,730201,7907.44
12062,740062,7907.44
12062,749679,7907.58
12062,759960,7907.58
12062,769884,7907.42
12062,779898,7907.42
12062,789722,7907.42
12062,799613,7907.43
12062,809039,7907.43
12062,819031,7907.44
12062,829011,7907.44
12062,839157,7907.59
12062,849366,7907.59
12062,850652,7907.58
12062,850900,7907.58
12062,851345,7906.38
12062,851828,7906.38
12062,858346,7906.38
12062,867950,7906.38
12062,877747,7906.38
12062,884320,7907.18
12062,884516,7907.18
12062,884759,7906.38
12062,884989,7906.38
12062,885181,7906.38
12062,885429,7906.38
12062,885676,7906.38
12062,885965,7906.38
12062,886162,7906.38
12062,886465,7906.38
12062,886648,7906.38
12062,886888,7906.38
12062,887144,7906.38
12062,887486,7906.38
12062,887688,7906.38
12062,887879,7906.38
12062,888311,7906.38
12062,894930,7906.38
12062,904793,0
12062,914799,0
12062,7698,0
12062,17187,0
12062,26901,7908.28
12062,36920,7908.28
12062,46495,7908.28
12062,56229,7907.57
12062,66339,7907.57
12062,77465,7907.67
12062,88281,7907.67
12062,98318,7907.48
12062,108092,7907.48
12062,118419,7907.48
12062,128782,7907.46
12062,139160,7907.46
12062,148909,7907.47
12062,159007,7907.47
12062,169236,7907.5
12062,179339,7907.5
12062,189460,7907.38
12062,203554,7907.38
12062,221717,7907.42
12062,232367,7907.42
12062,242474,7907.38
12062,252437,7907.38
12062,262938,7907.38
12062,273168,7907.58
12062,283430,7907.58
12062,293393,7907.43
12062,303125,7907.43
12062,312980,7907.17
12062,323334,7907.17
12062,333868,7907.17
12062,344476,7907.48
12062,354454,7907.48
12062,364328,7907.39
12062,374054,7907.39
12062,384039,7907.39
12062,393498,7907.44
12062,403097,7907.44
12062,413591,7907.39
12062,424079,7907.39
12062,434584,7907.39
12062,445205,7907.5
12062,455569,7907.5
12062,465689,7907.57
12062,475785,7907.57
12062,486061,7907.51
12062,495891,7907.51
12062,505980,7907.51
12062,516144,7907.42
12062,525990,7907.42
12062,536473,7907.53
12062,547097,7907.53
12062,557338,7907.45
12062,567201,7907.45
12062,577316,7907.68
12062,587404,7907.68
12062,597426,7907.68
12062,607364,7907.63
12062,617180,7907.63
12062,626899,7907.47
12062,636704,7907.47
12062,646838,7907.35
12062,656682,7907.35
12062,667028,7907.58
12062,677088,7907.58
12062,687270,7907.44
12062,697355,7907.44
12062,707529,7907.44
12062,717720,7907.56
12062,727963,7907.56
12062,737939,7907.39
12062,747751,7907.39
12062,757931,7907.52
12062,768054,7907.52
12062,777765,7907.39
12062,787382,7907.39
12062,797998,7907.39
12062,808480,7907.46
12062,818994,7907.46
12062,829239,7907.47
12062,839585,7907.47
12062,849695,7907.54
12062,859930,7907.54
12062,869525,7907.5
12062,879034,7907.5
12062,888886,7907.5
12062,898865,7907.41
12062,909200,7907.41
12062,6799,7907.38
12062,17043,7907.38
12062,27152,7907.38
12063,488,7906.38
12063,696,7906.38
12063,918,7906.38
12063,1181,7906.38
12063,1359,7906.38
12063,1604,7906.38
12063,1839,7906.38
12063,2091,7906.38
12063,2397,7906.38
12063,2645,7906.38
12063,2890,7906.38
12063,3078,7906.38
12063,3321,7906.38
12063,3567,7906.38
12063,3923,7906.38
12063,4116,7906.38
12063,4364,7906.38
12063,4593,7906.38
12063,4855,7906.38
12063,5097,7906.38
12063,5341,7906.38
12063,5576,7906.38
12063,5826,7906.38
12063,6067,7906.38
12063,6309,7906.38
12063,6564,7906.38
12063,6799,7906.38
12063,7039,7906.38
12063,7234,7906.38
12063,11418,7906.38
12063,19869,7906.38
12063,29203,7907.79
12063,38554,7907.79
12063,48056,7907.79
12063,57521,7907.46
12063,67366,7907.46
12063,77080,7907.38
12063,86683,7907.38
12063,96032,7907.42
12063,105757,7907.42
12063,115500,7907.59
12063,125862,7907.59
12063,135721,7907.59
12063,145722,7907.26
12063,155694,7907.26
12063,166184,7907.73
12063,176851,7907.73
12063,187031,7907.54
12063,197306,7907.54
12063,207598,7907.54
12063,217393,7907.52
12063,227636,7907.52
12063,237459,7907.64
12063,247569,7907.64
12063,257705,7907.62
12063,267940,7907.62
12063,277704,7907.62
12063,287398,7907.61
12063,297108,7907.61
12063,306478,7907.47
12063,316193,7907.47
12063,326376,7907.35
12063,336444,7907.35
12063,346295,7907.35
12063,356660,7907.54
12063,366740,7907.54
12063,376988,7907.54
12063,387229,7907.54
12063,397333,7907.61
12063,407455,7907.61
12063,417453,7907.45
12063,427324,7907.45
12063,437674,7907.5
12063,447903,7907.5
12063,458041,7907.5
12063,468394,7907.7
12063,478727,7907.7
12063,487842,7907.47
12063,488052,7907.47
12063,488240,7906.38
12063,491288,7906.38
12063,500260,7906.38
12063,509685,7906.38
12063,519256,7906.38
12063,528909,7907.21
12063,539042,7907.21
12063,549013,7907.63
12063,559007,7907.63
12063,569360,7907.48
12063,579468,7907.48
12063,589452,7907.46
12063,599448,7907.46
12063,609313,7907.46
12063,619533,7907.49
12063,629404,7907.49
12063,639403,7907.52
12063,649354,7907.52
12063,659505,7907.33
12063,669958,7907.33
12063,680340,7907.43
12063,690952,7907.43
12063,701330,7907.43
12063,711595,7907.38
12063,721607,7907.38
12063,731788,7907.46
12063,741914,7907.46
12063,752168,7907.66
12063,762255,7907.66
12063,771734,7907.66
12063,781733,7907.67
12063,791445,7907.67
12063,801198,7907.39
12063,811431,7907.39
12063,821151,7907.39
12063,831402,7907.39
12063,841612,7907.39
12063,851593,7907.38
12063,861835,7907.38
12063,871672,7907.32
12063,881934,7907.32
12063,892075,7907.66
12063,902436,7907.66
12063,912361,7907.52
12063,783,7907.52
12063,10784,7907.52
12063,20356,7907.72
12063,30766,7907.72
12063,32355,7907.5
12063,32584,7907.5
12063,32990,7906.38
12063,39224,7906.38
12063,49305,7907.97
12063,59256,7907.97
12063,69280,7907.97
12063,79486,7907.91
12063,89604,7907.91
12063,99329,7907.29
12063,109199,7907.29
12063,119430,7907.42
12063,129826,7907.42
12063,133593,7907.22
12063,133824,7907.22
12063,134644,7907.22
12063,142152,7906.38
12063,152889,7906.38
12063,154168,7907.54
12063,154415,7907.54
12063,154651,7906.38
12063,154897,7906.38
12063,156498,7906.38
12063,165628,7906.38
12063,175987,7907.7
12063,186362,7907.7
12063,196328,7907.7
12063,206588,7907.37
12063,217049,7907.37
12063,227189,7907.52
12063,237526,7907.52
12063,247677,7907.43
12063,258024,7907.43
12063,267882,7907.51
12063,277889,7907.51
12063,287850,7907.51
12063,298231,7907.51
12063,308090,7907.51
12063,317676,7907.38
12063,327653,7907.38
12063,337659,7907.38
12063,347776,7907.57
12063,358040,7907.57
12063,368097,7907.58
12063,378153,7907.58
12063,388218,7907.42
12063,398560,7907.42
12063,408946,7907.42
12063,418405,7907.58
12063,428522,7907.58
12063,438512,7907.47
12063,448476,7907.47
12063,458476,7907.75
12063,469226,7907.75
12063,479479,7907.75
12063,489443,7907.53
12063,499577,7907.53
12063,509559,7907.44
12063,519642,7907.44
12063,529761,7907.51
12063,539992,7907.51
12063,550105,7907.51
12063,560228,7907.8
12063,564690,7907.8
12063,564980,7907.51
12063,565403,7907.51
12063,571528,7906.38
12063,581001,7906.38
12063,590476,7906.98
12063,600330,7906.98
12063,610300,7906.98
12063,620404,7907.63
12063,630534,7907.63
12063,640635,7907.57
12063,650407,7907.57
12063,660488,7907.41
12065,454,7906.38
12065,643,7906.38
12065,2599,7906.38
12065,7734,7906.38
12065,14879,7906.38
12065,22970,7907.57
12065,32048,7907.57
12065,41251,7907.57
12065,50490,7907.43
12065,60054,7907.43
12065,69945,7907.4
12065,79663,7907.4
12065,89143,7906.85
12065,98369,7906.85
12065,107988,7906.85
12065,117557,7907.7
12065,127019,7907.7
12065,136613,7907.61
12065,146482,7907.61
12065,156310,7907.45
12065,166294,7907.45
12065,176921,7907.45
12065,187249,7907.56
12065,195871,7907.56
12065,196078,7907.37
12065,196320,7907.37
12065,196570,7907.37
12065,197302,7906.38
12065,197547,7906.38
12065,197793,7906.38
12065,198038,7906.38
12065,198284,7906.38
12065,201731,7906.38
12065,201967,7906.38
12065,202210,7907.96
12065,203789,7907.96
12065,211318,7907.96
12065,220043,7906.38
12065,229406,7906.38
12065,239237,7907.43
12065,249341,7907.43
12065,258940,7907.69
12065,268568,7907.69
12065,278291,7907.69
12065,287749,7907.43
12065,296961,7907.43
12065,306828,7907.71
12065,316799,7907.71
12065,326417,7907.53
12065,336133,7907.53
12065,345980,7907.53
12065,346225,7907.51
12065,348244,7907.51
12065,350085,7906.38
12065,350331,7906.38
12065,352834,7906.38
12065,357084,7906.38
12065,357273,7906.38
12065,357515,7906.38
12065,357714,7906.38
12065,358011,7906.38
12065,358194,7906.38
12065,358447,7906.38
12065,358685,7906.38
12065,359002,7906.38
12065,359204,7906.38
12065,360972,7906.38
12065,361620,7906.38
12065,361858,7906.38
12065,362106,7906.38
12065,362349,7906.38
12065,362597,7906.38
12065,362841,7906.38
12065,363086,7906.38
12065,363332,7906.38
12065,368491,7906.38
12065,377181,7906.38
12065,386394,7908.05
12065,395494,7908.05
12065,404570,7907.66
12065,414070,7907.66
12065,423509,7907.66
12065,433131,7907.48
12065,442858,7907.48
12065,452061,7907.63
12065,461401,7907.63
12065,468569,7907.63
12065,468774,7907.63
12065,468947,7907.63
12065,469190,7906.38
12065,469437,7906.38
12065,469683,7906.38
12065,469927,7906.38
12065,470162,7906.38
12065,470463,7906.38
12065,470708,7906.38
12065,470961,7906.38
12065,474765,7906.38
12065,483366,7906.38
12065,492415,7907.46
12065,501790,7907.46
12065,511262,7907.72
12065,520985,7907.72
12065,530437,7907.72
12065,540689,7907.32
12065,550538,7907.32
12065,560137,7907.54
12065,569880,7907.54
12065,579743,7907.54
12065,589464,7907.49
12065,598831,7907.49
12065,608288,7907.68
12065,618009,7907.68
12065,628116,7907.55
12065,638116,7907.55
12065,647659,7907.55
12065,657172,7907.7
12065,667014,7907.7
12065,676633,7907.69
12065,686740,7907.69
12065,696459,7907.51
12065,706079,7907.51
12065,715391,7907.47
12065,724896,7907.47
12065,731653,7907.47
12065,731868,7907.46
12065,732116,7907.46
12065,732358,7906.38
12065,732600,7906.38
12065,737547,7906.38
12065,746586,7906.38
12065,753623,7907.58
12065,753823,7907.58
12065,754065,7907.58
12065,755384,7906.38
12065,764101,7906.38
12065,770272,7908
12065,770491,7908
12065,770738,7906.38
12065,771302,7906.38
12065,776566,7906.38
12065,784614,7906.38
12065,793510,7906.38
12065,802273,7907.01
12065,811756,7907.01
12065,820963,7907.61
12065,830448,7907.61
12065,840152,7907.45
12065,849914,7907.45
12065,859479,7907.7
12065,869229,7907.7
12065,878699,7907.54
12065,888180,7907.54
12065,898196,7907.54
12065,908376,7907.44
12065,918113,7907.44
12065,927865,7907.62
12065,8911,7907.62
12065,18677,7907.62
12065,28500,7907.41
12065,37972,7907.41
12065,47558,7907.67
12065,56790,7907.67
12065,66138,7907.67
12065,75722,7907.57
12065,85449,7907.57
12065,95305,7907.44
12065,105190,7907.44
12065,115165,7907.44
12065,125158,7907.45
12065,135111,7907.45
12065,144733,7907.45
12065,154449,7907.45
12065,164336,7907.85
12065,174288,7907.85
12065,184287,7907.85
12065,193756,7907.55
12065,203351,7907.55
12065,212940,7907.54
12065,222924,7907.54
12065,233047,7907.49
12065,243418,7907.49
12065,253136,7907.67
12065,262865,7907.67
12065,272260,7907.53
12065,281980,7907.53
12065,292297,7907.53
12065,302439,7907.53
12065,313308,7907.53
12065,323540,7907.53
12065,333902,7907.53
12065,344040,7907.7
12065,354256,7907.7
12065,364238,7907.55
12065,374018,7907.55
12065,383694,7907.55
12065,393321,7907.53
12065,403030,7907.53
12065,413524,7907.56
12065,423768,7907.56
12065,433643,7907.53
12065,443077,7907.53
12065,453189,7907.55
12065,463193,7907.55
12066,403,7906.38
12066,1211,7906.38
12066,8097,7906.38
12066,17323,7907.96
12066,26916,7907.96
12066,36123,7907.54
12066,45757,7907.54
12066,54955,7907.54
12066,57187,7907.66
12066,57417,7907.66
12066,57618,7906.38
12066,57863,7906.38
12066,58096,7906.38
12066,58348,7906.38
12066,58586,7906.38
12066,58882,7906.38
12066,59198,7906.38
12066,59377,7906.38
12066,59560,7906.38
12066,59809,7906.38
12066,60113,7906.38
12066,60358,7906.38
12066,60785,7906.38
12066,66492,7906.38
12066,75089,7906.38
12066,84443,7906.38
12066,94295,7907.77
12066,104149,7907.77
12066,113776,7907.71
12066,123236,7907.71
12066,133087,7907.71
12066,142942,7907.67
12066,149103,7907.67
12066,149348,7907.63
12066,149599,7907.63
12066,149843,7906.38
12066,150085,7906.38
12066,150320,7906.38
12066,150576,7906.38
12066,153619,7906.38
12066,162082,7906.38
12066,170766,7906.38
12066,179851,7906.81
12066,189726,7906.81
12066,198919,7907.79
12066,208641,7907.79
12066,218526,7907.57
12066,228481,7907.57
12066,238503,7907.55
12066,248479,7907.55
12066,258435,7907.55
12066,268455,7907.65
12066,278305,7907.65
12066,288288,7907.56
12066,297894,7907.56
12066,307980,7907.65
12066,317571,7907.65
12066,326954,7907.71
12066,336551,7907.71
12066,346410,7907.71
12066,356505,7907.96
12066,366339,7907.96
12066,376237,7907.73
12066,386063,7907.73
12066,396592,7907.49
12066,406893,7907.49
12066,416639,7907.49
12066,426662,7907.69
12066,436394,7907.69
12066,445610,7907.59
12066,454931,7907.59
12066,464673,7907.63
12066,474013,7907.63
12066,483843,7907.63
12066,493699,7907.71
12066,503938,7907.71
12066,513485,7907.56
12066,523153,7907.56
12066,532739,7907.42
12066,542342,7907.42
12066,552200,7907.42
12066,562084,7907.66
12066,572204,7907.66
12066,582180,7907.62
12066,592162,7907.62
12066,602271,7907.47
12066,612001,7907.47
12066,621586,7907.47
12066,631461,7907.79
12066,640951,7907.79
12066,650635,7907.54
12066,660365,7907.54
12066,670355,7907.51
12066,680471,7907.51
12066,690626,7907.51
12066,700713,7907.5
12066,710921,7907.5
12066,721441,7907.61
12066,726298,7907.61
12066,726493,7907.38
12066,726796,7907.38
12066,726972,7906.38
12066,729113,7906.38
12066,738065,7906.38
12066,747385,7907.17
12066,757005,7907.17
12066,766992,7907.48
12066,776843,7907.48
12066,786703,7907.64
12066,796435,7907.64
12066,806618,7907.2
12066,816679,7907.2
12066,826894,7907.2
12066,836530,7907.54
12066,846999,7907.54
12066,856715,7907.48
12066,866466,7907.48
12066,876188,7907.67
12066,885774,7907.67
12066,895507,7907.71
12066,905484,7907.71
12066,915743,7907.71
12066,5377,7907.58
12066,15387,7907.58
12066,25513,7907.53
12066,35352,7907.53
12066,44970,7908.1
12066,54667,7908.1
12066,64792,7908.1
12066,75029,7907.86
12066,85253,7907.86
12066,90923,7907.67
12066,91204,7907.67
12066,91390,7907.67
12066,91701,7906.38
12066,91877,7906.38
12066,92130,7906.38
12066,92310,7906.38
12066,92561,7906.38
12066,92800,7906.38
12066,93039,7906.38
12066,93296,7906.38
12066,93652,7906.38
12066,93773,7906.38
12066,94019,7906.38
12066,94321,7906.38
12066,94569,7906.38
12066,94816,7906.38
12066,95066,7906.38
12066,95310,7906.38
12066,95495,7906.38
12066,95851,7906.38
12066,96037,7906.38
12066,96283,7906.38
12066,96476,7906.38
12066,96715,7906.38
12066,97019,7906.38
12066,97266,7906.38
12066,97505,7906.38
12066,97750,7906.38
12066,97994,7906.38
12066,98175,7906.38
12066,98429,7906.38
12066,98733,7906.38
12066,98971,7906.38
12066,99223,7906.38
12066,99400,7906.38
12066,99705,7906.38
12066,99964,7906.38
12066,100196,7906.38
12066,100448,7906.38
12066,100630,7906.38
12066,100874,7906.38
12066,101117,7906.38
12066,101361,7906.38
12066,101665,7906.38
12066,101910,7906.38
12066,102095,7906.38
12066,102343,7906.38
12066,102588,7906.38
12066,102822,7906.38
12066,103079,7906.38
12066,103318,7906.38
12066,103506,7906.38
12066,103819,7906.38
12066,104061,7906.38
12066,104304,7906.38
12066,104547,7906.38
12066,104853,7906.38
12066,105095,7906.38
12066,105269,7906.38
12066,105462,7906.38
12066,105763,7906.38
12066,106011,7906.38
12066,106259,7906.38
12066,106497,7906.38
12066,106684,7906.38
12066,106927,7906.38
12066,107282,7906.38
12066,107466,7906.38
12066,107653,7906.38
12066,107897,7906.38
12066,108213,7906.38
12068,22097,7907.63
12068,31982,7907.57
12068,41855,7907.57
12068,51717,7907.54
12068,61912,7907.54
12068,72150,7907.63
12068,82402,7907.63
12068,92274,7907.63
12068,101855,7907.65
12068,111453,7907.65
12068,121200,7907.6
12068,131162,7907.6
12068,141403,7907.51
12068,151392,7907.51
12068,161748,7907.54
12068,172027,7907.54
12068,181873,7907.7
12068,1595,7906.38
12068,11576,7907.7
12068,21298,7907.7
12068,31170,7907.4
12068,40765,7907.4
12068,50375,7907.11
12068,60106,7907.11
12068,70349,7907.11
12068,80384,7907.79
12068,90602,7907.79
12068,100673,7907.65
12068,110649,7907.65
12068,120376,7907.59
12068,130488,7907.59
12068,140473,7907.65
12068,150854,7907.65
12068,160973,7907.54
12068,171305,7907.54
12068,181596,7907.54
12068,191685,7907.69
12068,201895,7907.69
12068,212272,7907.6
12068,221959,7907.6
12068,231848,7907.64
12068,241719,7907.64
12068,251651,7907.54
12068,261534,7907.54
12068,271524,7907.54
12068,281783,7907.67
12068,291905,7907.67
12068,301300,7907.58
12068,311151,7907.68
12068,320629,7907.68
12068,330217,7907.68
12068,340195,7907.6
12068,350322,7907.6
12068,360704,7907.51
12068,371060,7907.51
12068,381173,7907.54
12068,391305,7907.54
12068,401265,7907.56
12068,411604,7907.56
12068,421976,7907.56
12068,431999,7907.72
12068,441780,7907.72
12068,451837,7907.62
12068,461952,7907.62
12068,471901,7907.52
12068,481778,7907.52
12068,491394,7907.65
12068,501323,7907.65
12068,511111,7907.61
12068,521571,7907.61
12068,531570,7907.61
12068,542309,7907.6
12068,552944,7907.6
12068,563063,7907.56
12068,573312,7907.56
12068,583549,7907.55
12068,593895,7907.55
12068,604262,7907.54
12068,614370,7907.54
12068,624971,7907.54
12068,635378,7907.61
12068,646217,7907.61
12068,657125,7907.53
12068,668029,7907.53
12068,678659,7907.52
12068,689016,7907.52
12068,699400,7907.52
12068,709366,7907.63
12068,719622,7907.63
12068,730121,7907.51
12068,740361,7907.51
12068,750562,7907.57
12068,760944,7907.57
12068,770930,7907.57
12068,781427,7907.67
12068,791550,7907.67
12068,801374,7907.39
12068,811367,7907.39
12068,821859,7907.64
12068,832132,7907.64
12068,842479,7907.49
12068,852834,7907.49
12068,863193,7907.49
12068,873593,7907.6
12068,883971,7907.6
12068,893953,7907.57
12068,904321,7907.57
12068,4446,7907.61
12068,14814,7907.61
12068,25172,7907.61
12068,35315,7907.61
12068,45424,7907.61
12068,55379,7907.63
12068,65621,7907.63
12068,75605,7907.47
12068,85602,7907.47
12068,95474,7907.55
12068,105592,7907.55
12068,116191,7907.5
12068,123737,7907.5
12068,123950,7907.56
12068,124188,7907.56
12068,125311,7907.56
12068,134433,7906.38
12068,145007,7906.38
12069,22390,7907.51
12069,32877,7907.51
12069,43229,7907.45
12069,53500,7907.45
12069,63606,7907.55
12069,73942,7907.55
12069,83811,7907.55
12069,93551,7907.72
12069,103512,7907.72
12069,113775,7907.59
12069,124386,7907.59
12069,134524,7907.55
12069,144993,7907.55
12069,155107,7907.55
12069,158145,7907.67
12069,158388,7907.67
12069,158642,7906.38
12069,158941,7906.38
12069,159065,7906.38
12069,159745,7906.38
12069,167717,7906.38
12069,178346,7906.38
12069,188961,7906.38
12069,199219,7907.97
12069,209444,7907.97
12069,219774,7907.97
12069,229673,7908.02
12069,239939,7908.02
12069,250181,7908.05
12069,260250,7908.05
12069,270123,7908.05
12069,280828,7908.05
12069,291130,7908.05
12069,301095,7908.11
12069,311599,7908.11
12069,317245,7908.05
12069,317491,7908.05
12069,317672,7906.38
12069,317983,7906.38
12069,318227,7906.38
12069,318474,7906.38
12069,318655,7906.38
12069,318905,7906.38
12069,319209,7906.38
12069,320692,7906.38
12069,328761,7906.38
12069,338910,7906.38
12069,348749,7908.19
12069,359000,7908.19
12069,369109,7908.19
12069,379189,7908.12
12069,389194,7908.12
12069,398785,7908.18
12069,408761,7908.18
12069,418897,7908.16
12069,429152,7908.16
12069,439245,7908.16
12069,449206,7908.02
12069,459343,7908.02
12069,463026,7907.88
12069,463308,7907.88
12069,463631,7907.88
12069,463751,7906.38
12069,464121,7906.38
12069,464304,7906.38
12069,467660,7906.38
12069,476757,7907.57
12069,486762,7907.57
12069,496622,7907.57
12069,506835,7907.63
12069,516842,7907.63
12069,526805,7907.57
12069,536781,7907.57
12069,546797,7907.57
12069,557149,7907.7
12069,567390,7907.7
12069,577488,7907.76
12069,587720,7907.76
12069,597834,7907.76
12069,608215,7907.67
12069,618477,7907.67
12069,628695,7907.6
12069,639078,7907.6
12069,649677,7907.44
12069,660066,7907.44
12069,670164,7907.44
12069,680686,7907.68
12069,691016,7907.68
12069,701169,7907.62
12069,711237,7907.62
12069,721642,7907.72
12069,731763,7907.72
12069,732674,7907.69
12069,732881,7907.69
12069,733121,7907.69
12069,733360,7906.38
12069,733663,7906.38
12069,733789,7906.38
12069,734044,7906.38
12069,734287,7906.38
12069,734535,7906.38
12069,735685,7906.38
12069,743897,7906.38
12069,754014,7906.38
12069,764250,7906.87
12069,773978,7906.87
12069,783862,7906.87
12069,793840,7907.63
12069,803822,7907.63
12069,814165,7907.57
12069,824407,7907.57
12069,834898,7907.57
12069,845173,7907.5
12069,855401,7907.5
12069,865768,7907.51
12069,876126,7907.51
12069,885943,7907.51
12069,896112,7907.79
12069,906113,7907.79
12069,2932,7907.68
12069,12924,7907.68
12069,22771,7907.57
12069,32488,7907.57
12069,42837,7907.57
12069,53099,7907.6
12069,63094,7907.6
12069,73193,7907.71
12069,83374,7907.71
12069,93563,7907.71
12069,103769,7907.62
12069,113908,7907.62
12069,123763,7907.62
12069,134142,7907.62
12069,144380,7907.62
12069,154586,7907.57
12069,160483,7907.57
12069,161708,7907.7
12069,161708,7906.38
12069,161708,7906.38
12069,161708,7906.38
12070,21378,7907.64
12070,31366,7907.64
12070,41591,7907.64
12070,51455,7907.66
12070,61954,7907.66
12070,72434,7907.42
12070,82813,7907.42
12070,93213,7907.59
12070,103663,7907.59
12070,113668,7907.51
12070,123921,7907.51
12070,133990,7907.51
12070,144014,7907.6
12070,154146,7907.6
12070,164213,7907.62
12070,174721,7907.62
12070,184940,7907.67
12070,195049,7907.67
12070,205304,7907.67
12070,215686,7907.57
12070,225916,7907.57
12070,236411,7907.48
12070,246656,7907.48
12070,256748,7907.46
12070,266862,7907.46
12070,277505,7907.46
12070,285340,7907.57
12070,285558,7907.57
12070,285857,7906.38
12070,287396,7906.38
12070,296320,7906.38
12070,296543,7906.38
12070,296789,7906.38
12070,297025,7906.38
12070,297215,7906.38
12070,297521,7906.38
12070,300677,7906.38
12070,310553,7906.38
12070,320553,7907.38
12070,330270,7907.38
12070,339724,7907.65
12070,349198,7907.65
12070,358807,7907.53
12070,369059,7907.53
12070,379423,7907.53
12070,389516,7907.56
12070,399751,7907.56
12070,410409,7907.49
12070,420499,7907.49
12070,426479,7907.61
12070,426721,7907.61
12070,426960,7907.61
12070,427216,7906.38
12070,427451,7906.38
12070,427693,7906.38
12070,427944,7906.38
12070,428185,7906.38
12070,428425,7906.38
12070,428615,7906.38
12070,428921,7906.38
12070,429156,7906.38
12070,429349,7906.38
12070,429654,7906.38
12070,429901,7906.38
12070,431989,7906.38
12070,440187,7906.38
12070,449280,7907.7
12070,459262,7907.7
12070,469380,7907.48
12070,479483,7907.48
12070,489580,7907.53
12070,499603,7907.53
12070,509835,7907.53
12070,519927,7907.73
12070,529932,7907.73
12070,540056,7907.65
12070,549910,7907.65
12070,560000,7907.65
12070,570229,7907.61
12070,579958,7907.61
12070,590092,7907.58
12070,600216,7907.58
12070,610401,7907.41
12070,620418,7907.41
12070,630587,7907.41
12070,640924,7907.67
12070,651784,7907.67
12070,662387,7907.68
12070,672916,7907.68
12070,683396,7907.67
12070,693898,7907.67
12070,704399,7907.67
12070,714503,7907.64
12070,724237,7907.64
12070,734359,7907.6
12070,744756,7907.6
12070,754940,7907.68
12070,765303,7907.68
12070,775559,7907.68
12070,785678,7907.6
12070,796058,7907.6
12070,806389,7907.46
12070,816673,7907.46
12070,826993,7907.46
12070,837390,7907.76
12070,847885,7907.76
12070,858324,7907.57
12070,868724,7907.57
12070,879096,7907.57
12070,889732,7907.63
12070,900361,7907.63
12070,910721,7907.57
12070,9250,7907.57
12070,19879,7907.5
12070,30765,7907.5
12070,41234,7907.5
12070,51616,7907.64
12070,61844,7907.64
12070,71714,7907.71
12070,81564,7907.71
12070,91412,7907.71
12070,92113,7907.71
12070,92556,7907.71
12071,3810,7907.44
12071,4241,7907.44
12071,4491,7907.44
12071,4732,7906.38
12071,5203,7906.38
12071,12364,7906.38
12071,22473,7906.38
12071,32859,7907.23
12071,42985,7907.23
12071,52953,7907.23
12071,63303,7907.48
12071,73549,7907.48
12071,83815,7907.72
12071,93956,7907.72
12071,104284,7907.67
12071,114529,7907.67
12071,124752,7907.53
12071,135008,7907.53
12071,145623,7907.53
12071,156127,7907.77
12071,166363,7907.77
12071,176718,7907.6
12071,187336,7907.6
12071,197740,7907.51
12071,208068,7907.51
12071,218573,7907.57
12071,228811,7907.57
12071,239299,7907.57
12071,249420,7907.73
12071,259937,7907.73
12071,270026,7907.72
12071,280292,7907.72
12071,290128,7907.48
12071,300513,7907.48
12071,310506,7907.53
12071,320840,7907.53
12071,331097,7907.53
12071,341213,7907.65
12071,351565,7907.65
12071,361731,7907.47
12071,372306,7907.47
12071,382966,7907.67
12071,393447,7907.67
12071,403696,7907.61
12071,414092,7907.61
12071,424262,7907.61
12071,434664,7907.59
12071,440130,7907.59
12071,440334,7907.6
12071,440582,7907.6
12071,442280,7907.6
12071,451069,7906.38
12071,461331,7906.38
12071,471503,7906.89
12071,481964,7906.89
12071,491898,7906.89
12071,502077,7907.87
12071,512422,7907.87
12071,522941,7907.51
12071,530987,7907.51
12071,531214,7907.73
12071,531461,7907.73
12071,531699,7907.73
12071,531935,7906.38
12071,532190,7906.38
12071,532431,7906.38
12071,532673,7906.38
12071,532909,7906.38
12071,533167,7906.38
12071,533399,7906.38
12071,533649,7906.38
12071,533830,7906.38
12071,534143,7906.38
12071,534334,7906.38
12071,534576,7906.38
12071,534882,7906.38
12071,535132,7906.38
12071,535376,7906.38
12071,535609,7906.38
12071,535863,7906.38
12071,536112,7906.38
12071,536356,7906.38
12071,536532,7906.38
12071,536786,7906.38
12071,537077,7906.38
12071,537278,7906.38
12071,537529,7906.38
12071,537878,7906.38
12071,538075,7906.38
12071,538317,7906.38
12071,538539,7906.38
12071,539875,7906.38
12071,547442,7906.38
12071,556638,7906.28
12071,566126,7906.28
12071,575720,7907.2
12071,585180,7907.2
12071,594437,7907.64
12071,604034,7907.64
12071,613987,7907.46
12071,624252,7907.46
12071,634739,7907.46
12071,644973,7907.65
12071,655217,7907.65
12071,665398,7907.73
12071,675314,7907.73
12071,685282,7907.64
12071,695547,7907.64
12071,705796,7907.64
12071,715898,7907.65
12071,726647,7907.65
12071,736883,7907.13
12071,747241,7907.13
12071,757737,7907.63
12071,767733,7907.63
12071,778071,7907.63
12071,788588,7907.68
12071,798836,7907.68
12071,809197,7907.61
12071,819842,7907.61
12071,830329,7907.54
12071,840951,7907.54
12071,851199,7907.54
12071,861313,7907.6
12071,871546,7907.6
12071,881670,7907.65
12071,891636,7907.65
12071,901892,7907.61
12071,912268,7907.61
12071,6172,7907.54
12071,16282,7907.54
12071,26266,7907.73
12071,36623,7907.73
12071,46948,7907.73
12071,57371,7907.62
12071,67622,7907.62
12071,77846,7907.92
12071,87942,7907.92
12071,97696,7907.6
12071,107546,7907.6
12071,117274,7907.68
12071,127631,7907.68
12071,137752,7907.68
12071,147731,7907.66
12071,157832,7907.66
12071,167699,7907.65
12071,177545,7907.65
12071,187336,7907.61
12071,197415,7907.61
12071,207509,7907.64
12071,217761,7907.64
12071,227762,7907.64
12071,238097,7907.67
12071,248360,7907.67
12071,258579,7907.43
12071,268951,7907.43
12071,279329,7907.54
12071,289574,7907.54
12071,299521,7907.66
12071,309635,7907.66
12071,319765,7907.66
12071,330009,7907.52
12071,340122,7907.52
12071,350750,7907.52
12071,361368,7907.52
12071,371841,7907.55
12071,382083,7907.55
12071,392281,7907.55
12071,402434,7907.6
12071,412818,7907.6
12071,422554,7907.61
12071,433029,7907.61
12071,443178,7907.7
12071,453141,7907.7
12071,463265,7907.57
12071,473244,7907.57
12071,483140,7907.57
12071,493469,7907.71
12071,503963,7907.71
12071,514581,7907.56
12071,525049,7907.56
12071,534819,7907.71
12071,544779,7907.71
12071,554775,7907.54
12071,564770,7907.54
12071,574993,7907.65
12071,579721,7907.65
12071,579917,7907.65
12071,580101,7906.38
12071,580409,7906.38
12071,580639,7906.38
12071,580837,7906.38
12071,585364,7906.38
12071,594463,7906.38
12071,604566,7907.07
12071,614935,7907.07
12071,625071,7907.07
12071,635165,7907.61
12071,645256,7907.61
12071,655144,7907.72
12071,665128,7907.72
12071,675083,7907.1
12071,685229,7907.1
12071,695960,7907.73
12073,4364,7907.56
12073,4661,7907.56
12073,4855,7907.56
12073,5039,7906.38
12073,7114,7906.38
12073,14940,7906.38
12073,23375,7906.38
12073,33097,7906.42
12073,42675,7906.42
12073,52041,7907.9
12073,61626,7907.9
12073,71247,7907.54
12073,80694,7907.54
12073,90331,7907.54
12073,100443,7907.56
12073,110526,7907.56
12073,120690,7907.74
12073,131034,7907.74
12073,141252,7907.65
12073,151763,7907.65
12073,162522,7907.63
12073,173397,7907.63
12073,183887,7907.63
12073,194236,7907.54
12073,204636,7907.54
12073,215173,7907.77
12073,225370,7907.77
12073,235462,7907.68
12073,245320,7907.68
12073,255048,7907.68
12073,265043,7907.6
12073,275524,7907.6
12073,285636,7907.63
12073,295902,7907.63
12073,305721,7907.63
12073,315713,7907.56
12073,325824,7907.56
12073,335640,7907.51
12073,336276,7907.51
12073,336582,7906.38
12073,336807,7906.38
12073,336992,7906.38
12073,337299,7906.38
12073,337493,7906.38
12073,337741,7906.38
12073,338032,7906.38
12073,338349,7906.38
12073,338531,7906.38
12073,338714,7906.38
12073,338963,7906.38
12073,339205,7906.38
12073,339510,7906.38
12073,339762,7906.38
12073,339938,7906.38
12073,340190,7906.38
12073,340432,7906.38
12073,340683,7906.38
12073,340923,7906.38
12073,341161,7906.38
12073,341413,7906.38
12073,342036,7906.38
12073,348436,7906.38
12073,356987,7908.27
12073,366345,7908.27
12073,375937,7908.27
12073,385657,7907.56
12073,395511,7907.56
12073,405371,7907.57
12073,415107,7907.57
12073,425367,7907.52
12073,435207,7907.52
12073,445715,7907.77
12073,456311,7907.77
12073,466530,7907.77
12073,476556,7907.46
12073,486268,7907.46
12073,496238,7907.65
12073,506128,7907.65
12073,516219,7907.38
12073,526235,7907.38
12073,536194,7907.58
12073,546425,7907.58
12073,556951,7907.58
12073,567056,7907.5
12073,577546,7907.5
12073,587901,7907.48
12073,598420,7907.48
12073,609146,7907.47
12073,617021,7907.47
12073,617205,7907.32
12073,617446,7907.32
12073,617757,7907.32
12073,620690,7906.38
12073,629650,7906.38
12073,639134,7906.38
12073,649094,7907.04
12073,659086,7907.04
12073,669294,7907.67
12073,679441,7907.67
12073,689189,7907.65
12073,699525,7907.65
12073,709502,7907.65
12073,719118,7907.51
12073,728816,7907.51
12073,738948,7907.54
12073,748541,7907.54
12073,748800,7907.54
12073,748990,7907.63
12073,749288,7907.63
12073,749468,7906.38
12073,749721,7906.38
12073,749959,7906.38
12073,750206,7906.38
12073,750451,7906.38
12073,753321,7906.38
12073,762513,7906.38
12073,772711,7906.38
12073,782860,7906.97
12073,792356,7906.97
12073,802190,7907.91
12073,812551,7907.91
12073,822918,7907.91
12073,833293,7907.54
12073,843498,7907.54
12073,853701,7907.27
12073,863532,7907.27
12073,873383,7907.54
12073,883142,7907.54
12073,893211,7907.51
12073,903574,7907.51
12073,914258,7907.51
12073,9249,7907.51
12073,19480,7907.51
12073,29740,7907.65
12073,39833,7907.65
12073,43172,7907.65
12073,43432,7907.55
12073,43606,7907.55
12073,46843,7906.38
12073,56196,7906.38
12073,66432,7907.96
12073,76277,7907.96
12073,86451,7907.96
12073,96612,7907.7
12073,106636,7907.7
12073,116474,7907.45
12073,126460,7907.45
12073,136460,7907.54
12073,146574,7907.54
12073,156366,7907.54
12073,166511,7907.69
12073,176381,7907.69
12073,186250,7907.5
12073,196085,7907.5
12073,206459,7907.57
12073,216810,7907.57
12073,226940,7907.57
12073,236791,7907.66
12073,246404,7907.66
12073,256261,7907.61
12073,266604,7907.61
12073,276975,7907.61
12073,287474,7907.49
12073,298123,7907.49
12073,308097,7907.56
12073,318194,7907.56
12073,328250,7907.56
12073,338280,7907.44
12073,348784,7907.44
12073,359439,7907.53
12073,369656,7907.53
12073,380019,7907.65
12073,390388,7907.65
12073,397246,7907.55
12073,397477,7907.55
12073,397659,7907.55
12073,398026,7906.38
12073,404959,7906.38
12073,415700,7906.92
12073,426095,7906.92
12073,436841,7907.74
12073,447059,7907.74
12073,457190,7907.74
12073,467701,7907.6
12073,477898,7907.6
12073,488281,7907.35
12073,498642,7907.35
12073,508527,7907.69
12073,518621,7907.69
12073,528608,7907.69
12073,538581,7907.47
12073,548565,7907.47
12073,558544,7907.27
12073,568656,7907.27
12073,578904,7907.52
12073,589175,7907.52
12073,599509,7907.52
12073,609646,7907.53
12073,619733,7907.53
12073,629593,7907.71
12073,639574,7907.71
12073,649711,7907.46
12073,659817,7907.46
