runnum,evnum,HALLA_p
13453,76675,5964.68
13453,105198,5964.68
13453,133255,5964.64
13453,162008,5964.64
13453,191005,5964.62
13453,219759,5964.62
13453,248640,5964.62
13453,277160,5964.53
13453,306222,5964.53
13453,335064,5964.71
13453,364049,5964.71
13453,392805,5964.67
13453,421934,5964.67
13453,450764,5964.67
13453,479396,5964.59
13453,508187,5964.59
13453,537082,5964.69
13453,566258,5964.69
13453,595235,5964.58
13453,624475,5964.58
13453,653482,5964.61
13453,682803,5964.61
13453,711865,5964.61
13453,741311,5964.58
13453,770528,5964.58
13453,798815,5964.67
13453,8278982,5964.57
13453,8307910,5964.63
13453,8336873,5964.63
13453,8366025,5964.63
13453,8379303,5964.63
13453,8379465,5964.63
13453,8379622,5964.54
13453,8379786,5964.54
13453,8379940,5965.54
13453,8380103,5965.54
13453,8380261,5965.54
13453,8380430,5965.54
13453,8380591,5965.54
13453,8380745,5965.54
13453,8403944,5965.54
13453,8431071,5965.54
13453,8459131,5965.54
13453,8487703,5964.28
13453,8516286,5964.28
13453,8545254,5964.79
13453,8573943,5964.79
13453,8602837,5964.66
13453,8631969,5964.66
13453,8660665,5964.66
13453,8689602,5964.64
13453,8718567,5964.64
13453,8747756,5964.73
13453,8776835,5964.73
13453,8806220,5964.68
13453,8835350,5964.68
13453,8864281,5964.62
13453,8893307,5964.62
13453,8922647,5964.62
13453,8951587,5964.69
13453,8980635,5964.69
13453,9009437,5964.66
13453,9038680,5964.66
13453,9068013,5964.74
13453,9096900,5964.74
13453,827605,5964.67
13453,856155,5964.67
13453,884690,5964.67
13453,913400,5964.67
13453,941650,5964.68
13453,970285,5964.68
13453,998844,5964.64
13453,1027572,5964.64
13453,1055945,5964.64
13453,1084788,5964.64
13453,1113772,5964.74
13453,1142692,5964.74
13453,1171299,5964.74
13453,1200064,5964.7
13453,1228744,5964.7
13453,1257529,5964.7
13453,1285971,5964.7
13453,1314393,5964.69
13453,1343193,5964.69
13453,1371826,5964.69
13453,1400165,5964.62
13453,1428987,5964.62
13453,1457288,5964.73
13453,1485684,5964.73
13453,1514310,5964.65
13453,1543232,5964.65
13453,1571681,5964.62
13453,1600232,5964.62
13453,1628768,5964.62
13453,9126230,5964.67
13453,9155197,5964.67
13453,9184007,5964.67
13453,9213326,5964.73
13453,9242561,5964.73
13453,9271721,5964.71
13453,9301000,5964.71
13453,9329737,5964.63
13453,9358691,5964.63
13453,9388011,5964.69
13453,9417206,5964.69
13453,9446415,5964.69
13453,9475867,5964.6
13453,9505234,5964.6
13453,9534620,5964.63
13453,9563409,5964.63
13453,9592706,5964.64
13453,9622021,5964.64
13453,9651615,5964.64
13453,9680456,5964.64
13453,9709588,5964.64
13453,9738845,5964.58
13453,9768076,5964.58
13453,9797168,5964.57
13453,9826303,5964.57
13453,9855451,5964.64
13453,9884661,5964.64
13453,9913703,5964.64
13453,9942833,5964.69
13453,9971910,5964.69
13453,10001191,5964.67
13453,10030397,5964.67
13453,10059282,5964.63
13453,10088591,5964.63
13453,10117762,5964.56
13453,10146957,5964.56
13453,10176352,5964.56
13453,10205448,5964.68
13453,10234387,5964.68
13453,10263149,5964.61
13453,10292212,5964.61
13453,10321239,5964.51
13453,10350554,5964.51
13453,10379800,5964.51
13453,10409043,5964.58
13453,10437904,5964.58
13453,10467121,5964.63
13453,10496353,5964.63
13453,10525448,5964.6
13453,10554154,5964.6
13453,10582931,5964.61
13453,10612094,5964.61
13453,10641238,5964.61
13453,10670642,5964.59
13453,10699532,5964.59
13453,10728639,5964.7
13453,10757880,5964.7
13453,10787220,5964.61
13453,10816359,5964.61
13453,10845390,5964.63
13453,10874395,5964.63
13453,10903682,5964.63
13453,10932953,5964.62
13453,10962098,5964.62
13453,10991274,5964.62
13453,11020679,5964.62
13453,11049610,5964.63
13453,11078769,5964.63
13453,11107981,5964.63
13453,11137338,5964.61
13453,11166442,5964.61
13453,11195798,5964.55
13453,11224970,5964.55
13453,11254035,5964.66
13453,11282844,5964.66
13453,11311705,5964.66
13453,11340985,5964.74
13453,11370386,5964.74
13453,11399478,5964.48
13453,11428753,5964.48
13453,11457721,5964.61
13453,11486586,5964.61
13453,11515591,5964.53
13453,11544841,5964.53
13453,11573653,5964.53
13453,11602990,5964.56
13453,11632093,5964.56
13453,11660958,5964.66
13453,11690116,5964.66
13453,11719239,5964.47
13453,11748089,5964.47
13453,11777114,5964.47
13453,11806014,5964.73
13453,11834829,5964.73
13453,11863665,5964.64
13453,11892271,5964.64
13453,11921157,5964.57
13453,11950138,5964.57
13453,11979231,5964.57
13453,12008278,5964.67
13453,12037615,5964.67
13453,12066536,5964.62
13453,12095347,5964.62
13453,12124164,5964.57
13453,12153013,5964.57
13453,12182270,5964.61
13453,12211235,5964.61
13453,12240516,5964.61
13453,12269473,5964.53
13453,12298572,5964.53
13453,12327420,5964.65
13453,12356477,5964.65
13453,12385322,5964.66
13453,12414335,5964.66
13453,12443259,5964.6
13453,12472036,5964.6
13453,12500971,5964.6
13453,12530018,5964.62
13453,12545632,5964.62
13453,12545774,5964.58
13453,12545934,5964.58
13453,12546097,5965.54
13453,12546250,5965.54
13453,12546422,5965.54
13453,12546580,5965.54
13453,12546741,5965.54
13453,12546894,5965.54
13453,12552787,5965.54
13453,12578758,5965.54
13453,12606330,5965.54
13453,12634717,5964.13
13453,12663210,5964.13
13453,12691465,5964.13
13453,12719995,5964.31
13453,12748767,5964.31
13453,12777747,5964.21
13453,12806769,5964.21
13453,12835772,5964.71
13453,12864660,5964.71
13453,12893482,5964.58
13453,12922468,5964.58
13453,12951554,5964.58
13453,12980701,5964.6
13453,13009822,5964.6
13453,13038461,5964.61
13453,13067293,5964.61
13453,13096475,5964.62
13453,13125127,5964.62
13453,13154019,5964.62
13453,13183132,5964.76
13453,13212260,5964.76
13453,13241242,5964.58
13453,13270413,5964.58
13453,13299488,5964.55
13453,13328611,5964.55
13453,13357981,5964.64
13453,13386776,5964.64
13453,13416057,5964.64
13453,13445403,5964.61
13453,13474305,5964.61
13453,13503239,5964.49
13453,13532001,5964.49
13453,13561246,5964.58
13453,13590292,5964.58
13453,13619650,5964.58
13453,13648705,5964.55
13453,13677845,5964.55
13453,13706713,5964.68
13453,13735898,5964.68
13453,13765145,5964.67
13453,13794112,5964.67
13453,13823228,5964.64
13453,13852686,5964.64
13453,13881750,5964.64
13453,13910663,5964.59
13453,13939401,5964.59
13453,13968411,5964.58
13453,13997577,5964.58
13453,14026649,5964.66
13453,14055823,5964.66
13453,14084654,5964.66
13453,14113463,5964.63
13453,14142468,5964.63
13453,14171770,5964.57
13453,14200801,5964.57
13453,14230153,5964.6
13453,14259482,5964.6
13453,14288635,5964.57
13453,14317898,5964.57
13453,14347229,5964.57
13453,14375988,5964.64
13453,14404879,5964.64
13453,14433992,5964.63
13453,14463150,5964.63
13453,14492332,5964.47
13453,14521272,5964.47
13453,14550594,5964.47
13453,14579847,5964.6
13453,14608731,5964.6
13453,14637726,5964.58
13453,14667020,5964.58
13453,14696206,5964.55
13453,14725129,5964.55
13453,14754433,5964.56
13453,14784047,5964.56
13453,14813403,5964.56
13453,14842447,5964.72
13453,14871759,5964.72
13453,14900513,5964.58
13453,14929687,5964.58
13453,14958616,5964.53
13453,14987775,5964.53
13453,15016544,5964.53
13453,15045667,5964.68
13453,15074324,5964.68
13453,15103336,5964.69
13453,15132750,5964.69
13453,15161667,5964.55
13453,15190658,5964.55
13453,15219813,5964.61
13453,15249823,5964.61
13453,15258651,5964.61
13453,15258800,5964.57
13453,15258966,5964.57
13453,15259095,5965.54
13453,15259248,5965.54
13453,15259497,5965.54
13453,15259612,5965.54
13453,15259771,5965.54
13453,15259936,5965.54
13453,15260104,5965.54
13453,15260262,5965.54
13453,15260417,5965.54
13453,15260564,5965.54
13453,15260738,5965.54
13453,15260905,5965.54
13453,15261047,5965.54
13453,15261182,5965.54
13453,15261344,5965.54
13453,15261509,5965.54
13453,15261660,5965.54
13453,15261911,5965.54
13453,15261991,5965.54
13453,15262132,5965.54
13453,15262311,5965.54
13453,15262466,5965.54
13453,15262637,5965.54
13453,15262789,5965.54
13453,15262949,5965.54
13453,15263119,5965.54
13453,15263271,5965.54
13453,15263442,5965.54
13453,15263646,5965.54
13453,15263799,5965.54
13453,15263965,5965.54
13453,15264130,5965.54
13453,15264287,5965.54
13453,15264447,5965.54
13453,15264611,5965.54
13453,15264765,5965.54
13453,15264925,5965.54
13453,15275392,5965.54
13453,15299994,5965.54
13453,15326189,5965.54
13453,15353672,5965.54
13453,15381327,5964.94
13453,15409291,5964.94
13453,15437339,5964.53
13453,15465594,5964.53
13453,15494069,5964.64
13453,15522661,5964.64
13453,15551307,5964.64
13453,15580266,5964.59
13453,15608973,5964.59
13453,15637626,5964.53
13453,15666393,5964.53
13453,15695357,5964.54
13453,15724081,5964.54
13453,15752705,5964.56
13453,15781382,5964.56
13453,15810169,5964.56
13453,15838857,5964.5
13453,15867586,5964.5
13453,15896453,5964.58
13453,15925122,5964.58
13453,15944363,5964.57
13453,15944363,5964.57
13453,1657626,5964.62
13453,1686171,5964.62
13453,1714938,5964.65
13453,1743339,5964.65
13453,1771928,5964.68
13453,1800728,5964.68
13453,1829589,5964.72
13453,1858159,5964.72
13453,1886936,5964.72
13453,1916153,5964.59
13453,1944913,5964.59
13453,1973768,5964.62
13453,2002492,5964.62
13453,2031206,5964.65
13453,2059933,5964.65
13453,2088821,5964.65
13453,2117356,5964.64
13453,2146025,5964.64
13453,2174340,5964.7
13453,2203779,5964.7
13453,2232382,5964.68
13453,2261047,5964.68
13453,2289889,5964.64
13453,2318519,5964.64
13453,2347384,5964.64
13453,2376037,5964.65
13453,2404600,5964.65
13453,2433551,5964.71
13453,2462546,5964.71
13453,2490994,5964.7
13453,2519748,5964.7
13453,2548597,5964.65
13453,2577176,5964.65
13453,2605783,5964.65
13453,2634105,5964.64
13453,2662904,5964.64
13453,2691466,5964.6
13453,2720232,5964.6
13453,2723192,5964.61
13453,2723346,5964.61
13453,2723614,5965.54
13453,2723751,5965.54
13453,2723912,5965.54
13453,2724077,5965.54
13453,2724233,5965.54
13453,2724393,5965.54
13453,2724554,5965.54
13453,2724716,5965.54
13453,2724884,5965.54
13453,2725024,5965.54
13453,2725181,5965.54
13453,2725333,5965.54
13453,2725531,5965.54
13453,2725690,5965.54
13453,2725890,5965.54
13453,2726009,5965.54
13453,2726178,5965.54
13453,2729271,5965.54
13453,2753757,5965.54
13453,2780305,5965.54
13453,2807440,5965.54
13453,2835154,5964.33
13453,2863102,5964.33
13453,2891199,5964.72
13453,2919604,5964.72
13453,2947769,5964.67
13453,2976341,5964.67
13453,3005158,5964.66
13453,3033634,5964.66
13453,3062218,5964.66
13453,3090646,5964.6
13453,3119130,5964.6
13453,3147817,5964.66
13453,3176441,5964.66
13453,3204767,5964.77
13453,3233455,5964.77
13453,3261995,5964.68
13453,3290373,5964.68
13453,3318940,5964.68
13453,3347728,5964.63
13453,3376514,5964.63
13453,3405214,5964.6
13453,3434175,5964.6
13453,3462702,5964.52
13453,3491165,5964.52
13453,3520047,5964.52
13453,3548975,5964.52
13453,3577498,5964.52
13453,3606233,5964.66
13453,3634785,5964.66
13453,3663576,5964.56
13453,3692090,5964.56
13453,3720556,5964.7
13453,3749279,5964.7
13453,3778206,5964.67
13453,3807030,5964.67
13453,3835397,5964.67
13453,3864686,5964.59
13453,3893442,5964.59
13453,3922206,5964.62
13453,3951325,5964.62
13453,3980277,5964.53
13453,4009376,5964.53
13453,4038523,5964.53
13453,4067285,5964.75
13453,4095949,5964.75
13453,4125443,5964.59
13453,4154126,5964.59
13453,4183121,5964.54
13453,4212262,5964.54
13453,4241807,5964.67
13453,4270854,5964.67
13453,4300216,5964.67
13453,4329273,5964.55
13453,4358443,5964.55
13453,4387526,5964.59
13453,4417063,5964.59
13453,4446251,5964.55
13453,4475149,5964.55
13453,4504173,5964.56
13453,4533708,5964.56
13453,4563195,5964.56
13453,4592617,5964.54
13453,4621722,5964.54
13453,4650778,5964.53
13453,4680112,5964.53
13453,4709280,5964.59
13453,4738331,5964.59
13453,4767451,5964.57
13453,4796489,5964.57
13453,4825792,5964.57
13453,4855098,5964.65
13453,4884270,5964.65
13453,4913456,5964.52
13453,4942491,5964.52
13453,4971475,5964.69
13453,5000674,5964.69
13453,5030429,5964.41
13453,5059718,5964.41
13453,5089114,5964.41
13453,5118161,5964.63
13453,5131356,5964.63
13453,5131507,5964.58
13453,5131658,5964.58
13453,5131790,5965.54
13453,5147683,5965.54
13453,5175538,5965.54
13453,5203969,5965.54
13453,5232710,5965.54
13453,5261796,5964.38
13453,5290703,5964.38
13453,5319848,5964.62
13453,5348897,5964.62
13453,5378091,5964.57
13453,5407062,5964.57
13453,5436322,5964.57
13453,5465441,5964.59
13453,5494690,5964.59
13453,5523646,5964.6
13453,5552728,5964.6
13453,5582074,5964.6
13453,5611314,5964.6
13453,5640435,5964.53
13453,5669615,5964.53
13453,5698717,5964.53
13453,5728048,5964.56
13453,5757254,5964.56
13453,5786526,5964.6
13453,5815968,5964.6
13453,5845735,5964.57
13453,5875374,5964.57
13453,5904903,5964.57
13453,5934291,5964.63
13453,5963790,5964.63
13453,5993046,5964.54
13453,6022484,5964.54
13453,6051826,5964.69
13453,6081355,5964.69
13453,6111003,5964.66
13453,6140560,5964.66
13453,6169849,5964.66
13453,6199187,5964.72
13453,6228269,5964.72
13453,6257326,5964.59
13453,6286788,5964.59
13453,6315998,5964.65
13453,6345391,5964.65
13453,6374775,5964.64
13453,6404002,5964.64
13453,6433404,5964.64
13453,6462585,5964.57
13453,6491988,5964.57
13453,6521587,5964.64
13453,6551048,5964.64
13453,6579925,5964.61
13453,6609275,5964.61
13453,6638761,5964.67
13453,6667742,5964.67
13453,6696884,5964.67
13453,6726178,5964.69
13453,6755379,5964.69
13453,6784610,5964.69
13453,6814257,5964.69
13453,6843309,5964.71
13453,6849966,5964.71
13453,6850123,5965.54
13453,6850301,5965.54
13453,6850448,5965.54
13453,6850616,5965.54
13453,6850772,5965.54
13453,6850942,5965.54
13453,6851095,5965.54
13453,6861571,5965.54
13453,6888719,5965.54
13453,6917053,5964.29
13453,6945758,5964.29
13453,6974464,5964.29
13453,7003948,5964.92
13453,7033404,5964.92
13453,7062553,5964.73
13453,7091405,5964.73
13453,7120769,5964.57
13453,7149446,5964.57
13453,7178691,5964.57
13453,7207314,5964.64
13453,7236240,5964.64
13453,7264804,5964.68
13453,7293823,5964.68
13453,7322926,5964.62
13453,7351960,5964.62
13453,7381133,5964.71
13453,7410041,5964.71
13453,7439060,5964.71
13453,7467749,5964.61
13453,7496815,5964.61
13453,7525625,5964.65
13453,7554618,5964.65
13453,7583615,5964.53
13453,7612735,5964.53
13453,7641475,5964.66
13453,7670683,5964.66
13453,7699639,5964.66
13453,7728650,5964.67
13453,7757681,5964.67
13453,7786806,5964.58
13453,7815513,5964.58
13453,7844228,5964.64
13453,7873304,5964.64
13453,7902264,5964.64
13453,7931447,5964.59
13453,7960650,5964.59
13453,7989460,5964.72
13453,8018596,5964.72
13453,8047698,5964.59
13453,8076442,5964.59
13453,8105220,5964.57
13453,8134090,5964.57
13453,8162888,5964.57
13453,8191792,5964.65
13453,8221233,5964.65
13453,8250128,5964.57
13454,79586,5964.66
13454,108816,5964.55
13454,137709,5964.55
13454,166400,5964.54
13454,195319,5964.54
13454,223886,5964.65
13454,253038,5964.65
13454,281671,5964.65
13454,310370,5964.45
13454,339280,5964.45
13454,368047,5964.61
13454,397548,5964.61
13454,426348,5964.51
13454,455282,5964.51
13454,484282,5964.51
13454,513642,5964.49
13454,542519,5964.49
13454,571712,5964.5
13454,600573,5964.5
13454,629742,5964.61
13454,658858,5964.61
13454,687560,5964.52
13454,716685,5964.52
13454,745703,5964.52
13454,775013,5964.54
13454,804047,5964.54
13454,8211262,5964.52
13454,8240908,5964.52
13454,8270692,5964.58
13454,8300301,5964.58
13454,8329876,5964.6
13454,8359200,5964.6
13454,8388649,5964.51
13454,8418493,5964.51
13454,8448105,5964.51
13454,8477833,5964.54
13454,8499930,5964.54
13454,8500069,5964.58
13454,8500211,5964.58
13454,8500364,5965.54
13454,8500562,5965.54
13454,8516853,5965.54
13454,8545391,5965.54
13454,8574332,5965.54
13454,8603419,5964.41
13454,8632705,5964.41
13454,8662018,5964.55
13454,8666178,5964.55
13454,8666333,5964.57
13454,8666507,5964.57
13454,8666665,5965.54
13454,8666824,5965.54
13454,8666997,5965.54
13454,8667152,5965.54
13454,8667315,5965.54
13454,8667469,5965.54
13454,8669034,5965.54
13454,8694355,5965.54
13454,8722005,5965.54
13454,8750837,5964.88
13454,8779615,5964.88
13454,8783417,5964.88
13454,833181,5964.51
13454,862556,5964.51
13454,869718,5964.55
13454,869907,5964.55
13454,870058,5964.55
13454,870219,5965.54
13454,870354,5965.54
13454,870526,5965.54
13454,870678,5965.54
13454,870826,5965.54
13454,871008,5965.54
13454,871143,5965.54
13454,871328,5965.54
13454,871481,5965.54
13454,871647,5965.54
13454,871801,5965.54
13454,871960,5965.54
13454,872151,5965.54
13454,872285,5965.54
13454,872455,5965.54
13454,872611,5965.54
13454,872772,5965.54
13454,872942,5965.54
13454,873133,5965.54
13454,873294,5965.54
13454,873460,5965.54
13454,873625,5965.54
13454,873779,5965.54
13454,873941,5965.54
13454,874106,5965.54
13454,883651,5965.54
13454,908793,5965.54
13454,935961,5965.54
13454,944318,5965.54
13454,944502,5964.67
13454,944662,5964.67
13454,956613,5965.54
13454,983577,5965.54
13454,1011380,5964.71
13454,1039380,5964.71
13454,1067596,5964.71
13454,1096238,5964.85
13454,1125054,5964.85
13454,1153765,5964.68
13454,1182432,5964.68
13454,1211033,5964.57
13454,1239725,5964.57
13454,1268947,5964.61
13454,1297837,5964.61
13454,1326612,5964.61
13454,1355737,5964.56
13454,1384747,5964.56
13454,1413946,5964.53
13454,1440057,5964.53
13454,1440242,5964.61
13454,1440389,5964.61
13454,1459063,5965.54
13454,1487370,5965.54
13454,1515842,5965.54
13454,1544719,5964.36
13454,1573536,5964.36
13454,1602556,5964.53
13454,1631491,5964.53
13454,1660411,5964.57
13454,1689712,5964.57
13454,1718746,5964.5
13454,1747972,5964.5
13454,1776888,5964.5
13454,1806117,5964.54
13454,1835487,5964.54
13454,1864676,5964.7
13454,1893621,5964.7
13454,1922819,5964.55
13454,1951903,5964.55
13454,1981068,5964.55
13454,2010365,5964.58
13454,2039290,5964.58
13454,2068605,5964.65
13454,2097923,5964.65
13454,2127124,5964.56
13454,2156184,5964.56
13454,2185483,5964.59
13454,2214507,5964.59
13454,2243725,5964.59
13454,2273547,5964.61
13454,2302704,5964.61
13454,2332411,5964.64
13454,2361818,5964.64
13454,2391132,5964.6
13454,2420351,5964.6
13454,2449890,5964.62
13454,2479267,5964.62
13454,2508170,5964.62
13454,2537519,5964.62
13454,2566838,5964.62
13454,2596491,5964.6
13454,2626034,5964.6
13454,2655117,5964.6
13454,2684685,5964.6
13454,2714049,5964.58
13454,2721318,5964.58
13454,2721558,5965.54
13454,2721634,5965.54
13454,2721819,5965.54
13454,2738020,5965.54
13454,2765931,5965.54
13454,2794667,5964.49
13454,2823366,5964.49
13454,2852281,5964.78
13454,2860268,5964.78
13454,2860471,5964.78
13454,2860654,5965.54
13454,2860784,5965.54
13454,2860933,5965.54
13454,2861164,5965.54
13454,2861329,5965.54
13454,2881334,5965.54
13454,2909164,5965.54
13454,2937235,5965.54
13454,2966037,5965.54
13454,2995088,5964.67
13454,3024406,5964.67
13454,3054100,5964.65
13454,3083156,5964.65
13454,3112234,5964.65
13454,3141328,5964.65
13454,3146857,5964.6
13454,3147015,5964.6
13454,3147162,5964.6
13454,3147404,5965.54
13454,3147492,5965.54
13454,3147662,5965.54
13454,3147819,5965.54
13454,3147974,5965.54
13454,3148182,5965.54
13454,3148334,5965.54
13454,3148482,5965.54
13454,3149693,5965.54
13454,3174652,5965.54
13454,3201919,5965.54
13454,3229954,5964.49
13454,3258643,5964.49
13454,3287505,5964.73
13454,3316198,5964.73
13454,3345241,5964.65
13454,3374334,5964.65
13454,3403033,5964.65
13454,3432080,5964.64
13454,3461394,5964.64
13454,3490635,5964.62
13454,3519779,5964.62
13454,3549211,5964.6
13454,3578266,5964.6
13454,3607491,5964.56
13454,3636529,5964.56
13454,3665705,5964.56
13454,3694840,5964.62
13454,3724034,5964.62
13454,3753062,5964.63
13454,3782295,5964.63
13454,3811869,5964.67
13454,3840922,5964.67
13454,3869984,5964.7
13454,3899166,5964.7
13454,3928734,5964.7
13454,3957789,5964.6
13454,3986877,5964.6
13454,4016384,5964.61
13454,4045718,5964.61
13454,4074743,5964.6
13454,4104092,5964.6
13454,4133477,5964.61
13454,4162709,5964.61
13454,4192339,5964.61
13454,4221706,5964.64
13454,4251480,5964.64
13454,4280941,5964.57
13454,4310305,5964.57
13454,4339954,5964.61
13454,4369405,5964.61
13454,4398858,5964.62
13454,4428029,5964.62
13454,4457201,5964.62
13454,4486617,5964.59
13454,4515740,5964.59
13454,4544765,5964.56
13454,4573773,5964.56
13454,4603070,5964.63
13454,4612729,5964.63
13454,4612913,5965.54
13454,4613055,5965.54
13454,4613212,5965.54
13454,4613374,5965.54
13454,4613522,5965.54
13454,4629676,5965.54
13454,4657555,5965.54
13454,4686243,5964.78
13454,4715128,5964.78
13454,4744079,5964.66
13454,4773520,5964.66
13454,4802695,5964.66
13454,4832006,5964.68
13454,4861167,5964.68
13454,4890490,5964.59
13454,4919963,5964.59
13454,4949262,5964.58
13454,4978564,5964.58
13454,5008015,5964.58
13454,5037064,5964.65
13454,5066103,5964.65
13454,5095444,5964.59
13454,5124942,5964.59
13454,5154060,5964.63
13454,5182731,5964.63
13454,5182915,5964.62
13454,5183070,5964.62
13454,5183277,5964.62
13454,5183451,5965.54
13454,5183593,5965.54
13454,5183758,5965.54
13454,5183935,5965.54
13454,5184085,5965.54
13454,5184235,5965.54
13454,5184399,5965.54
13454,5184556,5965.54
13454,5184719,5965.54
13454,5184882,5965.54
13454,5185043,5965.54
13454,5185219,5965.54
13454,5185364,5965.54
13454,5185526,5965.54
13454,5185697,5965.54
13454,5185845,5965.54
13454,5196758,5965.54
13454,5222831,5965.54
13454,5227463,5964.9
13454,5227617,5964.9
13454,5227779,5965.54
13454,5227950,5965.54
13454,5245595,5965.54
13454,5272678,5965.54
13454,5300694,5963.94
13454,5328879,5963.94
13454,5357316,5963.94
13454,5386035,5964.67
13454,5414514,5964.67
13454,5443040,5965.04
13454,5471838,5965.04
13454,5500797,5964.61
13454,5529723,5964.61
13454,5556969,5964.61
13454,5557164,5964.71
13454,5557290,5964.71
13454,5557472,5965.54
13454,5557632,5965.54
13454,5557801,5965.54
13454,5557955,5965.54
13454,5558111,5965.54
13454,5558273,5965.54
13454,5558440,5965.54
13454,5569921,5965.54
13454,5596540,5965.54
13454,5624182,5964.68
13454,5652474,5964.68
13454,5767571,5964.55
13454,5796580,5964.55
13454,5825771,5964.52
13454,5854845,5964.52
13454,5883907,5964.59
13454,5912710,5964.59
13454,5941949,5964.53
13454,5971071,5964.53
13454,6000124,5964.57
13454,6028974,5964.57
13454,6058525,5964.57
13454,6087927,5964.56
13454,6117222,5964.56
13454,6146479,5964.6
13454,6175725,5964.6
13454,6204676,5964.6
13454,6234180,5964.6
13454,6263833,5964.6
13454,6293020,5964.6
13454,6322175,5964.6
13454,6351761,5964.69
13454,6381449,5964.69
13454,6410892,5964.72
13454,6440217,5964.72
13454,6469536,5964.71
13454,6498745,5964.71
13454,6528359,5964.63
13454,6558001,5964.63
13454,6587673,5964.63
13454,6616945,5964.64
13454,6646433,5964.64
13454,6676120,5964.56
13454,6706041,5964.56
13454,6735901,5964.67
13454,6765368,5964.67
13454,6795058,5964.58
13454,6824606,5964.58
13454,6853642,5964.58
13454,6882687,5964.58
13454,6912334,5964.58
13454,6941947,5964.53
13454,6971508,5964.53
13454,7000841,5964.67
13454,7030145,5964.67
13454,7059709,5964.66
13454,7089307,5964.66
13454,7118587,5964.66
13454,7147651,5964.6
13454,7177236,5964.6
13454,7206885,5964.61
13454,7236235,5964.61
13454,7265820,5964.57
13454,7294850,5964.57
13454,7324308,5964.54
13454,7353357,5964.54
13454,7382796,5964.54
13454,7412430,5964.67
13454,7442161,5964.67
13454,7471593,5964.6
13454,7500941,5964.6
13454,7530503,5964.62
13454,7559958,5964.62
13454,7589359,5964.56
13454,7619076,5964.56
13454,7648675,5964.56
13454,7678346,5964.59
13454,7707771,5964.59
13454,7737250,5964.55
13454,7766645,5964.55
13454,7796118,5964.59
13454,7825673,5964.59
13454,7854875,5964.62
13454,7884502,5964.62
13454,7914243,5964.62
13454,7944004,5964.57
13454,7973794,5964.57
13454,8003474,5964.6
13454,8033001,5964.6
13454,8062938,5964.64
13454,8092662,5964.64
13455,63079,5964.58
13455,85352,5964.58
13455,107996,5964.66
13455,130171,5964.66
13455,152178,5964.66
13455,174679,5964.55
13455,196657,5964.55
13455,218991,5964.6
13455,241443,5964.6
13455,263785,5964.59
13455,286175,5964.59
13455,308376,5964.58
13455,330615,5964.58
13455,352930,5964.58
13455,375519,5964.61
13455,397820,5964.61
13455,420086,5964.7
13455,442613,5964.7
13455,464967,5964.58
13455,487396,5964.58
13455,509519,5964.66
13455,531953,5964.66
13455,553834,5964.66
13455,575983,5964.54
13455,598389,5964.54
13455,620771,5964.65
13455,640228,5964.65
13455,640352,5964.6
13455,640504,5964.6
13455,640753,5965.54
13455,640831,5965.54
13455,641180,5965.54
13455,835873,5964.64
13455,858526,5964.61
13455,880550,5964.61
13455,902955,5964.58
13455,924594,5964.58
13455,946576,5964.5
13455,969110,5964.5
13455,991636,5964.63
13455,1013797,5964.63
13455,1036221,5964.63
13455,1058369,5964.6
13455,1080592,5964.6
13455,1102970,5964.59
13455,1124884,5964.59
13455,1147489,5964.56
13455,1169665,5964.56
13455,1191602,5964.66
13455,1213215,5964.66
13455,1235551,5964.66
13455,1258286,5964.51
13455,1280565,5964.51
13455,1302702,5964.61
13455,1325352,5964.61
13455,1348011,5964.65
13455,1370417,5964.65
13455,1393175,5964.62
13455,1415842,5964.62
13455,1438255,5964.62
13455,1460371,5964.57
13455,1483019,5964.57
13455,1505356,5964.62
13455,1528052,5964.62
13455,1550869,5964.67
13455,1573519,5964.67
13455,1595945,5964.67
13455,1618442,5964.63
13455,1641135,5964.63
13455,1663680,5964.6
13455,1686366,5964.6
13455,1708999,5964.59
13455,1731746,5964.59
13455,1754401,5964.65
13455,1754596,5964.65
13455,1754745,5964.65
13455,1754901,5965.54
13455,1755083,5965.54
13455,1755241,5965.54
13455,1755412,5965.54
13455,1755563,5965.54
13455,1755736,5965.54
13455,1755896,5965.54
13455,1756045,5965.54
13455,1756220,5965.54
13455,1756379,5965.54
13455,1756541,5965.54
13455,1756720,5965.54
13455,1766006,5965.54
13455,1785716,5965.54
13455,1806608,5965.54
13455,1827835,5964.31
13455,1849536,5964.31
13455,1871370,5964.31
13455,1893388,5964.69
13455,1915410,5964.69
13455,1933185,5964.62
13455,1933393,5964.62
13455,1933569,5965.54
13455,1933708,5965.54
13455,1933878,5965.54
13455,1934046,5965.54
13455,1934208,5965.54
13455,1934389,5965.54
13455,1952135,5965.54
13455,1973102,5965.54
13455,1994853,5965.54
13455,2016979,5965.1
13455,2039120,5965.1
13455,2061145,5964.58
13455,2083279,5964.58
13455,2105344,5964.58
13455,2127686,5964.65
13455,2150155,5964.65
13455,2172397,5964.55
13455,2195181,5964.55
13455,2217764,5964.67
13455,2240262,5964.67
13455,2262761,5964.55
13455,2285134,5964.55
13455,2307437,5964.55
13455,2329686,5964.58
13455,2342183,5964.58
13455,2342323,5964.54
13455,2342469,5964.54
13455,2342695,5965.54
13455,2347436,5965.54
13455,2368172,5965.54
13455,2389666,5965.54
13455,2412062,5965.54
13455,2434228,5964.38
13455,2456636,5964.38
13455,2478788,5964.62
13455,2501061,5964.62
13455,2523587,5964.64
13455,2545859,5964.64
13455,2567838,5964.52
13455,2590013,5964.52
13455,2612126,5964.52
13455,2634784,5964.55
13455,2657230,5964.55
13455,2679919,5964.59
13455,2702501,5964.59
13455,2724792,5964.61
13455,2747167,5964.61
13455,2769724,5964.55
13455,2792023,5964.55
13455,2814630,5964.55
13455,2836792,5964.61
13455,2859056,5964.61
13455,2881353,5964.6
13455,2903988,5964.6
13455,2926532,5964.59
13455,2949143,5964.59
13455,2971330,5964.63
13455,2993652,5964.63
13455,3016229,5964.63
13455,3038886,5964.59
13455,3061311,5964.59
13455,3083682,5964.59
13455,3106113,5964.59
13455,3128056,5964.48
13455,3150004,5964.48
13455,3171887,5964.64
13455,3193772,5964.64
13455,3215779,5964.64
13455,3237461,5964.47
13455,3259387,5964.47
13455,3280940,5964.59
13455,3302837,5964.59
13455,3324484,5964.62
13455,3346243,5964.62
13455,3367884,5964.69
13455,3389634,5964.69
13455,3411218,5964.69
13455,3433143,5964.61
13455,3436507,5964.61
13455,3436699,5964.61
13455,3436834,5964.61
13455,3437005,5965.54
13455,3437163,5965.54
13455,3437321,5965.54
13455,3450360,5965.54
13455,3471093,5965.54
13455,3476907,5964.8
13455,3477055,5964.8
13455,3477230,5965.54
13455,3480982,5965.54
13455,3501232,5965.54
13455,3522947,5965.54
13455,3544358,5964.64
13455,3566114,5964.64
13455,3588277,5964.64
13455,3610390,5964.9
13455,3632663,5964.9
13455,3654804,5964.66
13455,3677012,5964.66
13455,3699360,5964.52
13455,3721748,5964.52
13455,3744019,5964.61
13455,3766355,5964.61
13455,3788852,5964.61
13455,3811103,5964.66
13455,3833513,5964.66
13455,3855665,5964.58
13455,3877937,5964.58
13455,3900188,5964.63
13455,3922351,5964.63
13455,3944779,5964.56
13455,3967398,5964.56
13455,3989538,5964.56
13455,4011561,5964.59
13455,4033446,5964.59
13455,4055990,5964.55
13455,4078127,5964.55
13455,4100510,5964.56
13455,4123025,5964.56
13455,4145839,5964.6
13455,4168878,5964.6
13455,4191803,5964.6
13455,4215063,5964.66
13455,4238131,5964.66
13455,4261155,5964.68
13455,4284064,5964.68
13455,4307473,5964.58
13455,4330772,5964.58
13455,4353623,5964.58
13455,4376605,5964.61
13455,4399124,5964.61
13455,4421670,5964.56
13455,4443947,5964.56
13455,4466378,5964.63
13455,4488868,5964.63
13455,4511526,5964.4
13455,4534200,5964.4
13455,4556821,5964.4
13455,4579112,5964.71
13455,4602010,5964.71
13455,4624537,5964.6
13455,4646950,5964.6
13455,4669621,5964.52
13455,4692113,5964.52
13455,4715047,5964.71
13455,4737607,5964.71
13455,4760240,5964.71
13455,4783241,5964.69
13455,4805653,5964.69
13455,4828444,5964.56
13455,4850857,5964.56
13455,4852182,5964.67
13455,4852347,5964.67
13455,4852500,5965.54
13455,4867533,5965.54
13455,4888913,5965.54
13455,4910722,5964.66
13455,4933100,5964.66
13455,4955148,5964.48
13455,4977549,5964.48
13455,4999682,5964.66
13455,5021964,5964.66
13455,5044594,5964.52
13455,5067258,5964.52
13455,5089738,5964.52
13455,5112335,5964.57
13455,5134671,5964.57
13455,5157107,5964.69
13455,5179540,5964.69
13455,5201669,5964.6
13455,5202253,5964.6
13455,5202415,5965.54
13455,5202577,5965.54
13455,5202824,5965.54
13455,5202948,5965.54
13455,5203116,5965.54
13455,5203217,5965.54
13455,5203386,5965.54
13455,5203552,5965.54
13455,5203688,5965.54
13455,5203932,5965.54
13455,5204071,5965.54
13455,5204232,5965.54
13455,5204386,5965.54
13455,5204549,5965.54
13455,5204710,5965.54
13455,5204859,5965.54
13455,5205039,5965.54
13455,5209786,5965.54
13455,5228879,5965.54
13455,5249591,5965.54
13455,5270856,5965.54
13455,5292622,5964.72
13455,5314377,5964.72
13455,5336263,5965.03
13455,5358289,5965.03
13455,5380414,5964.61
13455,5402836,5964.61
13455,5425242,5964.61
13455,5447990,5964.58
13455,5470276,5964.58
13455,5492939,5964.56
13455,5515479,5964.56
13455,5538000,5964.61
13455,5560885,5964.61
13455,5583296,5964.57
13455,5606227,5964.57
13455,5628974,5964.57
13455,5651403,5964.64
13455,5652512,5964.64
13468,55528,5964.73
13468,75474,5964.77
13468,95965,5964.77
13468,116485,5964.77
13468,136948,5964.72
13468,158060,5964.72
13468,179442,5964.71
13468,200551,5964.71
13468,221927,5964.75
13468,242937,5964.75
13468,264178,5964.69
13468,285286,5964.69
13468,306399,5964.69
13468,327330,5964.75
13468,347746,5964.75
13468,368260,5964.75
13468,389107,5964.75
13468,409696,5964.64
13468,429915,5964.64
13468,450553,5964.77
13468,471282,5964.77
13468,491878,5964.77
13468,512607,5964.69
13468,533228,5964.69
13468,553768,5964.68
13468,574696,5964.68
13468,595468,5964.7
13468,616289,5964.7
13468,626938,5964.7
13468,627173,5964.88
13468,646168,5964.88
13468,667045,5965.54
13468,687724,5965.54
13468,7028537,5964.92
13468,7049645,5964.92
13468,7071092,5964.92
13468,7092435,5964.69
13468,7114119,5964.69
13468,7135699,5964.64
13468,7157347,5964.64
13468,7178502,5964.71
13468,7199927,5964.71
13468,7221211,5964.73
13468,7242433,5964.73
13468,7263986,5964.73
13468,7285398,5964.77
13468,7306675,5964.77
13468,7327951,5964.77
13468,7349330,5964.77
13468,7370440,5964.73
13468,7391751,5964.73
13468,7413176,5964.73
13468,7434422,5964.75
13468,7455701,5964.75
13468,7477315,5964.77
13468,7498693,5964.77
13468,7520071,5964.79
13468,7541348,5964.79
13468,7562726,5964.78
13468,7584340,5964.78
13468,7605634,5964.78
13468,7627011,5964.69
13468,7648458,5964.69
13468,7669841,5964.75
13468,7690864,5964.75
13468,708474,5963.35
13468,729252,5963.35
13468,750114,5964.82
13468,771029,5964.82
13468,791759,5964.82
13468,812834,5964.7
13468,833063,5964.7
13468,854156,5964.8
13468,874926,5964.8
13468,895868,5964.73
13468,916771,5964.73
13468,937765,5964.61
13468,958792,5964.61
13468,979537,5964.61
13468,1000353,5964.68
13468,1020974,5964.68
13468,1041969,5964.82
13468,1062973,5964.82
13468,1083694,5964.62
13468,1104434,5964.62
13468,1125273,5964.67
13468,1146163,5964.67
13468,1166867,5964.67
13468,1187645,5964.59
13468,1208344,5964.59
13468,1229339,5964.69
13468,1250113,5964.69
13468,1271067,5964.73
13468,1292052,5964.73
13468,1313170,5964.66
13468,1333939,5964.66
13468,1354880,5964.66
13468,1375851,5964.65
13468,1396882,5964.65
13468,7712056,5964.84
13468,7733781,5964.84
13468,7755064,5964.73
13468,7776313,5964.73
13468,7797566,5964.73
13468,7818961,5964.79
13468,7840275,5964.79
13468,7861686,5964.76
13468,7883199,5964.76
13468,7904587,5964.76
13468,7906281,5964.76
13468,7912054,5964.76
13468,7932522,5965.54
13468,7953361,5965.54
13468,7974775,5964.84
13468,7996264,5964.84
13468,8017410,5964.92
13468,8038385,5964.92
13468,8059664,5964.79
13468,8080872,5964.79
13468,8102252,5964.79
13468,8123765,5964.64
13468,8145254,5964.64
13468,8166414,5964.78
13468,8178861,5964.78
13468,8179097,5964.7
13468,8191856,5964.7
13468,8212393,5965.54
13468,8233368,5965.54
13468,8254587,5965.54
13468,8275737,5964.28
13468,8296862,5964.28
13468,8318359,5964.85
13468,8339506,5964.85
13468,8360337,5964.73
13468,8381173,5964.73
13468,8402475,5964.73
13468,8423466,5964.73
13468,8444575,5964.73
13468,8465367,5964.75
13468,8486271,5964.75
13468,8507338,5964.73
13468,8528233,5964.73
13468,8549143,5964.64
13468,8570387,5964.64
13468,8591261,5964.64
13468,8612653,5964.66
13468,8633933,5964.66
13468,8655177,5964.69
13468,8676116,5964.69
13468,8697426,5964.69
13468,8719074,5964.69
13468,8740756,5964.73
13468,8761999,5964.73
13468,8783513,5964.73
13468,8804892,5964.76
13468,8826649,5964.76
13468,8848405,5964.7
13468,8869649,5964.7
13468,8890934,5964.64
13468,8912171,5964.64
13468,8933550,5964.69
13468,8954393,5964.69
13468,8976047,5964.69
13468,8997394,5964.71
13468,9019146,5964.71
13468,9040525,5964.63
13468,9062170,5964.63
13468,9083684,5964.7
13468,9104797,5964.7
13468,9126342,5964.71
13468,9147659,5964.71
13468,9168846,5964.71
13468,9190308,5964.72
13468,9211417,5964.72
13468,9232829,5964.77
13468,9254309,5964.77
13468,9276156,5964.7
13468,9297475,5964.7
13468,9318827,5964.7
13468,9340209,5964.71
13468,9361419,5964.71
13468,9383033,5964.73
13468,9404077,5964.73
13468,9425299,5964.76
13468,9446680,5964.76
13468,9467855,5964.71
13468,9489201,5964.71
13468,9510543,5964.71
13468,9531688,5964.7
13468,9553437,5964.7
13468,9574950,5964.72
13468,9596565,5964.72
13468,9617707,5964.74
13468,9638799,5964.74
13468,9660076,5964.74
13468,9681566,5964.74
13468,9702951,5964.74
13468,9724327,5964.76
13468,9745505,5964.76
13468,9766928,5964.71
13468,9787684,5964.71
13468,9808933,5964.74
13468,9830081,5964.74
13468,9851401,5964.73
13468,9872415,5964.73
13468,9893671,5964.73
13468,9914795,5964.72
13468,9935786,5964.72
13468,9956898,5964.8
13468,9978007,5964.8
13468,9999386,5964.73
13468,10005648,5964.73
13468,1418026,5964.7
13468,1439106,5964.7
13468,1459740,5964.71
13468,1480574,5964.71
13468,1501485,5964.69
13468,1522450,5964.69
13468,1543575,5964.69
13468,1564455,5964.74
13468,1585278,5964.74
13468,1605911,5964.81
13468,1626647,5964.81
13468,1647775,5964.73
13468,1668737,5964.73
13468,1689760,5964.68
13468,1710636,5964.68
13468,1731733,5964.68
13468,1752731,5964.8
13468,1773741,5964.8
13468,1794480,5964.69
13468,1815575,5964.69
13468,1836523,5964.67
13468,1857355,5964.67
13468,1878428,5964.68
13468,1899421,5964.68
13468,1920287,5964.68
13468,1941417,5964.69
13468,1962460,5964.69
13468,1983554,5964.64
13468,2004377,5964.64
13468,2025384,5964.65
13468,2046257,5964.65
13468,2067368,5964.65
13468,2088745,5964.69
13468,2110124,5964.69
13468,2131735,5964.67
13468,2135401,5964.67
13468,2142343,5964.7
13468,2163073,5964.7
13468,2184023,5964.84
13468,2205429,5964.84
13468,2226544,5964.84
13468,2248208,5964.9
13468,2269306,5964.9
13468,2290695,5964.64
13468,2306753,5964.64
13468,2307009,5964.8
13468,2307310,5964.8
13468,2307600,5965.54
13468,2307891,5965.54
13468,2308245,5965.54
13468,2308511,5965.54
13468,2308759,5965.54
13468,2309046,5965.54
13468,2309392,5965.54
13468,2309621,5965.54
13468,2309972,5965.54
13468,2310257,5965.54
13468,2310494,5965.54
13468,2310779,5965.54
13468,2311062,5965.54
13468,2311663,5965.54
13468,2327653,5965.54
13468,2346618,5965.54
13468,2366596,5964.72
13468,2386872,5964.72
13468,2407552,5964.79
13468,2428272,5964.79
13468,2448997,5964.79
13468,2469248,5964.73
13468,2489485,5964.73
13468,2510056,5964.62
13468,2530307,5964.62
13468,2550761,5964.79
13468,2569859,5964.79
13468,2570078,5964.55
13468,2576910,5964.55
13468,2596868,5964.55
13468,2617245,5965.54
13468,2636031,5965.54
13468,2636382,5963.92
13468,2637182,5963.92
13468,2655682,5965.54
13468,2675701,5965.54
13468,2695857,5964.69
13468,2716141,5964.69
13468,2736661,5964.69
13468,2757237,5964.74
13468,2778004,5964.74
13468,2798705,5964.71
13468,2819569,5964.71
13468,2840304,5964.74
13468,2861064,5964.74
13468,2881790,5964.63
13468,2902537,5964.63
13468,2923124,5964.63
13468,2944126,5964.72
13468,2965241,5964.72
13468,2986164,5964.61
13468,3006986,5964.61
13468,3026276,5964.76
13468,3026553,5964.76
13468,3026786,5964.76
13468,3027072,5965.54
13468,3027409,5965.54
13468,3027702,5965.54
13468,3027979,5965.54
13468,3028228,5965.54
13468,3028570,5965.54
13468,3028806,5965.54
13468,3029156,5965.54
13468,3029438,5965.54
13468,3029726,5965.54
13468,3030011,5965.54
13468,3030302,5965.54
13468,3036882,5965.54
13468,3054703,5965.54
13468,3074011,5965.54
13468,3094207,5964.57
13468,3114258,5964.57
13468,3134637,5964.57
13468,3155004,5964.68
13468,3175503,5964.68
13468,3195968,5964.79
13468,3216556,5964.79
13468,3237166,5964.71
13468,3258277,5964.71
13468,3278936,5964.82
13468,3299678,5964.82
13468,3320709,5964.82
13468,3341530,5964.71
13468,3362236,5964.71
13468,3383107,5964.74
13468,3404331,5964.74
13468,3425447,5964.71
13468,3446336,5964.71
13468,3467048,5964.67
13468,3487945,5964.67
13468,3509025,5964.67
13468,3530180,5964.76
13468,3551030,5964.76
13468,3571749,5964.59
13468,3592900,5964.59
13468,3613761,5964.75
13468,3635240,5964.75
13468,3657123,5964.85
13468,3678375,5964.85
13468,3699894,5964.85
13468,3721140,5964.76
13468,3742599,5964.76
13468,3764284,5964.75
13468,3785697,5964.75
13468,3807243,5964.75
13468,3828519,5964.75
13468,3849798,5964.75
13468,3871412,5964.69
13468,3879832,5964.69
13468,3880186,5964.75
13468,3892016,5964.75
13468,3912890,5965.54
13468,3933621,5965.54
13468,3954485,5964.54
13468,3974921,5964.54
13468,3995643,5964.54
13468,4015934,5964.73
13468,4036413,5964.73
13468,4057135,5964.8
13468,4077582,5964.8
13468,4098105,5964.79
13468,4118698,5964.79
13468,4139151,5964.78
13468,4159902,5964.78
13468,4180668,5964.78
13468,4201733,5964.73
13468,4222623,5964.73
13468,4243631,5964.76
13468,4265076,5964.76
13468,4286523,5964.78
13468,4307883,5964.78
13468,4329403,5964.73
13468,4351035,5964.73
13468,4372289,5964.73
13468,4393431,5964.64
13468,4415177,5964.64
13468,4436659,5964.68
13468,4454835,5964.68
13468,4455118,5964.78
13468,4465463,5964.78
13468,4486099,5965.54
13468,4506834,5965.54
13468,4528085,5965.54
13468,4548970,5964.42
13468,4570459,5964.42
13468,4591716,5964.86
13468,4612839,5964.86
13468,4633946,5964.7
13468,4655274,5964.7
13468,4676457,5964.67
13468,4697711,5964.67
13468,4719029,5964.67
13468,4740450,5964.67
13468,4744187,5964.67
13468,4747160,5964.76
13468,4766668,5964.76
13468,4787045,5964.83
13468,4807433,5964.83
13468,4827916,5963.87
13468,4848439,5963.87
13468,4869159,5963.87
13468,4889722,5964.72
13468,4911128,5964.72
13468,4932110,5964.73
13468,4952826,5964.73
13468,4973656,5964.72
13468,4994816,5964.72
13468,5015810,5964.73
13468,5036801,5964.73
13468,5058146,5964.73
13468,5079291,5964.7
13468,5100549,5964.7
13468,5121418,5964.74
13468,5142548,5964.74
13468,5163584,5964.72
13468,5185017,5964.72
13468,5204076,5964.74
13468,5204328,5964.74
13468,5219327,5964.74
13468,5240566,5965.54
13468,5241092,5965.54
13468,5246279,5964.4
13468,5266570,5964.4
13468,5287782,5964.78
13468,5308859,5964.78
13468,5330340,5964.55
13468,5351684,5964.55
13468,5373131,5964.55
13468,5394711,5964.73
13468,5416056,5964.73
13468,5437366,5964.69
13468,5458741,5964.69
13468,5480090,5964.67
13468,5501334,5964.67
13468,5522590,5964.71
13468,5543987,5964.71
13468,5565200,5964.71
13468,5586212,5964.74
13468,5607434,5964.74
13468,5628762,5964.71
13468,5650083,5964.71
13468,5671233,5964.77
13468,5692511,5964.77
13468,5710488,5964.77
13468,5710830,5964.77
13468,5717171,5964.77
13468,5737674,5965.54
13468,5758900,5965.54
13468,5779757,5964.5
13468,5800765,5964.5
13468,5821754,5964.7
13468,5842748,5964.7
13468,5863891,5964.7
13468,5885386,5964.69
13468,5906506,5964.69
13468,5927756,5964.68
13468,5948767,5964.68
13468,5970092,5964.69
13468,5991099,5964.69
13468,6012351,5964.71
13468,6033457,5964.71
13468,6054134,5964.71
13468,6074775,5964.67
13468,6095551,5964.67
13468,6116180,5964.69
13468,6136903,5964.69
13468,6157502,5964.75
13468,6178219,5964.75
13468,6198706,5964.66
13468,6219435,5964.66
13468,6240066,5964.66
13468,6261053,5964.72
13468,6282143,5964.72
13468,6303199,5964.66
13468,6324686,5964.66
13468,6346300,5964.65
13468,6367675,5964.65
13468,6388921,5964.7
13468,6410172,5964.7
13468,6431557,5964.7
13468,6453175,5964.71
13468,6474317,5964.71
13468,6495560,5964.74
13468,6516805,5964.74
13468,6538414,5964.64
13468,6559761,5964.64
13468,6581377,5964.72
13468,6603189,5964.72
13468,6624503,5964.72
13468,6645578,5964.75
13468,6667059,5964.75
13468,6688301,5964.72
13468,6709949,5964.72
13468,6731191,5964.76
13468,6752842,5964.76
13468,6774522,5964.76
13468,6795865,5964.63
13468,6816939,5964.63
13468,6838321,5964.67
13468,6859767,5964.67
13468,6869491,5964.79
13468,6869784,5964.79
13468,6879391,5965.54
13468,6899627,5965.54
13468,6920532,5965.54
13468,6928215,5964.16
13468,6928570,5964.16
13468,6945239,5965.54
13468,6965850,5965.54
13468,6986555,5964.59
13468,7007563,5964.59
13470,54495,5964.43
13470,75745,5964.9
13470,97254,5964.9
13470,118366,5964.9
13470,139545,5964.74
13470,160790,5964.74
13470,182068,5964.75
13470,203344,5964.75
13470,224623,5964.65
13470,245966,5964.65
13470,267108,5964.8
13470,288217,5964.8
13470,309968,5964.8
13470,331615,5964.84
13470,352858,5964.84
13470,374437,5964.82
13470,395613,5964.82
13470,417162,5964.85
13470,438618,5964.85
13470,460135,5964.7
13470,481280,5964.7
13470,502490,5964.7
13470,524067,5964.79
13470,545144,5964.79
13470,566350,5964.83
13470,587592,5964.83
13470,608970,5964.76
13470,630477,5964.76
13470,651989,5964.76
13470,673512,5964.76
13470,694859,5964.76
13470,6991841,5964.64
13470,7012815,5964.76
13470,7033958,5964.76
13470,7054667,5964.76
13470,7075890,5964.67
13470,7097033,5964.67
13470,7118275,5964.64
13470,7139557,5964.64
13470,7160812,5964.63
13470,7181929,5964.63
13470,7202908,5964.39
13470,7223788,5964.39
13470,7245279,5964.39
13470,7266398,5964.7
13470,7287376,5964.7
13470,7308729,5964.78
13470,7329804,5964.78
13470,7351082,5964.62
13470,7371888,5964.62
13470,7392727,5964.62
13470,7413616,5964.79
13470,7434842,5964.79
13470,7455920,5964.69
13470,7476831,5964.69
13470,7497851,5964.67
13470,7518960,5964.67
13470,7540179,5964.71
13470,7561178,5964.71
13470,7582563,5964.71
13470,7603429,5964.62
13470,7624409,5964.62
13470,7628949,5964.69
13470,7629247,5964.69
13470,7634885,5965.54
13470,7655112,5965.54
13470,7675712,5965.03
13470,716504,5964.83
13470,737560,5964.83
13470,758357,5964.78
13470,779364,5964.78
13470,800373,5964.67
13470,821331,5964.67
13470,842372,5964.67
13470,863633,5964.78
13470,884721,5964.78
13470,905698,5964.73
13470,926705,5964.73
13470,947799,5964.77
13470,969048,5964.77
13470,990085,5964.77
13470,1011278,5964.65
13470,1032656,5964.65
13470,1053936,5964.75
13470,1075165,5964.75
13470,1096422,5964.77
13470,1117536,5964.77
13470,1138790,5964.75
13470,1159768,5964.75
13470,1180655,5964.75
13470,1201865,5964.69
13470,1223241,5964.69
13470,1244451,5964.72
13470,1265638,5964.72
13470,1286858,5964.76
13470,1308184,5964.76
13470,1329499,5964.69
13470,1331358,5964.69
13470,1331586,5964.69
13470,1331863,5965.54
13470,1332135,5965.54
13470,1332503,5965.54
13470,1332795,5965.54
13470,1333090,5965.54
13470,1333368,5965.54
13470,1333604,5965.54
13470,1336441,5965.54
13470,1353714,5965.54
13470,1373043,5965.54
13470,1393344,5965.54
13470,7696849,5965.03
13470,7718098,5964.97
13470,7739612,5964.97
13470,7760350,5964.97
13470,7781827,5964.66
13470,7803168,5964.66
13470,7824210,5964.68
13470,7845179,5964.68
13470,7866296,5964.71
13470,7887812,5964.71
13470,7909319,5964.71
13470,7930835,5964.71
13470,7952216,5964.71
13470,7973191,5964.72
13470,7994199,5964.72
13470,8015577,5964.75
13470,8036753,5964.75
13470,8058069,5964.68
13470,8078924,5964.68
13470,8081716,5964.68
13470,8081925,5964.65
13470,8099334,5964.65
13470,8104078,5965.54
13470,8106051,5965.54
13470,8124497,5965.54
13470,8143665,5965.54
13470,8163521,5964.33
13470,8183227,5964.33
13470,8203953,5964.33
13470,8224561,5964.89
13470,8245806,5964.89
13470,8267281,5964.71
13470,8288959,5964.71
13470,8310436,5964.7
13470,8332078,5964.7
13470,8353717,5964.73
13470,8374822,5964.73
13470,8396002,5964.73
13470,8417216,5964.7
13470,8438591,5964.7
13470,8459972,5964.74
13470,8481553,5964.74
13470,8502823,5964.72
13470,8524070,5964.72
13470,8545854,5964.71
13470,8567338,5964.71
13470,8588412,5964.71
13470,8609719,5964.68
13470,8630951,5964.68
13470,8652223,5964.75
13470,8673601,5964.75
13470,8694949,5964.71
13470,8716288,5964.71
13470,8737802,5964.74
13470,8759045,5964.74
13470,8780195,5964.74
13470,8801565,5964.73
13470,8822877,5964.73
13470,8844463,5964.69
13470,8855850,5964.69
13470,8856062,5964.68
13470,8856362,5964.68
13470,8856657,5965.54
13470,8856937,5965.54
13470,8874530,5965.54
13470,8894893,5965.54
13470,8915397,5965.54
13470,8936239,5964.79
13470,8957485,5964.79
13470,8978691,5964.72
13470,9000005,5964.72
13470,9021081,5964.77
13470,9042091,5964.77
13470,9063130,5964.77
13470,9084467,5964.65
13470,9105814,5964.65
13470,9127059,5964.69
13470,9148568,5964.69
13470,9169743,5964.77
13470,9191191,5964.77
13470,9212331,5964.77
13470,9233570,5964.66
13470,9254948,5964.66
13470,9276596,5964.72
13470,9298106,5964.72
13470,9319409,5964.66
13470,9341088,5964.66
13470,9362469,5964.65
13470,9383574,5964.65
13470,9404814,5964.65
13470,9425958,5964.61
13470,9447201,5964.61
13470,9468781,5964.68
13470,9476884,5964.68
13470,9477220,5964.71
13470,9477220,5964.71
13470,1413982,5964.19
13470,1434754,5964.19
13470,1455205,5964.19
13470,1476013,5964.77
13470,1496330,5964.77
13470,1517419,5964.77
13470,1538274,5964.77
13470,1559018,5964.79
13470,1579639,5964.79
13470,1600391,5964.71
13470,1621247,5964.71
13470,1642239,5964.71
13470,1663485,5964.78
13470,1684708,5964.78
13470,1705586,5964.67
13470,1726942,5964.67
13470,1748323,5964.79
13470,1769571,5964.79
13470,1790819,5964.72
13470,1812067,5964.72
13470,1833450,5964.72
13470,1854694,5964.73
13470,1875939,5964.73
13470,1897082,5964.79
13470,1918190,5964.79
13470,1939906,5964.69
13470,1961088,5964.69
13470,1982103,5964.84
13470,2003182,5964.84
13470,2024055,5964.84
13470,2045306,5964.73
13470,2066425,5964.73
13470,2087610,5964.7
13470,2108592,5964.7
13470,2129876,5964.7
13470,2151126,5964.7
13470,2172138,5964.72
13470,2193781,5964.72
13470,2215454,5964.72
13470,2235745,5964.71
13470,2236090,5964.71
13470,2236378,5964.76
13470,2236611,5964.76
13470,2246299,5965.54
13470,2266624,5965.54
13470,2287423,5964.78
13470,2308620,5964.78
13470,2330254,5964.78
13470,2351888,5965
13470,2373626,5965
13470,2394934,5964.81
13470,2416437,5964.81
13470,2438380,5964.73
13470,2459919,5964.73
13470,2481691,5964.73
13470,2503173,5964.71
13470,2524593,5964.71
13470,2545936,5964.7
13470,2567716,5964.7
13470,2589199,5964.67
13470,2610476,5964.67
13470,2631958,5964.72
13470,2653206,5964.72
13470,2674293,5964.72
13470,2695176,5964.79
13470,2716192,5964.79
13470,2737114,5964.61
13470,2757975,5964.61
13470,2778795,5964.78
13470,2799870,5964.78
13470,2820945,5964.71
13470,2841751,5964.71
13470,2863130,5964.71
13470,2883868,5964.74
13470,2904843,5964.74
13470,2926356,5964.7
13470,2947636,5964.7
13470,2968978,5964.67
13470,2990356,5964.67
13470,3011464,5964.7
13470,3032977,5964.7
13470,3054490,5964.7
13470,3075499,5964.65
13470,3096607,5964.65
13470,3117990,5964.78
13470,3139297,5964.78
13470,3160507,5964.67
13470,3181620,5964.67
13470,3202709,5964.82
13470,3223818,5964.82
13470,3244893,5964.82
13470,3266065,5964.66
13470,3287576,5964.66
13470,3309158,5964.76
13470,3330570,5964.76
13470,3342321,5964.68
13470,3342645,5964.68
13470,3342993,5965.54
13470,3343186,5965.54
13470,3343573,5965.54
13470,3343852,5965.54
13470,3344141,5965.54
13470,3344379,5965.54
13470,3344670,5965.54
13470,3344946,5965.54
13470,3345238,5965.54
13470,3345593,5965.54
13470,3345871,5965.54
13470,3346160,5965.54
13470,3346454,5965.54
13470,3346677,5965.54
13470,3347018,5965.54
13470,3347322,5965.54
13470,3347544,5965.54
13470,3347891,5965.54
13470,3348188,5965.54
13470,3348399,5965.54
13470,3348748,5965.54
13470,3349058,5965.54
13470,3349352,5965.54
13470,3349630,5965.54
13470,3349919,5965.54
13470,3350143,5965.54
13470,3350435,5965.54
13470,3350729,5965.54
13470,3351072,5965.54
13470,3351359,5965.54
13470,3351653,5965.54
13470,3351884,5965.54
13470,3352174,5965.54
13470,3352532,5965.54
13470,3352814,5965.54
13470,3356420,5965.54
13470,3373692,5965.54
13470,3392593,5965.54
13470,3412108,5965.54
13470,3432460,5964.58
13470,3452827,5964.58
13470,3473383,5964.77
13470,3494275,5964.77
13470,3515274,5964.77
13470,3536068,5964.71
13470,3557370,5964.71
13470,3578643,5964.76
13470,3595337,5964.76
13470,3595618,5964.74
13470,3595900,5964.74
13470,3596184,5965.54
13470,3596483,5965.54
13470,3596765,5965.54
13470,3597114,5965.54
13470,3597410,5965.54
13470,3597638,5965.54
13470,3597924,5965.54
13470,3598212,5965.54
13470,3611352,5965.54
13470,3629972,5964.52
13470,3649216,5964.52
13470,3668759,5964.52
13470,3688327,5964.55
13470,3708549,5964.55
13470,3729292,5964.7
13470,3749629,5964.7
13470,3770637,5964.77
13470,3791380,5964.77
13470,3812452,5964.7
13470,3833385,5964.7
13470,3854391,5964.7
13470,3875402,5964.72
13470,3896208,5964.72
13470,3917343,5964.75
13470,3938487,5964.75
13470,3959594,5964.72
13470,3981306,5964.72
13470,4002448,5964.67
13470,4023697,5964.67
13470,4044807,5964.67
13470,4066191,5964.85
13470,4087370,5964.85
13470,4108419,5964.67
13470,4129703,5964.67
13470,4150912,5964.7
13470,4171921,5964.7
13470,4193431,5964.7
13470,4199731,5964.78
13470,4203195,5964.78
13470,4204123,5965.54
13470,4208835,5965.54
13470,4228664,5965.54
13470,4249236,5965.54
13470,4269875,5964.69
13470,4290982,5964.69
13470,4311855,5964.69
13470,4329396,5964.98
13470,4329737,5964.98
13470,4335952,5964.71
13470,4356186,5964.71
13470,4376925,5964.9
13470,4397772,5964.9
13470,4418950,5964.81
13470,4440159,5964.81
13470,4458471,5964.81
13470,4458780,5964.83
13470,4459060,5964.83
13470,4477318,5965.54
13470,4497793,5965.54
13470,4518536,5964.51
13470,4539712,5964.51
13470,4560320,5964.7
13470,4581371,5964.7
13470,4602750,5964.7
13470,4623762,5964.77
13470,4645140,5964.77
13470,4666379,5964.81
13470,4687760,5964.81
13470,4709133,5964.71
13470,4730514,5964.71
13470,4751896,5964.71
13470,4773305,5964.71
13470,4794585,5964.71
13470,4815995,5964.78
13470,4837134,5964.78
13470,4858246,5964.71
13470,4880126,5964.71
13470,4901166,5964.72
13470,4922482,5964.72
13470,4943559,5964.84
13470,4964973,5964.84
13470,4986116,5964.84
13470,5007494,5964.7
13470,5028940,5964.7
13470,5050499,5964.7
13470,5071679,5964.7
13470,5090163,5964.75
13470,5090569,5964.75
13470,5098787,5965.54
13470,5119263,5965.54
13470,5127789,5965.54
13470,5128079,5964.84
13470,5144386,5964.84
13470,5164731,5965.54
13470,5185470,5965.54
13470,5206344,5964.28
13470,5227422,5964.28
13470,5248564,5964.77
13470,5269437,5964.77
13470,5290680,5964.77
13470,5311920,5964.71
13470,5333700,5964.71
13470,5354951,5964.57
13470,5376194,5964.57
13470,5397439,5964.71
13470,5418674,5964.71
13470,5440128,5964.68
13470,5461098,5964.68
13470,5464128,5964.68
13470,5464421,5964.65
13470,5464705,5964.65
13470,5464997,5965.54
13470,5465280,5965.54
13470,5465568,5965.54
13470,5465854,5965.54
13470,5466150,5965.54
13470,5466439,5965.54
13470,5466726,5965.54
13470,5466995,5965.54
13470,5478788,5965.54
13470,5497505,5965.54
13470,5517570,5965.54
13470,5538005,5964.46
13470,5558447,5964.46
13470,5579151,5964.46
13470,5599890,5964.97
13470,5620732,5964.97
13470,5641606,5964.8
13470,5662713,5964.8
13470,5684089,5964.75
13470,5705236,5964.75
13470,5726480,5964.66
13470,5747855,5964.66
13470,5769106,5964.66
13470,5790519,5964.76
13470,5811630,5964.76
13470,5832982,5964.68
13470,5854329,5964.68
13470,5875839,5964.74
13470,5896982,5964.74
13470,5918296,5964.67
13470,5939335,5964.67
13470,5960716,5964.67
13470,5982094,5964.71
13470,6003470,5964.71
13470,6024581,5964.76
13470,6045825,5964.76
13470,6067338,5964.66
13470,6088839,5964.66
13470,6110115,5964.71
13470,6131860,5964.71
13470,6152698,5964.71
13470,6152983,5964.69
13470,6158567,5964.69
13470,6179096,5965.54
13470,6200032,5965.54
13470,6221142,5964.49
13470,6221820,5964.49
13470,6231888,5965.54
13470,6252488,5965.54
13470,6273222,5965.54
13470,6294359,5964.7
13470,6315969,5964.7
13470,6337238,5964.8
13470,6358348,5964.8
13470,6373668,5964.63
13470,6373907,5964.63
13470,6384633,5965.54
13470,6405231,5965.54
13470,6426468,5965.54
13470,6447579,5964.59
13470,6468589,5964.59
13470,6489597,5964.95
13470,6511212,5964.95
13470,6532349,5964.79
13470,6553567,5964.79
13470,6574944,5964.72
13470,6596489,5964.72
13470,6617838,5964.72
13470,6639351,5964.77
13470,6660326,5964.77
13470,6681165,5964.71
13470,6702274,5964.71
13470,6723552,5964.72
13470,6741092,5964.72
13470,6741375,5964.68
13470,6741666,5964.68
13470,6741952,5964.68
13470,6742302,5965.54
13470,6742585,5965.54
13470,6745313,5965.54
13470,6763868,5965.54
13470,6783765,5964.94
13470,6804046,5964.94
13470,6824956,5964.25
13470,6846065,5964.25
13470,6866770,5964.25
13470,6887524,5964.69
13470,6907871,5964.69
13470,6928849,5964.75
13470,6949892,5964.75
13470,6971103,5964.64
13472,53855,5965.05
13472,75257,5965.05
13472,96234,5964.84
13472,117567,5964.84
13472,138974,5964.74
13472,160484,5964.74
13472,182134,5964.74
13472,203513,5964.68
13472,224887,5964.68
13472,246256,5964.75
13472,267391,5964.75
13472,288630,5964.74
13472,310007,5964.74
13472,331345,5964.66
13472,352762,5964.66
13472,374499,5964.66
13472,395506,5964.67
13472,416549,5964.67
13472,437985,5964.76
13472,459359,5964.76
13472,480434,5964.69
13472,501910,5964.69
13472,523357,5964.65
13472,544631,5964.65
13472,565872,5964.65
13472,587275,5964.73
13472,608784,5964.73
13472,630393,5964.75
13472,651405,5964.75
13472,672653,5964.7
13472,693733,5964.7
13472,6997390,5964.68
13472,7018992,5964.68
13472,7040499,5964.76
13472,7061767,5964.76
13472,7082910,5964.76
13472,7104496,5964.68
13472,7125884,5964.68
13472,7147127,5964.81
13472,7168134,5964.81
13472,7189241,5964.7
13472,7210624,5964.7
13472,7231767,5964.73
13472,7253410,5964.73
13472,7274619,5964.73
13472,7295763,5964.62
13472,7317243,5964.62
13472,7338654,5964.7
13472,7359992,5964.7
13472,7380971,5964.77
13472,7402481,5964.77
13472,7423621,5964.69
13472,7445006,5964.69
13472,7466356,5964.69
13472,7487599,5964.77
13472,7508606,5964.77
13472,7530250,5964.67
13472,7551499,5964.67
13472,7572878,5964.67
13472,7593852,5964.67
13472,7614860,5964.71
13472,7636143,5964.71
13472,7643873,5964.71
13472,7644173,5964.66
13472,7644386,5964.66
13472,7644680,5965.54
13472,7659580,5965.54
13472,7679543,5965.54
13472,714877,5964.7
13472,736118,5964.75
13472,757227,5964.75
13472,778464,5964.67
13472,783269,5964.67
13472,784759,5964.7
13472,804352,5964.7
13472,825084,5964.86
13472,845923,5964.86
13472,866696,5964.86
13472,887737,5964.45
13472,908811,5964.45
13472,930057,5964.74
13472,936486,5964.74
13472,936855,5964.65
13472,948434,5964.65
13472,968605,5965.54
13472,989209,5965.54
13472,1009881,5965.54
13472,1031124,5964.44
13472,1052243,5964.44
13472,1073250,5964.82
13472,1094361,5964.82
13472,1115274,5964.74
13472,1136451,5964.74
13472,1157459,5964.74
13472,1178466,5964.74
13472,1199692,5964.74
13472,1221200,5964.55
13472,1242341,5964.55
13472,1263456,5964.69
13472,1284432,5964.69
13472,1305306,5964.63
13472,1326414,5964.63
13472,1338838,5964.69
13472,1339232,5964.69
13472,1348997,5964.69
13472,1369272,5965.54
13472,1390021,5965.54
13472,7700422,5965.54
13472,7721528,5965.54
13472,7742902,5964.69
13472,7764020,5964.69
13472,7785532,5964.81
13472,7801690,5964.81
13472,7801953,5964.73
13472,7810180,5964.73
13472,7830447,5965.54
13472,7851215,5965.54
13472,7872422,5965.54
13472,7893803,5964.21
13472,7915082,5964.21
13472,7936393,5964.82
13472,7957798,5964.82
13472,7978912,5964.75
13472,8000235,5964.75
13472,8001008,5964.65
13472,8001353,5964.65
13472,8001584,5964.65
13472,8007916,5965.54
13472,8027775,5965.54
13472,8048449,5964.97
13472,8069106,5964.97
13472,8089732,5964.6
13472,8110551,5964.6
13472,8131206,5964.69
13472,8151944,5964.69
13472,8172794,5964.69
13472,8193808,5964.74
13472,8215027,5964.74
13472,8235909,5964.81
13472,8256749,5964.81
13472,8277890,5964.63
13472,8298764,5964.63
13472,8320007,5964.63
13472,8341620,5964.72
13472,8363261,5964.72
13472,8384905,5964.79
13472,8406207,5964.79
13472,8427913,5964.5
13472,8449388,5964.5
13472,8471095,5964.78
13472,8492403,5964.78
13472,8513903,5964.78
13472,8535343,5964.52
13472,8557355,5964.52
13472,8579064,5964.77
13472,8600536,5964.77
13472,8622138,5964.66
13472,8643813,5964.66
13472,8665323,5964.8
13472,8686965,5964.8
13472,8708507,5964.8
13472,8730485,5964.7
13472,8752253,5964.7
13472,8766393,5964.72
13472,8766698,5964.72
13472,8775028,5965.54
13472,8795695,5965.54
13472,8816702,5964.51
13472,8837818,5964.51
13472,8858926,5964.51
13472,8879934,5964.73
13472,8901044,5964.73
13472,8922181,5964.64
13472,8943423,5964.64
13472,8964628,5964.71
13472,8986299,5964.71
13472,9007707,5964.73
13472,9029223,5964.73
13472,9050705,5964.73
13472,9072080,5964.7
13472,9093255,5964.7
13472,9114501,5964.64
13472,9136078,5964.64
13472,9137214,5964.64
13472,9140625,5964.64
13472,9160747,5965.54
13472,9181586,5965.54
13472,9202727,5965.54
13472,9223839,5964.02
13472,9244983,5964.02
13472,9266327,5964.82
13472,9287699,5964.82
13472,9308877,5964.7
13472,9330288,5964.7
13472,9351571,5964.64
13472,9372944,5964.64
13472,9394190,5964.64
13472,9415499,5964.68
13472,9436707,5964.68
13472,9458287,5964.75
13472,9479360,5964.75
13472,9501143,5964.7
13472,9522828,5964.7
13472,9544475,5964.7
13472,9548707,5964.76
13472,9548999,5964.76
13472,9558983,5965.54
13472,9579324,5965.54
13472,9599829,5964.9
13472,9620335,5964.9
13472,9639098,5964.75
13472,9639317,5964.75
13472,9639606,5964.75
13472,9639897,5965.54
13472,9640186,5965.54
13472,9640467,5965.54
13472,9640798,5965.54
13472,9641103,5965.54
13472,9641390,5965.54
13472,9641684,5965.54
13472,9641918,5965.54
13472,9641918,5965.54
13472,1410865,5964.25
13472,1432272,5964.25
13472,1453220,5964.81
13472,1474227,5964.81
13472,1495466,5964.69
13472,1516612,5964.69
13472,1537891,5964.69
13472,1559101,5964.69
13472,1580480,5964.69
13472,1601317,5964.64
13472,1622695,5964.64
13472,1643973,5964.71
13472,1665085,5964.71
13472,1686328,5964.71
13472,1707705,5964.66
13472,1729217,5964.66
13472,1739447,5964.65
13472,1739678,5964.65
13472,1739969,5965.54
13472,1740324,5965.54
13472,1740551,5965.54
13472,1740901,5965.54
13472,1748145,5965.54
13472,1767400,5965.54
13472,1787528,5965.54
13472,1808232,5964.17
13472,1828707,5964.17
13472,1849056,5964.88
13472,1869817,5964.88
13472,1890398,5964.58
13472,1910750,5964.58
13472,1931135,5964.58
13472,1951839,5964.69
13472,1972309,5964.69
13472,1993186,5964.53
13472,2014073,5964.53
13472,2034660,5964.66
13472,2055735,5964.66
13472,2077177,5964.68
13472,2098657,5964.68
13472,2119934,5964.68
13472,2141007,5964.71
13472,2162143,5964.71
13472,2183924,5964.56
13472,2205435,5964.56
13472,2227045,5964.8
13472,2248419,5964.8
13472,2269794,5964.69
13472,2291179,5964.69
13472,2312188,5964.69
13472,2333435,5964.7
13472,2354813,5964.7
13472,2375921,5964.69
13472,2397029,5964.69
13472,2418409,5964.66
13472,2439883,5964.66
13472,2461288,5964.66
13472,2482659,5964.81
13472,2503805,5964.81
13472,2524778,5964.74
13472,2546289,5964.74
13472,2567796,5964.73
13472,2589276,5964.73
13472,2610823,5964.73
13472,2632163,5964.8
13472,2653403,5964.8
13472,2674577,5964.71
13472,2695984,5964.71
13472,2717562,5964.77
13472,2738157,5964.77
13472,2738498,5964.63
13472,2738783,5964.63
13472,2739130,5964.63
13472,2739370,5965.54
13472,2739655,5965.54
13472,2739999,5965.54
13472,2740231,5965.54
13472,2740518,5965.54
13472,2740860,5965.54
13472,2741151,5965.54
13472,2741386,5965.54
13472,2741676,5965.54
13472,2742029,5965.54
13472,2742246,5965.54
13472,2742539,5965.54
13472,2742832,5965.54
13472,2743113,5965.54
13472,2743467,5965.54
13472,2743759,5965.54
13472,2743986,5965.54
13472,2744338,5965.54
13472,2744612,5965.54
13472,2744847,5965.54
13472,2745180,5965.54
13472,2745482,5965.54
13472,2745715,5965.54
13472,2746007,5965.54
13472,2746352,5965.54
13472,2746636,5965.54
13472,2746929,5965.54
13472,2747159,5965.54
13472,2747452,5965.54
13472,2747798,5965.54
13472,2748026,5965.54
13472,2748379,5965.54
13472,2762192,5965.54
13472,2779990,5965.54
13472,2798939,5964.67
13472,2818465,5964.67
13472,2838752,5965.08
13472,2859491,5965.08
13472,2880196,5964.77
13472,2900963,5964.77
13472,2921803,5964.73
13472,2942945,5964.73
13472,2963915,5964.73
13472,2985259,5964.65
13472,3006467,5964.65
13472,3027935,5964.72
13472,3048900,5964.72
13472,3070037,5964.72
13472,3091532,5964.72
13472,3112646,5964.72
13472,3133621,5964.63
13472,3155060,5964.63
13472,3176393,5964.75
13472,3197567,5964.75
13472,3218907,5964.58
13472,3240145,5964.58
13472,3261519,5964.72
13472,3283023,5964.72
13472,3304528,5964.72
13472,3325769,5964.66
13472,3346914,5964.66
13472,3368047,5964.66
13472,3389781,5964.66
13472,3411281,5964.75
13472,3432666,5964.75
13472,3454280,5964.71
13472,3475796,5964.71
13472,3496804,5964.71
13472,3518146,5964.59
13472,3539257,5964.59
13472,3560530,5964.64
13472,3581437,5964.64
13472,3602381,5964.64
13472,3623626,5964.64
13472,3644633,5964.75
13472,3665742,5964.75
13472,3686615,5964.75
13472,3707592,5964.63
13472,3728868,5964.63
13472,3750112,5964.75
13472,3771220,5964.75
13472,3792464,5964.61
13472,3813959,5964.61
13472,3835135,5964.67
13472,3856212,5964.67
13472,3877421,5964.67
13472,3898829,5964.64
13472,3919841,5964.64
13472,3941253,5964.56
13472,3962128,5964.56
13472,3983570,5964.67
13472,4004850,5964.67
13472,4026323,5964.68
13472,4047562,5964.68
13472,4069072,5964.68
13472,4090823,5964.67
13472,4112234,5964.67
13472,4133479,5964.65
13472,4155095,5964.65
13472,4176207,5964.57
13472,4197726,5964.57
13472,4218832,5964.59
13472,4240710,5964.59
13472,4261956,5964.59
13472,4283337,5964.7
13472,4304585,5964.7
13472,4326094,5964.7
13472,4347608,5964.7
13472,4368953,5964.68
13472,4390639,5964.68
13472,4411856,5964.68
13472,4433358,5964.64
13472,4455106,5964.64
13472,4476512,5964.62
13472,4497987,5964.62
13472,4519628,5964.66
13472,4541006,5964.66
13472,4562148,5964.62
13472,4583126,5964.62
13472,4604243,5964.62
13472,4625142,5964.67
13472,4646140,5964.67
13472,4666922,5964.65
13472,4687751,5964.65
13472,4708814,5964.62
13472,4729631,5964.62
13472,4750819,5964.66
13472,4771659,5964.66
13472,4792801,5964.66
13472,4813719,5964.67
13472,4817434,5964.67
13472,4822649,5964.69
13472,4834281,5964.69
13472,4849808,5965.04
13472,4868464,5965.04
13472,4887999,5965.04
13472,4908417,5964.69
13472,4929149,5964.69
13472,4949891,5964.69
13472,4970865,5964.69
13472,4992276,5964.66
13472,5013484,5964.66
13472,5035133,5964.64
13472,5056308,5964.64
13472,5077386,5964.64
13472,5099135,5964.63
13472,5120277,5964.63
13472,5141520,5964.69
13472,5162795,5964.69
13472,5184370,5964.74
13472,5205875,5964.74
13472,5227508,5964.63
13472,5249452,5964.63
13472,5271463,5964.63
13472,5293301,5964.73
13472,5314938,5964.73
13472,5336519,5964.7
13472,5357576,5964.7
13472,5358766,5964.71
13472,5363647,5964.71
13472,5383235,5964.71
13472,5403195,5965.54
13472,5423598,5965.54
13472,5444030,5964.36
13472,5464503,5964.36
13472,5485350,5964.8
13472,5506489,5964.8
13472,5527870,5964.75
13472,5549021,5964.75
13472,5570431,5964.75
13472,5591872,5964.68
13472,5613381,5964.68
13472,5635162,5964.62
13472,5639380,5964.62
13472,5643760,5964.66
13472,5664746,5964.66
13472,5685746,5964.92
13472,5707615,5964.92
13472,5729119,5964.92
13472,5750894,5964.93
13472,5772536,5964.93
13472,5794073,5964.69
13472,5805068,5964.69
13472,5805359,5964.69
13472,5809312,5964.69
13472,5829504,5964.69
13472,5850044,5965.54
13472,5871092,5965.54
13472,5891976,5964.78
13472,5912800,5964.78
13472,5933681,5964.6
13472,5954495,5964.6
13472,5975023,5964.73
13472,5996200,5964.73
13472,6017411,5964.73
13472,6038266,5964.71
13472,6059160,5964.71
13472,6079742,5964.69
13472,6100615,5964.69
13472,6121726,5964.76
13472,6142632,5964.76
13472,6163725,5964.77
13472,6184706,5964.77
13472,6205616,5964.77
13472,6226295,5964.67
13472,6247637,5964.67
13472,6268681,5964.71
13472,6289790,5964.71
13472,6310899,5964.67
13472,6332305,5964.67
13472,6353410,5964.67
13472,6375168,5964.7
13472,6396446,5964.7
13472,6417655,5964.79
13472,6438664,5964.79
13472,6459941,5964.7
13472,6481148,5964.7
13472,6502193,5964.65
13472,6523639,5964.65
13472,6545017,5964.65
13472,6566396,5964.71
13472,6587504,5964.71
13472,6608781,5964.7
13472,6630160,5964.7
13472,6651769,5964.67
13472,6672878,5964.67
13472,6694394,5964.65
13472,6715707,5964.65
13472,6737281,5964.65
13472,6758993,5964.82
13472,6780403,5964.82
13472,6801909,5964.73
13472,6823551,5964.73
13472,6845192,5964.78
13472,6866934,5964.78
13472,6888720,5964.68
13472,6910259,5964.68
13472,6931831,5964.68
13472,6953504,5964.7
13472,6975478,5964.7
13473,44512,5964.4
13473,63869,5964.4
13473,83963,5964.84
13473,104614,5964.84
13473,125689,5964.66
13473,146806,5964.66
13473,168187,5964.66
13473,189563,5964.74
13473,210571,5964.74
13473,231779,5964.67
13473,252886,5964.67
13473,274532,5964.68
13473,279069,5964.68
13473,282793,5965.54
13473,299588,5965.54
13473,299938,5965.54
13473,305433,5964.8
13473,325551,5964.8
13473,346023,5964.65
13473,366855,5964.65
13473,387694,5964.45
13473,408740,5964.45
13473,429979,5964.81
13473,451430,5964.81
13473,472840,5964.81
13473,494651,5964.6
13473,496818,5964.6
13473,507065,5964.67
13473,527461,5964.67
13473,548438,5964.49
13473,570042,5964.49
13473,591940,5964.44
13473,613572,5964.44
13473,635578,5964.44
13473,657241,5964.79
13473,678813,5964.79
13473,6993572,5964.72
13473,7015012,5964.7
13473,7036288,5964.7
13473,7057902,5964.7
13473,7079170,5964.74
13473,7100467,5964.74
13473,7121413,5964.8
13473,7142010,5964.8
13473,7162868,5964.79
13473,7183452,5964.79
13473,7204211,5964.77
13473,7225286,5964.77
13473,7246311,5964.77
13473,7267587,5964.74
13473,7288664,5964.74
13473,7309832,5964.7
13473,7331177,5964.7
13473,7352322,5964.8
13473,7369227,5964.8
13473,7369553,5964.43
13473,7380383,5964.43
13473,7401255,5964.43
13473,7422062,5964.75
13473,7443105,5964.75
13473,7464050,5964.73
13473,7485232,5964.73
13473,7505975,5964.83
13473,7527084,5964.83
13473,7548333,5964.61
13473,7569718,5964.61
13473,7591069,5964.61
13473,7612181,5964.82
13473,7633430,5964.82
13473,7654679,5964.64
13473,700725,5964.68
13473,722502,5964.68
13473,743971,5964.68
13473,765225,5964.68
13473,786368,5964.62
13473,807251,5964.62
13473,828226,5964.62
13473,849374,5964.69
13473,870464,5964.69
13473,891491,5964.63
13473,912466,5964.63
13473,933087,5964.72
13473,954330,5964.72
13473,975443,5964.64
13473,996588,5964.64
13473,1017806,5964.64
13473,1038985,5964.71
13473,1060295,5964.71
13473,1081305,5964.68
13473,1102717,5964.68
13473,1123792,5964.75
13473,1144917,5964.75
13473,1166167,5964.69
13473,1179741,5964.69
13473,1180024,5964.69
13473,1182328,5964.68
13473,1202148,5964.68
13473,1222619,5965.54
13473,1243179,5965.54
13473,1264160,5964.92
13473,1284936,5964.92
13473,1305860,5964.78
13473,1326879,5964.78
13473,1347793,5964.78
13473,1369171,5964.74
13473,1390381,5964.74
13473,7676098,5964.64
13473,7697444,5964.77
13473,7718622,5964.77
13473,7739938,5964.66
13473,7761458,5964.66
13473,7783208,5964.66
13473,7804586,5964.72
13473,7825968,5964.72
13473,7847467,5964.53
13473,7868925,5964.53
13473,7890071,5964.61
13473,7911713,5964.61
13473,7933078,5964.89
13473,7954515,5964.89
13473,7976146,5964.89
13473,7997589,5964.7
13473,8019378,5964.7
13473,8040853,5964.68
13473,8062602,5964.68
13473,8083861,5964.88
13473,8105452,5964.88
13473,8127014,5964.77
13473,8148381,5964.77
13473,8169812,5964.77
13473,8191026,5964.72
13473,8212391,5964.72
13473,8214827,5964.69
13473,1411790,5964.74
13473,1433032,5964.74
13473,1454281,5964.69
13473,1475453,5964.69
13473,1496793,5964.73
13473,1518214,5964.73
13473,1539452,5964.73
13473,1560927,5964.62
13473,1582035,5964.62
13473,1603407,5964.75
13473,1624658,5964.75
13473,1646338,5964.68
13473,1667654,5964.68
13473,1688662,5964.67
13473,1710045,5964.67
13473,1731424,5964.67
13473,1752399,5964.76
13473,1773911,5964.76
13473,1795246,5964.68
13473,1816491,5964.68
13473,1838137,5964.7
13473,1859351,5964.7
13473,1880595,5964.63
13473,1901775,5964.63
13473,1922782,5964.63
13473,1944030,5964.65
13473,1965407,5964.65
13473,1987022,5964.68
13473,2008266,5964.68
13473,2029638,5964.73
13473,2051374,5964.73
13473,2072908,5964.67
13473,2094551,5964.67
13473,2116059,5964.67
13473,2137795,5964.66
13473,2152780,5964.66
13473,2153059,5964.76
13473,2168799,5964.76
13473,2190170,5965.54
13473,2211940,5965.54
13473,2233683,5964.43
13473,2255075,5964.43
13473,2277080,5964.43
13473,2298318,5964.85
13473,2320120,5964.85
13473,2341592,5964.8
13473,2363364,5964.8
13473,2384506,5964.69
13473,2405783,5964.69
13473,2427731,5964.67
13473,2449504,5964.67
13473,2470912,5964.67
13473,2492386,5964.73
13473,2513895,5964.73
13473,2535442,5964.65
13473,2556614,5964.65
13473,2577898,5964.71
13473,2598712,5964.71
13473,2619870,5964.67
13473,2640862,5964.67
13473,2661837,5964.67
13473,2682660,5964.67
13473,2703462,5964.67
13473,2724575,5964.73
13473,2745584,5964.73
13473,2766705,5964.75
13473,2787683,5964.75
13473,2808530,5964.75
13473,2829413,5964.73
13473,2850522,5964.73
13473,2871698,5964.74
13473,2892772,5964.74
13473,2914157,5964.7
13473,2935008,5964.7
13473,2956391,5964.73
13473,2977772,5964.73
13473,2999255,5964.73
13473,3020434,5964.63
13473,3041622,5964.63
13473,3063455,5964.73
13473,3085426,5964.73
13473,3107422,5964.72
13473,3129427,5964.72
13473,3151262,5964.65
13473,3172963,5964.65
13473,3195139,5964.65
13473,3217146,5964.73
13473,3238892,5964.73
13473,3260372,5964.64
13473,3282148,5964.64
13473,3303550,5964.72
13473,3325154,5964.72
13473,3347298,5964.74
13473,3369177,5964.74
13473,3390809,5964.74
13473,3412649,5964.67
13473,3433896,5964.67
13473,3455073,5964.7
13473,3476082,5964.7
13473,3497561,5964.72
13473,3518839,5964.72
13473,3540217,5964.61
13473,3561057,5964.61
13473,3581863,5964.61
13473,3602903,5964.7
13473,3624094,5964.7
13473,3645039,5964.75
13473,3665986,5964.75
13473,3686869,5964.72
13473,3707608,5964.72
13473,3728649,5964.69
13473,3750129,5964.69
13473,3771233,5964.69
13473,3792478,5964.7
13473,3814360,5964.7
13473,3835990,5964.72
13473,3858028,5964.72
13473,3879935,5964.65
13473,3901711,5964.65
13473,3923680,5964.68
13473,3945449,5964.68
13473,3967254,5964.68
13473,3988563,5964.69
13473,4009938,5964.69
13473,4023993,5964.68
13473,4024218,5964.68
13473,4031276,5965.54
13473,4045673,5965.54
13473,4045912,5965.54
13473,4051940,5964.57
13473,4052261,5964.57
13473,4052547,5964.55
13473,4052782,5964.55
13473,4053129,5965.54
13473,4053552,5965.54
13473,4070449,5965.54
13473,4089015,5965.54
13473,4108581,5965.54
13473,4128641,5964.27
13473,4149277,5964.27
13473,4170285,5964.73
13473,4191531,5964.73
13473,4201079,5964.72
13473,4202563,5964.72
13473,4222146,5965.54
13473,4242885,5965.54
13473,4263692,5965.54
13473,4285021,5964.53
13473,4306998,5964.53
13473,4328600,5964.78
13473,4350093,5964.78
13473,4371660,5964.67
13473,4393172,5964.67
13473,4414639,5964.62
13473,4436312,5964.62
13473,4457981,5964.62
13473,4479449,5964.59
13473,4500559,5964.59
13473,4521570,5964.56
13473,4542487,5964.56
13473,4563533,5964.67
13473,4584574,5964.67
13473,4605636,5964.67
13473,4626445,5964.76
13473,4647692,5964.76
13473,4668740,5964.73
13473,4689866,5964.73
13473,4710877,5964.73
13473,4731865,5964.73
13473,4753109,5964.71
13473,4774083,5964.71
13473,4794957,5964.62
13473,4816065,5964.62
13473,4837316,5964.62
13473,4858435,5964.7
13473,4876380,5964.7
13473,4876646,5964.68
13473,4876992,5964.68
13473,4877289,5965.54
13473,4893728,5965.54
13473,4913777,5964.8
13473,4934191,5964.8
13473,4954991,5964.8
13473,4976198,5964.59
13473,4997304,5964.59
13473,5018416,5964.77
13473,5039591,5964.77
13473,5060792,5964.68
13473,5081896,5964.68
13473,5103370,5964.68
13473,5124778,5964.67
13473,5128185,5964.67
13473,5128476,5964.64
13473,5128699,5964.64
13473,5128988,5965.54
13473,5129334,5965.54
13473,5129621,5965.54
13473,5129849,5965.54
13473,5130185,5965.54
13473,5130437,5965.54
13473,5130727,5965.54
13473,5131058,5965.54
13473,5135532,5965.54
13473,5153534,5965.54
13473,5172623,5965.54
13473,5192588,5964.55
13473,5213225,5964.55
13473,5233931,5964.55
13473,5254944,5964.86
13473,5275985,5964.86
13473,5296859,5964.65
13473,5317995,5964.65
13473,5339064,5964.7
13473,5360142,5964.7
13473,5381260,5964.68
13473,5402533,5964.68
13473,5423513,5964.68
13473,5444753,5964.71
13473,5465731,5964.71
13473,5487143,5964.71
13473,5508249,5964.71
13473,5529490,5964.75
13473,5550635,5964.75
13473,5572047,5964.68
13473,5593393,5964.68
13473,5614498,5964.68
13473,5635475,5964.7
13473,5656851,5964.7
13473,5678092,5964.74
13473,5699273,5964.74
13473,5720654,5964.64
13473,5741839,5964.64
13473,5763355,5964.8
13473,5784329,5964.8
13473,5805599,5964.8
13473,5826514,5964.67
13473,5847592,5964.67
13473,5868970,5964.81
13473,5890347,5964.81
13473,5911831,5964.68
13473,5932770,5964.68
13473,5953745,5964.75
13473,5974822,5964.75
13473,5996141,5964.75
13473,6017189,5964.73
13473,6038435,5964.73
13473,6059576,5964.66
13473,6080919,5964.66
13473,6102299,5964.69
13473,6123541,5964.69
13473,6144787,5964.69
13473,6166296,5964.65
13473,6187679,5964.65
13473,6208922,5964.76
13473,6229997,5964.76
13473,6251278,5964.63
13473,6272551,5964.63
13473,6293931,5964.67
13473,6315039,5964.67
13473,6335914,5964.67
13473,6357290,5964.7
13473,6378265,5964.7
13473,6399847,5964.78
13473,6420888,5964.78
13473,6441792,5964.67
13473,6463071,5964.67
13473,6484046,5964.67
13473,6505226,5964.67
13473,6526677,5964.67
13473,6532218,5964.7
13473,6532529,5964.7
13473,6544505,5965.54
13473,6564979,5965.54
13473,6585451,5964.73
13473,6606823,5964.73
13473,6628331,5964.9
13473,6650036,5964.9
13473,6671643,5964.9
13473,6692981,5964.92
13473,6714486,5964.92
13473,6736257,5964.66
13473,6757629,5964.66
13473,6779259,5964.68
13473,6800631,5964.68
13473,6822308,5964.79
13473,6844043,5964.79
13473,6865785,5964.79
13473,6887195,5964.69
13473,6908411,5964.69
13473,6929618,5964.68
13473,6951022,5964.68
13473,6972263,5964.72
13474,18584,5964.66
13474,18933,5965.54
13474,27236,5965.54
13474,46348,5965.54
13474,65918,5965.54
13474,86264,5965.54
13474,106823,5964.57
13474,127629,5964.57
13474,148233,5964.8
13474,169474,5964.8
13474,190349,5964.73
13474,211794,5964.73
13474,232837,5964.72
13474,253843,5964.72
13474,274988,5964.72
13474,296297,5964.69
13474,317576,5964.69
13474,338550,5964.67
13474,359861,5964.67
13474,381173,5964.66
13474,402313,5964.66
13474,423697,5964.7
13474,444543,5964.7
13474,465659,5964.7
13474,486901,5964.74
13474,508251,5964.74
13474,529297,5964.79
13474,550413,5964.79
13474,551062,5964.77
13474,551354,5964.77
13474,564148,5964.77
13474,584483,5965.54
13474,605150,5965.54
13474,626126,5964.56
13474,647103,5964.56
13474,668315,5964.83
13474,689465,5964.83
13474,6993946,5964.72
13474,7015071,5964.67
13474,7035928,5964.67
13474,7054720,5964.72
13474,7054960,5964.72
13474,7055260,5965.54
13474,7060670,5965.54
13474,7079871,5965.54
13474,7100214,5965.54
13474,7120556,5965.54
13474,7141237,5964.57
13474,7162143,5964.57
13474,7183185,5964.7
13474,7204494,5964.7
13474,7225840,5964.73
13474,7247110,5964.73
13474,7268524,5964.73
13474,7289859,5964.69
13474,7311032,5964.69
13474,7332134,5964.74
13474,7353281,5964.74
13474,7374292,5964.67
13474,7395503,5964.67
13474,7417144,5964.68
13474,7439304,5964.68
13474,7461501,5964.68
13474,7483567,5964.88
13474,7505704,5964.88
13474,7527347,5964.8
13474,7549025,5964.8
13474,7570133,5964.8
13474,7591613,5964.8
13474,7612990,5964.81
13474,7634470,5964.81
13474,7655912,5964.81
13474,7676984,5965.53
13474,710747,5964.75
13474,731689,5964.75
13474,753067,5964.75
13474,774479,5964.71
13474,795824,5964.71
13474,817467,5964.74
13474,839316,5964.74
13474,860464,5964.8
13474,881843,5964.8
13474,903087,5964.78
13474,924533,5964.78
13474,945847,5964.78
13474,967129,5964.7
13474,988479,5964.7
13474,1010096,5964.71
13474,1031600,5964.71
13474,1052736,5964.74
13474,1074015,5964.74
13474,1084770,5964.73
13474,1085063,5964.73
13474,1101695,5964.73
13474,1122324,5965.54
13474,1143165,5965.54
13474,1164443,5964.26
13474,1185653,5964.26
13474,1206927,5964.84
13474,1228039,5964.84
13474,1249419,5964.74
13474,1270528,5964.74
13474,1291636,5964.74
13474,1313149,5964.72
13474,1334393,5964.72
13474,1355737,5964.75
13474,1377150,5964.75
13474,7698466,5965.53
13474,7719704,5965.64
13474,7741054,5965.64
13474,7762474,5965.58
13474,7783613,5965.58
13474,7804992,5965.58
13474,7826365,5965.7
13474,7847867,5965.7
13474,7868974,5965.67
13474,7890351,5965.67
13474,7911488,5965.74
13474,7932664,5965.74
13474,7953841,5965.78
13474,7975318,5965.78
13474,7996859,5965.78
13474,8018102,5965.87
13474,8039712,5965.87
13474,8060989,5965.74
13474,8082227,5965.74
13474,8103365,5965.87
13474,8124971,5965.87
13474,8146347,5965.79
13474,8167689,5965.79
13474,8189229,5965.79
13474,8210676,5965.82
13474,8232385,5965.82
13474,8254100,5965.76
13474,8275584,5965.76
13474,8297021,5965.79
13474,8318466,5965.79
13474,8339746,5965.84
13474,8361392,5965.84
13474,8382797,5965.84
13474,8404369,5965.82
13474,8425637,5965.82
13474,8447145,5965.83
13474,8468520,5965.83
13474,8489662,5965.73
13474,8511036,5965.73
13474,8532626,5965.73
13474,8554036,5965.7
13474,8575410,5965.7
13474,8596789,5965.66
13474,8618169,5965.66
13474,8639544,5965.71
13474,8660648,5965.71
13474,8682024,5965.67
13474,8703401,5965.67
13474,8724518,5965.67
13474,8745534,5965.71
13474,8766646,5965.71
13474,8787921,5965.64
13474,8809131,5965.64
13474,8830171,5965.67
13474,8851251,5965.67
13474,8872250,5965.52
13474,8893363,5965.52
13474,8914902,5965.52
13474,8936148,5965.47
13474,8957122,5965.47
13474,8978234,5965.35
13474,8999476,5965.35
13474,9020886,5965.36
13474,9042100,5965.36
13474,9063346,5965.32
13474,9084393,5965.32
13474,9105468,5965.32
13474,9126577,5965.27
13474,9147821,5965.27
13474,9168962,5965.26
13474,9190370,5965.26
13474,9211442,5965.29
13474,9219826,5965.29
13474,1398629,5964.75
13474,1419906,5964.75
13474,1440944,5964.74
13474,1462159,5964.74
13474,1483399,5964.74
13474,1504915,5964.71
13474,1525922,5964.71
13474,1546701,5964.7
13474,1567944,5964.7
13474,1589494,5964.71
13474,1610642,5964.71
13474,1631989,5964.7
13474,1653268,5964.7
13474,1674510,5964.7
13474,1696019,5964.71
13474,1717500,5964.71
13474,1738881,5964.75
13474,1760401,5964.75
13474,1781620,5964.8
13474,1802744,5964.8
13474,1824126,5964.8
13474,1840994,5964.7
13474,1841204,5964.7
13474,1841519,5964.25
13474,1841811,5964.25
13474,1842097,5965.54
13474,1846228,5965.54
13474,1865279,5965.54
13474,1869595,5965.54
13474,1869864,5965.54
13474,1870170,5965.54
13474,1870459,5965.54
13474,1883007,5965.54
13474,1902462,5965.54
13474,1922598,5964.57
13474,1942899,5964.57
13474,1963512,5965
13474,1984628,5965
13474,2005613,5965
13474,2026595,5964.89
13474,2047572,5964.89
13474,2068714,5964.73
13474,2089722,5964.73
13474,2110966,5964.67
13474,2132476,5964.67
13474,2153584,5964.66
13474,2174897,5964.66
13474,2196475,5964.66
13474,2217991,5964.75
13474,2239040,5964.75
13474,2260321,5964.78
13474,2281599,5964.78
13474,2302511,5964.66
13474,2323821,5964.66
13474,2345310,5964.77
13474,2366460,5964.77
13474,2387706,5964.77
13474,2409111,5965.51
13474,2430325,5965.51
13474,2451436,5964.69
13474,2472445,5964.69
13474,2493823,5964.7
13474,2515202,5964.7
13474,2536311,5964.7
13474,2557318,5964.67
13474,2578394,5964.67
13474,2599402,5964.7
13474,2620915,5964.7
13474,2641923,5964.68
13474,2662794,5964.68
13474,2683905,5964.72
13474,2704778,5964.72
13474,2725889,5964.72
13474,2746929,5965.13
13474,2768102,5965.13
13474,2788996,5964.7
13474,2809975,5964.7
13474,2831358,5964.66
13474,2852744,5964.66
13474,2874088,5964.74
13474,2895466,5964.74
13474,2916458,5964.74
13474,2937802,5964.7
13474,2958715,5964.7
13474,2979839,5964.68
13474,3000869,5964.68
13474,3021716,5964.73
13474,3042926,5964.73
13474,3064071,5964.69
13474,3085018,5964.69
13474,3105832,5964.69
13474,3116032,5964.72
13474,3116323,5964.72
13474,3116543,5965.54
13474,3116811,5965.54
13474,3117117,5965.54
13474,3117472,5965.54
13474,3123704,5965.54
13474,3142326,5965.54
13474,3162157,5965.54
13474,3182694,5964.44
13474,3204004,5964.44
13474,3215095,5964.82
13474,3215386,5964.82
13474,3215727,5965.54
13474,3216018,5965.54
13474,3226968,5965.54
13474,3246927,5965.54
13474,3267660,5965.54
13474,3288658,5964.18
13474,3309657,5964.18
13474,3330894,5964.92
13474,3352200,5964.92
13474,3373843,5964.71
13474,3394912,5964.71
13474,3416314,5964.71
13474,3437779,5964.65
13474,3459047,5964.65
13474,3480555,5964.71
13474,3502290,5964.71
13474,3506590,5964.74
13474,3506875,5964.74
13474,3507167,5965.54
13474,3517126,5965.54
13474,3537220,5965.54
13474,3558055,5965.54
13474,3579162,5965.54
13474,3600033,5963.9
13474,3621269,5963.9
13474,3642446,5964.75
13474,3663687,5964.75
13474,3685034,5964.7
13474,3706646,5964.7
13474,3727787,5964.7
13474,3748967,5964.74
13474,3770142,5964.74
13474,3791656,5964.72
13474,3813398,5964.72
13474,3834510,5964.66
13474,3855790,5964.66
13474,3877169,5964.7
13474,3898277,5964.7
13474,3919253,5964.7
13474,3940244,5964.71
13474,3961000,5964.71
13474,3981869,5964.73
13474,4003150,5964.73
13474,4023906,5964.73
13474,4044847,5964.73
13474,4065815,5964.82
13474,4086810,5964.82
13474,4107886,5964.82
13474,4128783,5964.68
13474,4150047,5964.68
13474,4171418,5964.76
13474,4192922,5964.76
13474,4214429,5964.76
13474,4235932,5964.76
13474,4257577,5964.82
13474,4278853,5964.82
13474,4300626,5964.82
13474,4322068,5964.78
13474,4343706,5964.78
13474,4352103,5964.71
13474,4352399,5964.71
13474,4368019,5965.54
13474,4388918,5965.54
13474,4409991,5965.54
13474,4431495,5964.43
13474,4452866,5964.43
13474,4474767,5964.83
13474,4496340,5964.83
13474,4518018,5964.66
13474,4539718,5964.66
13474,4561024,5964.74
13474,4582295,5964.74
13474,4603511,5964.74
13474,4624654,5964.71
13474,4646064,5964.71
13474,4667544,5964.8
13474,4688991,5964.8
13474,4710302,5964.71
13474,4731276,5964.71
13474,4731552,5964.64
13474,4731846,5964.64
13474,4732192,5964.64
13474,4732476,5965.54
13474,4732770,5965.54
13474,4738618,5965.54
13474,4757704,5965.54
13474,4778237,5964.69
13474,4799045,5964.69
13474,4819887,5964.78
13474,4840626,5964.78
13474,4845970,5964.78
13474,4846306,5964.75
13474,4846985,5964.75
13474,4865529,5965.54
13474,4886034,5965.54
13474,4906511,5964.4
13474,4926105,5964.4
13474,4926316,5964.4
13474,4926669,5964.84
13474,4926958,5964.84
13474,4927174,5965.54
13474,4927527,5965.54
13474,4927810,5965.54
13474,4928248,5965.54
13474,4945480,5965.54
13474,4965078,5965.54
13474,4985241,5965.54
13474,5000962,5964.6
13474,5001312,5964.6
13474,5005625,5965.17
13474,5024816,5965.17
13474,5045082,5965.14
13474,5065888,5965.14
13474,5080821,5964.69
13474,5081107,5964.69
13474,5081403,5964.69
13474,5091644,5965.54
13474,5111144,5965.54
13474,5131022,5964.92
13474,5151211,5964.92
13474,5171515,5964.66
13474,5191937,5964.66
13474,5212555,5964.77
13474,5233464,5964.77
13474,5239166,5964.77
13474,5239518,5964.67
13474,5239757,5964.67
13474,5242204,5965.54
13474,5260919,5965.54
13474,5281120,5964.86
13474,5301900,5964.86
13474,5322546,5964.86
13474,5343185,5964.24
13474,5363553,5964.24
13474,5384805,5964.75
13474,5405646,5964.75
13474,5408731,5964.72
13474,5409028,5964.72
13474,5409316,5965.54
13474,5423845,5965.54
13474,5443944,5965.54
13474,5464284,5964.78
13474,5484652,5964.78
13474,5505424,5964.29
13474,5526163,5964.29
13474,5547111,5964.75
13474,5567927,5964.75
13474,5588579,5964.64
13474,5609454,5964.64
13474,5630168,5964.64
13474,5651120,5964.69
13474,5671701,5964.69
13474,5693271,5964.66
13474,5714776,5964.66
13474,5736283,5964.72
13474,5757789,5964.72
13474,5779227,5964.68
13474,5800660,5964.68
13474,5822226,5964.68
13474,5843931,5964.71
13474,5865671,5964.71
13474,5887558,5964.76
13474,5909095,5964.76
13474,5930767,5964.72
13474,5952077,5964.72
13474,5973885,5964.76
13474,5995162,5964.76
13474,6016316,5964.76
13474,6037354,5964.68
13474,6058663,5964.68
13474,6079710,5964.71
13474,6100685,5964.71
13474,6109287,5964.67
13474,6109517,5964.67
13474,6109799,5964.67
13474,6110159,5965.54
13474,6121880,5965.54
13474,6142239,5965.54
13474,6162947,5965.54
13474,6184094,5964.68
13474,6205333,5964.68
13474,6226779,5964.79
13474,6248093,5964.79
13474,6269133,5964.79
13474,6290444,5964.68
13474,6311688,5964.68
13474,6333068,5964.71
13474,6354680,5964.71
13474,6376255,5964.75
13474,6397839,5964.75
13474,6419080,5964.69
13474,6440783,5964.69
13474,6462223,5964.69
13474,6483335,5964.81
13474,6504609,5964.81
13474,6525954,5964.69
13474,6547472,5964.69
13474,6568886,5964.74
13474,6590532,5964.74
13474,6611744,5964.74
13474,6633085,5964.67
13474,6654761,5964.67
13474,6676303,5964.7
13474,6697414,5964.7
13474,6718791,5964.78
13474,6740229,5964.78
13474,6761502,5964.7
13474,6783112,5964.7
13474,6804292,5964.7
13474,6825929,5964.75
13474,6847142,5964.75
13474,6868049,5964.6
13474,6889094,5964.6
13474,6909846,5964.69
13474,6930690,5964.69
13474,6951943,5964.72
13474,6972938,5964.72
13475,54789,5965.36
13475,75900,5965.36
13475,97035,5965.36
13475,118271,5965.36
13475,139371,5965.47
13475,160906,5965.47
13475,182010,5965.47
13475,203356,5965.4
13475,224566,5965.4
13475,246007,5965.43
13475,267379,5965.43
13475,288483,5965.45
13475,309698,5965.45
13475,331243,5965.48
13475,352385,5965.48
13475,373857,5965.48
13475,395320,5965.47
13475,416353,5965.47
13475,437594,5965.55
13475,458968,5965.55
13475,480605,5965.52
13475,495277,5965.52
13475,495548,5965.58
13475,495839,5965.58
13475,496182,5965.58
13475,501859,5965.54
13475,520972,5965.54
13475,541071,5965.63
13475,561905,5965.63
13475,582807,5965.53
13475,603938,5965.53
13475,625564,5964.67
13475,647026,5964.67
13475,668688,5964.67
13475,690084,5964.7
13475,6961258,5964.66
13475,6982129,5964.69
13475,6982365,5964.69
13475,6982365,5965.54
13475,711687,5964.7
13475,733451,5964.71
13475,755479,5964.71
13475,777106,5964.72
13475,798879,5964.72
13475,820517,5964.64
13475,842146,5964.64
13475,863910,5964.64
13475,885711,5964.73
13475,907674,5964.73
13475,929441,5964.72
13475,950938,5964.72
13475,972805,5964.64
13475,994609,5964.64
13475,1016074,5964.75
13475,1037576,5964.75
13475,1059108,5964.75
13475,1080603,5964.75
13475,1102010,5964.75
13475,1123617,5964.69
13475,1145016,5964.69
13475,1166655,5964.75
13475,1187988,5964.75
13475,1209636,5964.64
13475,1231003,5964.64
13475,1252377,5964.64
13475,1274219,5964.72
13475,1295133,5964.72
13475,1315709,5964.6
13475,1336379,5964.6
13475,1348835,5964.68
13475,1349159,5964.68
13475,1349392,5964.68
13475,1349740,5965.54
13475,1353424,5965.54
13475,1372341,5965.54
13475,1392442,5965.54
13475,1412913,5964.82
13475,1433554,5964.82
13475,1454393,5964.78
13475,1474894,5964.78
13475,1495864,5964.78
13475,1517001,5964.68
13475,1538107,5964.68
13475,1559147,5964.7
13475,1580221,5964.7
13475,1601596,5964.72
13475,1622240,5964.72
13475,1643214,5964.72
13475,1664290,5964.72
13475,1685429,5964.72
13475,1706839,5964.72
13475,1728317,5964.72
13475,1749820,5964.69
13475,1771062,5964.69
13475,1792704,5964.67
13475,1813832,5964.67
13475,1835468,5964.72
13475,1856959,5964.72
13475,1878461,5964.72
13475,1899965,5964.73
13475,1921603,5964.73
13475,1942866,5964.63
13475,1964204,5964.63
13475,1985607,5964.73
13475,2007246,5964.73
13475,2028547,5964.7
13475,2050082,5964.7
13475,2071878,5964.7
13475,2093344,5964.69
13475,2114878,5964.69
13475,2136754,5964.81
13475,2158283,5964.81
13475,2179919,5964.71
13475,2201523,5964.71
13475,2222799,5964.65
13475,2244177,5964.65
13475,2265516,5964.65
13475,2286751,5964.66
13475,2308556,5964.66
13475,2329924,5964.7
13475,2351196,5964.7
13475,2372328,5964.76
13475,2393802,5964.76
13475,2415138,5964.76
13475,2436306,5964.61
13475,2457538,5964.61
13475,2478707,5964.74
13475,2499772,5964.74
13475,2520775,5964.67
13475,2542282,5964.67
13475,2563385,5964.63
13475,2584651,5964.63
13475,2605757,5964.63
13475,2627023,5964.67
13475,2647996,5964.67
13475,2669260,5964.7
13475,2690499,5964.7
13475,2711666,5964.7
13475,2732734,5964.7
13475,2753699,5964.72
13475,2774729,5964.72
13475,2795834,5964.72
13475,2817035,5964.61
13475,2838372,5964.61
13475,2859138,5964.68
13475,2880236,5964.68
13475,2901302,5964.65
13475,2922700,5964.65
13475,2943665,5964.65
13475,2964899,5964.65
13475,2986038,5964.65
13475,2993904,5964.67
13475,2994252,5964.67
13475,2996513,5965.54
13475,3015556,5965.54
13475,3036086,5964.72
13475,3056792,5964.72
13475,3077594,5964.52
13475,3098790,5964.52
13475,3119661,5964.52
13475,3140794,5964.64
13475,3161564,5964.64
13475,3182228,5964.71
13475,3203100,5964.71
13475,3223965,5964.66
13475,3245302,5964.66
13475,3266469,5964.66
13475,3287730,5964.67
13475,3309055,5964.67
13475,3331181,5964.69
13475,3353130,5964.69
13475,3375024,5964.64
13475,3397080,5964.64
13475,3418838,5964.65
13475,3440823,5964.65
13475,3462949,5964.65
13475,3484835,5964.63
13475,3506936,5964.63
13475,3528859,5964.71
13475,3550478,5964.71
13475,3569308,5964.61
13475,3569622,5964.61
13475,3569834,5965.54
13475,3583029,5965.54
13475,3603387,5965.54
13475,3624254,5964.56
13475,3645322,5964.56
13475,3666353,5964.7
13475,3687353,5964.7
13475,3708356,5964.66
13475,3729355,5964.66
13475,3750581,5964.57
13475,3771707,5964.57
13475,3792841,5964.57
13475,3813977,5964.69
13475,3835209,5964.69
13475,3856205,5964.62
13475,3862117,5964.62
13475,3862342,5964.71
13475,3874816,5964.71
13475,3894936,5965.54
13475,3915931,5965.54
13475,3937025,5965.54
13475,3957925,5964.36
13475,3978722,5964.36
13475,3999962,5964.77
13475,4021255,5964.77
13475,4042493,5964.74
13475,4063494,5964.74
13475,4084857,5964.67
13475,4106228,5964.67
13475,4127765,5964.67
13475,4149128,5964.63
13475,4170524,5964.63
13475,4191621,5964.79
13475,4203719,5964.79
13475,4204004,5964.64
13475,4204293,5964.64
13475,4204582,5965.54
13475,4204916,5965.54
13475,4205213,5965.54
13475,4205444,5965.54
13475,4205786,5965.54
13475,4206075,5965.54
13475,4206365,5965.54
13475,4206655,5965.54
13475,4206952,5965.54
13475,4207234,5965.54
13475,4207464,5965.54
13475,4207758,5965.54
13475,4208085,5965.54
13475,4208331,5965.54
13475,4208677,5965.54
13475,4208974,5965.54
13475,4209204,5965.54
13475,4209556,5965.54
13475,4209842,5965.54
13475,4210120,5965.54
13475,4210409,5965.54
13475,4210628,5965.54
13475,4210937,5965.54
13475,4211215,5965.54
13475,4211507,5965.54
13475,4211800,5965.54
13475,4212146,5965.54
13475,4212429,5965.54
13475,4212717,5965.54
13475,4213012,5965.54
13475,4213223,5965.54
13475,4213532,5965.54
13475,4213818,5965.54
13475,4214108,5965.54
13475,4214397,5965.54
13475,4214730,5965.54
13475,4215032,5965.54
13475,4215296,5965.54
13475,4215620,5965.54
13475,4215907,5965.54
13475,4216133,5965.54
13475,4216474,5965.54
13475,4216773,5965.54
13475,4216994,5965.54
13475,4217337,5965.54
13475,4217573,5965.54
13475,4228997,5965.54
13475,4245855,5965.54
13475,4264423,5965.54
13475,4283367,5964.5
13475,4303081,5964.5
13475,4323169,5964.82
13475,4343161,5964.82
13475,4363522,5964.67
13475,4384111,5964.67
13475,4404841,5964.71
13475,4425436,5964.71
13475,4446361,5964.71
13475,4467186,5964.65
13475,4488181,5964.65
13475,4509277,5964.72
13475,4530172,5964.72
13475,4550965,5964.71
13475,4572124,5964.71
13475,4593382,5964.71
13475,4614648,5964.67
13475,4635882,5964.67
13475,4657181,5964.64
13475,4663362,5964.64
13475,4663702,5964.66
13475,4663999,5964.66
13475,4676088,5965.54
13475,4696078,5965.54
13475,4716839,5965.54
13475,4737804,5964.53
13475,4758888,5964.53
13475,4779681,5964.74
13475,4800778,5964.74
13475,4821777,5964.62
13475,4842768,5964.62
13475,4863753,5964.68
13475,4884855,5964.68
13475,4906190,5964.68
13475,4927224,5964.65
13475,4948220,5964.65
13475,4969393,5964.68
13475,4990288,5964.68
13475,5011316,5964.67
13475,5032415,5964.67
13475,5053311,5964.67
13475,5074682,5964.67
13475,5095851,5964.67
13475,5116788,5964.72
13475,5137585,5964.72
13475,5158783,5964.7
13475,5179713,5964.7
13475,5200778,5964.68
13475,5222133,5964.68
13475,5243400,5964.69
13475,5264399,5964.69
13475,5285629,5964.69
13475,5307054,5964.64
13475,5328264,5964.64
13475,5349369,5964.71
13475,5370761,5964.71
13475,5392315,5964.67
13475,5413681,5964.67
13475,5435136,5964.67
13475,5456661,5964.67
13475,5478157,5964.67
13475,5499921,5964.75
13475,5521305,5964.75
13475,5542969,5964.63
13475,5564622,5964.63
13475,5586044,5964.65
13475,5607275,5964.65
13475,5628939,5964.67
13475,5650844,5964.67
13475,5672638,5964.67
13475,5694030,5964.64
13475,5715594,5964.64
13475,5737362,5964.58
13475,5759119,5964.58
13475,5780481,5964.65
13475,5802006,5964.65
13475,5823366,5964.67
13475,5844726,5964.67
13475,5866250,5964.67
13475,5887607,5964.63
13475,5909239,5964.63
13475,5930870,5964.71
13475,5952638,5964.71
13475,5974035,5964.63
13475,5995660,5964.63
13475,6016917,5964.68
13475,6038385,5964.68
13475,6059914,5964.68
13475,6081545,5964.72
13475,6088662,5964.72
13475,6089004,5964.7
13475,6091611,5964.7
13475,6110987,5965.54
13475,6131540,5965.54
13475,6152704,5964.56
13475,6174007,5964.56
13475,6195335,5964.56
13475,6216885,5964.77
13475,6238361,5964.77
13475,6259866,5964.71
13475,6281362,5964.71
13475,6298321,5964.64
13475,6298652,5964.64
13475,6301940,5965.54
13475,6321787,5965.54
13475,6342373,5965.54
13475,6363467,5964.62
13475,6384359,5964.62
13475,6405620,5964.84
13475,6427116,5964.84
13475,6448174,5964.64
13475,6469499,5964.64
13475,6490859,5964.77
13475,6512251,5964.77
13475,6533610,5964.77
13475,6555035,5964.72
13475,6576508,5964.72
13475,6597763,5964.7
13475,6619458,5964.7
13475,6641026,5964.69
13475,6662386,5964.69
13475,6684147,5964.69
13475,6705775,5964.65
13475,6727033,5964.65
13475,6748896,5964.71
13475,6770041,5964.71
13475,6791524,5964.6
13475,6812944,5964.6
13475,6834369,5964.74
13475,6855665,5964.74
13475,6876659,5964.74
13475,6897662,5964.63
13475,6918761,5964.63
13475,6940162,5964.66
13476,59992,5964.7
13476,81462,5964.58
13476,102620,5964.58
13476,123682,5964.64
13476,144845,5964.64
13476,166243,5964.64
13476,187463,5964.67
13476,208921,5964.67
13476,230214,5964.69
13476,251335,5964.69
13476,272603,5964.69
13476,293699,5964.69
13476,314963,5964.69
13476,336225,5964.62
13476,357327,5964.62
13476,378582,5964.7
13476,400209,5964.7
13476,411403,5964.63
13476,411751,5964.63
13476,419387,5965.54
13476,439525,5965.54
13476,460550,5965.54
13476,481405,5964.77
13476,502393,5964.77
13476,523553,5964.83
13476,544618,5964.83
13476,565885,5964.69
13476,587256,5964.69
13476,608321,5964.64
13476,622349,5964.64
13476,622675,5964.64
13476,622967,5964.67
13476,623886,5964.67
13476,642458,5965.54
13476,662941,5965.54
13476,683664,5964.56
13476,6946455,5964.72
13476,6968064,5964.72
13476,6989803,5964.64
13476,7011450,5964.64
13476,7033214,5964.74
13476,7055229,5964.74
13476,7076772,5964.63
13476,7098262,5964.63
13476,7119909,5964.63
13476,7141494,5964.61
13476,7163302,5964.61
13476,7185277,5964.72
13476,7206954,5964.72
13476,7228526,5964.63
13476,7250265,5964.63
13476,7271921,5964.7
13476,7293539,5964.7
13476,7315176,5964.7
13476,7336822,5964.64
13476,7358467,5964.64
13476,7380077,5964.66
13476,7401449,5964.66
13476,7422987,5964.57
13476,7444469,5964.57
13476,7466052,5964.59
13476,7487632,5964.59
13476,7509388,5964.59
13476,7531298,5964.7
13476,7553146,5964.7
13476,7575022,5964.62
13476,7596690,5964.62
13476,7618404,5964.63
13476,704663,5964.56
13476,725916,5964.59
13476,747043,5964.59
13476,768206,5964.59
13476,789638,5964.73
13476,810902,5964.73
13476,832261,5964.63
13476,853154,5964.63
13476,874519,5964.63
13476,895914,5964.63
13476,917532,5964.69
13476,939147,5964.69
13476,960924,5964.69
13476,982286,5964.7
13476,1004008,5964.7
13476,1025824,5964.74
13476,1047174,5964.74
13476,1068694,5964.65
13476,1090355,5964.65
13476,1111953,5964.71
13476,1133840,5964.71
13476,1155300,5964.71
13476,1176789,5964.59
13476,1198618,5964.59
13476,1220376,5964.72
13476,1242061,5964.72
13476,1263620,5964.68
13476,1285015,5964.68
13476,1306759,5964.68
13476,1328479,5964.68
13476,1349910,5964.68
13476,1371528,5964.73
13476,7639931,5964.63
13476,7661414,5964.63
13476,7683065,5964.63
13476,7704679,5964.63
13476,7708035,5964.66
13476,7708131,5964.66
13476,1393415,5964.73
13476,1414966,5964.67
13476,1436890,5964.67
13476,1458710,5964.71
13476,1480220,5964.71
13476,1502108,5964.72
13476,1524132,5964.72
13476,1546252,5964.72
13476,1568008,5964.73
13476,1589929,5964.73
13476,1611753,5964.69
13476,1633176,5964.69
13476,1654521,5964.64
13476,1676306,5964.64
13476,1697769,5964.64
13476,1719564,5964.71
13476,1741147,5964.71
13476,1762566,5964.69
13476,1783894,5964.69
13476,1797042,5964.66
13476,1797374,5964.66
13476,1797577,5965.54
13476,1797945,5965.54
13476,1808886,5965.54
13476,1828999,5965.54
13476,1849618,5965.54
13476,1870539,5964.53
13476,1891769,5964.53
13476,1911038,5964.91
13476,1911271,5964.91
13476,1911619,5965.54
13476,1911918,5965.54
13476,1912147,5965.54
13476,1912481,5965.54
13476,1912783,5965.54
13476,1913082,5965.54
13476,1913371,5965.54
13476,1913723,5965.54
13476,1913950,5965.54
13476,1914239,5965.54
13476,1914521,5965.54
13476,1914854,5965.54
13476,1915161,5965.54
13476,1915455,5965.54
13476,1915673,5965.54
13476,1915966,5965.54
13476,1916252,5965.54
13476,1916600,5965.54
13476,1916887,5965.54
13476,1917181,5965.54
13476,1917394,5965.54
13476,1917688,5965.54
13476,1917986,5965.54
13476,1918271,5965.54
13476,1918558,5965.54
13476,1918850,5965.54
13476,1919182,5965.54
13476,1919420,5965.54
13476,1919713,5965.54
13476,1919999,5965.54
13476,1920334,5965.54
13476,1920620,5965.54
13476,1920925,5965.54
13476,1921153,5965.54
13476,1921453,5965.54
13476,1921795,5965.54
13476,1922076,5965.54
13476,1922367,5965.54
13476,1922580,5965.54
13476,1922882,5965.54
13476,1923168,5965.54
13476,1923461,5965.54
13476,1923747,5965.54
13476,1924093,5965.54
13476,1924384,5965.54
13476,1924669,5965.54
13476,1924962,5965.54
13476,1925253,5965.54
13476,1925537,5965.54
13476,1925897,5965.54
13476,1926131,5965.54
13476,1926422,5965.54
13476,1926706,5965.54
13476,1927066,5965.54
13476,1927350,5965.54
13476,1927637,5965.54
13476,1927921,5965.54
13476,1928155,5965.54
13476,1928445,5965.54
13476,1928796,5965.54
13476,1929090,5965.54
13476,1929381,5965.54
13476,1939177,5965.54
13476,1955695,5965.44
13476,1973920,5965.44
13476,1992821,5965.44
13476,2012065,5966.08
13476,2031415,5966.08
13476,2051235,5966
13476,2070895,5966
13476,2090711,5966.03
13476,2110702,5966.03
13476,2131062,5966.03
13476,2151252,5966.03
13476,2172250,5966.03
13476,2192601,5966.02
13476,2213360,5966.02
13476,2234214,5966.01
13476,2254810,5966.01
13476,2275703,5966.06
13476,2296701,5966.06
13476,2317424,5966.06
13476,2338218,5966.06
13476,2359462,5966.06
13476,2380942,5964.43
13476,2402154,5964.43
13476,2423742,5964.44
13476,2445164,5964.44
13476,2466950,5964.62
13476,2488676,5964.62
13476,2510324,5964.62
13476,2531942,5964.68
13476,2552955,5964.68
13476,2574580,5964.66
13476,2596075,5964.66
13476,2617459,5964.8
13476,2638871,5964.8
13476,2660651,5964.65
13476,2682072,5964.65
13476,2703725,5964.65
13476,2724973,5964.69
13476,2746519,5964.69
13476,2768160,5964.63
13476,2789642,5964.63
13476,2811095,5964.69
13476,2832813,5964.69
13476,2854593,5964.65
13476,2876272,5964.65
13476,2898032,5964.65
13476,2919881,5964.62
13476,2941968,5964.62
13476,2963677,5964.74
13476,2984797,5964.74
13476,3006529,5964.6
13476,3028342,5964.6
13476,3050205,5964.67
13476,3072057,5964.67
13476,3093218,5964.67
13476,3114607,5964.64
13476,3136220,5964.64
13476,3157603,5964.68
13476,3179028,5964.68
13476,3200751,5964.64
13476,3222071,5964.64
13476,3243695,5964.64
13476,3247223,5964.67
13476,3247504,5964.67
13476,3247798,5965.54
13476,3252201,5965.54
13476,3271609,5965.54
13476,3291862,5965.54
13476,3312441,5964.3
13476,3333461,5964.3
13476,3354349,5964.3
13476,3375446,5964.68
13476,3378180,5964.68
13476,3381156,5964.7
13476,3400799,5964.7
13476,3421652,5964.86
13476,3442632,5964.86
13476,3463658,5964.86
13476,3484884,5964.54
13476,3506134,5964.54
13476,3527522,5964.63
13476,3548518,5964.63
13476,3569876,5964.66
13476,3591076,5964.66
13476,3612131,5964.65
13476,3633355,5964.65
13476,3654751,5964.65
13476,3675748,5964.6
13476,3697106,5964.6
13476,3718531,5964.7
13476,3739922,5964.7
13476,3761181,5964.61
13476,3782642,5964.61
13476,3803862,5964.68
13476,3805241,5964.68
13476,3805522,5964.68
13476,3805757,5965.54
13476,3821626,5965.54
13476,3841868,5965.54
13476,3863094,5965.54
13476,3883981,5964.89
13476,3905130,5964.89
13476,3926183,5964.53
13476,3947410,5964.53
13476,3968788,5964.53
13476,3990343,5964.68
13476,4011767,5964.68
13476,4033090,5964.62
13476,4054827,5964.62
13476,4075978,5964.62
13476,4096969,5964.62
13476,4118093,5964.69
13476,4139414,5964.69
13476,4160776,5964.69
13476,4181962,5964.72
13476,4203181,5964.72
13476,4224444,5964.65
13476,4245698,5964.65
13476,4267327,5964.64
13476,4288618,5964.64
13476,4309685,5964.68
13476,4331082,5964.68
13476,4352211,5964.68
13476,4373439,5964.69
13476,4394793,5964.69
13476,4415723,5964.64
13476,4437303,5964.64
13476,4459061,5964.65
13476,4480650,5964.65
13476,4502080,5964.65
13476,4523235,5964.62
13476,4544704,5964.62
13476,4566331,5964.67
13476,4587728,5964.67
13476,4609220,5964.67
13476,4630607,5964.67
13476,4651836,5964.72
13476,4673351,5964.72
13476,4694744,5964.72
13476,4716233,5964.66
13476,4737650,5964.66
13476,4759448,5964.61
13476,4781108,5964.61
13476,4802433,5964.6
13476,4823624,5964.6
13476,4844993,5964.66
13476,4866358,5964.66
13476,4887884,5964.66
13476,4909371,5964.71
13476,4930756,5964.71
13476,4952241,5964.59
13476,4973832,5964.59
13476,4995523,5964.72
13476,5017146,5964.72
13476,5038697,5964.62
13476,5060559,5964.62
13476,5082038,5964.62
13476,5103558,5964.62
13476,5125245,5964.62
13476,5141187,5964.71
13476,5141468,5964.71
13476,5141752,5965.54
13476,5142037,5965.54
13476,5142334,5965.54
13476,5142678,5965.54
13476,5142965,5965.54
13476,5143251,5965.54
13476,5143467,5965.54
13476,5143828,5965.54
13476,5151406,5965.54
13476,5170162,5965.54
13476,5190068,5965.54
13476,5210544,5965.54
13476,5231591,5964.22
13476,5252716,5964.22
13476,5274023,5964.75
13476,5295136,5964.75
13476,5316760,5964.63
13476,5338154,5964.63
13476,5359672,5964.74
13476,5380789,5964.74
13476,5402311,5964.74
13476,5423046,5964.71
13476,5444274,5964.71
13476,5465269,5964.65
13476,5486363,5964.65
13476,5507697,5964.63
13476,5528860,5964.63
13476,5549886,5964.68
13476,5571102,5964.68
13476,5592560,5964.68
13476,5614313,5964.64
13476,5636383,5964.64
13476,5658191,5964.58
13476,5680095,5964.58
13476,5701932,5964.7
13476,5724051,5964.7
13476,5746071,5964.69
13476,5752663,5964.69
13476,5752952,5964.69
13476,5753290,5965.54
13476,5753531,5965.54
13476,5753859,5965.54
13476,5754171,5965.54
13476,5768386,5965.54
13476,5788584,5965.54
13476,5809719,5964.34
13476,5831223,5964.34
13476,5852713,5964.34
13476,5874629,5964.67
13476,5896071,5964.67
13476,5917818,5964.56
13476,5939650,5964.56
13476,5961283,5964.75
13476,5982902,5964.75
13476,6004454,5964.68
13476,6025901,5964.68
13476,6047417,5964.68
13476,6068931,5964.7
13476,6090540,5964.7
13476,6112054,5964.65
13476,6133676,5964.65
13476,6155295,5964.71
13476,6176967,5964.71
13476,6198779,5964.76
13476,6220206,5964.76
13476,6241853,5964.76
13476,6263359,5964.69
13476,6284983,5964.69
13476,6306172,5964.67
13476,6328099,5964.67
13476,6349623,5964.73
13476,6371111,5964.73
13476,6392596,5964.73
13476,6414142,5964.66
13476,6435500,5964.66
13476,6457152,5964.64
13476,6478775,5964.64
13476,6500288,5964.7
13476,6521643,5964.7
13476,6542640,5964.59
13476,6563503,5964.59
13476,6569611,5964.59
13476,6569887,5964.68
13476,6585199,5964.68
13476,6605224,5965.54
13476,6625512,5965.54
13476,6646314,5964.57
13476,6667114,5964.57
13476,6688105,5964.69
13476,6709022,5964.69
13476,6730215,5964.69
13476,6751635,5964.61
13476,6773185,5964.61
13476,6794756,5964.62
13476,6816362,5964.62
13476,6837875,5964.64
13476,6859251,5964.64
13476,6881156,5964.67
13476,6903038,5964.67
13476,6924791,5964.67
13477,56045,5964.65
13477,77026,5964.65
13477,98023,5964.65
13477,118377,5964.67
13477,139369,5964.67
13477,160123,5964.64
13477,181279,5964.64
13477,202394,5964.65
13477,223347,5964.65
13477,244594,5964.63
13477,265803,5964.63
13477,287603,5964.63
13477,308707,5964.63
13477,330524,5964.63
13477,352359,5964.66
13477,373990,5964.66
13477,395756,5964.6
13477,417390,5964.6
13477,438788,5964.6
13477,460156,5964.69
13477,482032,5964.69
13477,503904,5964.63
13477,525329,5964.63
13477,547060,5964.63
13477,568757,5964.63
13477,590458,5964.64
13477,612035,5964.64
13477,633595,5964.64
13477,655263,5964.69
13477,676796,5964.69
13477,6919900,5964.54
13477,6934262,5964.59
13477,6934512,5964.59
13477,6934803,5965.54
13477,6935094,5965.54
13477,6935446,5965.54
13477,6935732,5965.54
13477,6936014,5965.54
13477,6936305,5965.54
13477,6942244,5965.54
13477,6961544,5965.54
13477,6981632,5965.54
13477,7002622,5964.2
13477,7023770,5964.2
13477,7045023,5964.65
13477,7066441,5964.65
13477,7088099,5964.65
13477,7109519,5964.61
13477,7130841,5964.61
13477,7151994,5964.56
13477,7173125,5964.56
13477,7194882,5964.52
13477,7216402,5964.52
13477,7237852,5964.52
13477,7259258,5964.52
13477,7280709,5964.52
13477,7302276,5964.64
13477,7323535,5964.64
13477,7345119,5964.63
13477,7366661,5964.63
13477,7388028,5964.57
13477,7409457,5964.57
13477,7430909,5964.63
13477,7440041,5964.63
13477,7440112,5964.63
13477,698579,5964.59
13477,706978,5964.59
13477,707267,5964.62
13477,707558,5964.62
13477,714931,5965.54
13477,735017,5965.54
13477,756127,5965.54
13477,777391,5964.56
13477,798766,5964.56
13477,813925,5964.66
13477,814160,5964.66
13477,814455,5965.54
13477,819847,5965.54
13477,839440,5965.54
13477,860181,5965.54
13477,873306,5965.54
13477,873524,5964.3
13477,873829,5964.3
13477,883489,5965.54
13477,903587,5965.54
13477,924222,5964.62
13477,944932,5964.62
13477,965832,5964.62
13477,987065,5964.72
13477,1008054,5964.72
13477,1029059,5964.51
13477,1050163,5964.51
13477,1071574,5964.66
13477,1092650,5964.66
13477,1114054,5964.66
13477,1135548,5964.66
13477,1156847,5964.66
13477,1164240,5964.57
13477,1164534,5964.57
13477,1164869,5965.54
13477,1165161,5965.54
13477,1165390,5965.54
13477,1171858,5965.54
13477,1190698,5965.54
13477,1210401,5965.54
13477,1230447,5965.54
13477,1251092,5964.74
13477,1271239,5964.74
13477,1291930,5964.66
13477,1312921,5964.66
13477,1333445,5964.72
13477,1354795,5964.72
13477,1375618,5964.72
13477,1396631,5964.67
13477,1417616,5964.67
13477,1438368,5964.64
13477,1459751,5964.64
13477,1481382,5964.69
13477,1503076,5964.69
13477,1524896,5964.62
13477,1546549,5964.62
13477,1564816,5964.62
13477,1565025,5964.6
13477,1565314,5964.6
13477,1565607,5965.54
13477,1565947,5965.54
13477,1566307,5965.54
13477,1566601,5965.54
13477,1566891,5965.54
13477,1567105,5965.54
13477,1567409,5965.54
13477,1567688,5965.54
13477,1568024,5965.54
13477,1568327,5965.54
13477,1568560,5965.54
13477,1568851,5965.54
13477,1569166,5965.54
13477,1582528,5965.54
13477,1601632,5965.54
13477,1621558,5965.54
13477,1642116,5964.76
13477,1663006,5964.76
13477,1683759,5964.65
13477,1704890,5964.65
13477,1726422,5964.62
13477,1739790,5964.62
13477,1740146,5964.62
13477,1740442,5964.63
13477,1740720,5964.63
13477,1740943,5965.54
13477,1741242,5965.54
13477,1741533,5965.54
13477,1745297,5965.54
13477,1763703,5965.54
13477,1783690,5965.54
13477,1804020,5965.54
13477,1825341,5964.9
13477,1846525,5964.9
13477,1867787,5964.66
13477,1889456,5964.66
13477,1909241,5964.58
13477,1909447,5964.58
13477,1909738,5965.54
13477,1910089,5965.54
13477,1910381,5965.54
13477,1910662,5965.54
13477,1910894,5965.54
13477,1911183,5965.54
13477,1911525,5965.54
13477,1911822,5965.54
13477,1912099,5965.54
13477,1919291,5965.54
13477,1937613,5965.54
13477,1957566,5965.54
13477,1978046,5964.83
13477,1999184,5964.83
13477,2021169,5964.69
13477,2042933,5964.69
13477,2064767,5964.67
13477,2086577,5964.67
13477,2108217,5964.66
13477,2130112,5964.66
13477,2151897,5964.66
13477,2173203,5964.61
13477,2194745,5964.61
13477,2216244,5964.57
13477,2237754,5964.57
13477,2259122,5964.64
13477,2280521,5964.64
13477,2302153,5964.7
13477,2323505,5964.7
13477,2345050,5964.7
13477,2365906,5964.7
13477,2386996,5964.7
13477,2407881,5964.68
13477,2428888,5964.68
13477,2449604,5964.59
13477,2470832,5964.59
13477,2491577,5964.86
13477,2512696,5964.86
13477,2533316,5964.86
13477,2553802,5964.62
13477,2574555,5964.62
13477,2595521,5964.63
13477,2616707,5964.63
13477,2637882,5964.63
13477,2658816,5964.63
13477,2680166,5964.63
13477,2701519,5964.63
13477,2723277,5964.63
13477,2745268,5964.62
13477,2748176,5964.62
13477,2748446,5964.66
13477,2748746,5964.66
13477,2755914,5965.54
13477,2775788,5965.54
13477,2796763,5965.54
13477,2818129,5964.63
13477,2839675,5964.63
13477,2861273,5964.71
13477,2882796,5964.71
13477,2904544,5964.67
13477,2926216,5964.67
13477,2947931,5964.64
13477,2969864,5964.64
13477,2991961,5964.64
13477,3013651,5964.57
13477,3035358,5964.57
13477,3056667,5964.57
13477,3077729,5964.57
13477,3098931,5964.61
13477,3120239,5964.61
13477,3141609,5964.56
13477,3163218,5964.56
13477,3184494,5964.56
13477,3205582,5964.6
13477,3226957,5964.6
13477,3248618,5964.61
13477,3270115,5964.61
13477,3291493,5964.72
13477,3313167,5964.72
13477,3331161,5964.59
13477,3331459,5964.59
13477,3331749,5964.59
13477,3349269,5965.54
13477,3357037,5965.54
13477,3357307,5964.32
13477,3357643,5964.32
13477,3357949,5965.54
13477,3368198,5965.54
13477,3387904,5965.54
13477,3408543,5965.54
13477,3429402,5965.54
13477,3450331,5964.56
13477,3471500,5964.56
13477,3492629,5964.7
13477,3513623,5964.7
13477,3534767,5964.63
13477,3555965,5964.63
13477,3576841,5964.63
13477,3598473,5964.67
13477,3619870,5964.67
13477,3641366,5964.69
13477,3662559,5964.69
13477,3683968,5964.63
13477,3691294,5964.63
13477,3691581,5964.58
13477,3691873,5964.58
13477,3700083,5964.58
13477,3720115,5965.54
13477,3740863,5965.54
13477,3761717,5964.41
13477,3782727,5964.41
13477,3803973,5964.73
13477,3825448,5964.73
13477,3846464,5964.62
13477,3867700,5964.62
13477,3889168,5964.62
13477,3910357,5964.58
13477,3932087,5964.58
13477,3953591,5964.56
13477,3974848,5964.56
13477,3995944,5964.62
13477,4017248,5964.62
13477,4038472,5964.57
13477,4060074,5964.57
13477,4081321,5964.57
13477,4102699,5964.59
13477,4124154,5964.59
13477,4145755,5964.58
13477,4166958,5964.58
13477,4188049,5964.61
13477,4209456,5964.61
13477,4230924,5964.62
13477,4252338,5964.62
13477,4273900,5964.62
13477,4295613,5964.64
13477,4317121,5964.64
13477,4338503,5964.54
13477,4359859,5964.54
13477,4381233,5964.52
13477,4402466,5964.52
13477,4423864,5964.52
13477,4445361,5964.56
13477,4466747,5964.56
13477,4488446,5964.6
13477,4510135,5964.6
13477,4526799,5964.65
13477,4527056,5964.65
13477,4527351,5965.54
13477,4534586,5965.54
13477,4554576,5965.54
13477,4575137,5965.54
13477,4596172,5965.54
13477,4617528,5964.63
13477,4638796,5964.63
13477,4660318,5964.6
13477,4681796,5964.6
13477,4703033,5964.6
13477,4724286,5964.75
13477,4745911,5964.75
13477,4767293,5964.58
13477,4788542,5964.58
13477,4809810,5964.67
13477,4830845,5964.67
13477,4852406,5964.63
13477,4873802,5964.63
13477,4895034,5964.63
13477,4916554,5964.56
13477,4937781,5964.56
13477,4959201,5964.46
13477,4980797,5964.46
13477,5002289,5964.67
13477,5023696,5964.67
13477,5045303,5964.57
13477,5066582,5964.57
13477,5088081,5964.57
13477,5109708,5964.67
13477,5114033,5964.67
13477,5114254,5964.64
13477,5114601,5964.64
13477,5114885,5965.54
13477,5115112,5965.54
13477,5115464,5965.54
13477,5115750,5965.54
13477,5116053,5965.54
13477,5116334,5965.54
13477,5116627,5965.54
13477,5116848,5965.54
13477,5117200,5965.54
13477,5117483,5965.54
13477,5117699,5965.54
13477,5118012,5965.54
13477,5118345,5965.54
13477,5118645,5965.54
13477,5118944,5965.54
13477,5119222,5965.54
13477,5119509,5965.54
13477,5119808,5965.54
13477,5120035,5965.54
13477,5120326,5965.54
13477,5120617,5965.54
13477,5120908,5965.54
13477,5121183,5965.54
13477,5121482,5965.54
13477,5131683,5965.54
13477,5149708,5965.54
13477,5168580,5965.54
13477,5188498,5964.75
13477,5208851,5964.75
13477,5229394,5964.66
13477,5250442,5964.66
13477,5271315,5964.66
13477,5292306,5964.6
13477,5313513,5964.6
13477,5334664,5964.63
13477,5355530,5964.63
13477,5376784,5964.62
13477,5397883,5964.62
13477,5419279,5964.62
13477,5440271,5964.66
13477,5461431,5964.66
13477,5482788,5964.67
13477,5504535,5964.67
13477,5525961,5964.6
13477,5547442,5964.6
13477,5568906,5964.61
13477,5590070,5964.61
13477,5611555,5964.61
13477,5633043,5964.65
13477,5655062,5964.65
13477,5676622,5964.61
13477,5698222,5964.61
13477,5719771,5964.63
13477,5741531,5964.63
13477,5763210,5964.63
13477,5785321,5964.65
13477,5807090,5964.65
13477,5828537,5964.65
13477,5850121,5964.65
13477,5871558,5964.55
13477,5893012,5964.55
13477,5914768,5964.64
13477,5936365,5964.64
13477,5957959,5964.64
13477,5979414,5964.58
13477,6001175,5964.58
13477,6022812,5964.67
13477,6044437,5964.67
13477,6065797,5964.6
13477,6087048,5964.6
13477,6089670,5964.56
13477,6089954,5964.56
13477,6090307,5964.56
13477,6103179,5965.54
13477,6123248,5965.54
13477,6143750,5964.82
13477,6164361,5964.82
13477,6184997,5964.44
13477,6205705,5964.44
13477,6226710,5964.58
13477,6247722,5964.58
13477,6269224,5964.58
13477,6290455,5964.68
13477,6298289,5964.68
13477,6298574,5964.59
13477,6306822,5964.59
13477,6326819,5965.54
13477,6347507,5965.54
13477,6352814,5964.6
13477,6353162,5964.6
13477,6353445,5964.6
13477,6353729,5965.54
13477,6353966,5965.54
13477,6354290,5965.54
13477,6354544,5965.54
13477,6354837,5965.54
13477,6355122,5965.54
13477,6355470,5965.54
13477,6355700,5965.54
13477,6355984,5965.54
13477,6356290,5965.54
13477,6356616,5965.54
13477,6356857,5965.54
13477,6357209,5965.54
13477,6357431,5965.54
13477,6357719,5965.54
13477,6358009,5965.54
13477,6358343,5965.54
13477,6358643,5965.54
13477,6358876,5965.54
13477,6359168,5965.54
13477,6359493,5965.54
13477,6359739,5965.54
13477,6360088,5965.54
13477,6372821,5965.54
13477,6391253,5965.54
13477,6411092,5964.51
13477,6431600,5964.51
13477,6452354,5964.69
13477,6473450,5964.69
13477,6494707,5964.7
13477,6516119,5964.7
13477,6537466,5964.68
13477,6559098,5964.68
13477,6580235,5964.68
13477,6601291,5964.56
13477,6621987,5964.56
13477,6642666,5964.63
13477,6663147,5964.63
13477,6684086,5964.54
13477,6704985,5964.54
13477,6725903,5964.54
13477,6746916,5964.65
13477,6768104,5964.65
13477,6789589,5964.63
13477,6811372,5964.63
13477,6833130,5964.54
13477,6854761,5964.54
13477,6876260,5964.54
13477,6898285,5964.54
13478,59386,5964.64
13478,80534,5964.64
13478,92702,5964.56
13478,93020,5964.56
13478,100292,5965.54
13478,120637,5965.54
13478,141228,5964.67
13478,162488,5964.67
13478,183753,5964.55
13478,204988,5964.55
13478,225979,5964.55
13478,247226,5964.54
13478,268604,5964.54
13478,290252,5964.57
13478,312008,5964.57
13478,333615,5964.49
13478,355273,5964.49
13478,376740,5964.51
13478,396872,5964.51
13478,397184,5964.51
13478,397414,5964.59
13478,397755,5964.59
13478,398046,5965.54
13478,398339,5965.54
13478,398550,5965.54
13478,398856,5965.54
13478,399149,5965.54
13478,399472,5965.54
13478,399786,5965.54
13478,400065,5965.54
13478,409748,5965.54
13478,428774,5965.54
13478,448937,5965.54
13478,469449,5964.6
13478,490659,5964.6
13478,511973,5964.6
13478,533348,5964.63
13478,554733,5964.63
13478,575721,5964.56
13478,597209,5964.56
13478,618398,5964.54
13478,639486,5964.54
13478,661015,5964.69
13478,682599,5964.69
13478,6867614,5964.57
13478,6889006,5964.57
13478,6910001,5964.61
13478,6931378,5964.61
13478,6952735,5964.49
13478,6974069,5964.49
13478,6995398,5964.64
13478,7016612,5964.64
13478,7038087,5964.56
13478,7059511,5964.56
13478,7081260,5964.56
13478,7102802,5964.79
13478,7124450,5964.79
13478,7145767,5964.53
13478,7167280,5964.53
13478,7189157,5964.49
13478,7210572,5964.49
13478,7232171,5964.63
13478,7253913,5964.63
13478,7275682,5964.63
13478,7297104,5964.54
13478,7318809,5964.54
13478,7340574,5964.59
13478,7362272,5964.59
13478,7383991,5964.61
13478,7405633,5964.61
13478,7427243,5964.52
13478,7448734,5964.52
13478,7470752,5964.52
13478,7492373,5964.56
13478,7514141,5964.56
13478,7536042,5964.62
13478,703891,5964.69
13478,725508,5964.58
13478,746730,5964.58
13478,767722,5964.55
13478,789256,5964.55
13478,810728,5964.62
13478,832358,5964.62
13478,853857,5964.62
13478,876000,5964.62
13478,897968,5964.62
13478,920294,5964.62
13478,942690,5964.62
13478,964829,5964.62
13478,986509,5964.62
13478,1007577,5964.61
13478,1028939,5964.61
13478,1050450,5964.66
13478,1071711,5964.66
13478,1092961,5964.66
13478,1114190,5964.55
13478,1135584,5964.55
13478,1157064,5964.64
13478,1178578,5964.64
13478,1200129,5964.73
13478,1221465,5964.73
13478,1242708,5964.63
13478,1264063,5964.63
13478,1271705,5964.63
13478,1272012,5964.66
13478,1276243,5964.66
13478,1295582,5965.54
13478,1316209,5965.54
13478,1337198,5964.25
13478,1358311,5964.25
13478,7557790,5964.62
13478,7579423,5964.63
13478,7601324,5964.63
13478,7622816,5964.59
13478,7644458,5964.59
13478,7666070,5964.59
13478,7687986,5964.58
13478,7709832,5964.58
13478,7731475,5964.52
13478,7753038,5964.52
13478,7775151,5964.59
13478,7797222,5964.59
13478,7818917,5964.59
13478,7840548,5964.53
13478,7845206,5964.53
13478,7845481,5964.56
13478,7845825,5964.56
13478,7864510,5965.54
13478,7885401,5965.54
13478,7906504,5964.68
13478,7928039,5964.68
13478,7949692,5964.68
13478,7971025,5964.64
13478,7992642,5964.64
13478,8014372,5964.56
13478,8035696,5964.56
13478,8057300,5964.6
13478,8079036,5964.6
13478,8100857,5964.6
13478,8122839,5964.54
13478,8144573,5964.54
13478,8166263,5964.58
13478,8187981,5964.58
13478,8209497,5964.56
13478,8231098,5964.56
13478,8252618,5964.56
13478,8273919,5964.56
13478,8295495,5964.56
13478,8317122,5964.55
13478,8338759,5964.55
13478,8360527,5964.5
13478,8382162,5964.5
13478,8403880,5964.56
13478,8425520,5964.56
13478,8447292,5964.55
13478,8468936,5964.55
13478,8490820,5964.55
13478,8512706,5964.44
13478,8534569,5964.44
13478,8556607,5964.64
13478,8578768,5964.64
13478,8600692,5964.6
13478,8622810,5964.6
13478,8644402,5964.6
13478,8666429,5964.65
13478,8688336,5964.65
13478,8710233,5964.64
13478,8732187,5964.64
13478,8754140,5964.57
13478,8776135,5964.57
13478,8798174,5964.61
13478,8820431,5964.61
13478,8842501,5964.61
13478,8864468,5964.49
13478,8886271,5964.49
13478,8908123,5964.42
13478,8930514,5964.42
13478,8952319,5964.47
13478,8974600,5964.47
13478,8997058,5964.36
13478,9019206,5964.36
13478,9041341,5964.36
13478,9063119,5964.36
13478,9084378,5964.36
13478,9084412,5964.31
13478,1379368,5964.8
13478,1400921,5964.8
13478,1422367,5964.8
13478,1443940,5964.62
13478,1465161,5964.62
13478,1486440,5964.61
13478,1507952,5964.61
13478,1529258,5964.57
13478,1550443,5964.57
13478,1571667,5964.64
13478,1593685,5964.64
13478,1615068,5964.64
13478,1636461,5964.64
13478,1658146,5964.64
13478,1679839,5964.65
13478,1701577,5964.65
13478,1723305,5964.7
13478,1744765,5964.7
13478,1766751,5964.7
13478,1788378,5964.64
13478,1809880,5964.64
13478,1831435,5964.61
13478,1852761,5964.61
13478,1874528,5964.59
13478,1896249,5964.59
13478,1917911,5964.57
13478,1939823,5964.57
13478,1961320,5964.57
13478,1983086,5964.67
13478,2005078,5964.67
13478,2026823,5964.61
13478,2048506,5964.61
13478,2070250,5964.62
13478,2091875,5964.62
13478,2113370,5964.62
13478,2135209,5964.62
13478,2157019,5964.62
13478,2178444,5964.6
13478,2199649,5964.6
13478,2221806,5964.65
13478,2243433,5964.65
13478,2264716,5964.59
13478,2286301,5964.59
13478,2308209,5964.66
13478,2329694,5964.66
13478,2351317,5964.66
13478,2373140,5964.62
13478,2394834,5964.62
13478,2416601,5964.58
13478,2438108,5964.58
13478,2459614,5964.64
13478,2481516,5964.64
13478,2503410,5964.68
13478,2524779,5964.68
13478,2546321,5964.68
13478,2567691,5964.6
13478,2589400,5964.6
13478,2604734,5964.54
13478,2604977,5964.54
13478,2605269,5965.54
13478,2605887,5965.54
13478,2625190,5965.54
13478,2646054,5965.54
13478,2667311,5965.54
13478,2688563,5963.98
13478,2710084,5963.98
13478,2731457,5964.62
13478,2752945,5964.62
13478,2774531,5964.59
13478,2796209,5964.59
13478,2810306,5964.59
13478,2810569,5964.6
13478,2816314,5964.6
13478,2836487,5965.54
13478,2857896,5965.54
13478,2879141,5964.56
13478,2900506,5964.56
13478,2922335,5964.63
13478,2944197,5964.63
13478,2965541,5964.63
13478,2987179,5964.59
13478,3001729,5964.59
13478,3001975,5964.62
13478,3002327,5964.62
13478,3013134,5965.54
13478,3033750,5965.54
13478,3055015,5964.63
13478,3076379,5964.63
13478,3098261,5964.63
13478,3119779,5964.55
13478,3141396,5964.55
13478,3162779,5964.67
13478,3184281,5964.67
13478,3205797,5964.63
13478,3227309,5964.63
13478,3248781,5964.63
13478,3270186,5964.76
13478,3291688,5964.76
13478,3312922,5964.61
13478,3334303,5964.61
13478,3355670,5964.65
13478,3377063,5964.65
13478,3398220,5964.67
13478,3419152,5964.67
13478,3440555,5964.67
13478,3461797,5964.62
13478,3483192,5964.62
13478,3504708,5964.65
13478,3526127,5964.65
13478,3547682,5964.5
13478,3568937,5964.5
13478,3590159,5964.6
13478,3611283,5964.6
13478,3632407,5964.6
13478,3653690,5964.68
13478,3675039,5964.68
13478,3696423,5964.68
13478,3711664,5964.68
13478,3711952,5964.55
13478,3712238,5964.55
13478,3712534,5965.54
13478,3717239,5965.54
13478,3736244,5965.54
13478,3756465,5965.54
13478,3777200,5965.54
13478,3798053,5964.31
13478,3819045,5964.31
13478,3840192,5964.59
13478,3861021,5964.59
13478,3882308,5964.59
13478,3903402,5964.59
13478,3924788,5964.59
13478,3946392,5964.62
13478,3967560,5964.62
13478,3989172,5964.58
13478,4010672,5964.58
13478,4032156,5964.62
13478,4053808,5964.62
13478,4075612,5964.6
13478,4097309,5964.6
13478,4119068,5964.6
13478,4140595,5964.58
13478,4162465,5964.58
13478,4184234,5964.63
13478,4205969,5964.63
13478,4227633,5964.59
13478,4249515,5964.59
13478,4271039,5964.55
13478,4292840,5964.55
13478,4314794,5964.55
13478,4336819,5964.56
13478,4358362,5964.56
13478,4380213,5964.62
13478,4401780,5964.62
13478,4423366,5964.57
13478,4445091,5964.57
13478,4466510,5964.66
13478,4488325,5964.66
13478,4509994,5964.66
13478,4532261,5964.58
13478,4554420,5964.58
13478,4576413,5964.63
13478,4598454,5964.63
13478,4620453,5964.58
13478,4642457,5964.58
13478,4657751,5964.58
13478,4657996,5964.69
13478,4658293,5964.69
13478,4658577,5965.54
13478,4658868,5965.54
13478,4659142,5965.54
13478,4659509,5965.54
13478,4659736,5965.54
13478,4660071,5965.54
13478,4660295,5965.54
13478,4660597,5965.54
13478,4660897,5965.54
13478,4661300,5965.54
13478,4661598,5965.54
13478,4670890,5965.54
13478,4689846,5965.54
13478,4709935,5964.57
13478,4730300,5964.57
13478,4750907,5964.57
13478,4771643,5964.67
13478,4792627,5964.67
13478,4813985,5964.54
13478,4835171,5964.54
13478,4856185,5964.58
13478,4877749,5964.58
13478,4899114,5964.53
13478,4920764,5964.53
13478,4942137,5964.53
13478,4963748,5964.52
13478,4985245,5964.52
13478,5006524,5964.54
13478,5027946,5964.54
13478,5049644,5964.55
13478,5071136,5964.55
13478,5092415,5964.55
13478,5113929,5964.55
13478,5135537,5964.55
13478,5157046,5964.54
13478,5178672,5964.54
13478,5187938,5964.61
13478,5188173,5964.61
13478,5204814,5965.54
13478,5225815,5965.54
13478,5247041,5964.52
13478,5268539,5964.52
13478,5290073,5964.52
13478,5311560,5964.68
13478,5333081,5964.68
13478,5354819,5964.58
13478,5376590,5964.58
13478,5398189,5964.66
13478,5419853,5964.66
13478,5441604,5964.66
13478,5463104,5964.57
13478,5484627,5964.57
13478,5506128,5964.54
13478,5527686,5964.54
13478,5549264,5964.51
13478,5570879,5964.51
13478,5592427,5964.58
13478,5614093,5964.58
13478,5636077,5964.58
13478,5657805,5964.69
13478,5679445,5964.69
13478,5701368,5964.54
13478,5723236,5964.54
13478,5744832,5964.59
13478,5766885,5964.59
13478,5788615,5964.58
13478,5810126,5964.58
13478,5832018,5964.58
13478,5853653,5964.6
13478,5875268,5964.6
13478,5897290,5964.64
13478,5918937,5964.64
13478,5940543,5964.63
13478,5962065,5964.63
13478,5983960,5964.58
13478,6005691,5964.58
13478,6026963,5964.58
13478,6048448,5964.58
13478,6070084,5964.58
13478,6091197,5964.58
13478,6091511,5964.58
13478,6091793,5965.54
13478,6097584,5965.54
13478,6117652,5965.54
13478,6138528,5965.54
13478,6159859,5965.54
13478,6181315,5964.58
13478,6202541,5964.58
13478,6223661,5964.47
13478,6244929,5964.47
13478,6266323,5964.59
13478,6287876,5964.59
13478,6309154,5964.59
13478,6330649,5964.53
13478,6352145,5964.53
13478,6373454,5964.5
13478,6394921,5964.5
13478,6416802,5964.59
13478,6438568,5964.59
13478,6460316,5964.55
13478,6481693,5964.55
13478,6502803,5964.55
13478,6524077,5964.61
13478,6545448,5964.61
13478,6566709,5964.59
13478,6588075,5964.59
13478,6609457,5964.54
13478,6631073,5964.54
13478,6652570,5964.61
13478,6673814,5964.61
13478,6695209,5964.61
13478,6716912,5964.62
13478,6738311,5964.62
13478,6759856,5964.61
13478,6781481,5964.61
13478,6803103,5964.34
13478,6824733,5964.34
13478,6846260,5964.57
13479,1009,5964.36
13479,1319,5965.54
13479,1530,5965.54
13479,1834,5965.54
13479,2189,5965.54
13479,2467,5965.54
13479,2755,5965.54
13479,2976,5965.54
13479,3286,5965.54
13479,3635,5965.54
13479,5670,5965.54
13479,22800,5965.54
13479,41849,5964.39
13479,62289,5964.39
13479,82648,5964.39
13479,103947,5964.3
13479,125515,5964.3
13479,146680,5964.34
13479,167768,5964.34
13479,188957,5964.28
13479,210186,5964.28
13479,231569,5964.28
13479,252942,5964.23
13479,274304,5964.23
13479,295558,5964.28
13479,317073,5964.28
13479,338211,5964.27
13479,359692,5964.27
13479,381017,5964.25
13479,402443,5964.25
13479,424266,5964.25
13479,446126,5964.25
13479,468105,5964.25
13479,490002,5964.18
13479,511498,5964.18
13479,533239,5964.2
13479,554744,5964.2
13479,576652,5964.16
13479,598530,5964.16
13479,620509,5964.16
13479,642317,5964.33
13479,663891,5964.33
13479,6822352,5964.52
13479,6844604,5964.48
13479,6846998,5964.48
13479,6847282,5964.48
13479,6847574,5965.54
13479,6847857,5965.54
13479,6848145,5965.54
13479,6848504,5965.54
13479,6848785,5965.54
13479,6849079,5965.54
13479,6849362,5965.54
13479,6849597,5965.54
13479,6849940,5965.54
13479,6850233,5965.54
13479,6850442,5965.54
13479,6850747,5965.54
13479,6851037,5965.54
13479,6851324,5965.54
13479,6851668,5965.54
13479,6851956,5965.54
13479,6852172,5965.54
13479,6852460,5965.54
13479,6852767,5965.54
13479,6853068,5965.54
13479,6853354,5965.54
13479,6853623,5965.54
13479,6853974,5965.54
13479,6854197,5965.54
13479,6854495,5965.54
13479,6854787,5965.54
13479,6855078,5965.54
13479,6855416,5965.54
13479,6855711,5965.54
13479,6855948,5965.54
13479,6856237,5965.54
13479,6856526,5965.54
13479,6856869,5965.54
13479,6857159,5965.54
13479,6857384,5965.54
13479,6857679,5965.54
13479,6857965,5965.54
13479,6858254,5965.54
13479,6858595,5965.54
13479,6858897,5965.54
13479,6859186,5965.54
13479,6859406,5965.54
13479,6859692,5965.54
13479,6859982,5965.54
13479,6860273,5965.54
13479,6860626,5965.54
13479,6860919,5965.54
13479,6861200,5965.54
13479,6861427,5965.54
13479,6861724,5965.54
13479,6862064,5965.54
13479,6862347,5965.54
13479,6862646,5965.54
13479,6863003,5965.54
13479,6863239,5965.54
13479,6863526,5965.54
13479,6863795,5965.54
13479,6871875,5965.54
13479,6889177,5965.54
13479,6907955,5965.54
13479,6927293,5965.54
13479,6947026,5964.58
13479,6966666,5964.58
13479,6986558,5964.62
13479,7006918,5964.62
13479,7027790,5964.58
13479,7041524,5964.58
13479,7041820,5964.58
13479,7042040,5964.44
13479,7042332,5964.44
13479,7042622,5965.54
13479,7042904,5965.54
13479,7043252,5965.54
13479,7043549,5965.54
13479,7043833,5965.54
13479,7044122,5965.54
13479,7044345,5965.54
13479,7044646,5965.54
13479,7044929,5965.54
13479,7045219,5965.54
13479,7045511,5965.54
13479,7045860,5965.54
13479,7060544,5965.54
13479,7079389,5964.75
13479,7098834,5964.75
13479,7118957,5964.75
13479,7139692,5964.05
13479,7160273,5964.05
13479,7181343,5964.57
13479,7202949,5964.57
13479,7224415,5964.61
13479,7245789,5964.61
13479,7267630,5964.59
13479,7283541,5964.59
13479,7283834,5964.59
13479,7284187,5964.48
13479,7284461,5964.48
13479,7284755,5965.54
13479,7291320,5965.54
13479,7311160,5965.54
13479,7332273,5965.54
13479,7353376,5964.8
13479,7374505,5964.8
13479,7395746,5964.8
13479,7417272,5964.46
13479,7438744,5964.46
13479,7460514,5964.5
13479,7481893,5964.5
13479,7503514,5964.51
13479,685451,5964.36
13479,706935,5964.36
13479,728324,5964.39
13479,750058,5964.39
13479,771744,5964.48
13479,793087,5964.48
13479,814742,5964.48
13479,836227,5964.49
13479,857599,5964.49
13479,879504,5964.51
13479,900751,5964.51
13479,922005,5964.44
13479,943237,5964.44
13479,964368,5964.44
13479,984724,5964.39
13479,985031,5964.39
13479,985260,5962.87
13479,985598,5962.87
13479,989407,5965.54
13479,1009114,5965.54
13479,1029617,5965.12
13479,1050711,5965.12
13479,1072085,5965.12
13479,1093825,5964.74
13479,1115373,5964.74
13479,1137380,5964.59
13479,1159232,5964.59
13479,1181015,5964.53
13479,1202879,5964.53
13479,1224842,5964.53
13479,1246706,5964.51
13479,1268699,5964.51
13479,1275921,5964.51
13479,1276263,5964.51
13479,1289655,5965.54
13479,1311285,5965.54
13479,1332901,5964.53
13479,1354802,5964.53
13479,7525437,5964.51
13479,7547249,5964.51
13479,7566519,5964.55
13479,7566814,5964.55
13479,7567039,5964.54
13479,7567326,5964.54
13479,7567614,5965.54
13479,7567962,5965.54
13479,7568249,5965.54
13479,7568541,5965.54
13479,7568782,5965.54
13479,7570387,5965.54
13479,7584076,5965.54
13479,7584322,5965.54
13479,7584650,5965.54
13479,7584959,5965.54
13479,7585240,5965.54
13479,7585469,5965.54
13479,7585746,5965.54
13479,7586051,5965.54
13479,7586715,5965.54
13479,7603678,5965.54
13479,7623386,5965.54
13479,7643732,5965.54
13479,7664173,5964.5
13479,7684689,5964.5
13479,7705391,5964.54
13479,7726182,5964.54
13479,7747156,5964.54
13479,7767869,5964.56
13479,7789262,5964.56
13479,7810469,5964.57
13479,7832031,5964.57
13479,7853273,5964.43
13479,7874900,5964.43
13479,7896274,5964.43
13479,7917959,5964.47
13479,7939674,5964.47
13479,7961165,5964.5
13479,7982825,5964.5
13479,8004737,5964.43
13479,8026466,5964.43
13479,8038178,5964.54
13479,8038463,5964.54
13479,8038808,5964.54
13479,8039094,5965.54
13479,8053501,5965.54
13479,8073952,5965.54
13479,8095105,5965.54
13479,8116610,5964.36
13479,8121340,5964.36
13479,8121573,5965.54
13479,8140350,5965.54
13479,8162147,5965.54
13479,8184087,5964.51
13479,8206366,5964.51
13479,8228264,5964.49
13479,8250019,5964.49
13479,8272057,5964.46
13479,8294363,5964.46
13479,8316329,5964.58
13479,8338205,5964.58
13479,8360470,5964.58
13479,8382258,5964.54
13479,8404247,5964.54
13479,8426137,5964.55
13479,8448106,5964.55
13479,8470301,5964.53
13479,8492319,5964.53
13479,8514128,5964.54
13479,8536086,5964.54
13479,8558257,5964.54
13479,8580445,5964.46
13479,8602707,5964.46
13479,8624944,5964.47
13479,8647209,5964.47
13479,8669334,5964.5
13479,8691236,5964.5
13479,8713519,5964.5
13479,8735135,5964.5
13479,8757017,5964.5
13479,8778916,5964.52
13479,8800875,5964.52
13479,8822336,5964.54
13479,8844142,5964.54
13479,8865790,5964.52
13479,8887733,5964.52
13479,8909848,5964.52
13479,8931629,5964.52
13479,8953521,5964.52
13479,8975236,5964.5
13479,8997041,5964.5
13479,9013343,5964.49
13479,9013573,5964.49
13479,9013852,5965.54
13479,9029688,5965.54
13479,9051068,5965.54
13479,9072141,5964.57
13479,9093276,5964.57
13479,9114394,5964.51
13479,9135761,5964.51
13479,9157212,5964.45
13479,9178643,5964.45
13479,9199806,5964.61
13479,9221767,5964.61
13479,9244200,5964.61
13479,9266711,5964.42
13479,9289386,5964.42
13479,9311520,5964.46
13479,9333688,5964.46
13479,9355546,5964.48
13479,9377449,5964.48
13479,9399108,5964.48
13479,9420812,5964.5
13479,9442463,5964.5
13479,9464484,5964.49
13479,9486357,5964.49
13479,9507989,5964.56
13479,9525569,5964.56
13479,9525882,5964.53
13479,9526178,5964.53
13479,9544092,5964.53
13479,9565091,5965.54
13479,9586584,5965.54
13479,9608463,5964.65
13479,9630120,5964.65
13479,9651989,5964.48
13479,9673625,5964.48
13479,9695889,5964.48
13479,9718201,5964.52
13479,9740031,5964.52
13479,9761734,5964.49
13479,9783707,5964.49
13479,9805590,5964.47
13479,9818315,5964.47
13479,9818639,5964.43
13479,9818930,5964.43
13479,9819160,5964.43
13479,9819523,5965.54
13479,9831817,5965.54
13479,9852551,5965.54
13479,9873533,5965.54
13479,9895553,5965.1
13479,9917309,5965.1
13479,9939192,5964.49
13479,9953872,5964.49
13479,9954197,5964.49
13479,9954491,5964.53
13479,9966677,5964.53
13479,9987179,5965.54
13479,10008384,5965.54
13479,10030283,5964.57
13479,10030619,5964.57
13479,10030837,5965.54
13479,10050123,5965.54
13479,10071353,5965.54
13479,10093489,5964.57
13479,10115646,5964.57
13479,10137796,5964.39
13479,10160203,5964.39
13479,10182683,5964.52
13479,10204602,5964.52
13479,10226722,5964.52
13479,10248770,5964.58
13479,10270676,5964.58
13479,10292913,5964.62
13479,10315057,5964.62
13479,10337085,5964.57
13479,10358969,5964.57
13479,10381251,5964.55
13479,10403494,5964.55
13479,10417208,5964.55
13479,10417429,5964.52
13479,10417725,5964.52
13479,10418009,5965.54
13479,10429742,5965.54
13479,10450086,5965.54
13479,10471340,5965.54
13479,10492579,5964.74
13479,10514084,5964.74
13479,10535832,5964.74
13479,10557541,5964.56
13479,10579222,5964.56
13479,10601027,5964.62
13479,10622888,5964.62
13479,10644652,5964.49
13479,10666622,5964.49
13479,10688327,5964.49
13479,10710181,5964.55
13479,10731567,5964.55
13479,10753309,5964.56
13479,10774897,5964.56
13479,10796594,5964.45
13479,10818603,5964.45
13479,10840496,5964.48
13479,10862709,5964.48
13479,10885229,5964.48
13479,10907449,5964.48
13479,10929374,5964.48
13479,10950987,5964.45
13479,10972882,5964.45
13479,10994790,5964.5
13479,11016370,5964.5
13479,11038126,5964.61
13479,11059751,5964.61
13479,11081751,5964.61
13479,11104039,5964.48
13479,11126557,5964.48
13479,11149365,5964.5
13479,11171712,5964.5
13479,11194164,5964.48
13479,11216677,5964.48
13479,11221950,5964.4
13479,11222218,5964.4
13479,11222591,5964.4
13479,11222878,5965.54
13479,11223163,5965.54
13479,11223394,5965.54
13479,11223679,5965.54
13479,11224013,5965.54
13479,11224261,5965.54
13479,11224552,5965.54
13479,11240495,5965.54
13479,11258648,5965.54
13479,11258888,5964.44
13479,11259240,5964.44
13479,11259465,5965.54
13479,11259813,5965.54
13479,11267499,5965.54
13479,11287250,5965.54
13479,11307948,5965.54
13479,11329461,5964.05
13479,11350959,5964.05
13479,11372670,5964.66
13479,11394363,5964.66
13479,11416359,5964.6
13479,11438223,5964.6
13479,11460094,5964.54
13479,11481671,5964.54
13479,11503415,5964.54
13479,11525420,5964.52
13479,11547786,5964.52
13479,11569836,5964.48
13479,11591877,5964.48
13479,11602795,5964.4
13479,11603088,5964.4
13479,11617016,5965.54
13479,11637904,5965.54
13479,11659161,5965.54
13479,11680641,5964.45
13479,11702148,5964.45
13479,11723657,5964.56
13479,11745690,5964.56
13479,11767187,5964.57
13479,11788640,5964.57
13479,11810324,5964.57
13479,11831514,5964.57
13479,11853134,5964.57
13479,11874537,5964.54
13479,11895816,5964.54
13479,11917328,5964.59
13479,11939204,5964.59
13479,11939519,5964.53
13479,11939753,5964.53
13479,11940035,5965.54
13479,11940325,5965.54
13479,11953904,5965.54
13479,11974376,5965.54
13479,11995655,5965.54
13479,12005869,5964.65
13479,12006194,5964.65
13479,12006483,5965.54
13479,12006845,5965.54
13479,12023531,5965.54
13479,12044351,5965.54
13479,12065583,5965.54
13479,12087224,5964.38
13479,12109251,5964.38
13479,12111317,5964.53
13479,12111617,5964.53
13479,12111871,5965.54
13479,12126497,5965.54
13479,12147874,5964.42
13479,12169770,5964.42
13479,12191885,5964.42
13479,12213422,5964.85
13479,12218917,5964.85
13479,12219205,5964.47
13479,12219491,5964.47
13479,12219780,5965.54
13479,12234460,5965.54
13479,12254887,5965.54
13479,12275616,5964.32
13479,12296522,5964.32
13479,12318400,5964.23
13479,12340653,5964.23
13479,12362801,5964.52
13479,12385077,5964.52
13479,12407171,5964.62
13479,12415727,5964.62
13479,12416011,5964.62
13479,12416239,5965.54
13479,12416536,5965.54
13479,12426290,5965.54
13479,12447250,5965.54
13479,12468725,5964.47
13479,12490843,5964.47
13479,12512927,5964.02
13479,12535129,5964.02
13479,12557592,5964.02
13479,12572959,5964.47
13479,12573295,5964.47
13479,12573590,5965.54
13479,12573811,5965.54
13479,12574095,5965.54
13479,12574399,5965.54
13479,12574685,5965.54
13479,12574757,5965.54
13479,1376376,5964.53
13479,1398334,5964.64
13479,1420173,5964.64
13479,1441975,5964.55
13479,1463485,5964.55
13479,1484975,5964.49
13479,1507100,5964.49
13479,1528946,5964.54
13479,1550875,5964.54
13479,1572657,5964.54
13479,1594202,5964.57
13479,1616324,5964.57
13479,1637310,5964.52
13479,1637526,5964.52
13479,1637815,5965.54
13479,1638117,5965.54
13479,1638441,5965.54
13479,1638710,5965.54
13479,1649270,5965.54
13479,1669642,5965.54
13479,1690412,5965.54
13479,1711346,5964.01
13479,1732637,5964.01
13479,1753969,5964.46
13479,1775485,5964.46
13479,1796617,5964.46
13479,1818289,5964.62
13479,1839746,5964.62
13479,1861232,5964.56
13479,1882545,5964.56
13479,1904043,5964.56
13479,1925512,5964.56
13479,1947006,5964.59
13479,1968514,5964.59
13479,1989961,5964.59
13479,2011400,5964.54
13479,2033134,5964.54
13479,2054629,5964.54
13479,2075985,5964.54
13479,2097440,5964.6
13479,2119283,5964.6
13479,2140806,5964.51
13479,2162380,5964.51
13479,2183470,5964.51
13479,2205308,5964.55
13479,2227086,5964.55
13479,2249340,5964.55
13479,2271239,5964.55
13479,2293048,5964.58
13479,2314903,5964.58
13479,2337034,5964.59
13479,2358567,5964.59
13479,2380417,5964.59
13479,2402564,5964.6
13479,2424951,5964.6
13479,2447475,5964.53
13479,2469625,5964.53
13479,2492041,5964.53
13479,2514391,5964.53
13479,2536830,5964.53
13479,2559349,5964.64
13479,2581351,5964.64
13479,2603880,5964.53
13479,2626300,5964.53
13479,2648307,5964.55
13479,2649652,5964.55
13479,2649942,5965.54
13479,2659749,5965.54
13479,2680614,5965.54
13479,2701484,5965.54
13479,2722726,5965.54
13479,2744365,5965.26
13479,2765584,5965.26
13479,2787005,5964.48
13479,2808481,5964.48
13479,2829976,5964.52
13479,2851323,5964.52
13479,2873011,5964.52
13479,2894738,5964.66
13479,2915793,5964.66
13479,2937645,5964.28
13479,2958869,5964.28
13479,2980608,5964.51
13479,3002267,5964.51
13479,3023661,5964.51
13479,3045264,5964.55
13479,3066786,5964.55
13479,3088455,5964.56
13479,3109911,5964.56
13479,3131430,5964.57
13479,3153311,5964.57
13479,3175282,5964.59
13479,3197078,5964.59
13479,3218496,5964.59
13479,3240240,5964.64
13479,3262481,5964.64
13479,3285021,5964.56
13479,3307239,5964.56
13479,3329685,5964.65
13479,3351962,5964.65
13479,3374609,5964.65
13479,3397015,5964.53
13479,3419549,5964.53
13479,3427293,5964.42
13479,3427574,5964.42
13479,3427933,5965.54
13479,3443370,5965.54
13479,3464878,5964.45
13479,3486629,5964.45
13479,3508404,5964.45
13479,3530206,5964.1
13479,3552045,5964.1
13479,3573621,5964.73
13479,3595037,5964.73
13479,3616930,5964.54
13479,3638152,5964.54
13479,3659794,5964.54
13479,3681311,5964.52
13479,3703081,5964.52
13479,3724322,5964.53
13479,3733262,5964.53
13479,3733556,5964.55
13479,3733782,5964.55
13479,3734800,5964.55
13479,3754104,5965.54
13479,3774969,5965.54
13479,3796173,5964.44
13479,3817456,5964.44
13479,3839089,5964.38
13479,3860452,5964.38
13479,3881879,5964.47
13479,3903088,5964.47
13479,3924853,5964.47
13479,3946852,5964.54
13479,3968503,5964.54
13479,3990372,5964.48
13479,4012007,5964.48
13479,4033909,5964.55
13479,4055805,5964.55
13479,4077793,5964.48
13479,4099821,5964.48
13479,4121964,5964.48
13479,4143718,5964.52
13479,4165738,5964.52
13479,4187847,5964.56
13479,4209608,5964.56
13479,4231293,5964.59
13479,4253064,5964.59
13479,4275040,5964.59
13479,4296937,5964.52
13479,4318924,5964.52
13479,4340838,5964.66
13479,4362622,5964.66
13479,4384481,5964.56
13479,4406525,5964.56
13479,4428140,5964.63
13479,4449904,5964.63
13479,4471785,5964.63
13479,4493607,5964.55
13479,4515941,5964.55
13479,4537857,5964.53
13479,4560031,5964.53
13479,4582120,5964.51
13479,4603983,5964.51
13479,4625767,5964.51
13479,4647528,5964.55
13479,4669337,5964.55
13479,4691297,5964.5
13479,4710509,5964.5
13479,4710793,5964.47
13479,4711033,5964.47
13479,4711379,5965.54
13479,4714488,5965.54
13479,4734254,5965.54
13479,4755239,5965.54
13479,4776363,5965.54
13479,4797562,5963.59
13479,4819370,5963.59
13479,4840775,5964.61
13479,4862530,5964.61
13479,4884022,5964.52
13479,4905813,5964.52
13479,4927383,5964.52
13479,4949310,5964.54
13479,4970948,5964.54
13479,4992827,5964.5
13479,5014722,5964.5
13479,5037002,5964.51
13479,5058990,5964.51
13479,5081009,5964.47
13479,5103316,5964.47
13479,5125431,5964.47
13479,5147703,5964.55
13479,5170214,5964.55
13479,5192766,5964.48
13479,5215155,5964.48
13479,5237690,5964.58
13479,5259745,5964.58
13479,5281883,5964.58
13479,5303363,5964.59
13479,5325061,5964.59
13479,5346347,5964.36
13479,5367743,5964.36
13479,5389368,5964.51
13479,5411265,5964.51
13479,5433256,5964.63
13479,5455272,5964.63
13479,5477171,5964.63
13479,5498831,5964.45
13479,5520553,5964.45
13479,5542465,5964.52
13479,5564290,5964.52
13479,5580917,5964.58
13479,5581138,5964.58
13479,5581426,5965.54
13479,5585598,5965.54
13479,5606091,5965.54
13479,5627132,5965.54
13479,5648851,5965.54
13479,5670675,5964.34
13479,5691769,5964.34
13479,5692111,5964.56
13479,5692388,5964.56
13479,5698838,5965.54
13479,5699194,5965.54
13479,5709673,5965.54
13479,5726148,5965.54
13479,5726429,5965.54
13479,5729131,5965.54
13479,5749493,5965.54
13479,5771223,5964.66
13479,5792507,5964.66
13479,5814072,5963.86
13479,5835505,5963.86
13479,5856709,5963.86
13479,5877989,5964.69
13479,5899453,5964.69
13479,5916911,5964.41
13479,5917126,5964.41
13479,5917491,5965.54
13479,5927804,5965.54
13479,5948391,5965.54
13479,5969211,5965.54
13479,5990590,5965.54
13479,6012027,5964.7
13479,6033647,5964.7
13479,6055352,5964.45
13479,6076999,5964.45
13479,6098778,5964.56
13479,6120437,5964.56
13479,6142254,5964.56
13479,6163634,5964.54
13479,6185063,5964.54
13479,6207403,5964.56
13479,6229557,5964.56
13479,6251849,5964.46
13479,6273990,5964.46
13479,6296349,5964.51
13479,6318541,5964.51
13479,6340830,5964.51
13479,6363084,5964.53
13479,6385182,5964.53
13479,6407732,5964.52
13479,6429898,5964.52
13479,6452175,5964.24
13479,6474702,5964.24
13479,6496536,5964.24
13479,6518236,5964.46
13479,6540239,5964.46
13479,6562207,5964.57
13479,6583888,5964.57
13479,6605489,5964.64
13479,6626885,5964.64
13479,6648429,5964.42
13479,6670021,5964.42
13479,6691286,5964.42
13479,6712500,5964.56
13479,6734283,5964.56
13479,6755809,5964.57
13479,6777810,5964.57
13479,6800065,5964.52
13491,43150,5964.5
13491,61618,5964.49
13491,80240,5964.49
13491,98699,5964.49
13491,117345,5964.5
13491,135915,5964.5
13491,154745,5964.46
13491,173672,5964.46
13491,192636,5964.47
13491,211300,5964.47
13491,229777,5964.55
13491,248560,5964.55
13491,267384,5964.55
13491,286190,5964.51
13491,305127,5964.51
13491,324079,5964.48
13491,342900,5964.48
13491,353985,5964.52
13491,354302,5964.52
13491,367442,5964.52
13491,385493,5965.54
13491,403880,5965.54
13491,422544,5964.21
13491,440962,5964.21
13491,459345,5964.6
13491,477768,5964.6
13491,496325,5964.54
13491,514761,5964.54
13491,533317,5964.54
13491,551922,5964.54
13491,570617,5964.54
13491,589190,5964.49
13491,607798,5964.49
13491,624057,5964.52
13491,624345,5964.52
13491,633193,5965.54
13491,651237,5965.54
13491,660114,5965.54
13491,660377,5964.2
13491,660753,5964.2
13491,662882,5965.54
13491,6778924,5964.49
13491,6797456,5964.45
13491,6816023,5964.45
13491,6831032,5964.45
13491,6831224,5964.47
13491,6831505,5964.47
13491,6831856,5965.54
13491,6832088,5965.54
13491,6832443,5965.54
13491,6832651,5965.54
13491,6832954,5965.54
13491,6833243,5965.54
13491,6833534,5965.54
13491,6833875,5965.54
13491,6834164,5965.54
13491,6834462,5965.54
13491,6834688,5965.54
13491,6834976,5965.54
13491,6835253,5965.54
13491,6835605,5965.54
13491,6835837,5965.54
13491,6836185,5965.54
13491,6836413,5965.54
13491,6836773,5965.54
13491,6836999,5965.54
13491,6837285,5965.54
13491,6837626,5965.54
13491,6837915,5965.54
13491,6838208,5965.54
13491,6838504,5965.54
13491,6838726,5965.54
13491,6839070,5965.54
13491,6839366,5965.54
13491,6839653,5965.54
13491,6839887,5965.54
13491,6840169,5965.54
13491,6840465,5965.54
13491,6840748,5965.54
13491,6841079,5965.54
13491,6841321,5965.54
13491,6841674,5965.54
13491,6841953,5965.54
13491,6842245,5965.54
13491,6842479,5965.54
13491,6842832,5965.54
13491,6843054,5965.54
13491,6843339,5965.54
13491,6843561,5965.54
13491,6843911,5965.54
13491,6844196,5965.54
13491,6844428,5965.54
13491,6844713,5965.54
13491,6845002,5965.54
13491,6845358,5965.54
13491,6845589,5965.54
13491,6845875,5965.54
13491,6846222,5965.54
13491,6846440,5965.54
13491,6846743,5965.54
13491,6847029,5965.54
13491,6847384,5965.54
13491,6847604,5965.54
13491,6847891,5965.54
13491,6848180,5965.54
13491,6848517,5965.54
13491,6848762,5965.54
13491,6849105,5965.54
13491,6849395,5965.54
13491,6849620,5965.54
13491,6849968,5965.54
13491,6850264,5965.54
13491,6850547,5965.54
13491,6850843,5965.54
13491,6851128,5965.54
13491,6851341,5965.54
13491,6851639,5965.54
13491,6851941,5965.54
13491,6852225,5965.54
13491,6852518,5965.54
13491,6852856,5965.54
13491,6853156,5965.54
13491,6853438,5965.54
13491,6853658,5965.54
13491,6854016,5965.54
13491,6854301,5965.54
13491,6854594,5965.54
13491,6854881,5965.54
13491,6855100,5965.54
13491,6855392,5965.54
13491,6855684,5965.54
13491,6855911,5965.54
13491,6856190,5965.54
13491,6856551,5965.54
13491,6856825,5965.54
13491,6856987,5965.54
13491,679387,5965.54
13491,697055,5964.72
13491,715071,5964.72
13491,733289,5964.72
13491,751457,5964.78
13491,770023,5964.78
13491,784625,5964.54
13491,784848,5964.54
13491,785140,5965.54
13491,798724,5965.54
13491,816641,5964.62
13491,834666,5964.62
13491,853171,5964.62
13491,871379,5964.67
13491,889707,5964.67
13491,908153,5964.63
13491,926757,5964.63
13491,945400,5964.51
13491,964069,5964.51
13491,982759,5964.51
13491,1001472,5964.49
13491,1020110,5964.49
13491,1038702,5964.45
13491,1057000,5964.45
13491,1075819,5964.44
13491,1094185,5964.44
13491,1112942,5964.52
13491,1131505,5964.52
13491,1150186,5964.52
13491,1168891,5964.49
13491,1187202,5964.49
13491,1205742,5964.54
13491,1224320,5964.54
13491,1243130,5964.47
13491,1261551,5964.47
13491,1279997,5964.47
13491,1298303,5964.57
13491,1316795,5964.57
13491,1335039,5964.42
13491,1353152,5964.42
13491,1371141,5964.44
13491,1389399,5964.44
13491,1407982,5964.44
13491,1426421,5964.48
13491,1445101,5964.48
13491,1463797,5964.43
13491,1482337,5964.43
13491,1501306,5964.48
13491,1520230,5964.48
13491,1539184,5964.44
13491,1558268,5964.44
13491,1577282,5964.44
13491,1596450,5964.45
13491,1615619,5964.45
13491,1634280,5964.44
13491,1653093,5964.44
13491,1671937,5964.4
13491,1690727,5964.4
13491,1709679,5964.4
13491,1728614,5964.47
13491,1747302,5964.47
13491,1766142,5964.48
13491,1785036,5964.48
13491,1804012,5964.52
13491,1822948,5964.52
13491,1842138,5964.57
13491,1860845,5964.57
13491,1879295,5964.57
13491,1897978,5964.45
13491,1916655,5964.45
13491,1935358,5964.42
13491,1954014,5964.42
13491,1972584,5964.39
13491,1991154,5964.39
13491,2009979,5964.39
13491,2028698,5964.51
13491,2047237,5964.51
13491,2065594,5964.41
13491,2084467,5964.41
13491,2103277,5964.46
13491,2121857,5964.46
13491,2140427,5964.51
13491,2158963,5964.51
13491,2177698,5964.51
13491,2196333,5964.39
13491,2214633,5964.39
13491,2233213,5964.48
13491,2251776,5964.48
13491,2270577,5964.5
13491,2289377,5964.5
13491,2307812,5964.42
13491,2326407,5964.42
13491,2345037,5964.42
13491,2363509,5964.5
13491,2382205,5964.5
13491,2401039,5964.56
13491,2419718,5964.56
13491,2438416,5964.33
13491,2457085,5964.33
13491,2475816,5964.52
13491,2494707,5964.52
13491,2513486,5964.52
13491,2532216,5964.41
13491,2550638,5964.41
13491,2569362,5964.34
13491,2587909,5964.34
13491,2606718,5964.45
13491,2625279,5964.45
13491,2643948,5964.32
13491,2662648,5964.32
13491,2681220,5964.32
13491,2699644,5964.48
13491,2718409,5964.48
13491,2737016,5964.4
13491,2755692,5964.4
13491,2774332,5964.41
13491,2792827,5964.41
13491,2811631,5964.46
13491,2830194,5964.46
13491,2848900,5964.46
13491,2867564,5964.36
13491,2886122,5964.36
13491,2904700,5964.52
13491,2923396,5964.52
13491,2942196,5964.49
13491,2960960,5964.49
13491,2979332,5964.54
13491,2998250,5964.54
13491,3016947,5964.54
13491,3035401,5964.48
13491,3054259,5964.48
13491,3073267,5964.51
13491,3092094,5964.51
13491,3110889,5964.47
13491,3129326,5964.47
13491,3148021,5964.47
13491,3166831,5964.47
13491,3185781,5964.47
13491,3204331,5964.46
13491,3222909,5964.46
13491,3241966,5964.48
13491,3260651,5964.48
13491,3279332,5964.53
13491,3298028,5964.53
13491,3316976,5964.45
13491,3335789,5964.45
13491,3354547,5964.45
13491,3373174,5964.45
13491,3391904,5964.45
13491,3410290,5964.39
13491,3429008,5964.39
13491,3447581,5964.5
13491,3466475,5964.5
13491,3485040,5964.5
13491,3503742,5964.5
13491,3522408,5964.5
13491,3541355,5964.41
13491,3559910,5964.41
13491,3578638,5964.45
13491,3597172,5964.45
13491,3615487,5964.57
13491,3633972,5964.57
13491,3652719,5964.54
13491,3671398,5964.54
13491,3690231,5964.54
13491,3709436,5964.44
13491,3728224,5964.44
13491,3747187,5964.42
13491,3765887,5964.42
13491,3785048,5964.45
13491,3804030,5964.45
13491,3823101,5964.42
13491,3841994,5964.42
13491,3860984,5964.42
13491,3879937,5964.34
13491,3898683,5964.34
13491,3917562,5964.57
13491,3936655,5964.57
13491,3955864,5964.47
13491,3974894,5964.47
13491,3993470,5964.47
13491,3993754,5964.42
13491,3993975,5964.42
13491,3994342,5965.54
13491,3994550,5965.54
13491,4004033,5965.54
13491,4021821,5965.54
13491,4039997,5964.32
13491,4058567,5964.32
13491,4077243,5964.32
13491,4095822,5964.49
13491,4114144,5964.49
13491,4132691,5964.29
13491,4139286,5964.29
13491,4139632,5964.14
13491,4139872,5964.14
13491,4149104,5964.14
13491,4166753,5965.54
13491,4185048,5965.54
13491,4203744,5963.41
13491,4222306,5963.41
13491,4240993,5964.15
13491,4259668,5964.15
13491,4278507,5963.99
13491,4297300,5963.99
13491,4316252,5963.99
13491,4335062,5964.03
13491,4353868,5964.03
13491,4372442,5964.12
13491,4391269,5964.12
13491,4410092,5964.15
13491,4429030,5964.15
13491,4447663,5964.15
13491,4466521,5964
13491,4485205,5964
13491,4503913,5964.2
13491,4522526,5964.2
13491,4541157,5964.12
13491,4559834,5964.12
13491,4578385,5964.19
13491,4597088,5964.19
13491,4615767,5964.19
13491,4634711,5964.03
13491,4653522,5964.03
13491,4672528,5964.07
13491,4691573,5964.07
13491,4710647,5963.99
13491,4715872,5963.99
13491,4716158,5964.03
13491,4716385,5964.03
13491,4726743,5964.03
13491,4744849,5965.54
13491,4763491,5965.54
13491,4782317,5963.65
13491,4800865,5963.65
13491,4819929,5964.1
13491,4838684,5964.1
13491,4857637,5964
13491,4876512,5964
13491,4895470,5964
13491,4914518,5964.09
13491,4933515,5964.09
13491,4952294,5964.03
13491,4970846,5964.03
13491,4989683,5964.08
13491,5008725,5964.08
13491,5027827,5964.13
13491,5046629,5964.13
13491,5065430,5964.13
13491,5084368,5963.92
13491,5103333,5963.92
13491,5122398,5964.06
13491,5141153,5964.06
13491,5160259,5964.16
13491,5179123,5964.16
13491,5198298,5964.07
13491,5217012,5964.07
13491,5235571,5964.07
13491,5246872,5964.01
13491,5247200,5964.01
13491,5247454,5965.54
13491,5247764,5965.54
13491,5248026,5965.54
13491,5248315,5965.54
13491,5248609,5965.54
13491,5248950,5965.54
13491,5249186,5965.54
13491,5249468,5965.54
13491,5249817,5965.54
13491,5250049,5965.54
13491,5250395,5965.54
13491,5250686,5965.54
13491,5250953,5965.54
13491,5251262,5965.54
13491,5251487,5965.54
13491,5251786,5965.54
13491,5252060,5965.54
13491,5252359,5965.54
13491,5252646,5965.54
13491,5252941,5965.54
13491,5253296,5965.54
13491,5253581,5965.54
13491,5253865,5965.54
13491,5254092,5965.54
13491,5254378,5965.54
13491,5254667,5965.54
13491,5254954,5965.54
13491,5255290,5965.54
13491,5255604,5965.54
13491,5255882,5965.54
13491,5256172,5965.54
13491,5256470,5965.54
13491,5256628,5965.54
13491,5256913,5965.54
13491,5257207,5965.54
13491,5257487,5965.54
13491,5257838,5965.54
13491,5258117,5965.54
13491,5258417,5965.54
13491,5258640,5965.54
13491,5258991,5965.54
13491,5259210,5965.54
13491,5259512,5965.54
13491,5259793,5965.54
13491,5260096,5965.54
13491,5260422,5965.54
13491,5260728,5965.54
13491,5261017,5965.54
13491,5261306,5965.54
13491,5261589,5965.54
13491,5261894,5965.54
13491,5262118,5965.54
13491,5262403,5965.54
13491,5262688,5965.54
13491,5262979,5965.54
13491,5263324,5965.54
13491,5263615,5965.54
13491,5263848,5965.54
13491,5264119,5965.54
13491,5264423,5965.54
13491,5264706,5965.54
13491,5264995,5965.54
13491,5265347,5965.54
13491,5265577,5965.54
13491,5265862,5965.54
13491,5266147,5965.54
13491,5266500,5965.54
13491,5266786,5965.54
13491,5267077,5965.54
13491,5267374,5965.54
13491,5267656,5965.54
13491,5267936,5965.54
13491,5268230,5965.54
13491,5268464,5965.54
13491,5268805,5965.54
13491,5269092,5965.54
13491,5269258,5965.54
13491,5269603,5965.54
13491,5269890,5965.54
13491,5270119,5965.54
13491,5270481,5965.54
13491,5270705,5965.54
13491,5271058,5965.54
13491,5271285,5965.54
13491,5271571,5965.54
13491,5271915,5965.54
13491,5272152,5965.54
13491,5272420,5965.54
13491,5272788,5965.54
13491,5273078,5965.54
13491,5273295,5965.54
13491,5273592,5965.54
13491,5273930,5965.54
13491,5274160,5965.54
13491,5274518,5965.54
13491,5274714,5965.54
13491,5275035,5965.54
13491,5275323,5965.54
13491,5275668,5965.54
13491,5275955,5965.54
13491,5276183,5965.54
13491,5276472,5965.54
13491,5276759,5965.54
13491,5277096,5965.54
13491,5277403,5965.54
13491,5277691,5965.54
13491,5277921,5965.54
13491,5278215,5965.54
13491,5278549,5965.54
13491,5278846,5965.54
13491,5279071,5965.54
13491,5279364,5965.54
13491,5279652,5965.54
13491,5280001,5965.54
13491,5280217,5965.54
13491,5280582,5965.54
13491,5280784,5965.54
13491,5281158,5965.54
13491,5281376,5965.54
13491,5281673,5965.54
13491,5281949,5965.54
13491,5282174,5965.54
13491,5282471,5965.54
13491,5282807,5965.54
13491,5283048,5965.54
13491,5283406,5965.54
13491,5283693,5965.54
13491,5283912,5965.54
13491,5284205,5965.54
13491,5284488,5965.54
13491,5284838,5965.54
13491,5285071,5965.54
13491,5285348,5965.54
13491,5285648,5965.54
13491,5285989,5965.54
13491,5286279,5965.54
13491,5286508,5965.54
13491,5286844,5965.54
13491,5287088,5965.54
13491,5287431,5965.54
13491,5287723,5965.54
13491,5288020,5965.54
13491,5288241,5965.54
13491,5288589,5965.54
13491,5288876,5965.54
13491,5289110,5965.54
13491,5289465,5965.54
13491,5289672,5965.54
13491,5289975,5965.54
13491,5290313,5965.54
13491,5290553,5965.54
13491,5290840,5965.54
13491,5291189,5965.54
13491,5291420,5965.54
13491,5291763,5965.54
13491,5292053,5965.54
13491,5292287,5965.54
13491,5292576,5965.54
13491,5292861,5965.54
13491,5293210,5965.54
13491,5293492,5965.54
13491,5293731,5965.54
13491,5294080,5965.54
13491,5294291,5965.54
13491,5294633,5965.54
13491,5294925,5965.54
13491,5295177,5965.54
13491,5295385,5965.54
13491,5295735,5965.54
13491,5295961,5965.54
13491,5296320,5965.54
13491,5296606,5965.54
13491,5296888,5965.54
13491,5297100,5965.54
13491,5298755,5965.54
13491,5317627,5965.54
13491,5335482,5965.54
13491,5352968,5965.54
13491,5370432,5964.56
13491,5387840,5964.56
13491,5405057,5964.32
13491,5422046,5964.32
13491,5439403,5964.32
13491,5456951,5964.5
13491,5474245,5964.5
13491,5485802,5964.39
13491,5486084,5964.39
13491,5486420,5965.54
13491,5486717,5965.54
13491,5487006,5965.54
13491,5487235,5965.54
13491,5487528,5965.54
13491,5487812,5965.54
13491,5488158,5965.54
13491,5488395,5965.54
13491,5488684,5965.54
13491,5488964,5965.54
13491,5489319,5965.54
13491,5495369,5965.54
13491,5510785,5965.54
13491,5526902,5965.54
13491,5543237,5964.39
13491,5560260,5964.39
13491,5577284,5964.34
13491,5594595,5964.34
13491,5598702,5964.42
13491,5598999,5964.42
13491,5599217,5964.42
13491,5599497,5965.54
13491,5599800,5965.54
13491,5609027,5965.54
13491,5625051,5965.54
13491,5642553,5964.6
13491,5660225,5964.6
13491,5678269,5964.41
13491,5696561,5964.41
13491,5704101,5964.41
13491,5704400,5964.43
13491,5706809,5964.43
13491,5723247,5965.54
13491,5740661,5965.54
13491,5743534,5964.66
13491,5743875,5964.66
13491,5759197,5964.66
13491,5776779,5965.54
13491,5794709,5965.54
13491,5812751,5964.34
13491,5831288,5964.34
13491,5849480,5964.35
13491,5867790,5964.35
13491,5885923,5964.46
13491,5904050,5964.46
13491,5905442,5964.46
13491,5905798,5964.39
13491,5906090,5964.39
13491,5906309,5965.54
13491,5906677,5965.54
13491,5906903,5965.54
13491,5907181,5965.54
13491,5907530,5965.54
13491,5907761,5965.54
13491,5909528,5965.54
13491,5924515,5965.54
13491,5941537,5965.54
13491,5959200,5963.44
13491,5977141,5963.44
13491,5995281,5964.54
13491,6013470,5964.54
13491,6031764,5964.54
13491,6050090,5964.41
13491,6068365,5964.41
13491,6086814,5964.33
13491,6105297,5964.33
13491,6124020,5964.35
13491,6142611,5964.35
13491,6160906,5964.35
13491,6179085,5964.44
13491,6197781,5964.44
13491,6216131,5964.44
13491,6234605,5964.44
13491,6252934,5964.33
13491,6271067,5964.33
13491,6289800,5964.43
13491,6308365,5964.43
13491,6326585,5964.43
13491,6344968,5964.44
13491,6363659,5964.44
13491,6381984,5964.3
13491,6400571,5964.3
13491,6419178,5964.37
13491,6421214,5964.37
13491,6421442,5964.37
13491,6421743,5965.54
13491,6422033,5965.54
13491,6431026,5965.54
13491,6448203,5965.54
13491,6466088,5964.32
13491,6484636,5964.32
13491,6502614,5964.32
13491,6521226,5964.37
13491,6539988,5964.37
13491,6558404,5964.47
13491,6577310,5964.47
13491,6595532,5964.4
13491,6613812,5964.4
13491,6631845,5964.44
13491,6650421,5964.44
13491,6668583,5964.44
13491,6686859,5964.46
13491,6705187,5964.46
13491,6723744,5964.45
13491,6742164,5964.45
13491,6760501,5964.49
13492,649,5965.54
13492,877,5965.54
13492,1224,5965.54
13492,1514,5965.54
13492,1810,5965.54
13492,2039,5965.54
13492,2323,5965.54
13492,2670,5965.54
13492,2888,5965.54
13492,3188,5965.54
13492,3534,5965.54
13492,3832,5965.54
13492,4123,5965.54
13492,4413,5965.54
13492,4562,5965.54
13492,4854,5965.54
13492,5144,5965.54
13492,5432,5965.54
13492,5696,5965.54
13492,6005,5965.54
13492,6288,5965.54
13492,6583,5965.54
13492,6925,5965.54
13492,7147,5965.54
13492,7453,5965.54
13492,7732,5965.54
13492,8023,5965.54
13492,8370,5965.54
13492,8667,5965.54
13492,8894,5965.54
13492,9177,5965.54
13492,9471,5965.54
13492,9812,5965.54
13492,10099,5965.54
13492,10333,5965.54
13492,10684,5965.54
13492,10977,5965.54
13492,11259,5965.54
13492,11495,5965.54
13492,11837,5965.54
13492,12069,5965.54
13492,12352,5965.54
13492,12641,5965.54
13492,14321,5965.54
13492,26346,5965.54
13492,40828,5965.54
13492,56441,5965.54
13492,72697,5964.45
13492,89856,5964.45
13492,106989,5964.47
13492,124624,5964.47
13492,142319,5964.47
13492,160240,5964.5
13492,178204,5964.5
13492,196225,5964.52
13492,214395,5964.52
13492,232477,5964.48
13492,247654,5964.48
13492,259949,5964.6
13492,270833,5964.6
13492,281209,5964.6
13492,291057,5964.56
13492,300413,5964.56
13492,309731,5964.53
13492,319229,5964.53
13492,328807,5964.46
13492,338160,5964.46
13492,347359,5964.46
13492,356582,5964.41
13492,365607,5964.41
13492,374788,5964.5
13492,383715,5964.5
13492,392677,5964.39
13492,401638,5964.39
13492,410724,5964.81
13492,419574,5964.81
13492,428654,5964.81
13492,437614,5964.52
13492,446583,5964.52
13492,455933,5964.52
13492,464866,5964.52
13492,473842,5964.48
13492,480423,5964.48
13492,480693,5964.53
13492,482001,5964.53
13492,490313,5964.53
13492,498874,5965.54
13492,507618,5965.54
13492,516657,5964.44
13492,525733,5964.44
13492,534517,5964.55
13492,543413,5964.55
13492,552391,5964.55
13492,561357,5964.46
13492,570173,5964.46
13492,579028,5964.5
13492,588092,5964.5
13492,597306,5964.54
13492,606518,5964.54
13492,615732,5964.47
13492,624947,5964.47
13492,634429,5964.47
13492,643639,5964.49
13492,652739,5964.49
13492,661961,5964.54
13492,671172,5964.54
13492,680241,5964.51
13492,689376,5964.51
13492,698552,5964.49
13492,707761,5964.49
13492,716989,5964.49
13492,726199,5964.55
13492,735407,5964.55
13492,744661,5964.5
13492,6839539,5964.46
13492,6857865,5964.48
13492,6876383,5964.48
13492,6895071,5964.54
13492,6913247,5964.54
13492,6931713,5964.56
13492,6950361,5964.56
13492,6968930,5964.51
13492,6987149,5964.51
13492,7005677,5964.51
13492,7024115,5964.56
13492,7042551,5964.56
13492,7061086,5964.44
13492,7079397,5964.44
13492,7098011,5964.47
13492,7116756,5964.47
13492,7122991,5964.47
13492,7123280,5964.47
13492,7138639,5964.47
13492,7156416,5965.54
13492,7174747,5965.54
13492,7193150,5964.18
13492,7211359,5964.18
13492,7229749,5964.45
13492,7247960,5964.45
13492,7258306,5964.45
13492,7258600,5964.44
13492,7272533,5964.44
13492,7290407,5965.54
13492,7308342,5965.54
13492,7326508,5963.58
13492,7344957,5963.58
13492,7363331,5963.58
13492,7381407,5964.62
13492,7399688,5964.62
13492,7418163,5964.54
13492,7436917,5964.54
13492,7455515,5964.51
13492,7474484,5964.51
13492,7493399,5964.54
13492,757817,5964.5
13492,777657,5964.49
13492,797380,5964.49
13492,816317,5964.51
13492,834496,5964.51
13492,852638,5964.51
13492,871220,5964.54
13492,889300,5964.54
13492,907731,5964.46
13492,926136,5964.46
13492,943937,5964.46
13492,962343,5964.46
13492,980410,5964.46
13492,996794,5964.46
13492,997094,5964.46
13492,997387,5964.4
13492,997679,5964.4
13492,1003063,5965.54
13492,1019911,5965.54
13492,1037710,5965.54
13492,1055604,5964.5
13492,1073501,5964.5
13492,1091465,5964.98
13492,1097220,5964.98
13492,1097506,5964.58
13492,1111468,5964.58
13492,1128864,5964.74
13492,1146778,5964.74
13492,1148268,5964.74
13492,1148553,5964.52
13492,1148773,5964.52
13492,1149067,5965.54
13492,1149415,5965.54
13492,1149649,5965.54
13492,1149940,5965.54
13492,1150288,5965.54
13492,1150518,5965.54
13492,1151368,5965.54
13492,1165787,5965.54
13492,1182360,5965.54
13492,1199496,5965
13492,1217044,5965
13492,1234957,5964.61
13492,1252882,5964.61
13492,1270811,5964.61
13492,1289008,5964.49
13492,1307031,5964.49
13492,1325186,5964.48
13492,1343363,5964.48
13492,1361366,5964.54
13492,1379193,5964.54
13492,1397290,5964.54
13492,1415811,5964.55
13492,7512238,5964.54
13492,7530925,5964.54
13492,7549957,5964.45
13492,7568692,5964.45
13492,7587364,5964.6
13492,7605914,5964.6
13492,7624873,5964.43
13492,7643489,5964.43
13492,7662375,5964.43
13492,7681063,5964.5
13492,7700012,5964.5
13492,7718952,5964.44
13492,7737834,5964.44
13492,7756800,5964.54
13492,7775669,5964.54
13492,7794457,5964.55
13492,7813312,5964.55
13492,7832077,5964.55
13492,7850712,5964.48
13492,7869493,5964.48
13492,7887924,5964.51
13492,7906213,5964.51
13492,7922606,5964.5
13492,7922855,5964.5
13492,7923089,5965.54
13492,7932358,5965.54
13492,7950092,5965.54
13492,7968214,5964.74
13492,7986649,5964.74
13492,8004898,5964.3
13492,8023438,5964.3
13492,8033861,5964.61
13492,8034095,5964.61
13492,8049642,5964.61
13492,8067951,5965.54
13492,8086142,5965.54
13492,8105047,5963.77
13492,8123570,5963.77
13492,8142169,5964.54
13492,8160870,5964.54
13492,8179539,5964.54
13492,8198240,5964.54
13492,8216567,5964.54
13492,8235277,5964.57
13492,8253812,5964.57
13492,8272626,5964.52
13492,8290923,5964.52
13492,8308841,5964.62
13492,8327063,5964.62
13492,8345322,5964.62
13492,8363722,5964.46
13492,8381801,5964.46
13492,8399836,5964.49
13492,8418070,5964.49
13492,8436425,5964.42
13492,8454492,5964.42
13492,8472666,5964.46
13492,8490876,5964.46
13492,8509155,5964.46
13492,8527349,5964.44
13492,8545516,5964.44
13492,8563700,5964.48
13492,8582090,5964.48
13492,8600461,5964.55
13492,8618853,5964.55
13492,8637039,5964.55
13492,8655196,5964.5
13492,8673522,5964.5
13492,8691692,5964.44
13492,8710096,5964.44
13492,8728676,5964.42
13492,8747332,5964.42
13492,8765914,5964.42
13492,8784358,5964.44
13492,8802783,5964.44
13492,8821371,5964.49
13492,8840048,5964.49
13492,8858512,5964.46
13492,8876908,5964.46
13492,8895221,5964.49
13492,8913674,5964.49
13492,8932340,5964.49
13492,8951124,5964.55
13492,8969843,5964.55
13492,8988169,5964.48
13492,9006679,5964.48
13492,9025522,5964.52
13492,9044182,5964.52
13492,9062635,5964.52
13492,9080961,5964.46
13492,9099645,5964.46
13492,9118115,5964.46
13492,9136631,5964.46
13492,9155158,5964.49
13492,9173725,5964.49
13492,9192574,5964.5
13492,9211234,5964.5
13492,9229809,5964.5
13492,9248600,5964.49
13492,9267177,5964.49
13492,9285610,5964.5
13492,9303920,5964.5
13492,9322602,5964.49
13492,9341156,5964.49
13492,9359582,5964.57
13492,9378148,5964.57
13492,9396799,5964.57
13492,9415663,5964.48
13492,9434351,5964.48
13492,9453162,5964.38
13492,9471883,5964.38
13492,9490588,5964.43
13492,9509352,5964.43
13492,9528031,5964.43
13492,9546739,5964.42
13492,9565441,5964.42
13492,9584061,5964.41
13492,9602548,5964.41
13492,9620835,5964.5
13492,9639024,5964.5
13492,9657721,5964.5
13492,9676177,5964.45
13492,9694490,5964.45
13492,9712860,5964.58
13492,9731304,5964.58
13492,9749826,5964.54
13492,9768202,5964.54
13492,9786604,5964.45
13492,9805446,5964.45
13492,9824070,5964.45
13492,9842404,5964.51
13492,9860838,5964.51
13492,9879007,5964.45
13492,9897401,5964.45
13492,9915736,5964.54
13492,9934176,5964.54
13492,9952731,5964.51
13492,9971139,5964.51
13492,9989490,5964.51
13492,10008200,5964.48
13492,10026572,5964.48
13492,10045139,5964.53
13492,10063584,5964.53
13492,10082026,5964.53
13492,10100352,5964.53
13492,10119013,5964.53
13492,10137443,5964.49
13492,10155981,5964.49
13492,10174292,5964.42
13492,10192630,5964.42
13492,10211043,5964.54
13492,10229609,5964.54
13492,10248155,5964.39
13492,10248704,5964.39
13492,10255515,5964.39
13492,10272907,5965.54
13492,10290879,5965.54
13492,10308977,5964.04
13492,10327378,5964.04
13492,10345816,5964.66
13492,10364343,5964.66
13492,10365383,5964.66
13492,10365976,5964.55
13492,10382753,5964.55
13492,10384715,5965.54
13492,1434196,5964.55
13492,1452414,5964.59
13492,1470648,5964.59
13492,1489018,5964.5
13492,1507226,5964.5
13492,1525124,5964.43
13492,1543251,5964.43
13492,1561607,5964.43
13492,1579901,5964.52
13492,1598235,5964.52
13492,1616409,5964.63
13492,1634684,5964.63
13492,1653210,5964.51
13492,1671444,5964.51
13492,1689748,5964.51
13492,1708175,5964.56
13492,1726810,5964.56
13492,1745087,5964.52
13492,1763481,5964.52
13492,1781914,5964.48
13492,1800082,5964.48
13492,1818373,5964.47
13492,1836816,5964.47
13492,1855627,5964.47
13492,1874430,5964.5
13492,1892861,5964.5
13492,1911230,5964.49
13492,1929734,5964.49
13492,1948029,5964.58
13492,1966223,5964.58
13492,1984667,5964.56
13492,1994282,5964.56
13492,1994563,5964.56
13492,2007452,5965.54
13492,2025243,5965.54
13492,2043034,5964.38
13492,2060948,5964.38
13492,2078768,5964.56
13492,2097166,5964.56
13492,2115514,5964.56
13492,2133775,5964.49
13492,2152213,5964.49
13492,2170761,5964.59
13492,2189173,5964.59
13492,2207499,5964.49
13492,2225822,5964.49
13492,2244480,5964.5
13492,2263058,5964.5
13492,2281792,5964.5
13492,2300168,5964.52
13492,2318613,5964.52
13492,2337126,5964.47
13492,2355598,5964.47
13492,2373896,5964.5
13492,2392470,5964.5
13492,2410912,5964.5
13492,2429746,5964.51
13492,2448939,5964.51
13492,2467464,5964.46
13492,2486421,5964.46
13492,2505304,5964.55
13492,2524292,5964.55
13492,2543026,5964.55
13492,2561922,5964.56
13492,2580724,5964.56
13492,2599518,5964.47
13492,2618260,5964.47
13492,2637084,5964.5
13492,2655498,5964.5
13492,2674450,5964.48
13492,2693379,5964.48
13492,2711965,5964.48
13492,2730627,5964.5
13492,2749191,5964.5
13492,2767855,5964.44
13492,2786153,5964.44
13492,2804349,5964.48
13492,2823314,5964.48
13492,2841644,5964.54
13492,2860293,5964.54
13492,2878619,5964.54
13492,2896920,5964.49
13492,2915603,5964.49
13492,2934030,5964.49
13492,2952596,5964.49
13492,2971154,5964.61
13492,2989709,5964.61
13492,3008272,5964.61
13492,3026847,5964.42
13492,3045326,5964.42
13492,3063871,5964.48
13492,3072787,5964.48
13492,3073072,5964.53
13492,3087603,5964.53
13492,3105671,5964.53
13492,3123850,5964.65
13492,3142148,5964.65
13492,3160287,5964.6
13492,3178728,5964.6
13492,3197277,5964.5
13492,3215482,5964.5
13492,3234007,5964.53
13492,3252461,5964.53
13492,3270805,5964.53
13492,3289444,5964.56
13492,3308013,5964.56
13492,3326691,5964.49
13492,3345340,5964.49
13492,3364040,5964.54
13492,3383043,5964.54
13492,3401702,5964.54
13492,3410286,5964.5
13492,3410583,5964.5
13492,3425126,5965.54
13492,3443220,5965.54
13492,3461370,5964.58
13492,3479764,5964.58
13492,3498333,5964.56
13492,3516952,5964.56
13492,3535381,5964.56
13492,3554033,5964.58
13492,3572704,5964.58
13492,3591216,5964.52
13492,3609702,5964.52
13492,3628374,5964.45
13492,3646693,5964.45
13492,3665004,5964.45
13492,3683557,5964.53
13492,3702234,5964.53
13492,3721037,5964.44
13492,3726956,5964.44
13492,3727181,5964.44
13492,3742747,5964.44
13492,3760656,5964.44
13492,3778733,5964.74
13492,3796922,5964.74
13492,3815169,5964.39
13492,3833841,5964.39
13492,3852433,5964.52
13492,3870865,5964.52
13492,3889285,5964.52
13492,3907603,5964.46
13492,3926020,5964.46
13492,3944577,5964.45
13492,3963275,5964.45
13492,3981699,5964.46
13492,4000246,5964.46
13492,4018674,5964.5
13492,4037142,5964.5
13492,4055807,5964.5
13492,4074139,5964.5
13492,4092412,5964.5
13492,4110721,5964.49
13492,4129086,5964.49
13492,4147610,5964.49
13492,4166034,5964.49
13492,4184437,5964.47
13492,4202633,5964.47
13492,4221201,5964.47
13492,4239750,5964.44
13492,4258319,5964.44
13492,4276607,5964.52
13492,4295044,5964.52
13492,4313366,5964.51
13492,4331661,5964.51
13492,4350205,5964.51
13492,4368521,5964.4
13492,4386993,5964.4
13492,4405507,5964.55
13492,4423748,5964.55
13492,4441735,5964.44
13492,4460206,5964.44
13492,4478546,5964.44
13492,4497037,5964.56
13492,4515119,5964.56
13492,4533276,5964.5
13492,4551554,5964.5
13492,4569688,5964.45
13492,4588023,5964.45
13492,4606083,5964.54
13492,4624150,5964.54
13492,4642629,5964.54
13492,4661025,5964.54
13492,4679532,5964.54
13492,4695422,5964.43
13492,4695761,5964.43
13492,4697083,5965.54
13492,4713696,5965.54
13492,4731668,5965.54
13492,4749571,5964.69
13492,4767618,5964.69
13492,4785906,5964.63
13492,4804337,5964.63
13492,4822503,5964.51
13492,4840696,5964.51
13492,4859129,5964.53
13492,4877556,5964.53
13492,4895865,5964.53
13492,4914227,5964.55
13492,4932718,5964.55
13492,4950894,5964.39
13492,4969332,5964.39
13492,4987999,5964.45
13492,5006204,5964.45
13492,5024684,5964.45
13492,5043312,5964.49
13492,5061750,5964.49
13492,5080174,5964.56
13492,5098867,5964.56
13492,5117545,5964.48
13492,5136098,5964.48
13492,5154668,5964.39
13492,5173219,5964.39
13492,5191914,5964.39
13492,5210490,5964.54
13492,5229121,5964.54
13492,5247720,5964.48
13492,5266289,5964.48
13492,5284835,5964.51
13492,5303403,5964.51
13492,5322085,5964.52
13492,5340780,5964.52
13492,5359334,5964.52
13492,5377925,5964.51
13492,5396788,5964.51
13492,5415288,5964.54
13492,5433852,5964.54
13492,5452383,5964.47
13492,5470939,5964.47
13492,5489530,5964.47
13492,5508046,5964.43
13492,5526516,5964.43
13492,5545460,5964.5
13492,5564258,5964.5
13492,5583100,5964.51
13492,5601781,5964.51
13492,5620476,5964.51
13492,5639156,5964.51
13492,5657585,5964.51
13492,5676251,5964.45
13492,5694822,5964.45
13492,5713500,5964.53
13492,5732080,5964.53
13492,5750737,5964.54
13492,5768926,5964.54
13492,5787579,5964.54
13492,5805946,5964.47
13492,5824360,5964.47
13492,5842944,5964.55
13492,5861367,5964.55
13492,5879907,5964.56
13492,5898377,5964.56
13492,5916787,5964.44
13492,5935366,5964.44
13492,5953907,5964.44
13492,5972732,5964.48
13492,5991286,5964.48
13492,6009824,5964.41
13492,6028301,5964.41
13492,6046944,5964.53
13492,6065600,5964.53
13492,6084342,5964.53
13492,6102885,5964.5
13492,6121464,5964.5
13492,6140258,5964.38
13492,6158643,5964.38
13492,6177267,5964.47
13492,6195910,5964.47
13492,6214801,5964.41
13492,6233470,5964.41
13492,6252360,5964.41
13492,6270951,5964.48
13492,6289273,5964.48
13492,6307428,5964.46
13492,6325778,5964.46
13492,6344050,5964.53
13492,6362656,5964.53
13492,6380902,5964.53
13492,6399291,5964.52
13492,6417653,5964.52
13492,6435954,5964.5
13492,6454062,5964.5
13492,6472165,5964.53
13492,6490640,5964.53
13492,6508987,5964.46
13492,6527352,5964.46
13492,6545786,5964.46
13492,6564209,5964.48
13492,6582647,5964.48
13492,6601058,5964.44
13492,6619380,5964.44
13492,6637766,5964.41
13492,6655863,5964.41
13492,6673978,5964.49
13492,6692189,5964.49
13492,6710253,5964.49
13492,6728169,5964.41
13492,6746728,5964.41
13492,6765175,5964.47
13492,6783598,5964.47
13492,6802049,5964.46
13492,6820831,5964.46
13493,45099,5964.46
13493,63288,5964.46
13493,82034,5964.52
13493,100588,5964.52
13493,119063,5964.45
13493,137589,5964.45
13493,156001,5964.41
13493,174303,5964.41
13493,192739,5964.41
13493,210923,5964.5
13493,229364,5964.5
13493,247774,5964.54
13493,265965,5964.54
13493,284400,5964.5
13493,302577,5964.5
13493,320891,5964.49
13493,339084,5964.49
13493,357221,5964.49
13493,375708,5964.48
13493,394086,5964.48
13493,412585,5964.54
13493,430973,5964.54
13493,449247,5964.5
13493,467443,5964.5
13493,485641,5964.5
13493,504313,5964.44
13493,522871,5964.44
13493,541022,5964.49
13493,559314,5964.49
13493,577523,5964.48
13493,595810,5964.48
13493,614247,5964.42
13493,632679,5964.42
13493,651005,5964.42
13493,669177,5964.5
13493,6784638,5964.51
13493,6803032,5964.55
13493,6821341,5964.55
13493,6839620,5964.55
13493,6857994,5964.44
13493,6876266,5964.44
13493,6894569,5964.42
13493,6912753,5964.42
13493,6931179,5964.42
13493,6949310,5964.42
13493,6962751,5964.46
13493,6963086,5964.46
13493,6963375,5964.46
13493,6976393,5965.54
13493,6993634,5965.54
13493,7011462,5964.62
13493,7029286,5964.62
13493,7047539,5964.76
13493,7065699,5964.76
13493,7083911,5964.76
13493,7101849,5964.53
13493,7119852,5964.53
13493,7138055,5964.45
13493,7156203,5964.45
13493,7174392,5964.45
13493,7192422,5964.45
13493,7210349,5964.45
13493,7228547,5964.45
13493,7246577,5964.45
13493,7265027,5964.46
13493,7282931,5964.46
13493,7300999,5964.4
13493,7319278,5964.4
13493,7337604,5964.46
13493,7355896,5964.46
13493,7374194,5964.51
13493,7392263,5964.51
13493,7410577,5964.51
13493,7428964,5964.47
13493,7447403,5964.47
13493,687583,5964.5
13493,706032,5964.44
13493,724369,5964.44
13493,742889,5964.58
13493,761199,5964.58
13493,779556,5964.58
13493,797863,5964.49
13493,816260,5964.49
13493,834672,5964.43
13493,852985,5964.43
13493,871362,5964.55
13493,889774,5964.55
13493,908179,5964.45
13493,926574,5964.45
13493,945015,5964.45
13493,963699,5964.5
13493,981987,5964.5
13493,1000172,5964.4
13493,1018481,5964.4
13493,1036780,5964.51
13493,1055126,5964.51
13493,1073656,5964.52
13493,1091943,5964.52
13493,1110143,5964.52
13493,1128367,5964.46
13493,1146746,5964.46
13493,1165160,5964.48
13493,1183364,5964.48
13493,1201763,5964.55
13493,1220061,5964.55
13493,1238285,5964.55
13493,1256542,5964.46
13493,1275111,5964.46
13493,1293534,5964.42
13493,1311840,5964.42
13493,1330288,5964.47
13493,1348512,5964.47
13493,7465886,5964.51
13493,7484147,5964.51
13493,7502640,5964.54
13493,7520881,5964.54
13493,7539193,5964.48
13493,7557726,5964.48
13493,7575922,5964.48
13493,7594505,5964.42
13493,7611655,5964.42
13493,7611919,5964.48
13493,7615875,5964.48
13493,7633139,5965.54
13493,7650786,5965.54
13493,7668828,5965.54
13493,7687012,5963.7
13493,7705305,5963.7
13493,7723501,5964.6
13493,7741839,5964.6
13493,7760148,5964.5
13493,7778406,5964.5
13493,7796591,5964.51
13493,7815007,5964.51
13493,7833317,5964.51
13493,7851424,5964.45
13493,7869665,5964.45
13493,7887889,5964.43
13493,7906294,5964.43
13493,7924570,5964.53
13493,7942895,5964.53
13493,7961062,5964.53
13493,7979370,5964.52
13493,7997940,5964.52
13493,8016108,5964.47
13493,8033919,5964.47
13493,8051690,5964.51
13493,8069672,5964.51
13493,8087715,5964.47
13493,8105833,5964.47
13493,8123731,5964.47
13493,8141429,5964.49
13493,8151001,5964.49
13493,8151289,5964.49
13493,8151575,5964.49
13493,8151924,5965.54
13493,8152217,5965.54
13493,8152500,5965.54
13493,8152734,5965.54
13493,8153020,5965.54
13493,8153311,5965.54
13493,8153653,5965.54
13493,8153945,5965.54
13493,8154175,5965.54
13493,8154468,5965.54
13493,8154818,5965.54
13493,8155045,5965.54
13493,8155328,5965.54
13493,8155677,5965.54
13493,8155965,5965.54
13493,8156257,5965.54
13493,8156470,5965.54
13493,8156773,5965.54
13493,8157069,5965.54
13493,8157414,5965.54
13493,8157649,5965.54
13493,8157939,5965.54
13493,8158274,5965.54
13493,8158515,5965.54
13493,8158799,5965.54
13493,8159153,5965.54
13493,8159368,5965.54
13493,8159653,5965.54
13493,8159949,5965.54
13493,8160288,5965.54
13493,8160583,5965.54
13493,8160833,5965.54
13493,8161095,5965.54
13493,8161384,5965.54
13493,8161674,5965.54
13493,8161961,5965.54
13493,8162184,5965.54
13493,8162477,5965.54
13493,8162819,5965.54
13493,8163122,5965.54
13493,8171081,5965.54
13493,8185952,5965.54
13493,8201779,5965.54
13493,8218037,5965.54
13493,8234933,5964.34
13493,8252234,5964.34
13493,8269491,5964.67
13493,8287218,5964.67
13493,8304825,5964.39
13493,8310576,5964.39
13493,8310950,5964.39
13493,8312956,5965.54
13493,8329393,5965.54
13493,8346594,5965.54
13493,8363901,5965.54
13493,8381430,5964.15
13493,8398946,5964.15
13493,8416532,5964.47
13493,8434302,5964.47
13493,8446675,5964.47
13493,8446933,5964.44
13493,8453289,5964.44
13493,8470382,5965.54
13493,8487803,5965.54
13493,8505606,5963.78
13493,8523244,5963.78
13493,8540843,5963.78
13493,8558561,5964.45
13493,8576353,5964.45
13493,8594328,5964.52
13493,8612323,5964.52
13493,8630134,5964.46
13493,8647918,5964.46
13493,8665941,5964.43
13493,8683435,5964.43
13493,8700920,5964.43
13493,8718683,5964.48
13493,8736493,5964.48
13493,8754543,5964.43
13493,8772426,5964.43
13493,8775913,5964.53
13493,8776152,5964.53
13493,8776438,5965.54
13493,8776792,5965.54
13493,8788688,5965.54
13493,8802270,5965.54
13493,8817758,5965.54
13493,8834356,5964.27
13493,8851667,5964.27
13493,8869465,5964.44
13493,8887127,5964.44
13493,8904795,5964.44
13493,8922766,5964.55
13493,8940513,5964.55
13493,8958414,5964.42
13493,8976460,5964.42
13493,8994706,5964.47
13493,9012936,5964.47
13493,9031112,5964.5
13493,9049383,5964.5
13493,9067666,5964.5
13493,9085894,5964.49
13493,9103999,5964.49
13493,9122132,5964.44
13493,9140441,5964.44
13493,9158741,5964.46
13493,9176898,5964.46
13493,9195089,5964.41
13493,9213276,5964.41
13493,9231543,5964.41
13493,9249862,5964.47
13493,9268420,5964.47
13493,9286863,5964.38
13493,9305282,5964.38
13493,9323984,5964.46
13493,9342289,5964.46
13493,9359711,5964.46
13493,9359972,5964.48
13493,9369849,5964.48
13493,9387737,5965.54
13493,9405919,5965.54
13493,9424144,5963.57
13493,9442279,5963.57
13493,9460599,5964.47
13493,9479060,5964.47
13493,9497588,5964.47
13493,9515886,5964.52
13493,9534321,5964.52
13493,9552635,5964.35
13493,9570580,5964.35
13493,9588843,5964.51
13493,9606898,5964.51
13493,9624937,5964.5
13493,9642983,5964.5
13493,9660788,5964.5
13493,9678451,5964.44
13493,9696107,5964.44
13493,9713784,5964.68
13493,9727615,5964.68
13493,9727863,5964.4
13493,9728187,5964.4
13493,9743796,5964.4
13493,9761006,5965.54
13493,9778414,5965.54
13493,9796105,5963.9
13493,9814369,5963.9
13493,9832183,5964.5
13493,9850487,5964.5
13493,9868780,5964.63
13493,9887103,5964.63
13493,9899972,5964.63
13493,9900212,5964.35
13493,9900573,5964.35
13493,9914209,5965.54
13493,9931620,5965.54
13493,9949665,5964.12
13493,9967595,5964.12
13493,9985908,5964.12
13493,10001514,5964.66
13493,10001822,5964.66
13493,10002100,5964.51
13493,10002333,5964.51
13493,10002675,5965.54
13493,10004313,5965.54
13493,10004495,5965.54
13493,10004803,5965.54
13493,10005151,5965.54
13493,10005382,5965.54
13493,10005737,5965.54
13493,10005952,5965.54
13493,10006274,5965.54
13493,10006577,5965.54
13493,10006815,5965.54
13493,10007112,5965.54
13493,10007399,5965.54
13493,10017921,5965.54
13493,10033644,5965.54
13493,10050272,5965.54
13493,10067827,5964.11
13493,10085462,5964.11
13493,10103144,5964.49
13493,10121037,5964.49
13493,10138981,5964.49
13493,10157022,5964.48
13493,10175120,5964.48
13493,10193118,5964.53
13493,10210932,5964.53
13493,10228798,5964.42
13493,10246814,5964.42
13493,10264922,5964.51
13493,10282973,5964.51
13493,10301034,5964.51
13493,10319351,5964.41
13493,10337902,5964.41
13493,10355696,5964.48
13493,10373482,5964.48
13493,10391663,5964.48
13493,10410102,5964.48
13493,10428307,5964.48
13493,10446677,5964.52
13493,10464628,5964.52
13493,10482807,5964.52
13493,10500698,5964.52
13493,10518800,5964.42
13493,10536941,5964.42
13493,10554859,5964.44
13493,10572675,5964.44
13493,10591073,5964.44
13493,10609206,5964.46
13493,10627614,5964.46
13493,10645634,5964.49
13493,10663642,5964.49
13493,10681840,5964.48
13493,10699884,5964.48
13493,10704530,5964.45
13493,1366645,5964.53
13493,1385046,5964.53
13493,1403369,5964.53
13493,1421674,5964.52
13493,1440109,5964.52
13493,1458407,5964.48
13493,1476698,5964.48
13493,1495162,5964.51
13493,1513459,5964.51
13493,1531744,5964.51
13493,1550081,5964.51
13493,1568227,5964.51
13493,1586330,5964.44
13493,1604855,5964.44
13493,1623123,5964.53
13493,1641310,5964.53
13493,1659761,5964.5
13493,1677970,5964.5
13493,1695995,5964.5
13493,1714147,5964.55
13493,1732064,5964.55
13493,1750269,5964.5
13493,1768024,5964.5
13493,1785827,5964.53
13493,1803366,5964.53
13493,1821476,5964.57
13493,1839352,5964.57
13493,1844869,5964.57
13493,1845234,5964.61
13493,1859170,5964.61
13493,1876596,5965.54
13493,1894383,5965.54
13493,1912293,5964.57
13493,1930504,5964.57
13493,1948999,5964.53
13493,1967554,5964.53
13493,1986032,5964.53
13493,2004596,5964.52
13493,2022815,5964.52
13493,2041317,5964.53
13493,2059738,5964.53
13493,2078456,5964.61
13493,2096992,5964.61
13493,2115442,5964.61
13493,2134116,5964.5
13493,2152804,5964.5
13493,2170970,5964.48
13493,2189302,5964.48
13493,2207467,5964.47
13493,2225913,5964.47
13493,2244326,5964.49
13493,2262762,5964.49
13493,2281067,5964.49
13493,2299223,5964.51
13493,2317597,5964.51
13493,2335704,5964.42
13493,2353635,5964.42
13493,2371666,5964.47
13493,2389901,5964.47
13493,2407897,5964.47
13493,2426464,5964.49
13493,2444900,5964.49
13493,2463220,5964.53
13493,2481399,5964.53
13493,2499692,5964.47
13493,2518125,5964.47
13493,2536291,5964.48
13493,2554348,5964.48
13493,2572651,5964.48
13493,2590488,5964.57
13493,2608515,5964.57
13493,2626814,5964.5
13493,2644962,5964.5
13493,2663000,5964.49
13493,2681183,5964.49
13493,2699100,5964.49
13493,2717043,5964.4
13493,2734842,5964.4
13493,2752737,5964.52
13493,2770625,5964.52
13493,2788712,5964.48
13493,2806752,5964.48
13493,2825065,5964.47
13493,2843615,5964.47
13493,2862122,5964.47
13493,2880862,5964.52
13493,2899173,5964.52
13493,2917851,5964.47
13493,2936684,5964.47
13493,2955128,5964.52
13493,2973462,5964.52
13493,2991961,5964.55
13493,3010208,5964.55
13493,3028449,5964.55
13493,3047139,5964.51
13493,3065645,5964.51
13493,3084151,5964.47
13493,3102581,5964.47
13493,3121000,5964.42
13493,3139705,5964.42
13493,3158186,5964.42
13493,3176686,5964.43
13493,3195119,5964.43
13493,3213798,5964.43
13493,3232397,5964.43
13493,3250913,5964.4
13493,3269368,5964.4
13493,3288062,5964.44
13493,3306716,5964.44
13493,3325215,5964.44
13493,3343834,5964.39
13493,3352037,5964.39
13493,3352267,5964.52
13493,3352608,5964.52
13493,3368209,5965.54
13493,3386228,5965.54
13493,3404580,5963.89
13493,3423022,5963.89
13493,3441475,5963.89
13493,3460403,5964.54
13493,3479079,5964.54
13493,3497753,5964.49
13493,3516600,5964.49
13493,3535266,5964.38
13493,3553954,5964.38
13493,3572650,5964.38
13493,3591340,5964.47
13493,3610035,5964.47
13493,3628849,5964.44
13493,3647725,5964.44
13493,3666479,5964.46
13493,3685026,5964.46
13493,3703471,5964.57
13493,3721974,5964.57
13493,3740471,5964.57
13493,3758741,5964.4
13493,3777049,5964.4
13493,3795575,5964.44
13493,3813924,5964.44
13493,3832348,5964.41
13493,3850986,5964.41
13493,3869490,5964.5
13493,3888176,5964.5
13493,3906357,5964.5
13493,3925072,5964.48
13493,3943237,5964.48
13493,3961515,5964.44
13493,3979808,5964.44
13493,3998243,5964.43
13493,4016779,5964.43
13493,4035182,5964.43
13493,4053594,5964.49
13493,4072099,5964.49
13493,4090159,5964.52
13493,4108283,5964.52
13493,4126502,5964.54
13493,4144588,5964.54
13493,4162478,5964.47
13493,4180639,5964.47
13493,4198585,5964.47
13493,4216756,5964.53
13493,4234836,5964.53
13493,4252807,5964.53
13493,4270891,5964.53
13493,4288693,5964.52
13493,4306582,5964.52
13493,4308686,5964.52
13493,4308981,5964.42
13493,4314309,5964.42
13493,4322347,5965.54
13493,4334654,5965.54
13493,4349371,5963.67
13493,4365766,5963.67
13493,4383081,5964.58
13493,4400820,5964.58
13493,4418876,5964.58
13493,4436797,5964.46
13493,4455035,5964.46
13493,4473527,5964.49
13493,4491632,5964.49
13493,4509811,5964.47
13493,4527935,5964.47
13493,4545963,5964.43
13493,4564272,5964.43
13493,4582470,5964.43
13493,4600784,5964.54
13493,4619283,5964.54
13493,4637727,5964.39
13493,4655940,5964.39
13493,4674231,5964.49
13493,4692401,5964.49
13493,4710900,5964.49
13493,4729532,5964.48
13493,4747817,5964.48
13493,4766407,5964.46
13493,4784893,5964.46
13493,4803135,5964.5
13493,4821186,5964.5
13493,4839661,5964.41
13493,4857934,5964.41
13493,4876349,5964.41
13493,4894687,5964.49
13493,4913181,5964.49
13493,4931471,5964.45
13493,4950070,5964.45
13493,4968469,5964.54
13493,4986620,5964.54
13493,5004871,5964.54
13493,5023175,5964.52
13493,5041077,5964.52
13493,5059262,5964.47
13493,5077721,5964.47
13493,5096110,5964.45
13493,5114445,5964.45
13493,5133216,5964.42
13493,5151529,5964.42
13493,5169964,5964.42
13493,5188287,5964.42
13493,5206505,5964.42
13493,5224964,5964.46
13493,5243337,5964.46
13493,5261549,5964.46
13493,5279695,5964.46
13493,5297788,5964.51
13493,5316012,5964.51
13493,5334073,5964.51
13493,5352248,5964.5
13493,5370315,5964.5
13493,5388095,5964.4
13493,5405882,5964.4
13493,5424011,5964.45
13493,5441996,5964.45
13493,5460022,5964.45
13493,5477810,5964.44
13493,5495873,5964.44
13493,5513735,5964.43
13493,5531751,5964.43
13493,5550275,5964.55
13493,5568559,5964.55
13493,5586617,5964.54
13493,5597622,5964.54
13493,5597954,5964.54
13493,5598242,5964.51
13493,5610208,5964.51
13493,5627891,5965.54
13493,5645693,5965.54
13493,5663846,5964.11
13493,5682159,5964.11
13493,5700616,5964.5
13493,5719123,5964.5
13493,5737592,5964.5
13493,5756177,5964.44
13493,5774843,5964.44
13493,5793398,5964.48
13493,5811773,5964.48
13493,5830274,5964.58
13493,5848805,5964.58
13493,5867495,5964.58
13493,5885794,5964.45
13493,5904381,5964.45
13493,5922819,5964.42
13493,5941674,5964.42
13493,5960317,5964.48
13493,5979188,5964.48
13493,5997791,5964.44
13493,6016430,5964.44
13493,6034796,5964.44
13493,6053361,5964.47
13493,6071930,5964.47
13493,6090470,5964.57
13493,6109181,5964.57
13493,6127734,5964.45
13493,6146273,5964.45
13493,6164595,5964.45
13493,6183026,5964.51
13493,6201567,5964.51
13493,6220132,5964.49
13493,6238692,5964.49
13493,6257275,5964.46
13493,6275689,5964.46
13493,6294288,5964.49
13493,6312848,5964.49
13493,6331648,5964.49
13493,6349987,5964.46
13493,6368631,5964.46
13493,6387195,5964.49
13493,6405644,5964.49
13493,6424567,5964.5
13493,6443118,5964.5
13493,6461933,5964.5
13493,6480323,5964.47
13493,6498930,5964.47
13493,6517238,5964.54
13493,6535664,5964.54
13493,6539821,5964.46
13493,6540117,5964.46
13493,6551330,5965.54
13493,6558984,5965.54
13493,6559328,5965.54
13493,6567279,5965.54
13493,6584555,5965.54
13493,6602499,5963.7
13493,6620601,5963.7
13493,6638464,5964.69
13493,6656749,5964.69
13493,6675196,5964.54
13493,6693630,5964.54
13493,6711774,5964.54
13493,6729974,5964.43
13493,6748132,5964.43
13493,6766302,5964.51
13494,43746,5964.08
13494,61938,5964.5
13494,80155,5964.5
13494,98755,5964.5
13494,116879,5964.5
13494,135197,5964.5
13494,153216,5964.5
13494,171239,5964.5
13494,189658,5964.53
13494,207989,5964.53
13494,226240,5964.54
13494,244452,5964.54
13494,262653,5964.54
13494,281058,5964.53
13494,299711,5964.53
13494,318191,5964.39
13494,336274,5964.39
13494,354543,5964.51
13494,372972,5964.51
13494,391541,5964.48
13494,409850,5964.48
13494,428012,5964.48
13494,446199,5964.44
13494,464630,5964.44
13494,482907,5964.45
13494,501440,5964.45
13494,519778,5964.38
13494,538238,5964.38
13494,556655,5964.44
13494,575096,5964.44
13494,593506,5964.44
13494,611694,5964.5
13494,629907,5964.5
13494,648366,5964.44
13494,666811,5964.44
13494,6826914,5964.51
13494,6844693,5964.42
13494,6862637,5964.42
13494,6880500,5964.42
13494,6898181,5964.47
13494,6916015,5964.47
13494,6933779,5964.43
13494,6951659,5964.43
13494,684954,5964.47
13494,703340,5964.47
13494,721675,5964.47
13494,740067,5964.51
13494,7504247,5965.54
13494,7521271,5965.54
13494,7538937,5965.54
13494,7556745,5964.34
13494,7574776,5964.34
13494,7592705,5964.51
13494,7610628,5964.51
13494,7628577,5964.42
13494,7646690,5964.42
13494,7664646,5964.42
13494,7682780,5964.37
13494,7700610,5964.37
13494,7718586,5964.46
13494,7736789,5964.46
13494,7755124,5964.36
13494,7773070,5964.36
13494,7791240,5964.38
13494,7809154,5964.38
13494,7827311,5964.38
13494,7845230,5964.39
13494,7863224,5964.39
13494,7881209,5964.45
13494,7899264,5964.45
13494,7917255,5964.43
13494,7935364,5964.43
13494,7953535,5964.43
13494,7971484,5964.39
13494,7989508,5964.39
13494,8007430,5964.44
13494,8025209,5964.44
13494,8043546,5964.38
13494,8061193,5964.38
13494,8079469,5964.38
13494,8097667,5964.44
13494,8115990,5964.44
13494,8133901,5964.46
13494,8151814,5964.46
13494,8169611,5964.41
13494,8187378,5964.41
13494,8205231,5964.38
13494,8223112,5964.38
13494,8240663,5964.38
13494,8258740,5964.46
13494,8276861,5964.46
13494,8294768,5964.41
13494,8312700,5964.41
13494,8330770,5964.38
13494,8348783,5964.38
13494,8366606,5964.38
13494,8384890,5964.52
13494,8402671,5964.52
13494,8420466,5964.35
13494,8438125,5964.35
13494,8456046,5964.46
13494,8473843,5964.46
13494,8491888,5964.39
13494,8509943,5964.39
13494,8527992,5964.39
13494,8545939,5964.56
13494,8564216,5964.56
13494,8582254,5964.4
13494,8600526,5964.4
13494,8618487,5964.49
13494,8636946,5964.49
13494,8654958,5964.44
13494,8673184,5964.44
13494,8691698,5964.44
13494,8710146,5964.38
13494,8728448,5964.38
13494,8746872,5964.43
13494,8764839,5964.43
13494,8783232,5964.38
13494,8801160,5964.38
13494,8819723,5964.38
13494,8838018,5964.57
13494,8856352,5964.57
13494,8874876,5964.53
13494,8893322,5964.53
13494,8911497,5964.44
13494,8929960,5964.44
13494,8948098,5964.56
13494,8966313,5964.56
13494,8984436,5964.56
13494,9002234,5964.3
13494,9564640,5964.45
13494,9582517,5964.54
13494,9600892,5964.54
13494,9619158,5964.47
13494,9637261,5964.47
13494,9655052,5964.54
13494,9673341,5964.54
13494,1366158,5964.49
13494,1366513,5964.49
13494,1368214,5965.54
13494,1384581,5965.54
13494,1402122,5965.54
13494,1419659,5965.54
13494,2058392,5964.39
13494,2076687,5964.39
13494,2094719,5964.36
13494,2112969,5964.36
13494,2131013,5964.44
13494,2149011,5964.44
13494,2167186,5964.37
13494,2185196,5964.37
13494,2203302,5964.37
13494,2221320,5964.5
13494,2239362,5964.5
13494,2257410,5964.44
13494,2275473,5964.44
13494,2293363,5964.42
13494,2311299,5964.42
13494,2329449,5964.4
13494,2347197,5964.4
13494,2365332,5964.4
13494,2383492,5964.48
13494,2401679,5964.48
13494,2419862,5964.47
13494,2435198,5964.47
13494,2435420,5964.44
13494,2435702,5964.44
13494,2441598,5964.44
13494,2458503,5965.54
13494,2476170,5965.54
13494,2494090,5964
13494,2511751,5964
13494,2530074,5964.61
13494,2548098,5964.61
13494,2566160,5964.49
13494,2584300,5964.49
13494,2602118,5964.49
13494,2620169,5964.52
13494,2638109,5964.52
13494,2656161,5964.43
13494,2674257,5964.43
13494,2692230,5964.43
13494,2710315,5964.43
13494,2728596,5964.45
13494,2746350,5964.45
13494,2764159,5964.45
13494,2782337,5964.45
13494,2800513,5964.45
13494,2818818,5964.44
13494,2836874,5964.44
13494,2855244,5964.48
13494,2873227,5964.48
13494,2891299,5964.48
13494,2898346,5964.4
13494,2898642,5964.4
13494,2899004,5965.54
13494,2899297,5965.54
13494,2899515,5965.54
13494,2899876,5965.54
13494,2900162,5965.54
13494,2900443,5965.54
13494,2900676,5965.54
13494,2901026,5965.54
13494,2901257,5965.54
13494,2901544,5965.54
13494,2901887,5965.54
13494,2902105,5965.54
13494,2902459,5965.54
13494,2902753,5965.54
13494,2903042,5965.54
13494,2907363,5965.54
13494,2922063,5965.54
13494,2938089,5965.54
13494,2955019,5963.76
13494,2972254,5963.76
13494,2989407,5964.52
13494,3006895,5964.52
13494,3024368,5964.52
13494,3041872,5964.55
13494,3059661,5964.55
13494,3077575,5964.48
13494,3095013,5964.48
13494,3112790,5964.48
13494,3130578,5964.48
13494,3148623,5964.41
13494,3166422,5964.41
13494,3184209,5964.41
13494,3202016,5964.41
13494,3219660,5964.41
13494,3237620,5964.49
13494,3255535,5964.49
13494,3273547,5964.37
13494,3291356,5964.37
13494,3309024,5964.37
13494,3326692,5964.48
13494,3344486,5964.48
13494,3362524,5964.46
13494,3380281,5964.46
13494,3398354,5964.5
13494,3416296,5964.5
13494,3434628,5964.47
13494,3452704,5964.47
13494,3470664,5964.47
13494,3488811,5964.48
13494,3507041,5964.48
13494,3524931,5964.45
13494,3542871,5964.45
13494,4104267,5964.48
13494,4122721,5964.48
13494,4140985,5964.48
13494,4159079,5964.48
13494,4177266,5964.46
13494,4195536,5964.46
13494,4213848,5964.46
13494,4232055,5964.51
13494,4250319,5964.51
13494,4268645,5964.39
13494,4286946,5964.39
13494,4305353,5964.47
13494,4323557,5964.47
13494,4341975,5964.45
13494,4360414,5964.45
13494,4378719,5964.45
13494,4397409,5964.44
13494,4415841,5964.44
13494,4434266,5964.43
13494,4452683,5964.43
13494,4471259,5964.41
13494,4489673,5964.41
13494,4508256,5964.46
13494,4526487,5964.46
13494,4544489,5964.46
13494,4563039,5964.42
13494,4581430,5964.42
13494,4599883,5964.44
13494,4618586,5964.44
13494,4636747,5964.33
13494,4655098,5964.33
13494,4673480,5964.44
13494,4691787,5964.44
13494,4710172,5964.44
13494,4728707,5964.42
13494,4740713,5964.42
13494,4741055,5964.44
13494,4748338,5964.44
13494,4765462,5965.54
13494,4783303,5965.54
13494,4801093,5965.54
13494,4819190,5964.08
13494,4837449,5964.08
13494,4855792,5964.47
13494,4873691,5964.47
13494,4891863,5964.43
13494,4909956,5964.43
13494,4927807,5964.41
13494,4946023,5964.41
13494,4964175,5964.41
13494,4982593,5964.45
13494,5000521,5964.45
13494,5018576,5964.44
13494,5036869,5964.44
13494,5055001,5964.44
13494,5073100,5964.44
13494,5091638,5964.43
13494,5100977,5964.43
13494,5101299,5964.43
13494,5115894,5965.54
13494,5133745,5965.54
13494,5151590,5964.67
13494,5169313,5964.67
13494,5187450,5964.52
13494,5205225,5964.52
13494,5223579,5964.52
13494,5241527,5964.42
13494,5259198,5964.42
13494,5277107,5964.48
13494,5295187,5964.48
13494,5313347,5964.38
13494,5331433,5964.38
13494,5349679,5964.43
13494,5367722,5964.43
13494,5385502,5964.43
13494,5403407,5964.49
13494,5421509,5964.49
13494,5439648,5964.46
13494,5457595,5964.46
13494,5475636,5964.47
13494,5494055,5964.47
13494,5511979,5964.38
13494,5530169,5964.38
13494,5548196,5964.38
13494,5566492,5964.48
13494,5584562,5964.48
13494,5602743,5964.52
13494,5620785,5964.52
13494,5638699,5964.42
13494,5656530,5964.42
13494,5674671,5964.42
13494,5692470,5964.4
13494,5710784,5964.4
13494,5728917,5964.4
13494,5747004,5964.4
13494,5765167,5964.52
13494,5783075,5964.52
13494,5801393,5964.44
13494,5819432,5964.44
13494,5837482,5964.44
13494,5855267,5964.49
13494,5873277,5964.49
13494,5891360,5964.38
13494,5909165,5964.38
13494,5927094,5964.51
13494,5945056,5964.51
13494,5963164,5964.51
13494,5981242,5964.51
13494,5999228,5964.51
13494,6017210,5964.41
13494,6035247,5964.41
13494,6053281,5964.45
13494,6071211,5964.45
13494,6089204,5964.29
13494,6107190,5964.29
13494,6125351,5964.29
13494,6143407,5964.47
13494,6161453,5964.47
13494,6175080,5964.43
13494,6175414,5964.43
13494,6181401,5965.54
13494,6198603,5965.54
13494,6216318,5966.91
13494,6234066,5966.91
13494,6251852,5966.91
13494,6269641,5964.46
13494,6287699,5964.46
13494,6305876,5964.52
13494,6323918,5964.52
13494,6341841,5964.41
13494,6359534,5964.41
13494,6360490,5964.41
13494,6360772,5964.48
13494,6360999,5964.48
13494,6367744,5965.54
13494,6384373,5965.54
13494,6401643,5964.52
13494,6419131,5964.52
13494,6436488,5964.79
13494,6454519,5964.79
13494,6472195,5964.79
13494,6489981,5964.42
13494,6508011,5964.42
13494,6525960,5964.44
13494,6543857,5964.44
13494,6561660,5964.44
13494,6579576,5964.44
13494,6597509,5964.44
13494,6615407,5964.45
13494,6633550,5964.45
13494,6651762,5964.4
13494,6669422,5964.4
13494,6682367,5964.4
13494,6682598,5964.4
13494,6686376,5965.54
13494,6703007,5965.54
13494,6720421,5965.54
13494,6738197,5964.42
13494,6755725,5964.42
13494,6773657,5964.77
13494,6791584,5964.77
13494,6809275,5964.51
13495,41833,5964.34
13495,59259,5964.34
13495,77296,5964.42
13495,95204,5964.42
13495,112738,5964.45
13495,130526,5964.45
13495,148340,5964.45
13495,166240,5964.38
13495,183907,5964.38
13495,201638,5964.42
13495,219484,5964.42
13495,237170,5964.44
13495,254970,5964.44
13495,272735,5964.47
13495,290281,5964.47
13495,308070,5964.47
13495,326001,5964.44
13495,343835,5964.44
13495,361839,5964.39
13495,380095,5964.39
13495,398454,5964.39
13495,416327,5964.39
13495,434573,5964.39
13495,452805,5964.4
13495,470899,5964.4
13495,489330,5964.33
13495,507183,5964.33
13495,525167,5964.39
13495,543366,5964.39
13495,561499,5964.49
13495,579937,5964.49
13495,592924,5964.49
13495,593213,5964.42
13495,593492,5964.42
13495,593847,5965.54
13495,594305,5965.54
13495,594611,5965.54
13495,594838,5965.54
13495,595123,5965.54
13495,595490,5965.54
13495,601408,5965.54
13495,617299,5965.54
13495,634389,5965.54
13495,652020,5963.43
13495,669791,5963.43
13495,6853113,5964.41
13495,6871552,5964.41
13495,6889579,5964.4
13495,6907910,5964.4
13495,6925935,5964.46
13495,6944247,5964.46
13495,6962541,5964.38
13495,6980864,5964.38
13495,687542,5964.5
13495,705431,5964.5
13495,723364,5964.5
13495,741173,5964.38
13495,7530902,5964.41
13495,7549431,5964.38
13495,7567870,5964.38
13495,7586545,5964.4
13495,8223483,5964.4
13495,8241665,5964.4
13495,8259834,5964.49
13495,8277901,5964.49
13495,8905285,5964.45
13495,8923394,5964.43
13495,8941657,5964.43
13495,8959441,5964.37
13495,9598053,5964.36
13495,9615675,5964.36
13495,9633103,5964.33
13495,9650839,5964.33
13495,1386259,5964.48
13495,1404420,5964.49
13495,1422416,5964.49
13495,2059403,5964.46
13495,2077588,5964.46
13495,2095892,5964.46
13495,2113917,5964.41
13495,2748550,5964.48
13495,2766772,5964.47
13495,2784779,5964.47
13495,2802953,5964.53
13495,2821099,5964.53
13495,2832955,5964.53
13495,2833217,5964.43
13495,2833498,5964.43
13495,2843605,5965.54
13495,2860759,5965.54
13495,2878313,5964.38
13495,2896228,5964.38
13495,2914157,5964.31
13495,2932068,5964.31
13495,2950124,5964.31
13495,2968255,5964.38
13495,2986225,5964.38
13495,3004119,5964.3
13495,3022191,5964.3
13495,3040353,5964.42
13495,3058538,5964.42
13495,3076762,5964.42
13495,3094972,5964.4
13495,3113129,5964.4
13495,3131349,5964.47
13495,3149188,5964.47
13495,3167259,5964.51
13495,3185425,5964.51
13495,3203567,5964.51
13495,3221742,5964.41
13495,3239733,5964.41
13495,3257963,5964.42
13495,3276117,5964.42
13495,3294132,5964.4
13495,3312382,5964.4
13495,3330603,5964.48
13495,3348669,5964.48
13495,3366751,5964.48
13495,3384672,5964.45
13495,3402745,5964.45
13495,3420786,5964.41
13495,3438830,5964.41
13495,3457243,5964.47
13495,3475296,5964.47
13495,3493515,5964.43
13495,3511351,5964.43
13495,3529578,5964.43
13495,3547737,5964.36
13495,3565639,5964.36
13495,3583567,5964.44
13495,3601753,5964.44
13495,3619684,5964.41
13495,3637745,5964.41
13495,3655643,5964.41
13495,3663023,5964.39
13495,3663313,5964.39
13495,3669533,5965.54
13495,3686696,5965.54
13495,3704244,5964.61
13495,3721760,5964.61
13495,3739393,5964.36
13495,3757399,5964.36
13495,3775640,5964.36
13495,3793520,5964.49
13495,3811546,5964.49
13495,3829544,5964.54
13495,3847312,5964.54
13495,3865242,5964.46
13495,3883414,5964.46
13495,3901344,5964.46
13495,3919399,5964.46
13495,3937693,5964.46
13495,3956041,5964.39
13495,3974290,5964.39
13495,3992088,5964.51
13495,4010124,5964.51
13495,4028359,5964.47
13495,4046348,5964.47
13495,4064538,5964.47
13495,4082338,5964.46
13495,4100293,5964.46
13495,4118408,5964.35
13495,4136460,5964.35
13495,4154523,5964.4
13495,4172345,5964.4
13495,4190053,5964.4
13495,4207892,5964.39
13495,4226085,5964.39
13495,4243874,5964.4
13495,4262336,5964.4
13495,4280605,5964.39
13495,4298423,5964.39
13495,4316307,5964.5
13495,4334479,5964.5
13495,4352559,5964.5
13495,4370579,5964.41
13495,4388396,5964.41
13495,4406443,5964.44
13495,4424209,5964.44
13495,4442268,5964.45
13495,4460183,5964.45
13495,4477860,5964.45
13495,4479543,5964.38
13495,4479879,5964.38
13495,4480170,5965.54
13495,4480464,5965.54
13495,4480760,5965.54
13495,4481050,5965.54
13495,4481259,5965.54
13495,4481559,5965.54
13495,4481855,5965.54
13495,4482147,5965.54
13495,4482480,5965.54
13495,4482779,5965.54
13495,4483001,5965.54
13495,4483279,5965.54
13495,4483493,5965.54
13495,4484255,5965.54
13495,4497819,5965.54
13495,4513685,5965.54
13495,4530317,5964.6
13495,4547551,5964.6
13495,4565090,5964.6
13495,4582294,5964.6
13495,4600003,5964.36
13495,4617475,5964.36
13495,4635166,5964.36
13495,4652938,5964.52
13495,4670672,5964.52
13495,4688402,5964.41
13495,4706223,5964.41
13495,4724024,5964.32
13495,4741513,5964.32
13495,4759354,5964.32
13495,4777246,5964.38
13495,4795162,5964.38
13495,4812937,5964.35
13495,4831013,5964.35
13495,4848654,5964.41
13495,5488120,5964.46
13495,5506313,5964.46
13495,5524273,5964.36
13495,5542527,5964.36
13495,6174316,5964.41
13495,6192262,5964.37
13495,6210409,5964.37
13495,6228281,5964.5
13495,6246113,5964.5
13495,6264306,5964.37
13495,6282370,5964.37
13495,6300388,5964.37
13495,6318329,5964.5
13495,6336135,5964.5
13495,6354296,5964.41
13496,42339,5964.43
13496,60262,5964.43
13496,6870342,5964.43
13496,6887851,5964.37
13496,6905526,5964.37
13496,6923440,5964.43
13496,6941267,5964.43
13496,6959281,5964.43
13496,6977093,5964.37
13496,6994996,5964.37
13496,7012808,5964.39
13496,7029819,5964.39
13496,7030069,5964.34
13496,7030307,5964.34
13496,7032971,5965.54
13496,7033194,5965.54
13496,7045305,5965.54
13496,690214,5964.44
13496,708431,5964.44
13496,726450,5964.42
13496,744611,5964.42
13496,7550053,5964.39
13496,7568215,5964.39
13496,7586642,5964.43
13496,7604698,5964.43
13496,8228719,5965.54
13496,8228985,5964.71
13496,8229231,5964.71
13496,8229510,5965.54
13496,8229877,5965.54
13496,8230161,5965.54
13496,8230383,5965.54
13496,8230737,5965.54
13496,8243782,5965.54
13496,8260426,5965.54
13496,8277500,5964.41
13496,8295002,5964.41
13496,8312630,5964.55
13496,8330580,5964.55
13496,8348758,5964.49
13496,8366915,5964.49
13496,8384989,5964.49
13496,8402811,5964.41
13496,8407281,5964.41
13496,8407574,5964.45
13496,8407864,5964.45
13496,8408149,5965.54
13496,8408432,5965.54
13496,8408778,5965.54
13496,8409069,5965.54
13496,8409299,5965.54
13496,8409653,5965.54
13496,8409865,5965.54
13496,8423650,5965.54
13496,8439798,5965.54
13496,8456798,5964.98
13496,8474221,5964.98
13496,8492032,5964.98
13496,8509770,5964.25
13496,8527683,5964.25
13496,8545738,5964.36
13496,8564196,5964.36
13496,8581856,5964.47
13496,8599474,5964.47
13496,8617162,5964.36
13496,8635081,5964.36
13496,8652669,5964.36
13496,8670157,5964.49
13496,8687783,5964.49
13496,8705743,5964.45
13496,8723399,5964.45
13496,8741321,5964.39
13496,8759378,5964.39
13496,8777286,5964.39
13496,8795331,5964.31
13496,8813633,5964.31
13496,8831969,5964.37
13496,8850001,5964.37
13496,8852188,5964.46
13496,8852540,5964.46
13496,8853193,5965.54
13496,8869292,5965.54
13496,8886604,5965.54
13496,8904142,5964.3
13496,8922066,5964.3
13496,8940094,5964.72
13496,8958146,5964.72
13496,8976324,5964.44
13496,8994373,5964.44
13496,9012564,5964.44
13496,9027381,5964.34
13496,9027639,5964.34
13496,9027919,5964.43
13496,9028206,5964.43
13496,9034069,5965.54
13496,9050968,5965.54
13496,9068137,5964.63
13496,9085881,5964.63
13496,9103896,5964.63
13496,9122080,5964.71
13496,9140164,5964.71
13496,9158226,5964.49
13496,9176272,5964.49
13496,9194581,5964.39
13496,9212745,5964.39
13496,9231054,5964.39
13496,9249350,5964.43
13496,9267651,5964.43
13496,9285638,5964.42
13496,9303863,5964.42
13496,9322167,5964.4
13496,9340354,5964.4
13496,9358480,5964.42
13496,9376989,5964.42
13496,9395571,5964.42
13496,9413840,5964.45
13496,9431986,5964.45
13496,9450298,5964.39
13496,9468718,5964.39
13496,9487057,5964.5
13496,9505669,5964.5
13496,9523894,5964.39
13496,9542222,5964.39
13496,9560397,5964.39
13496,9578947,5964.45
13496,9597495,5964.45
13496,9615820,5964.35
13496,9634252,5964.35
13496,9652532,5964.41
13496,9670929,5964.41
13496,9689219,5964.43
13496,9707728,5964.43
13496,9725909,5964.43
13496,9744240,5964.5
13496,9762743,5964.5
13496,9781325,5964.43
13496,10283360,5964.39
13496,10301765,5964.39
13496,10312286,5964.44
13496,1376740,5964.42
13496,1394524,5964.42
13496,1412456,5964.54
13496,1430615,5964.54
13496,2071967,5964.43
13496,2087577,5964.43
13496,2087835,5964.47
13496,2088174,5964.47
13496,2103428,5965.54
13496,2120440,5965.54
13496,2754033,5964.38
13496,2772316,5964.42
13496,2790624,5964.42
13496,2805495,5964.42
13496,2805862,5964.41
13496,2806148,5964.41
13496,2806455,5965.54
13496,2806677,5965.54
13496,3434490,5964.41
13496,3452621,5964.41
13496,3470618,5964.43
13496,3488683,5964.43
13496,3506719,5964.43
13496,3524533,5964.46
13496,3542706,5964.46
13496,3560697,5964.44
13496,4119652,5964.57
13496,4137296,5964.57
13496,4155236,5964.48
13496,4173450,5964.48
13496,4191836,5964.48
13496,4210394,5964.44
13496,4228497,5964.44
13496,4246882,5964.39
13496,4796055,5964.41
13496,4814231,5964.41
13496,4832522,5964.35
13496,4850709,5964.35
13496,4868753,5964.45
13496,4886943,5964.45
13496,4905022,5964.41
13496,4923220,5964.41
13496,4941577,5964.41
13496,4960001,5964.51
13496,4978307,5964.51
13496,4996598,5964.35
13496,5014814,5964.35
13496,5032992,5964.54
13496,5051399,5964.54
13496,5069680,5964.54
13496,5087776,5964.4
13496,5105950,5964.4
13496,5123877,5964.46
13496,5141891,5964.46
13496,5160480,5964.44
13496,5178527,5964.44
13496,5196832,5964.39
13496,5215199,5964.39
13496,5233430,5964.39
13496,5251588,5964.42
13496,5269748,5964.42
13496,5287693,5964.41
13496,5305901,5964.41
13496,5324449,5964.39
13496,5342746,5964.39
13496,5360909,5964.47
13496,5379380,5964.47
13496,5397805,5964.47
13496,5416043,5964.46
13496,5434241,5964.46
13496,5452443,5964.35
13496,5470509,5964.35
13496,5488534,5964.41
13496,5506690,5964.41
13496,5524746,5964.41
13496,5542916,5964.4
13496,5561349,5964.4
13496,5579397,5964.38
13496,5597848,5964.38
13496,5616259,5964.34
13496,5634563,5964.34
13496,5652754,5964.42
13496,5670659,5964.42
13496,5688835,5964.42
13496,5707137,5964.51
13496,5725471,5964.51
13496,5743745,5964.31
13496,5762008,5964.31
13496,5780236,5964.43
13496,5798678,5964.43
13496,5816961,5964.43
13496,5835286,5964.45
13496,5853446,5964.45
13496,5871634,5964.46
13496,5889688,5964.46
13496,5907998,5964.46
13496,5926135,5964.46
13496,5944479,5964.45
13496,5962783,5964.45
13496,5981166,5964.45
13496,5999628,5964.36
13496,6017930,5964.36
13496,6036243,5964.47
13496,6054410,5964.47
13496,6072729,5964.34
13496,6090733,5964.34
13496,6108891,5964.34
13496,6126877,5964.43
13496,6145030,5964.43
13496,6163488,5964.41
13496,6181405,5964.41
13496,6199574,5964.42
13496,6217616,5964.42
13496,6235810,5964.51
13496,6254094,5964.51
13496,6272404,5964.51
13496,6290449,5964.41
13496,6308627,5964.41
13496,6326686,5964.44
13496,6344707,5964.44
13496,6362778,5964.35
13496,6380747,5964.35
13496,6398987,5964.35
13496,6416964,5964.39
13496,6435082,5964.39
13496,6453121,5964.5
13496,6471202,5964.5
13496,6489237,5964.4
13496,6497946,5964.4
13496,6498177,5964.4
13496,6498537,5964.46
13496,6499751,5964.46
13496,6515594,5965.54
13496,6533120,5965.54
13496,6550512,5964.57
13496,6568231,5964.57
13496,6586044,5964.59
13496,6603978,5964.59
13496,6621553,5964.59
13496,6639601,5964.4
13496,6657674,5964.4
13496,6658262,5964.47
13496,6658550,5964.47
13496,6658830,5965.54
13496,6659064,5965.54
13496,6659352,5965.54
13496,6659643,5965.54
13496,6659927,5965.54
13496,6660217,5965.54
13496,6660554,5965.54
13496,6660852,5965.54
13496,6661083,5965.54
13496,6661435,5965.54
13496,6661725,5965.54
13496,6662013,5965.54
13496,6662168,5965.54
13496,6662458,5965.54
13496,6662754,5965.54
13496,6663097,5965.54
13496,6663315,5965.54
13496,6663677,5965.54
13496,6663972,5965.54
13496,6664177,5965.54
13496,6664485,5965.54
13496,6664824,5965.54
13496,6665044,5965.54
13496,6665347,5965.54
13496,6665697,5965.54
13496,6665926,5965.54
13496,6676427,5965.54
13496,6691154,5964.71
13496,6701485,5964.71
13496,6701767,5964.71
13496,6701996,5964.57
13496,6715187,5964.57
13496,6731528,5965.54
13496,6748330,5965.54
13496,6765101,5964.28
13496,6782279,5964.28
13496,6799787,5964.28
13496,6817336,5964.39
13496,6834640,5964.39
13496,6852419,5964.43
13497,43751,5964.41
13497,62224,5964.41
13497,80241,5964.43
13497,98283,5964.43
13497,116194,5964.43
13497,134223,5964.43
13497,152596,5964.43
13497,170746,5964.43
13497,189177,5964.43
13497,207709,5964.47
13497,226148,5964.47
13497,244826,5964.46
13497,263407,5964.46
13497,281850,5964.51
13497,300399,5964.51
13497,318585,5964.51
13497,336990,5964.48
13497,355566,5964.48
13497,374017,5964.42
13497,392329,5964.42
13497,410722,5964.35
13497,429037,5964.35
13497,447578,5964.35
13497,466020,5964.47
13497,484212,5964.47
13497,502629,5964.32
13497,520948,5964.32
13497,539489,5964.45
13497,557820,5964.45
13497,576227,5964.45
13497,594683,5964.45
13497,613230,5964.45
13497,631700,5964.46
13497,650241,5964.46
13497,668625,5964.44
13497,686834,5964.44
13497,705404,5964.4
13497,724065,5964.4
13497,742555,5964.4
13497,761104,5964.45
13497,779634,5964.45
13497,798456,5964.4
13497,817007,5964.4
13497,835830,5964.35
13497,854242,5964.35
13497,872499,5964.35
13497,890755,5964.49
13497,909214,5964.49
13497,927709,5964.28
13497,945989,5964.28
13497,964190,5964.49
13497,982500,5964.49
13497,1000570,5964.47
13497,1018725,5964.47
13497,1037175,5964.47
13497,1055405,5964.43
13497,1073770,5964.43
13497,1091842,5964.41
13497,1110255,5964.41
13497,1128417,5964.35
13497,1146643,5964.35
13497,1165036,5964.35
13497,1183346,5964.5
13497,1201515,5964.5
13497,1219917,5964.31
13497,1238135,5964.31
13497,1256698,5964.47
13497,1275344,5964.47
13497,1293478,5964.42
13497,1311672,5964.42
13497,1330163,5964.42
13497,1348723,5964.49
13497,1367158,5964.49
13497,1385340,5964.42
13497,1403289,5964.42
13497,1421801,5964.38
13497,1439848,5964.38
13497,1457650,5964.38
13497,1475446,5964.41
13497,1493469,5964.41
13497,1511302,5964.33
13497,1529180,5964.33
13497,1547308,5964.4
13497,1565180,5964.4
13497,1583391,5964.4
13497,1601885,5964.54
13497,1620341,5964.54
13497,1638777,5964.4
13497,1657066,5964.4
13497,1675773,5964.41
13497,1694444,5964.41
13497,1713042,5964.48
13497,1729377,5964.48
13497,1729667,5964.48
13497,1729956,5964.38
13497,1730238,5964.38
13497,1730478,5965.54
13497,1730766,5965.54
13497,1731053,5965.54
13497,1734281,5965.54
13497,1750284,5965.54
13497,1767710,5965.54
13497,1785463,5965.54
13497,1803895,5964.45
13497,1822126,5964.45
13497,1840250,5964.61
13497,1858382,5964.61
13497,1876749,5964.42
13497,1894792,5964.42
13497,1900244,5964.42
13497,1900483,5964.47
13497,1908087,5964.47
13497,1925636,5965.54
13497,1943295,5965.54
13497,1961131,5963.81
13497,1978765,5963.81
13497,1996430,5963.81
13497,2014352,5964.55
13497,2032016,5964.55
13497,2049937,5964.44
13497,2067860,5964.44
13497,2085653,5964.47
13497,2103954,5964.47
13497,2122277,5964.45
13497,2140389,5964.45
13497,2158762,5964.45
13497,2176901,5964.32
13497,2194959,5964.32
13497,2213014,5964.38
13497,2231082,5964.38
13497,2249273,5964.39
13497,2267574,5964.39
13497,2285719,5964.39
13497,2303736,5964.35
13497,2321816,5964.35
13497,2340089,5964.41
13497,2358455,5964.41
13497,2376708,5964.37
13497,2394986,5964.37
13497,2413298,5964.37
13497,2431556,5964.35
13497,2449928,5964.35
13497,2468346,5964.25
13497,2486572,5964.25
13497,2504956,5964.46
13497,2523409,5964.46
13497,2541691,5964.37
13497,2559993,5964.37
13497,2578229,5964.37
13497,2596612,5964.51
13497,2614916,5964.51
13497,2633364,5964.46
13497,2651301,5964.46
13497,2669944,5964.49
13497,2688249,5964.49
13497,2706819,5964.49
13497,2725136,5964.46
13497,2743751,5964.46
13497,2762240,5964.37
13497,2780670,5964.37
13497,2799102,5964.32
13497,2817473,5964.32
13497,2836107,5964.4
13497,2854425,5964.4
13497,2872853,5964.4
13497,2891145,5964.52
13497,2909442,5964.52
13497,2927615,5964.48
13497,2945558,5964.48
13497,2963741,5964.54
13497,2981898,5964.54
13497,3000081,5964.54
13497,3018252,5964.4
13497,3036303,5964.4
13497,3054338,5964.45
13497,3072397,5964.45
13497,3090434,5964.49
13497,3108751,5964.49
13497,3126671,5964.47
13497,3144720,5964.47
13497,3162972,5964.47
13497,3181315,5964.54
13497,3199547,5964.54
13497,3217799,5964.5
13497,3236114,5964.5
13497,3254315,5964.49
13497,3272546,5964.49
13497,3290766,5964.49
13497,3308769,5964.5
13497,3326627,5964.5
13497,3345001,5964.47
13497,3362995,5964.47
13497,3381272,5964.56
13497,3399425,5964.56
13497,3417734,5964.48
13497,3435975,5964.48
13497,3453887,5964.48
13497,3472168,5964.38
13497,3490325,5964.38
13497,3508600,5964.44
13497,3526850,5964.44
13497,3544886,5964.49
13497,3563026,5964.49
13497,3581079,5964.49
13497,3598992,5964.46
13497,3616910,5964.46
13497,3634760,5964.45
13497,3652985,5964.45
13497,3671258,5964.39
13497,3689290,5964.39
13497,3707273,5964.52
13497,3725448,5964.52
13497,3743697,5964.52
13497,3761929,5964.39
13497,3780052,5964.39
13497,3798036,5964.41
13497,3816459,5964.41
13497,3834786,5964.47
13497,3853062,5964.47
13497,3871227,5964.47
13497,3889282,5964.42
13497,3907596,5964.42
13497,3925782,5964.48
13497,3943934,5964.48
13497,3962387,5964.43
13497,3980411,5964.43
13497,3985646,5964.43
13497,3985901,5964.37
13497,3986222,5964.37
13497,3986483,5965.54
13497,4001940,5965.54
13497,4019168,5964.64
13497,4036756,5964.64
13497,4054660,5964.64
13497,4072829,5964.64
13497,4091131,5964.64
13497,4102329,5964.37
13497,4102601,5964.37
13497,4102953,5965.54
13497,4103241,5965.54
13497,4103469,5965.54
13497,4103827,5965.54
13497,4104106,5965.54
13497,4104332,5965.54
13497,4104677,5965.54
13497,4104911,5965.54
13497,4105261,5965.54
13497,4105480,5965.54
13497,4105846,5965.54
13497,4106134,5965.54
13497,4106357,5965.54
13497,4106701,5965.54
13497,4106930,5965.54
13497,4106993,5965.54
13502,42883,5964.6
13502,60912,5964.59
13502,78961,5964.59
13502,97167,5964.59
13502,115447,5964.7
13502,133730,5964.7
13502,6811807,5964.63
13502,6832251,5964.63
13502,6852850,5964.63
13502,6872960,5964.68
13502,6893580,5964.68
13502,6914039,5964.62
13502,6934514,5964.62
13502,6955088,5964.77
13502,6975213,5964.77
13502,6995574,5964.71
13502,684533,5964.92
13502,703848,5964.92
13502,722984,5965.04
13502,742580,5965.04
13502,761787,5965.08
13502,780904,5965.08
13502,800736,5965.08
13502,820584,5965.08
13502,840060,5965.08
13502,859832,5965.01
13502,879399,5965.01
13502,888233,5965.04
13502,888515,5965.04
13502,888870,5965.54
13502,889146,5965.54
13502,889446,5965.54
13502,889672,5965.54
13502,890026,5965.54
13502,890253,5965.54
13502,890548,5965.54
13502,890827,5965.54
13502,891175,5965.54
13502,891395,5965.54
13502,891761,5965.54
13502,892041,5965.54
13502,892265,5965.54
13502,892632,5965.54
13502,892828,5965.54
13502,893041,5965.54
13502,893358,5965.54
13502,893716,5965.54
13502,894000,5965.54
13502,894228,5965.54
13502,894572,5965.54
13502,894805,5965.54
13502,895159,5965.54
13502,895366,5965.54
13502,895674,5965.54
13502,895954,5965.54
13502,896244,5965.54
13502,896596,5965.54
13502,896825,5965.54
13502,897114,5965.54
13502,897386,5965.54
13502,910281,5965.54
13502,927026,5965.54
13502,944942,5965.54
13502,963060,5965.03
13502,981560,5965.03
13502,1000371,5965.03
13502,1019514,5964.63
13502,1038795,5964.63
13502,1058276,5964.32
13502,1077818,5964.32
13502,1097036,5964.68
13502,1116209,5964.68
13502,1135473,5964.68
13502,1155085,5964.71
13502,1174874,5964.71
13502,1194896,5964.93
13502,1214765,5964.93
13502,1234750,5964.55
13502,1254906,5964.55
13502,1274811,5964.66
13502,1294794,5964.66
13502,1314602,5964.66
13502,1334647,5964.71
13502,1354679,5964.71
13502,7486846,5964.62
13502,7507451,5964.68
13502,7527928,5964.68
13502,7548405,5964.68
13502,7568651,5964.65
13502,7589362,5964.65
13502,7609725,5964.63
13502,7630200,5964.63
13502,7650453,5964.57
13502,7670774,5964.57
13502,8160066,5964.7
13502,8180212,5964.76
13502,8200585,5964.76
13502,8221051,5964.68
13502,8241564,5964.68
13502,8262257,5964.69
13502,8282848,5964.69
13502,8303232,5964.68
13502,8323776,5964.68
13502,8344244,5964.68
13502,8838359,5964.58
13502,8838591,5964.58
13502,8838882,5964.67
13502,8839173,5964.67
13502,8839443,5965.54
13502,8839806,5965.54
13502,8840106,5965.54
13502,8840326,5965.54
13502,8840670,5965.54
13502,8840963,5965.54
13502,8841250,5965.54
13502,8841483,5965.54
13502,8841772,5965.54
13502,8842046,5965.54
13502,8842273,5965.54
13502,8842564,5965.54
13502,8842845,5965.54
13502,8843197,5965.54
13502,8843492,5965.54
13502,8843761,5965.54
13502,8844071,5965.54
13502,8844282,5965.54
13502,8852195,5965.54
13502,8869462,5965.54
13502,8888405,5965.54
13502,8908455,5964.47
13502,8928617,5964.47
13502,8949338,5964.79
13502,8969945,5964.79
13502,8990947,5964.57
13502,9012042,5964.57
13502,9033060,5964.67
13502,9054040,5964.67
13502,9075277,5964.67
13502,9096283,5964.54
13502,9518039,5964.54
13502,9538824,5964.6
13502,9559824,5964.6
13502,9580919,5964.61
13502,9602026,5964.61
13502,9622997,5964.61
13502,9644309,5964.65
13502,9665376,5964.65
13502,9686500,5964.62
13502,9707911,5964.62
13502,1374915,5964.61
13502,1394861,5964.61
13502,1414889,5964.55
13502,1435108,5964.55
13502,1454930,5964.55
13502,1474675,5964.74
13502,1494980,5964.74
13502,1514819,5964.75
13502,1535168,5964.75
13502,1555082,5964.62
13502,1575058,5964.62
13502,1578898,5964.61
13502,1579175,5964.61
13502,1579407,5964.61
13502,1579684,5965.54
13502,1585520,5965.54
13502,1604363,5965.54
13502,1623531,5965.54
13502,1643513,5963.98
13502,1663434,5963.98
13502,1683437,5963.98
13502,1703410,5964.92
13502,1723444,5964.92
13502,1743692,5964.71
13502,1763403,5964.71
13502,2064802,5964.6
13502,2084802,5964.6
13502,2105003,5964.56
13502,2125102,5964.56
13502,2145081,5964.73
13502,2165486,5964.73
13502,2733857,5964.67
13502,2754213,5964.66
13502,2774457,5964.66
13502,2794856,5964.68
13502,2814997,5964.68
13502,2835748,5964.49
13502,2855847,5964.49
13502,2876246,5964.49
13502,2881599,5964.67
13502,2881815,5964.67
13502,2882104,5965.54
13502,2882400,5965.54
13502,2882742,5965.54
13502,2886422,5965.54
13502,2904840,5965.54
13502,2924176,5965.54
13502,2944153,5965.54
13502,2964384,5964.44
13502,2984601,5964.44
13502,3004888,5964.71
13502,3024918,5964.71
13502,3044998,5964.52
13502,3065072,5964.52
13502,3085575,5964.52
13502,3105809,5964.62
13502,3125917,5964.62
13502,3146164,5964.58
13502,3166349,5964.58
13502,3186776,5964.55
13502,3207391,5964.55
13502,3227680,5964.6
13502,3247888,5964.6
13502,3268170,5964.6
13502,3288325,5964.67
13502,3308707,5964.67
13502,3328884,5964.6
13502,3349074,5964.6
13502,3369429,5964.72
13502,3389710,5964.72
13502,3410178,5964.72
13502,3430480,5964.59
13502,3450754,5964.59
13502,3470994,5964.64
13502,3490827,5964.64
13502,3511072,5964.61
13502,3531538,5964.61
13502,3552077,5964.61
13502,3572455,5964.66
13502,3592717,5964.66
13502,3612951,5964.68
13502,3633272,5964.68
13502,3653656,5964.67
13502,3673778,5964.67
13502,3694442,5964.72
13502,3714656,5964.72
13502,3735129,5964.72
13502,3755277,5964.67
13502,3775647,5964.67
13502,3795587,5964.72
13502,3816353,5964.72
13502,3836808,5964.69
13502,3856983,5964.69
13502,3877148,5964.68
13502,3897731,5964.68
13502,3918367,5964.68
13502,3938888,5964.61
13502,3959318,5964.61
13502,3979537,5964.66
13502,3999981,5964.66
13502,4020508,5964.64
13502,4040835,5964.64
13502,4060955,5964.64
13502,4081211,5964.62
13502,4102153,5964.62
13502,4122395,5964.66
13502,4142468,5964.66
13502,4162613,5964.68
13502,4183185,5964.68
13502,4203551,5964.68
13502,4223993,5964.61
13502,4244231,5964.61
13502,4264658,5964.74
13502,4284842,5964.74
13502,4305214,5964.65
13502,4325515,5964.65
13502,4345871,5964.62
13502,4366354,5964.62
13502,4386782,5964.62
13502,4406816,5964.67
13502,4426921,5964.67
13502,4447374,5964.57
13502,4467651,5964.57
13502,4487939,5964.61
13502,4508420,5964.61
13502,4529018,5964.61
13502,4549549,5964.62
13502,4570042,5964.62
13502,4590330,5964.71
13502,4610576,5964.71
13502,4631049,5964.53
13502,4651163,5964.53
13502,4671481,5964.53
13502,4691954,5964.73
13502,4712336,5964.73
13502,4732825,5964.65
13502,4753550,5964.65
13502,4774039,5964.61
13502,4794411,5964.61
13502,4814740,5964.72
13502,4835052,5964.72
13502,4855324,5964.72
13502,4875807,5964.65
13502,4896266,5964.65
13502,4916626,5964.63
13502,4936987,5964.63
13502,4957210,5964.71
13502,4977536,5964.71
13502,4997972,5964.6
13502,5018503,5964.6
13502,5038999,5964.6
13502,5059362,5964.78
13502,5079815,5964.78
13502,5099798,5964.57
13502,5120147,5964.57
13502,5140504,5964.74
13502,5160709,5964.74
13502,5181017,5964.74
13502,5201565,5964.56
13502,5222091,5964.56
13502,5242688,5964.65
13502,5263124,5964.65
13502,5283739,5964.66
13502,5304336,5964.66
13502,5325066,5964.62
13502,5345569,5964.62
13502,5365896,5964.62
13502,5386377,5964.73
13502,5406498,5964.73
13502,5426706,5964.74
13502,5447523,5964.74
13502,5467962,5964.67
13502,5488153,5964.67
13502,5508621,5964.67
13502,5528931,5964.62
13502,5549453,5964.62
13502,5570177,5964.66
13502,6124943,5964.58
13502,6145311,5964.58
13502,6165911,5964.63
13502,6186324,5964.63
13502,6207004,5964.63
13502,6227454,5964.64
13502,6247851,5964.64
13502,6268043,5964.64
13502,6288544,5964.64
13502,6309001,5964.57
13502,6329746,5964.57
13502,6350195,5964.67
13502,6370750,5964.67
13502,6391345,5964.67
13502,6411808,5964.73
13502,6432267,5964.73
13502,6452750,5964.6
13502,6473373,5964.6
13502,6493922,5964.65
13502,6514185,5964.65
13502,6534796,5964.65
13502,6555408,5964.66
13502,6576075,5964.66
13502,6596554,5964.61
13502,6617245,5964.61
13502,6637857,5964.7
13502,6658545,5964.7
13502,6660800,5964.58
13502,6661097,5964.58
13502,6661323,5964.58
13502,6662046,5965.54
13502,6680031,5965.54
13502,6687429,5965.54
13502,6687817,5965.54
13502,6688027,5965.54
13502,6693625,5965.54
13502,6712309,5965.54
13502,6731529,5965.54
13502,6751357,5965.54
13502,6771480,5964.44
13502,6791804,5964.44
13503,533,5965.54
13503,811,5965.54
13503,12977,5965.54
13503,31819,5965.54
13503,51895,5965.54
13503,72754,5964.56
13503,93873,5964.56
13503,114235,5964.72
13503,135121,5964.72
13503,151987,5964.72
13503,152264,5964.72
13503,152552,5964.72
13503,152841,5965.54
13503,153129,5965.54
13503,165997,5965.54
13503,184929,5965.54
13503,204855,5964.68
13503,225009,5964.68
13503,245184,5964.68
13503,265462,5964.83
13503,286099,5964.83
13503,306466,5964.55
13503,326679,5964.55
13503,347316,5964.54
13503,367808,5964.54
13503,388482,5964.54
13503,408955,5964.62
13503,429551,5964.62
13503,450321,5964.73
13503,471087,5964.73
13503,491641,5964.66
13503,512099,5964.66
13503,532607,5964.65
13503,552960,5964.65
13503,573536,5964.65
13503,594277,5964.6
13503,614974,5964.6
13503,635500,5964.59
13503,656115,5964.59
13503,676863,5964.66
13503,6788217,5964.73
13503,6788513,5964.73
13503,6788799,5964.73
13503,6789090,5965.54
13503,6806943,5965.54
13503,6827292,5965.54
13503,6848413,5965.54
13503,6869784,5964.57
13503,6891437,5964.57
13503,697383,5964.66
13503,717935,5964.66
13503,738536,5964.59
13503,758904,5964.59
13503,779255,5964.56
13503,800117,5964.56
13503,820840,5964.66
13503,841572,5964.66
13503,862253,5964.64
13503,882661,5964.64
13503,903306,5964.64
13503,924013,5964.71
13503,944686,5964.71
13503,965357,5964.6
13503,986410,5964.6
13503,998848,5964.63
13503,999233,5964.63
13503,999470,5965.54
13503,999810,5965.54
13503,1000032,5965.54
13503,1000261,5965.54
13503,1000601,5965.54
13503,1000904,5965.54
13503,1001129,5965.54
13503,1001415,5965.54
13503,1001758,5965.54
13503,1002050,5965.54
13503,1002279,5965.54
13503,1002566,5965.54
13503,1002860,5965.54
13503,1003134,5965.54
13503,1003436,5965.54
13503,1003783,5965.54
13503,1004077,5965.54
13503,1012410,5965.54
13503,1030066,5965.54
13503,1048875,5964.79
13503,1068334,5964.79
13503,1088046,5964.64
13503,1108149,5964.64
13503,1128252,5964.65
13503,1148533,5964.65
13503,1168849,5964.65
13503,1189181,5964.63
13503,1209770,5964.63
13503,1230026,5964.72
13503,1250627,5964.72
13503,1271228,5964.63
13503,1291800,5964.63
13503,1312084,5964.56
13503,1332709,5964.56
13503,1353287,5964.56
13503,7464091,5964.63
13503,7485196,5964.63
13503,7506316,5964.58
13503,7527701,5964.58
13503,7549084,5964.55
13503,7570326,5964.55
13503,7591326,5964.46
13503,7612815,5964.46
13503,7615856,5964.46
13503,7616148,5964.43
13503,7616438,5964.43
13503,7616720,5965.54
13503,7617015,5965.54
13503,7631130,5965.54
13503,7651407,5965.54
13503,8151064,5964.7
13503,8172275,5964.7
13503,8193300,5964.51
13503,8214329,5964.51
13503,8235627,5964.68
13503,8256833,5964.68
13503,8277752,5964.54
13503,8299058,5964.54
13503,8320188,5964.65
13503,8331397,5964.65
13503,8331697,5964.65
13503,8813267,5964.48
13503,8834017,5964.48
13503,8854763,5964.64
13503,8875617,5964.64
13503,8896367,5964.55
13503,8917305,5964.55
13503,8937755,5964.66
13503,8958695,5964.66
13503,8979148,5964.66
13503,8999960,5964.55
13503,9020631,5964.55
13503,9041252,5964.59
13503,9061981,5964.59
13503,9082582,5964.62
13503,9103467,5964.62
13503,9123838,5964.54
13503,9144205,5964.54
13503,9505512,5964.76
13503,9510534,5964.76
13503,9510815,5964.86
13503,9511096,5964.86
13503,9511389,5964.86
13503,9517744,5965.54
13503,9536746,5965.54
13503,9556523,5964.72
13503,9576496,5964.72
13503,9596552,5964.73
13503,9616898,5964.73
13503,9637429,5964.63
13503,9657793,5964.63
13503,9678141,5964.63
13503,10181157,5964.6
13503,10201825,5964.74
13503,10222495,5964.74
13503,10237132,5964.63
13503,10237132,5964.63
13503,1373893,5964.54
13503,1394041,5964.54
13503,1414843,5964.59
13503,1435563,5964.59
13503,1455929,5964.54
13503,1456211,5964.54
13503,1456565,5965.54
13503,1466950,5965.54
13503,1486777,5965.54
13503,1506749,5964.7
13503,1527107,5964.7
13503,1547597,5964.72
13503,1568020,5964.72
13503,1588286,5964.78
13503,1609258,5964.78
13503,1629920,5964.78
13503,1650472,5964.67
13503,1670857,5964.67
13503,1691353,5964.62
13503,1712052,5964.62
13503,1732659,5964.5
13503,1753138,5964.5
13503,1773454,5964.5
13503,1794111,5964.5
13503,1814580,5964.5
13503,1835457,5964.64
13503,1855843,5964.64
13503,1876419,5964.61
13503,1897420,5964.61
13503,1917897,5964.61
13503,1938779,5964.61
13503,1959222,5964.6
13503,1979978,5964.6
13503,2000571,5964.6
13503,2021139,5964.65
13503,2041836,5964.65
13503,2062273,5964.57
13503,2082613,5964.57
13503,2103102,5964.63
13503,2123700,5964.63
13503,2144456,5964.63
13503,2164930,5964.59
13503,2185671,5964.59
13503,2206310,5964.63
13503,2226759,5964.63
13503,2247392,5964.61
13503,2267961,5964.61
13503,2288436,5964.65
13503,2308960,5964.65
13503,2329665,5964.65
13503,2350132,5964.33
13503,2370488,5964.33
13503,2391110,5964.59
13503,2408004,5964.59
13503,2408225,5964.5
13503,2408510,5964.5
13503,2408864,5964.5
13503,2409092,5965.54
13503,2421768,5965.54
13503,2441478,5965.54
13503,2442534,5965.54
13503,2442767,5965.54
13503,2447144,5965.54
13503,2465970,5965.54
13503,2485823,5965.54
13503,2506026,5965.54
13503,2526482,5964.32
13503,2547745,5964.32
13503,2569009,5964.67
13503,2590657,5964.67
13503,2611839,5964.55
13503,2633121,5964.55
13503,2654628,5964.55
13503,2675988,5964.55
13503,2697228,5964.55
13503,2718357,5964.61
13503,2739989,5964.61
13503,2761132,5964.45
13503,2782496,5964.45
13503,2803602,5964.6
13503,2824739,5964.6
13503,2845998,5964.6
13503,2867482,5964.55
13503,2888592,5964.55
13503,2909729,5964.59
13503,2930849,5964.59
13503,2951839,5964.59
13503,2972948,5964.59
13503,2994110,5964.48
13503,3015150,5964.48
13503,3020233,5964.48
13503,3020521,5964.51
13503,3020881,5964.51
13503,3021533,5965.54
13503,3040194,5965.54
13503,3060324,5964.86
13503,3081188,5964.86
13503,3101924,5964.86
13503,3122927,5964.81
13503,3143906,5964.81
13503,3165271,5964.71
13503,3185874,5964.71
13503,3206618,5964.64
13503,3227601,5964.64
13503,3248206,5964.55
13503,3269103,5964.55
13503,3289968,5964.55
13503,3310689,5964.59
13503,3331178,5964.59
13503,3351911,5964.63
13503,3372418,5964.63
13503,3393005,5964.72
13503,3413872,5964.72
13503,3426852,5964.72
13503,3427109,5964.64
13503,3427391,5964.64
13503,3427668,5965.54
13503,3427966,5965.54
13503,3443658,5965.54
13503,3462980,5965.54
13503,3483080,5964.08
13503,3503547,5964.08
13503,3524250,5964.08
13503,3545141,5964.79
13503,3566008,5964.79
13503,3587409,5964.63
13503,4088021,5964.59
13503,4109097,5964.59
13503,4129708,5964.59
13503,4150436,5964.6
13503,4171182,5964.6
13503,4192017,5964.56
13503,4212730,5964.56
13503,4233771,5964.67
13503,4254408,5964.67
13503,4760218,5964.66
13503,4781221,5964.66
13503,4802348,5964.66
13503,4804131,5964.46
13503,4804411,5964.46
13503,4816755,5965.54
13503,4837345,5965.54
13503,4858313,5964.49
13503,4879313,5964.49
13503,4900862,5964.49
13503,4922057,5964.78
13503,4943199,5964.78
13503,5446480,5964.7
13503,5467628,5964.7
13503,5488864,5964.53
13503,5510229,5964.53
13503,5531867,5964.63
13503,5553280,5964.63
13503,5574749,5964.63
13503,5595846,5964.51
13503,5616865,5964.51
13503,6106964,5964.74
13503,6128221,5964.51
13503,6149705,5964.51
13503,6171099,5964.57
13503,6192482,5964.57
13503,6213853,5964.55
13503,6235109,5964.55
13503,6256233,5964.55
13503,6277607,5964.66
13503,6298599,5964.66
13503,6319831,5964.65
13503,6338634,5964.65
13503,6338968,5964.59
13503,6339265,5964.59
13503,6339550,5965.54
13503,6340665,5965.54
13503,6359193,5965.54
13504,46941,5964.92
13504,67263,5964.92
13504,87834,5964.58
13504,107749,5964.58
13504,127890,5964.59
13504,148574,5964.59
13504,169057,5964.61
13504,189802,5964.61
13504,210276,5964.66
13504,230654,5964.66
13504,251517,5964.66
13504,271895,5964.69
13504,292337,5964.69
13504,312693,5964.59
13504,333313,5964.59
13504,354248,5964.71
13504,367231,5964.71
13504,367512,5964.71
13504,367851,5964.62
13504,368097,5964.62
13504,373486,5965.54
13504,392565,5965.54
13504,412382,5964.63
13504,432344,5964.63
13504,452685,5964.7
13504,473198,5964.7
13504,493584,5964.7
13504,514433,5964.71
13504,535130,5964.71
13504,555635,5964.64
13504,576366,5964.64
13504,596887,5964.72
13504,617318,5964.72
13504,638132,5964.72
13504,658801,5964.55
13504,660997,5964.55
13504,661282,5964.82
13504,661570,5964.82
13504,661868,5965.54
13504,662156,5965.54
13504,662442,5965.54
13504,665054,5965.54
13504,665333,5965.54
13504,665690,5965.54
13504,665895,5965.54
13504,666134,5965.54
13504,666411,5965.54
13504,673630,5965.54
13504,6813844,5964.58
13504,6834965,5964.56
13504,6856054,5964.56
13504,6877276,5964.61
13504,6898540,5964.61
13504,6919942,5964.61
13504,691545,5965.54
13504,710593,5965.54
13504,730195,5964.73
13504,750272,5964.73
13504,770099,5964.75
13504,790095,5964.75
13504,810394,5964.71
13504,830360,5964.71
13504,850507,5964.58
13504,870984,5964.58
13504,7489912,5964.56
13504,7511159,5964.56
13504,7532524,5964.56
13504,7553738,5964.66
13504,7574903,5964.66
13504,7596417,5964.6
13504,7617415,5964.6
13504,7638657,5964.6
13504,7659766,5964.61
13504,8169796,5964.27
13504,8190789,5964.77
13504,8211760,5964.77
13504,8233021,5964.77
13504,8254530,5964.55
13504,8275896,5964.55
13504,8296492,5964.56
13504,8317877,5964.56
13504,8339146,5964.48
13504,8360397,5964.48
13504,8381877,5964.48
13504,8403142,5964.62
13504,8827799,5964.54
13504,8849001,5964.54
13504,8863592,5964.54
13504,8863926,5964.64
13504,8864144,5964.64
13504,8864435,5965.54
13504,8880428,5965.54
13504,8900375,5965.54
13504,8921032,5965.54
13504,8941676,5964.68
13504,8962491,5964.68
13504,8983361,5964.68
13504,8990312,5964.77
13504,8990529,5964.77
13504,8991479,5965.54
13504,9010550,5965.54
13504,9031054,5964.67
13504,9051557,5964.67
13504,9072294,5964.73
13504,9093537,5964.73
13504,9523229,5965.54
13504,9543116,5963.94
13504,9563121,5963.94
13504,9583187,5964.81
13504,9603812,5964.81
13504,9624436,5964.67
13504,9644791,5964.67
13504,9664977,5964.67
13504,9685593,5964.71
13504,9706075,5964.71
13504,9726672,5964.55
13504,9747552,5964.55
13504,9768780,5964.6
13504,9790427,5964.6
13504,9811828,5964.57
13504,9833186,5964.57
13504,9854415,5964.57
13504,9875688,5964.71
13504,9896789,5964.71
13504,9918027,5964.58
13504,9939153,5964.58
13504,9960343,5964.67
13504,9972987,5964.67
13504,9973311,5964.67
13504,9973529,5964.57
13504,9973823,5964.57
13504,9983597,5965.54
13504,10002946,5965.54
13504,10023221,5964.94
13504,10043785,5964.94
13504,10064501,5964.5
13504,10085265,5964.5
13504,10106432,5964.5
13504,10126969,5964.46
13504,10147971,5964.46
13504,10168975,5964.66
13504,10189947,5964.66
13504,10211063,5964.62
13504,10231548,5964.62
13504,10252568,5964.61
13504,10273453,5964.61
13504,10294515,5964.61
13504,10315650,5964.6
13504,1363803,5964.61
13504,1384011,5964.61
13504,1404435,5964.61
13504,1425110,5964.57
13504,1445389,5964.57
13504,1465878,5964.55
13504,1486404,5964.55
13504,1506654,5964.57
13504,1527241,5964.57
13504,1547725,5964.57
13504,2046435,5964.59
13504,2067637,5964.59
13504,2088866,5964.64
13504,2110003,5964.64
13504,2130718,5964.65
13504,2151601,5964.65
13504,2172849,5964.65
13504,2193733,5964.55
13504,2214924,5964.55
13504,2236066,5964.48
13504,2257387,5964.48
13504,2278467,5964.62
13504,2299716,5964.62
13504,2321233,5964.62
13504,2342649,5964.65
13504,2363826,5964.65
13504,2385129,5964.59
13504,2406320,5964.59
13504,2427679,5964.5
13504,2449187,5964.5
13504,2470659,5964.61
13504,2491617,5964.61
13504,2512673,5964.61
13504,2533739,5964.59
13504,2554657,5964.59
13504,2575192,5964.65
13504,2596197,5964.65
13504,2617378,5964.66
13504,2622429,5964.66
13504,2622718,5964.66
13504,2623070,5965.54
13504,2623292,5965.54
13504,2623583,5965.54
13504,2623933,5965.54
13504,2624113,5965.54
13504,2624513,5965.54
13504,2624801,5965.54
13504,2625025,5965.54
13504,2625311,5965.54
13504,2625651,5965.54
13504,2625893,5965.54
13504,2631478,5965.54
13504,2642941,5965.54
13504,2658217,5964.92
13504,2661694,5964.92
13504,2661981,5965.54
13504,2662197,5965.54
13504,2662506,5965.54
13504,2662791,5965.54
13504,2663073,5965.54
13504,2663408,5965.54
13504,2663713,5965.54
13504,2663999,5965.54
13504,2664236,5965.54
13504,2664519,5965.54
13504,2664816,5965.54
13504,2665094,5965.54
13504,2665431,5965.54
13504,2665732,5965.54
13504,2666019,5965.54
13504,2666310,5965.54
13504,2666590,5965.54
13504,2666816,5965.54
13504,2667100,5965.54
13504,2667393,5965.54
13504,2667625,5965.54
13504,2667979,5965.54
13504,2668200,5965.54
13504,2668548,5965.54
13504,2668766,5965.54
13504,2669071,5965.54
13504,2669394,5965.54
13504,2669636,5965.54
13504,2669935,5965.54
13504,2670265,5965.54
13504,2670493,5965.54
13504,2670790,5965.54
13504,2671143,5965.54
13504,2671346,5965.54
13504,2671668,5965.54
13504,2671955,5965.54
13504,2672237,5965.54
13504,2672533,5965.54
13504,2672878,5965.54
13504,2673169,5965.54
13504,2673400,5965.54
13504,2673671,5965.54
13504,2674039,5965.54
13504,2674255,5965.54
13504,2674603,5965.54
13504,2674898,5965.54
13504,2675186,5965.54
13504,2675421,5965.54
13504,2675695,5965.54
13504,2675997,5965.54
13504,2676337,5965.54
13504,2676633,5965.54
13504,2676857,5965.54
13504,2677208,5965.54
13504,2681864,5965.54
13504,2684456,5965.54
13504,2684748,5965.54
13504,2686754,5965.54
13504,2703128,5965.54
13504,2721408,5965.54
13504,2740655,5964.73
13504,2760235,5964.73
13504,2780576,5964.9
13504,2800991,5964.9
13504,2821196,5964.66
13504,2841626,5964.66
13504,2862105,5964.66
13504,2882528,5964.67
13504,2903251,5964.67
13504,2923799,5964.75
13504,2944795,5964.75
13504,2965076,5964.64
13504,2985276,5964.64
13504,3005487,5964.62
13504,3025809,5964.62
13504,3046441,5964.62
13504,3066927,5964.29
13504,3087629,5964.29
13504,3108261,5964.64
13504,3129238,5964.64
13504,3150248,5964.73
13504,3170978,5964.73
13504,3191838,5964.73
13504,3212847,5964.61
13504,3234074,5964.61
13504,3254943,5964.62
13504,3276043,5964.62
13504,3297175,5964.6
13504,3317803,5964.6
13504,3338908,5964.63
13504,3359796,5964.63
13504,3380700,5964.63
13504,3401769,5964.72
13504,3423021,5964.72
13504,3444262,5964.62
13504,3465367,5964.62
13504,3486606,5964.64
13504,3507551,5964.64
13504,3528554,5964.6
13504,3549512,5964.6
13504,3570728,5964.6
13504,3591703,5964.62
13504,3612973,5964.62
13504,3633835,5964.67
13504,3655072,5964.67
13504,3676438,5964.68
13504,3697457,5964.68
13504,3718778,5964.68
13504,3740177,5964.63
13504,3761587,5964.63
13504,3782704,5964.49
13504,3803913,5964.49
13504,3825440,5964.72
13504,3846935,5964.72
13504,3867947,5964.72
13504,3888983,5964.62
13504,3910038,5964.62
13504,3931396,5964.83
13504,3952297,5964.83
13504,3973163,5964.68
13504,3994267,5964.68
13504,4015146,5964.73
13504,4036149,5964.73
13504,4057415,5964.73
13504,4078515,5964.61
13504,4099741,5964.61
13504,4120881,5964.64
13504,4141492,5964.64
13504,4162404,5964.64
13504,4183460,5964.64
13504,4204576,5964.59
13504,4225189,5964.59
13504,4246195,5964.59
13504,4266930,5964.81
13504,4288046,5964.81
13504,4308903,5964.71
13504,4329663,5964.71
13504,4350772,5964.62
13504,4372007,5964.62
13504,4392725,5964.62
13504,4413736,5964.61
13504,4773201,5964.66
13504,4793925,5964.69
13504,4814833,5964.69
13504,4836043,5964.56
13504,4857219,5964.56
13504,4878769,5964.56
13504,4899620,5964.67
13504,4920770,5964.67
13504,4941773,5964.67
13504,4962782,5964.67
13504,4983991,5964.93
13504,5004929,5964.93
13504,5025974,5964.66
13504,5047098,5964.66
13504,5068212,5964.66
13504,5089610,5964.6
13504,5110598,5964.6
13504,5132038,5964.65
13504,5153239,5964.65
13504,5174611,5964.57
13504,5195600,5964.57
13504,5216979,5964.64
13504,5238124,5964.64
13504,5259332,5964.64
13504,5265282,5964.61
13504,5265577,5964.61
13504,5265869,5965.54
13504,5269090,5965.54
13504,5288681,5965.54
13504,5309165,5965.54
13504,5329894,5965.54
13504,5350633,5964.41
13504,5371762,5964.41
13504,5392867,5964.64
13504,5414140,5964.64
13504,5422428,5964.65
13504,5422722,5964.65
13504,5423006,5965.54
13504,5423239,5965.54
13504,5423529,5965.54
13504,5423800,5965.54
13504,5424103,5965.54
13504,5424325,5965.54
13504,5424680,5965.54
13504,5424962,5965.54
13504,5425183,5965.54
13504,5425486,5965.54
13504,5425765,5965.54
13504,5426121,5965.54
13504,5426404,5965.54
13504,5430462,5965.54
13504,5448000,5965.54
13504,5467533,5965.54
13504,5487673,5963.79
13504,5501570,5963.79
13504,5501792,5963.79
13504,5502124,5964.76
13504,5502425,5964.76
13504,5514524,5965.54
13504,5534232,5965.54
13504,5554454,5964.81
13504,5575067,5964.81
13504,5595682,5964.81
13504,5616168,5964.68
13504,5636911,5964.68
13504,5657816,5964.65
13504,5678757,5964.65
13504,5700013,5964.58
13504,5720957,5964.58
13504,5742251,5964.64
13504,5763359,5964.64
13504,5784239,5964.64
13504,5805207,5964.62
13504,5826449,5964.62
13504,5847211,5964.61
13504,5868617,5964.61
13504,5889947,5964.62
13504,5911241,5964.62
13504,5932494,5964.57
13504,5953848,5964.57
13504,5975073,5964.57
13504,5996390,5964.57
13504,6017843,5964.57
13504,6039057,5964.44
13504,6060093,5964.44
13504,6081177,5964.61
13504,6102422,5964.61
13504,6123668,5964.61
13504,6144800,5964.55
13504,6165910,5964.55
13504,6186922,5964.48
13504,6208159,5964.48
13504,6229406,5964.57
13504,6250784,5964.57
13504,6272014,5964.57
13504,6293484,5964.57
13504,6314901,5964.57
13504,6336270,5964.6
13504,6357473,5964.6
13504,6378771,5964.57
13504,6400260,5964.57
13504,6421529,5964.62
13504,6443084,5964.62
13504,6464513,5964.59
13504,6485785,5964.59
13504,6507154,5964.59
13504,6528296,5964.5
13504,6549490,5964.5
13504,6558556,5964.54
13504,6558837,5964.54
13504,6559113,5965.54
13504,6563966,5965.54
13504,6583540,5965.54
13504,6603859,5965.54
13504,6624748,5965.54
13504,6646345,5964.65
13504,6667631,5964.65
13504,6688718,5964.66
13504,6709530,5964.66
13504,6730402,5964.57
13504,6751038,5964.57
13504,6771851,5964.57
13504,6793080,5964.58
13505,13820,5965.54
13505,14058,5965.54
13505,31820,5965.54
13505,51433,5965.54
13505,71204,5965.54
13505,91292,5964.67
13505,111303,5964.67
13505,131482,5964.67
13505,151648,5964.67
13505,169104,5964.67
13505,169346,5964.6
13505,169641,5964.6
13505,184095,5965.54
13505,204126,5965.54
13505,217707,5965.54
13505,217990,5963.85
13505,226386,5963.85
13505,246272,5965.54
13505,266571,5965.54
13505,283258,5964.62
13505,283579,5964.62
13505,283875,5965.54
13505,284091,5965.54
13505,285676,5965.54
13505,285950,5965.54
13505,286241,5965.54
13505,286594,5965.54
13505,296830,5965.54
13505,316037,5965.54
13505,336063,5965.54
13505,356440,5964.64
13505,377292,5964.64
13505,398017,5964.64
13505,418512,5964.68
13505,439411,5964.68
13505,460354,5964.69
13505,461456,5964.69
13505,461746,5965.54
13505,462041,5965.54
13505,475127,5965.54
13505,495317,5965.54
13505,515906,5965.54
13505,536634,5964.9
13505,557344,5964.9
13505,578385,5964.37
13505,599399,5964.37
13505,620645,5964.64
13505,641695,5964.64
13505,662472,5964.64
13505,6782638,5964.6
13505,6803918,5964.64
13505,6825093,5964.64
13505,6846109,5964.67
13505,6867267,5964.67
13505,6888358,5964.67
13505,6909476,5964.59
13505,6930967,5964.59
13505,6952341,5964.68
13505,6973544,5964.68
13505,6994860,5964.71
13505,7016252,5964.71
13505,7037230,5964.68
13505,683543,5964.58
13505,704718,5964.58
13505,725692,5964.62
13505,745292,5964.62
13505,745480,5964.65
13505,745759,5964.65
13505,746126,5965.54
13505,746345,5965.54
13505,746639,5965.54
13505,746910,5965.54
13505,747293,5965.54
13505,747584,5965.54
13505,747795,5965.54
13505,748100,5965.54
13505,750051,5965.54
13505,767435,5965.54
13505,786776,5965.54
13505,807113,5965.54
13505,827597,5964.59
13505,848046,5964.59
13505,868931,5964.6
13505,890088,5964.6
13505,910798,5964.63
13505,932136,5964.63
13505,952948,5964.63
13505,973922,5964.74
13505,995035,5964.74
13505,1016287,5964.62
13505,1037648,5964.62
13505,1058748,5964.58
13505,1079550,5964.58
13505,1089062,5964.58
13505,1089451,5964.63
13505,1089729,5964.63
13505,1090027,5965.54
13505,1098355,5965.54
13505,1117563,5965.54
13505,1137829,5965.54
13505,1158305,5964.23
13505,1179144,5964.23
13505,1199866,5964.23
13505,1220525,5964.69
13505,1241339,5964.69
13505,1261946,5964.53
13505,1282302,5964.53
13505,1303168,5964.66
13505,1324203,5964.66
13505,1345135,5964.55
13505,7460687,5964.75
13505,7481637,5964.65
13505,7502143,5964.65
13505,7522608,5964.68
13505,7543036,5964.68
13505,7563532,5964.54
13505,7583947,5964.54
13505,7604686,5964.54
13505,7625540,5964.62
13505,7646503,5964.62
13505,7667402,5964.62
13505,7688734,5964.62
13505,7710194,5964.73
13505,8144429,5964.69
13505,8165821,5964.59
13505,8187078,5964.59
13505,8208267,5964.59
13505,8229191,5964.64
13505,8250324,5964.64
13505,8271156,5964.68
13505,8292292,5964.68
13505,8313262,5964.62
13505,8334189,5964.62
13505,8355324,5964.56
13505,8376409,5964.56
13505,8397626,5964.56
13505,8418500,5964.55
13505,8439352,5964.55
13505,8460359,5964.58
13505,8481354,5964.58
13505,8502441,5964.57
13505,8523339,5964.57
13505,8544456,5964.57
13505,8565331,5964.55
13505,8586299,5964.55
13505,8607227,5964.65
13505,8628418,5964.65
13505,8649321,5964.6
13505,8670388,5964.6
13505,8691510,5964.5
13505,8712378,5964.5
13505,8733484,5964.5
13505,8754604,5964.66
13505,8775367,5964.66
13505,8796484,5964.58
13505,8817330,5964.58
13505,8837950,5964.74
13505,8858935,5964.74
13505,8879919,5964.74
13505,8900804,5964.6
13505,8921869,5964.6
13505,8942768,5964.56
13505,8963763,5964.56
13505,8984894,5964.73
13505,9005845,5964.73
13505,9036802,5964.54
13505,9057724,5964.54
13505,9078749,5964.61
13505,9099727,5964.61
13505,9120813,5964.56
13505,9142019,5964.56
13505,9163089,5964.56
13505,9184033,5964.7
13505,9205042,5964.7
13505,9226010,5964.65
13505,9246953,5964.65
13505,9268146,5964.66
13505,9288888,5964.66
13505,9309868,5964.66
13505,9330757,5964.69
13505,9351616,5964.69
13505,9372461,5964.66
13505,9393366,5964.66
13505,9414237,5964.6
13505,9434984,5964.6
13505,9456181,5964.61
13505,9477187,5964.61
13505,9498117,5964.61
13505,9518896,5964.61
13505,9540063,5964.61
13505,9560832,5964.61
13505,9581608,5964.61
13505,9602493,5964.55
13505,9623492,5964.55
13505,9644572,5964.71
13505,9665454,5964.71
13505,9686321,5964.71
13505,9707578,5964.65
13505,9728566,5964.65
13505,9749681,5964.7
13505,9770906,5964.7
13505,9791961,5964.6
13505,9812527,5964.6
13505,9833773,5964.6
13505,9842118,5964.68
13505,9842346,5964.68
13505,9850876,5965.54
13505,9870970,5965.54
13505,9891691,5964.48
13505,9912421,5964.48
13505,9933000,5964.48
13505,9953896,5964.73
13505,9974902,5964.73
13505,9995908,5964.68
13505,10016949,5964.68
13505,10037836,5964.63
13505,10058608,5964.63
13505,10079740,5964.75
13505,10163453,5964.67
13505,10184558,5964.65
13505,10205430,5964.65
13505,10226158,5964.72
13505,10246906,5964.72
13505,10267714,5964.72
13505,10288726,5964.71
13505,10309589,5964.71
13505,10330354,5964.64
13505,10351468,5964.64
13505,10372456,5964.67
13505,10393590,5964.67
13505,10414931,5964.7
13505,10435994,5964.7
13505,10456679,5964.7
13505,10477882,5964.57
13505,10499181,5964.57
13505,10520306,5964.66
13505,10541309,5964.66
13505,10562678,5964.68
13505,10583917,5964.68
13505,10605141,5964.66
13505,10626420,5964.66
13505,10647517,5964.66
13505,10669043,5964.6
13505,10690487,5964.6
13505,10711670,5964.75
13505,10732154,5964.75
13505,10732253,5964.83
13505,1365891,5964.55
13505,1387113,5964.55
13505,1408297,5964.6
13505,1429107,5964.6
13505,1450099,5964.61
13505,1470966,5964.61
13505,1491894,5964.74
13505,1512832,5964.74
13505,1533832,5964.56
13505,1555003,5964.56
13505,1576167,5964.56
13505,1597439,5964.59
13505,1618412,5964.59
13505,1639282,5964.6
13505,1660077,5964.6
13505,1680748,5964.68
13505,1701609,5964.68
13505,1722563,5964.68
13505,1743744,5964.6
13505,1764845,5964.6
13505,1785751,5964.6
13505,1806846,5964.6
13505,1827581,5964.56
13505,1848181,5964.56
13505,1868792,5964.61
13505,1889474,5964.61
13505,1910507,5964.61
13505,1931513,5964.6
13505,1952633,5964.6
13505,1973880,5964.6
13505,1995168,5964.6
13505,2016487,5964.66
13505,2037612,5964.66
13505,2058857,5964.66
13505,2079793,5964.51
13505,2101108,5964.51
13505,2122101,5964.53
13505,2143086,5964.53
13505,2164211,5964.66
13505,2185093,5964.66
13505,2205721,5964.58
13505,2226801,5964.58
13505,2247673,5964.58
13505,2268785,5964.61
13505,2289881,5964.61
13505,2310890,5964.54
13505,2331766,5964.54
13505,2352646,5964.57
13505,2710891,5964.64
13505,2732141,5964.72
13505,2753259,5964.72
13505,2774282,5964.72
13505,2795145,5964.52
13505,2816208,5964.52
13505,2837245,5964.62
13505,2858502,5964.62
13505,2879870,5964.62
13505,2900984,5964.62
13505,3404401,5964.69
13505,3425520,5964.69
13505,3446509,5964.58
13505,3467517,5964.58
13505,3488374,5964.58
13505,3509626,5964.59
13505,3530742,5964.59
13505,3551337,5964.55
13505,3571988,5964.55
13505,3593306,5964.67
13505,3613960,5964.67
13505,3634931,5964.67
13505,3656185,5964.54
13505,3677440,5964.54
13505,3698446,5964.54
13505,3719697,5964.54
13505,3741115,5964.6
13505,3762495,5964.6
13505,3783795,5964.66
13505,3792048,5964.66
13505,3792270,5964.66
13505,3792616,5965.54
13505,3792908,5965.54
13505,3799081,5965.54
13505,3818403,5965.54
13505,3839004,5964.7
13505,3859676,5964.7
13505,3880322,5964.7
13505,3901338,5964.54
13505,3922350,5964.54
13505,3943444,5964.61
13505,3964825,5964.61
13505,3986074,5964.58
13505,4007052,5964.58
13505,4028071,5964.52
13505,4049056,5964.52
13505,4070384,5964.52
13505,4091423,5964.59
13505,4112545,5964.59
13505,4133693,5964.71
13505,4154894,5964.71
13505,4176296,5964.55
13505,4197519,5964.55
13505,4218512,5964.59
13505,4240049,5964.59
13505,4261269,5964.59
13505,4282302,5964.43
13505,4303325,5964.43
13505,4324627,5964.54
13505,4345998,5964.54
13505,4367018,5964.61
13505,4388134,5964.61
13505,4409255,5964.62
13505,4430605,5964.62
13505,4451981,5964.62
13505,4473497,5964.69
13505,4494996,5964.69
13505,4516292,5964.58
13505,4531084,5964.58
13505,4531315,5964.53
13505,4531609,5964.53
13505,4531966,5964.53
13505,4533643,5965.54
13505,4552463,5965.54
13505,4573090,5965.54
13505,4593869,5965.54
13505,4614822,5964.56
13505,4635817,5964.56
13505,4657167,5964.62
13505,4678293,5964.62
13505,4699146,5964.62
13505,4720040,5964.58
13505,4740898,5964.58
13505,4762018,5964.54
13505,4776668,5964.54
13505,4776927,5964.65
13505,4777226,5964.65
13505,4777585,5965.54
13505,4777876,5965.54
13505,4778086,5965.54
13505,4778439,5965.54
13505,4778669,5965.54
13505,4778955,5965.54
13505,4779251,5965.54
13505,4779541,5965.54
13505,4779831,5965.54
13505,4780169,5965.54
13505,4780407,5965.54
13505,4780690,5965.54
13505,4781039,5965.54
13505,4781270,5965.54
13505,4781549,5965.54
13505,4792834,5965.54
13505,4810882,5965.54
13505,4830215,5965.54
13505,4850079,5965.54
13505,4870137,5964.9
13505,4889709,5964.9
13505,4889922,5964.6
13505,4890216,5964.6
13505,4902000,5965.54
13505,4921559,5965.54
13505,4941888,5964.28
13505,4961898,5964.28
13505,4982023,5964.28
13505,5002205,5964.79
13505,5022446,5964.79
13505,5043051,5964.78
13505,5063366,5964.78
13505,5083410,5964.53
13505,5104232,5964.53
13505,5125743,5964.69
13505,5146885,5964.69
13505,5168005,5964.69
13505,5189207,5964.64
13505,5210614,5964.64
13505,5231931,5964.49
13505,5253248,5964.49
13505,5274483,5964.63
13505,5295538,5964.63
13505,5317019,5964.51
13505,5338213,5964.51
13505,5422062,5964.65
13505,5429948,5964.65
13505,5430239,5964.66
13505,5438573,5964.66
13505,5458470,5964.66
13505,5479061,5965.54
13505,5499603,5965.54
13505,5520543,5964.25
13505,5541468,5964.25
13505,5562397,5964.54
13505,5583380,5964.54
13505,5604470,5964.64
13505,5625505,5964.64
13505,5646362,5964.64
13505,5667252,5964.6
13505,5688286,5964.6
13505,5709345,5964.62
13505,5730336,5964.62
13505,5751322,5964.68
13505,5772339,5964.68
13505,5793308,5964.53
13505,5814185,5964.53
13505,5834913,5964.53
13505,5855768,5964.63
13505,5876893,5964.63
13505,5897894,5964.59
13505,5918504,5964.59
13505,5939498,5964.67
13505,5960589,5964.67
13505,5981394,5964.62
13505,6002211,5964.62
13505,6023064,5964.62
13505,6044053,5964.51
13505,6064930,5964.51
13505,6085801,5964.6
13505,6106552,5964.6
13505,6127741,5964.63
13505,6148385,5964.63
13505,6169385,5964.63
13505,6190518,5964.64
13505,6211630,5964.64
13505,6232635,5964.53
13505,6253588,5964.53
13505,6274594,5964.56
13505,6295708,5964.56
13505,6317004,5964.55
13505,6338101,5964.55
13505,6359464,5964.55
13505,6380818,5964.73
13505,6401763,5964.73
13505,6422710,5964.58
13505,6443677,5964.58
13505,6464938,5964.61
13505,6486062,5964.61
13505,6507037,5964.62
13505,6527859,5964.62
13505,6548655,5964.62
13505,6570014,5964.77
13505,6591154,5964.77
13505,6612393,5964.59
13505,6633417,5964.59
13505,6654508,5964.66
13505,6675742,5964.66
13505,6697008,5964.66
13505,6718471,5964.59
13505,6739752,5964.59
13505,6761257,5964.6
13544,54276,5964.35
13544,77928,5964.5
13544,102054,5964.5
13544,125706,5964.41
13544,149219,5964.41
13544,173168,5964.41
13544,197018,5964.39
13544,220841,5964.39
13544,245245,5964.4
13544,269551,5964.4
13544,293828,5964.43
13544,318330,5964.43
13544,342634,5964.43
13544,6942486,5964.36
13544,6963418,5964.39
13544,6984477,5964.39
13544,7005270,5964.31
13544,7026103,5964.31
13544,7046958,5964.31
13544,7067549,5964.43
13544,7088541,5964.43
13544,7109400,5964.4
13544,7130788,5964.4
13544,709417,5965.54
13544,731994,5965.54
13544,755543,5965.54
13544,778993,5964.36
13544,802346,5964.36
13544,825058,5964.4
13544,847020,5964.4
13544,868052,5964.5
13544,888881,5964.5
13544,7632373,5964.52
13544,7653269,5964.52
13544,7674286,5964.31
13544,7695416,5964.31
13544,7716633,5964.46
13544,7737621,5964.46
13544,7758608,5964.46
13544,7779888,5964.37
13544,7800877,5964.37
13544,7821769,5964.43
13544,7842632,5964.43
13544,7863820,5964.39
13544,7884949,5964.39
13544,7905941,5964.39
13544,8326549,5964.37
13544,8347606,5964.38
13544,8356983,5964.38
13544,8357274,5964.41
13544,8357566,5964.41
13544,8357842,5964.41
13544,8373005,5965.54
13544,8392072,5965.54
13544,8411997,5964.47
13544,8432029,5964.47
13544,8452752,5964.46
13544,8473605,5964.46
13544,8494339,5964.46
13544,8515095,5964.45
13544,9017240,5964.37
13544,9038752,5964.4
13544,9060109,5964.4
13544,9081464,5964.36
13544,9102754,5964.36
13544,9123741,5964.46
13544,9145067,5964.46
13544,9166469,5964.46
13544,9187623,5964.37
13544,9208847,5964.37
13544,9728824,5964.42
13544,9749924,5964.48
13544,9770818,5964.48
13544,9791780,5964.34
13544,9812871,5964.34
13544,9833764,5964.34
13544,9854488,5964.43
13544,9875485,5964.43
13544,9896614,5964.35
13544,9917702,5964.35
13544,9938832,5964.41
13544,9959960,5964.41
13544,9981053,5964.44
13544,10002077,5964.44
13544,10023175,5964.44
13544,10043994,5964.5
13544,1390951,5964.43
13544,1411778,5964.48
13544,1432574,5964.48
13544,1453805,5964.44
13544,1474794,5964.44
13544,1495917,5964.38
13544,1516917,5964.38
13544,1537891,5964.38
13544,1558893,5964.5
13544,1579367,5964.5
13544,1600101,5964.33
13544,1621106,5964.33
13544,1642078,5964.43
13544,1662716,5964.43
13544,2102034,5964.41
13544,2123128,5964.41
13544,2144088,5964.41
13544,2165217,5964.5
13544,2180324,5964.5
13544,2180620,5964.5
13544,2180974,5964.37
13544,2181125,5964.37
13544,2181415,5965.54
13544,2181705,5965.54
13544,2181972,5965.54
13544,2182328,5965.54
13544,2182623,5965.54
13544,2182915,5965.54
13544,2183852,5965.54
13544,2199323,5965.54
13544,2217766,5965.54
13544,2237357,5964.12
13544,2257247,5964.12
13544,2277549,5964.39
13544,2780072,5964.44
13544,2801392,5964.41
13544,2822678,5964.41
13544,2843835,5964.41
13544,2865193,5964.56
13544,2886296,5964.56
13544,2907030,5964.48
13544,2928028,5964.48
13544,2949024,5964.44
13544,2969626,5964.44
13544,2990760,5964.43
13544,3011493,5964.43
13544,3032221,5964.43
13544,3053184,5964.33
13544,3074084,5964.33
13544,3094842,5964.2
13544,3115837,5964.2
13544,3137069,5964.3
13544,3158304,5964.3
13544,3179435,5964.3
13544,3200299,5964.5
13544,3221266,5964.5
13544,3242226,5964.48
13544,3262758,5964.48
13544,3283354,5964.44
13544,3303759,5964.44
13544,3324565,5964.32
13544,3345199,5964.32
13544,3365331,5964.32
13544,3385973,5964.4
13544,3406400,5964.4
13544,3426665,5964.4
13544,3447594,5964.4
13544,3468451,5964.37
13544,3489183,5964.37
13544,3510182,5964.37
13544,3531042,5964.44
13544,3551705,5964.44
13544,3572633,5964.35
13544,3593264,5964.35
13544,4180390,5964.48
13544,4201799,5964.42
13544,4223149,5964.42
13544,4244527,5964.32
13544,4265973,5964.32
13544,4286637,5964.44
13544,4307530,5964.44
13544,4328359,5964.44
13544,4348827,5964.45
13544,4369555,5964.45
13544,4867099,5964.42
13544,4887958,5964.42
13544,4908581,5964.44
13544,4929714,5964.44
13544,4950434,5964.36
13544,4971299,5964.36
13544,4992292,5964.36
13544,5556763,5964.33
13544,5578027,5964.4
13544,5599119,5964.4
13544,5620071,5964.4
13544,5640858,5964.4
13544,5661719,5964.4
13544,5682783,5964.42
13544,5703783,5964.42
13544,5724580,5964.21
13544,5745316,5964.21
13544,5766177,5964.37
13544,5787545,5964.37
13544,5808537,5964.39
13544,6253702,5964.37
13544,6274402,5964.37
13544,6295062,5964.41
13544,6315697,5964.41
13544,6336289,5964.41
13544,6356725,5964.4
13544,6377133,5964.4
13544,6397598,5964.42
13544,6418226,5964.42
13544,6438992,5964.45
13544,6459955,5964.45
13544,6480680,5964.43
13544,6501681,5964.43
13544,6522774,5964.43
13544,6543538,5964.34
13544,6564504,5964.34
13544,6585263,5964.39
13545,47112,5964.37
13545,68063,5964.42
13545,88759,5964.42
13545,109790,5964.42
13545,130420,5964.4
13545,151078,5964.4
13545,171870,5964.42
13545,193000,5964.42
13545,6951090,5964.33
13545,6971646,5964.33
13545,6992651,5964.32
13545,7014069,5964.32
13545,7034950,5964.47
13545,7056235,5964.47
13545,7077119,5964.47
13545,7098331,5964.35
13545,7119212,5964.35
13545,713607,5964.45
13545,734700,5964.38
13545,755858,5964.38
13545,776816,5964.38
13545,797812,5964.38
13545,818803,5964.38
13545,825304,5964.51
13545,825599,5964.51
13545,825876,5965.54
13545,826168,5965.54
13545,826460,5965.54
13545,826635,5965.54
13545,826918,5965.54
13545,827204,5965.54
13545,827488,5965.54
13545,827787,5965.54
13545,832807,5965.54
13545,850460,5965.54
13545,870426,5965.54
13545,890898,5965.54
13545,911413,5964.05
13545,932359,5964.05
13545,953365,5964.38
13545,974512,5964.38
13545,995752,5964.45
13545,1017107,5964.45
13545,1037831,5964.33
13545,7631363,5964.43
13545,7651981,5964.38
13545,7672306,5964.38
13545,7692990,5964.42
13545,7713415,5964.42
13545,7734177,5964.42
13545,7755142,5964.32
13545,7775988,5964.32
13545,7797240,5964.35
13545,7818392,5964.35
13545,7839607,5964.4
13545,7860721,5964.4
13545,7882134,5964.36
13545,8325464,5964.45
13545,8346637,5964.45
13545,8367719,5964.4
13545,8388997,5964.4
13545,8410210,5964.4
13545,8431451,5964.39
13545,8452443,5964.39
13545,8473395,5964.4
13545,8494411,5964.4
13545,8515529,5964.34
13545,9017981,5964.43
13545,9038535,5964.37
13545,9059259,5964.37
13545,9080312,5964.37
13545,9101266,5964.37
13545,9122250,5964.37
13545,9143261,5964.38
13545,9164109,5964.38
13545,9184989,5964.4
13545,9205831,5964.4
13545,9706615,5964.35
13545,9727049,5964.35
13545,9747416,5964.45
13545,9767376,5964.45
13545,9787873,5964.45
13545,9808493,5964.3
13545,9829486,5964.3
13545,9850044,5964.39
13545,9870535,5964.39
13545,9891225,5964.34
13545,1388319,5964.36
13545,1409119,5964.48
13545,1430013,5964.48
13545,1450913,5964.48
13545,1471885,5964.37
13545,1492718,5964.37
13545,1513540,5964.47
13545,1534106,5964.47
13545,1554669,5964.36
13545,1575560,5964.36
13545,1596455,5964.36
13545,1617183,5964.33
13545,1638046,5964.33
13545,1658769,5964.49
13545,2097037,5964.47
13545,2117897,5964.37
13545,2138664,5964.37
13545,2159651,5964.37
13545,2180249,5964.43
13545,2200979,5964.43
13545,2221601,5964.44
13545,2242491,5964.44
13545,2263145,5964.49
13545,2283805,5964.49
13545,2785096,5964.41
13545,2806091,5964.41
13545,2826950,5964.27
13545,2847709,5964.27
13545,2868163,5964.37
13545,2889010,5964.37
13545,2909935,5964.37
13545,2930624,5964.37
13545,2951756,5964.37
13545,2972847,5964.36
13545,3472685,5964.37
13545,3493952,5964.37
13545,3514975,5964.46
13545,3535989,5964.46
13545,3557125,5964.46
13545,3578113,5964.39
13545,3598715,5964.39
13545,3619180,5964.4
13545,3639913,5964.4
13545,3660411,5964.35
13545,4183423,5964.33
13545,4204652,5964.33
13545,4225670,5964.28
13545,4247190,5964.28
13545,4268543,5964.28
13545,4289854,5964.32
13545,4310878,5964.32
13545,4331768,5964.33
13545,4352631,5964.33
13545,4873464,5964.42
13545,4894086,5964.4
13545,4914319,5964.4
13545,4934584,5964.4
13545,4955120,5964.43
13545,4975619,5964.43
13545,4996206,5964.42
13545,5017134,5964.42
13545,5037825,5964.39
13545,5058285,5964.39
13545,5565550,5964.39
13545,5586661,5964.39
13545,5607813,5964.39
13545,5629063,5964.4
13545,5650311,5964.4
13545,5671658,5964.44
13545,5692879,5964.44
13545,5713914,5964.32
13545,5734767,5964.32
13545,6255762,5964.36
13545,6276329,5964.36
13545,6296851,5964.37
13545,6317309,5964.37
13545,6338042,5964.39
13545,6358511,5964.39
13546,53603,5964.37
13546,74590,5964.36
13546,95346,5964.36
13546,115963,5964.51
13546,136818,5964.51
13546,157536,5964.3
13546,178421,5964.3
13546,199242,5964.34
13546,6921376,5964.35
13546,6942019,5964.35
13546,6962869,5964.35
13546,6983444,5964.4
13546,7004225,5964.4
13546,7024835,5964.39
13546,7045417,5964.39
13546,7066202,5964.42
13546,7087147,5964.42
13546,7107633,5964.26
13546,698480,5964.34
13546,719332,5964.4
13546,740221,5964.4
13546,761208,5964.4
13546,782163,5964.28
13546,802905,5964.28
13546,823530,5964.4
13546,7605477,5964.29
13546,7625990,5964.29
13546,7646434,5964.34
13546,7667107,5964.34
13546,7681510,5964.26
13546,7681835,5964.26
13546,7688764,5965.54
13546,7707976,5965.54
13546,7728155,5964.14
13546,7748036,5964.14
13546,7768411,5964.14
13546,7788596,5964.35
13546,7809330,5964.35
13546,7830411,5964.4
13546,7851252,5964.4
13546,7872026,5964.32
13546,8290473,5964.35
13546,8311213,5964.33
13546,8323658,5964.33
13546,8323914,5964.36
13546,8331243,5964.36
13546,8350968,5964.36
13546,8371206,5965.54
13546,8391650,5965.54
13546,8412382,5964.32
13546,8993085,5964.38
13546,9013334,5964.37
13546,9033578,5964.37
13546,9034257,5964.37
13546,9034492,5964.37
13546,9048542,5964.37
13546,9067987,5965.54
13546,9088066,5965.54
13546,9108016,5964.36
13546,9128751,5964.36
13546,9149368,5964.35
13546,9169716,5964.35
13546,9669915,5964.37
13546,9690154,5964.47
13546,9710709,5964.47
13546,9730994,5964.36
13546,9751614,5964.36
13546,9772090,5964.37
13546,9793080,5964.37
13546,9813560,5964.4
13546,9834174,5964.4
13546,9854392,5964.4
13546,9875009,5964.3
13546,9895164,5964.3
13546,9915194,5964.34
13546,9934853,5964.34
13546,1392466,5964.37
13546,1412336,5965.54
13546,1432624,5965.54
13546,1452850,5964.33
13546,1473233,5964.33
13546,1493511,5964.33
13546,1514332,5964.41
13546,1535042,5964.41
13546,1555799,5964.37
13546,1576386,5964.37
13546,2080918,5964.45
13546,2102227,5964.45
13546,2123203,5964.37
13546,2143724,5964.37
13546,2164434,5964.37
13546,2184919,5964.38
13546,2205977,5964.38
13546,2766402,5964.42
13546,2787392,5964.29
13546,2808144,5964.29
13546,2828995,5964.35
13546,2849617,5964.35
13546,2870604,5964.35
13546,2891458,5964.31
13546,2912209,5964.31
13546,2932931,5964.45
13546,2953921,5964.45
13546,3474390,5964.37
13546,3495079,5964.41
13546,3515836,5964.41
13546,3536347,5964.41
13546,3557319,5964.4
13546,3578397,5964.4
13546,3599650,5964.33
13546,3620824,5964.33
13546,3641788,5964.31
13546,3663060,5964.31
13546,3684310,5964.31
13546,3705508,5964.35
13546,3726623,5964.35
13546,3747903,5964.4
13546,3769297,5964.4
13546,3790280,5964.45
13546,3811520,5964.45
13546,3832564,5964.39
13546,3853965,5964.39
13546,3875146,5964.39
13546,3896258,5964.33
13546,3917412,5964.33
13546,3938624,5964.34
13546,3942607,5964.34
13546,3942963,5964.27
13546,3953774,5964.27
13546,3973582,5964.58
13546,3993609,5964.58
13546,4014188,5964.58
13546,4034410,5964.29
13546,4054936,5964.29
13546,4075728,5964.32
13546,4096249,5964.32
13546,4116742,5964.35
13546,4137200,5964.35
13546,4157823,5964.35
13546,4178435,5964.37
13546,4199220,5964.37
13546,4220048,5964.43
13546,4241379,5964.43
13546,4262511,5964.39
13546,4283528,5964.39
13546,4304472,5964.38
13546,4325481,5964.38
13546,4346732,5964.38
13546,4367999,5964.39
13546,4388811,5964.39
13546,4410134,5964.34
13546,4431108,5964.34
13546,4452189,5964.35
13546,4473456,5964.35
13546,4494332,5964.35
13546,4515369,5964.32
13546,4536168,5964.32
13546,4557371,5964.32
13546,4578311,5964.32
13546,4598856,5964.39
13546,4619776,5964.39
13546,4640370,5964.36
13546,4660961,5964.36
13546,4681609,5964.36
13546,4847759,5964.33
13546,4868711,5964.33
13546,4889489,5964.32
13546,4910208,5964.32
13546,4930922,5964.39
13546,4951800,5964.39
13546,4972420,5964.32
13546,4993137,5964.32
13546,5013883,5964.32
13546,5034729,5964.33
13546,5535775,5964.28
13546,5556355,5964.42
13546,5577267,5964.42
13546,5597746,5964.41
13546,5618733,5964.41
13546,5639350,5964.41
13546,5660070,5964.48
13546,5681052,5964.48
13546,5701666,5964.44
13546,5722413,5964.44
13546,6230055,5964.47
13546,6251178,5964.35
13546,6272058,5964.35
13546,6293168,5964.35
13546,6313970,5964.4
13546,6334916,5964.4
13546,6355758,5964.39
13546,6376899,5964.39
13546,6397737,5964.28
13546,6418910,5964.28
13546,6439850,5964.37
13546,6460396,5964.37
13546,6481449,5964.37
13546,6502456,5964.38
13546,6523451,5964.38
13546,6544321,5964.48
13547,47277,5964.29
13547,68222,5964.3
13547,89093,5964.3
13547,110066,5964.31
13547,131188,5964.31
13547,152295,5964.36
13547,173541,5964.36
13547,194938,5964.36
13547,216435,5964.36
13547,238042,5964.36
13547,259426,5964.38
13547,280076,5964.38
13547,300395,5964.3
13547,320482,5964.3
13547,340604,5964.3
13547,6924847,5964.39
13547,6945661,5964.36
13547,6966398,5964.36
13547,6987472,5964.35
13547,7008436,5964.35
13547,7029105,5964.44
13547,7050089,5964.44
13547,7070834,5964.44
13547,7092079,5964.3
13547,7112917,5964.3
13547,708081,5964.4
13547,728952,5964.33
13547,749825,5964.33
13547,771006,5964.28
13547,791881,5964.28
13547,812794,5964.4
13547,833722,5964.4
13547,854497,5964.42
13547,875385,5964.42
13547,895997,5964.42
13547,916981,5964.31
13547,937827,5964.31
13547,958710,5964.35
13547,7612167,5964.29
13547,7633143,5964.29
13547,7653986,5964.35
13547,7674364,5964.35
13547,7694823,5964.28
13547,7715303,5964.28
13547,7735931,5964.28
13547,7756269,5964.18
13547,7776881,5964.18
13547,7797225,5964.33
13547,7817745,5964.33
13547,7838322,5964.29
13547,7858932,5964.29
13547,8291819,5964.27
13547,8313059,5964.46
13547,8334070,5964.46
13547,8344535,5964.4
13547,8344867,5964.4
13547,8345104,5965.54
13547,8354574,5965.54
13547,8373684,5965.54
13547,8393630,5964.75
13547,8413478,5964.75
13547,8434377,5964.27
13547,8455311,5964.27
13547,8476006,5964.3
13547,8982409,5964.31
13547,9003015,5964.28
13547,9023301,5964.28
13547,9043851,5964.28
13547,9064475,5964.31
13547,9085002,5964.31
13547,9105291,5964.37
13547,9125545,5964.37
13547,9146268,5964.29
13547,9166697,5964.29
13547,9670440,5964.57
13547,9691200,5964.57
13547,9712059,5964.28
13547,9733058,5964.28
13547,9754017,5964.26
13547,9775288,5964.26
13547,9796268,5964.3
13547,9817129,5964.3
13547,9838184,5964.3
13547,9859395,5964.5
13547,9880744,5964.5
13547,9901990,5964.29
13547,9918332,5964.29
13547,9918548,5964.36
13547,9918846,5964.36
13547,9919127,5964.36
13547,9924190,5965.54
13547,9942201,5965.54
13547,1389616,5964.28
13547,1410760,5964.28
13547,1431805,5964.47
13547,1452718,5964.47
13547,1473587,5964.28
13547,1494292,5964.28
13547,1515436,5964.28
13547,1536440,5964.31
13547,1557422,5964.31
13547,1578435,5964.28
13547,2079940,5964.37
13547,2100659,5964.45
13547,2121013,5964.45
13547,2141765,5964.33
13547,2162352,5964.33
13547,2183104,5964.36
13547,2203917,5964.36
13547,2224522,5964.36
13547,2245311,5964.36
13547,2265661,5964.36
13547,2761650,5964.28
13547,2782262,5964.28
13547,2802875,5964.35
13547,2823814,5964.35
13547,2844505,5964.39
13547,2865355,5964.39
13547,2885992,5964.34
13547,2906939,5964.34
13547,2927554,5964.34
13547,2948242,5964.45
13547,3465713,5964.42
13547,3486569,5964.42
13547,3507266,5964.39
13547,3528110,5964.39
13547,3548963,5964.31
13547,3569350,5964.31
13547,3589835,5964.31
13547,3610184,5964.35
13547,3630968,5964.35
13547,3651786,5964.34
13547,4152499,5964.34
13547,4173307,5964.31
13547,4194248,5964.31
13547,4214987,5964.23
13547,4235967,5964.23
13547,4256717,5964.43
13547,4277431,5964.43
13547,4298174,5964.43
13547,4318921,5964.27
13547,4339788,5964.27
13547,4839012,5964.33
13547,4859462,5964.33
13547,4879985,5964.34
13547,4900728,5964.34
13547,4921753,5964.29
13547,4942403,5964.29
13547,4962776,5964.34
13547,4983359,5964.34
13547,5003677,5964.34
13547,5024454,5964.35
13547,5045172,5964.35
13547,5065912,5964.36
13547,5086629,5964.36
13547,5107021,5964.33
13547,5128037,5964.33
13547,5148980,5964.33
13547,5169990,5964.44
13547,5190826,5964.44
13547,5211764,5964.37
13547,5232576,5964.37
13547,5253412,5964.28
13547,5274550,5964.28
13547,5295524,5964.42
13547,5524041,5964.26
13547,5544823,5964.29
13547,5565474,5964.29
13547,5586094,5964.22
13547,5606836,5964.22
13547,5627524,5964.18
13547,5648311,5964.18
13547,5668959,5964.18
13547,5689673,5964.37
13547,5710286,5964.37
13547,5731140,5964.39
13547,5751754,5964.39
13547,5772336,5964.34
13547,5792786,5964.34
13547,6222404,5964.38
13547,6243683,5964.3
13547,6264891,5964.3
13547,6285507,5964.33
13547,6306285,5964.33
13547,6327103,5964.41
13547,6347845,5964.41
13547,6368725,5964.41
13547,6389335,5964.3
13547,6410302,5964.3
13547,6431114,5964.35
13547,6434689,5964.35
13547,6434928,5964.36
13547,6435280,5964.36
13547,6435502,5965.54
13547,6435790,5965.54
13547,6436081,5965.54
13547,6436353,5965.54
13547,6436660,5965.54
13547,6437009,5965.54
13547,6437303,5965.54
13547,6437578,5965.54
13547,6437869,5965.54
13547,6438097,5965.54
13547,6438445,5965.54
13547,6438744,5965.54
13547,6438951,5965.54
13547,6439260,5965.54
13547,6439598,5965.54
13547,6439766,5965.54
13547,6440043,5965.54
13547,6440388,5965.54
13547,6440685,5965.54
13547,6440900,5965.54
13547,6441265,5965.54
13547,6441558,5965.54
13547,6441779,5965.54
13547,6442059,5965.54
13547,6442360,5965.54
13547,6442651,5965.54
13547,6443866,5965.54
13547,6457782,5965.54
13547,6475493,5964.43
13547,6494325,5964.43
13548,46954,5964.31
13548,67463,5964.31
13548,88303,5964.31
13548,109154,5964.33
13548,129647,5964.33
13548,150380,5964.26
13548,171220,5964.26
13548,192107,5964.26
13548,6916440,5964.24
13548,6936771,5964.24
13548,6957510,5964.3
13548,6978121,5964.3
13548,6998601,5964.16
13548,7019211,5964.16
13548,7039704,5964.16
13548,7060413,5964.28
13548,7081020,5964.28
13548,7101524,5964.21
13548,7122164,5964.21
13548,7142998,5964.28
13548,7163731,5964.28
13548,699630,5964.24
13548,720559,5964.35
13548,741280,5964.35
13548,762212,5964.33
13548,783282,5964.33
13548,804252,5964.33
13548,825411,5964.29
13548,846492,5964.29
13548,867427,5964.34
13548,888291,5964.34
13548,7599046,5964.26
13548,7619644,5964.28
13548,7640386,5964.28
13548,7661023,5964.28
13548,7681561,5964.28
13548,7701968,5964.28
13548,7722941,5964.19
13548,8298219,5964.23
13548,8318830,5964.33
13548,8339743,5964.33
13548,8360380,5964.33
13548,8381125,5964.27
13548,8401871,5964.27
13548,8422740,5964.38
13548,8443221,5964.38
13548,8463405,5964.29
13548,8484056,5964.29
13548,8969538,5965.54
13548,8989645,5964.32
13548,9010455,5964.32
13548,9031094,5964.33
13548,9051711,5964.33
13548,9072426,5964.26
13548,9093165,5964.26
13548,9113673,5964.26
13548,9134378,5964.24
13548,9155249,5964.24
13548,9176247,5964.32
13548,9196860,5964.32
13548,9217477,5964.25
13548,9238458,5964.25
13548,9259192,5964.25
13548,9279802,5964.23
13548,9300406,5964.23
13548,9673206,5964.22
13548,9693890,5964.07
13548,9714663,5964.07
13548,9735471,5964.07
13548,9756080,5964.2
13548,9776979,5964.2
13548,9797956,5964.22
13548,9818559,5964.22
13548,9839295,5964.27
13548,9860041,5964.27
13548,9880963,5964.18
13548,9901508,5964.18
13548,9922307,5964.18
13548,9942974,5964.27
13548,9963974,5964.27
13548,9984555,5964.31
13548,10005567,5964.31
13548,10020368,5964.21
13548,10020666,5964.21
13548,10020955,5964.21
13548,10021240,5965.54
13548,10021471,5965.54
13548,10021766,5965.54
13548,10022046,5965.54
13548,10022345,5965.54
13548,10022696,5965.54
13548,10022921,5965.54
13548,10023264,5965.54
13548,10023551,5965.54
13548,10023765,5965.54
13548,10024076,5965.54
13548,10037005,5965.54
13548,10055454,5965.54
13548,10363282,5964.3
13548,10384020,5964.3
13548,10404879,5964.3
13548,10425490,5964.38
13548,10446288,5964.38
13548,10466935,5964.29
13548,10487441,5964.29
13548,10508291,5964.39
13548,10528898,5964.39
13548,10549863,5964.39
13548,10570775,5964.3
13548,10591211,5964.3
13548,10611694,5964.32
13548,10632214,5964.32
13548,10652431,5964.21
13548,10672450,5964.21
13548,10692639,5964.18
13548,10713114,5964.18
13548,10716077,5964.18
13548,1387290,5964.29
13548,1408042,5964.29
13548,1428896,5964.29
13548,1449777,5964.22
13548,1470317,5964.22
13548,1490997,5964.36
13548,1511947,5964.36
13548,1532585,5964.38
13548,1553316,5964.38
13548,1574082,5964.23
13548,2073146,5964.4
13548,2093742,5964.29
13548,2114723,5964.29
13548,2135641,5964.29
13548,2156454,5964.36
13548,2177180,5964.36
13548,2198132,5964.36
13548,2219061,5964.36
13548,2239668,5964.31
13548,2260402,5964.31
13548,2281129,5964.31
13548,2302072,5964.35
13548,2322877,5964.35
13548,2757938,5964.33
13548,2778801,5964.33
13548,2799525,5964.33
13548,2820267,5964.37
13548,2840875,5964.37
13548,2861480,5964.39
13548,2882260,5964.39
13548,2903203,5964.31
13548,2924252,5964.31
13548,2944794,5964.32
13548,3462952,5964.39
13548,3483688,5964.29
13548,3504173,5964.29
13548,3524764,5964.34
13548,3545313,5964.34
13548,3565984,5964.34
13548,3586596,5964.34
13548,3607211,5964.29
13548,3627817,5964.29
13548,3648291,5964.29
13548,4144272,5964.32
13548,4165270,5964.32
13548,4186398,5964.36
13548,4207370,5964.36
13548,4228406,5964.36
13548,4249233,5964.41
13548,4270038,5964.41
13548,4291079,5964.36
13548,4311892,5964.36
13548,4332767,5964.33
13548,4832281,5964.33
13548,4852497,5964.29
13548,4872703,5964.29
13548,4893283,5964.29
13548,4913798,5964.32
13548,4934044,5964.32
13548,4954498,5964.28
13548,4975247,5964.28
13548,4995853,5964.32
13548,5016397,5964.32
13548,5036946,5964.32
13548,5057424,5964.3
13548,5077908,5964.3
13548,5098650,5964.36
13548,5530989,5964.32
13548,5551898,5964.32
13548,5572763,5964.48
13548,5593743,5964.48
13548,5614614,5964.26
13548,5635589,5964.26
13548,5656751,5964.34
13548,5677592,5964.34
13548,5698323,5964.34
13548,5706988,5964.36
13548,5707273,5964.36
13548,5716143,5965.54
13548,5735127,5965.54
13548,5754844,5964.3
13548,5774690,5964.3
13548,5776729,5964.3
13548,5777021,5964.27
13548,5777313,5964.27
13548,5783440,5965.54
13548,5801805,5965.54
13548,5811236,5964.55
13548,5811539,5964.55
13548,5815924,5965.54
13548,5834687,5965.54
13548,5842495,5965.54
13548,5842759,5964.58
13548,5843051,5964.58
13548,5843344,5965.54
13548,5843618,5965.54
13548,5843927,5965.54
13548,5858579,5965.54
13548,5877275,5965.54
13548,5896349,5964.1
13548,5915929,5964.1
13548,5935774,5964.33
13548,5955687,5964.33
13548,5976221,5964.21
13548,5996961,5964.21
13548,6223673,5965.54
13548,6243151,5965.54
13548,6262966,5964.12
13548,6279218,5964.12
13548,6279555,5964.11
13548,6281652,5964.11
13548,6299069,5964.11
13548,6318903,5965.54
13548,6338868,5965.54
13548,6359218,5964.44
13548,6379661,5964.44
13548,6399830,5964.36
13548,6420274,5964.36
13548,6440745,5964.36
13548,6461494,5964.28
13548,6465295,5964.28
13548,6465586,5964.24
13548,6465773,5964.24
13548,6466109,5965.54
13548,6466442,5965.54
13548,6469361,5965.54
13549,48493,5964.25
13549,69226,5964.25
13549,90090,5964.29
13549,110558,5964.29
13549,131305,5964.29
13549,151998,5964.29
13549,172731,5964.29
13549,193740,5964.2
13549,6892650,5964.37
13549,6913254,5964.37
13549,6933920,5964.23
13549,6954720,5964.23
13549,6975551,5964.23
13549,6996316,5964.29
13549,7016856,5964.29
13549,7037822,5964.27
13549,7058556,5964.27
13549,7079420,5964.34
13549,7100161,5964.34
13549,7121018,5964.4
13549,7141740,5964.4
13549,7162210,5964.4
13549,690728,5964.25
13549,711088,5964.31
13549,731767,5964.31
13549,752476,5964.29
13549,773094,5964.29
13549,793700,5964.39
13549,814305,5964.39
13549,835175,5964.39
13549,855791,5964.19
13549,876536,5964.19
13549,897446,5964.24
13549,918021,5964.24
13549,938757,5964.3
13549,959457,5964.3
13549,980063,5964.3
13549,1000838,5964.36
13549,1021807,5964.36
13549,1042672,5964.35
13549,1063405,5964.35
13549,1084007,5964.32
13549,7598063,5964.26
13549,7619064,5964.26
13549,7639893,5964.33
13549,7660534,5964.33
13549,7681382,5964.33
13549,7702244,5964.3
13549,7722852,5964.3
13549,7743628,5964.37
13549,7764345,5964.37
13549,7784949,5964.25
13549,7805418,5964.25
13549,7826046,5964.25
13549,7846523,5964.25
13549,7867379,5964.25
13549,7887584,5964.25
13549,7908210,5964.25
13549,8279920,5964.22
13549,8300962,5964.35
13549,8321660,5964.35
13549,8342496,5964.3
13549,8363399,5964.3
13549,8384356,5964.3
13549,8404970,5964.29
13549,8425712,5964.29
13549,8446483,5964.32
13549,8466913,5964.32
13549,8487785,5964.3
13549,8508529,5964.3
13549,8529229,5964.35
13549,8549992,5964.35
13549,8570621,5964.35
13549,8571529,5964.36
13549,8571801,5964.36
13549,8572102,5965.54
13549,8572393,5965.54
13549,8572744,5965.54
13549,8573034,5965.54
13549,8579017,5965.54
13549,8597327,5965.54
13549,8616941,5965.54
13549,8637007,5964.26
13549,8657466,5964.26
13549,8677803,5964.22
13549,8970996,5964.27
13549,8991792,5964.27
13549,9012317,5964.28
13549,9032767,5964.28
13549,9053291,5964.22
13549,9073767,5964.22
13549,9094282,5964.22
13549,9114831,5964.27
13549,9134935,5964.27
13549,9154981,5964.21
13549,9647283,5965.54
13549,9666637,5965.54
13549,9686739,5965.54
13549,9706971,5964.09
13549,9727288,5964.09
13549,9747776,5964.32
13549,9768038,5964.32
13549,9788410,5964.26
13549,9808874,5964.26
13549,9829078,5964.26
13549,9849424,5964.35
13549,10351187,5964.25
13549,10371556,5964.27
13549,10391831,5964.27
13549,10412643,5964.3
13549,10432722,5964.3
13549,10453098,5964.27
13549,10473186,5964.27
13549,10493666,5964.27
13549,10514002,5964.28
13549,10534244,5964.28
13549,10554582,5964.29
13549,10575193,5964.29
13549,10595798,5964.34
13549,10616168,5964.34
13549,10636573,5964.28
13549,10657021,5964.28
13549,10658313,5964.28
13549,10658614,5964.32
13549,10670837,5964.32
13549,10690469,5965.54
13549,10710205,5965.54
13549,10730797,5964.17
13549,10751480,5964.17
13549,10772081,5964.17
13549,10793286,5964.38
13549,10814453,5964.38
13549,10835306,5964.36
13549,10856643,5964.36
13549,10878125,5964.34
13549,10899131,5964.34
13549,10920376,5964.27
13549,10941631,5964.27
13549,10962736,5964.27
13549,10983981,5964.33
13549,11004854,5964.33
13549,11025292,5964.31
13549,11045700,5964.31
13549,11065883,5964.31
13549,11086492,5964.31
13549,11107000,5964.31
13549,11127241,5964.28
13549,11147328,5964.28
13549,11720164,5964.27
13549,11740760,5964.27
13549,11761398,5964.27
13549,11782164,5964.41
13549,11802637,5964.41
13549,11823340,5964.35
13549,11844147,5964.35
13549,11865454,5964.34
13549,11873701,5964.34
13549,11874056,5964.21
13549,11879025,5964.21
13549,11897164,5964.21
13549,11916907,5965.54
13549,11936982,5965.54
13549,11957453,5964.35
13549,11977963,5964.35
13549,12412882,5964.38
13549,12433355,5964.43
13549,12453641,5964.43
13549,12474061,5964.22
13549,12494757,5964.22
13549,12515159,5964.42
13549,12536276,5964.42
13549,12556678,5964.42
13549,12577481,5964.35
13549,12597908,5964.35
13549,12618341,5964.35
13549,12639083,5964.35
13549,12659521,5964.25
13549,13092826,5964.35
13549,13113556,5964.35
13549,13134263,5964.37
13549,13155044,5964.37
13549,13175622,5964.33
13549,13196232,5964.33
13549,13217133,5964.23
13549,13237861,5964.23
13549,13258320,5964.23
13549,13278888,5964.33
13549,13299532,5964.33
13549,13320235,5964.32
13549,13340836,5964.32
13549,13361470,5964.3
13549,13381975,5964.3
13549,13402444,5964.3
13549,13423183,5964.28
13549,13443786,5964.28
13549,13464627,5964.37
13549,13485271,5964.37
13549,13506127,5964.3
13549,13526664,5964.3
13549,13547237,5964.37
13549,13567704,5964.37
13549,13588240,5964.37
13549,13608782,5964.35
13549,13629484,5964.35
13549,13641371,5964.31
13549,13641665,5964.31
13549,13641942,5965.54
13549,13642250,5965.54
13549,13642538,5965.54
13549,13642749,5965.54
13549,13642979,5965.54
13549,13643262,5965.54
13549,13643550,5965.54
13549,13643895,5965.54
13549,13644189,5965.54
13549,13644477,5965.54
13549,13644714,5965.54
13549,13645061,5965.54
13549,13645347,5965.54
13549,13645627,5965.54
13549,13645918,5965.54
13549,13646139,5965.54
13549,13646446,5965.54
13549,13646796,5965.54
13549,13647024,5965.54
13549,13647314,5965.54
13549,13647603,5965.54
13549,13647939,5965.54
13549,13648230,5965.54
13549,13648525,5965.54
13549,13648754,5965.54
13549,13649107,5965.54
13549,13649386,5965.54
13549,13649626,5965.54
13549,13649905,5965.54
13549,13650175,5965.54
13549,13650505,5965.54
13549,13650837,5965.54
13549,13651065,5965.54
13549,13651352,5965.54
13549,13651701,5965.54
13549,13651994,5965.54
13549,13652224,5965.54
13549,13652573,5965.54
13549,13652867,5965.54
13549,13653158,5965.54
13549,13653421,5965.54
13549,13653724,5965.54
13549,13654011,5965.54
13549,13654303,5965.54
13549,13654533,5965.54
13549,13654814,5965.54
13549,13655114,5965.54
13549,13655313,5965.54
13549,13655608,5965.54
13549,13655907,5965.54
13549,13656249,5965.54
13549,13656536,5965.54
13549,13656823,5965.54
13549,13657051,5965.54
13549,13657339,5965.54
13549,13657630,5965.54
13549,13657927,5965.54
13549,13657994,5965.54
13549,1397113,5964.32
13549,1417785,5964.33
13549,1438578,5964.33
13549,1459069,5964.32
13549,1479675,5964.32
13549,1500467,5964.32
13549,1521268,5964.29
13549,1542265,5964.29
13549,1563128,5964.34
13549,2072672,5964.32
13549,2093373,5964.32
13549,2113713,5964.33
13549,2134446,5964.33
13549,2154945,5964.28
13549,2175676,5964.28
13549,2196536,5964.28
13549,2217139,5964.31
13549,2224488,5964.31
13549,2224827,5964.3
13549,2226712,5964.3
13549,2244653,5965.54
13549,2264418,5965.54
13549,2764456,5964.28
13549,2784792,5964.28
13549,2805401,5964.28
13549,2826069,5964.21
13549,2846507,5964.21
13549,2867209,5964.32
13549,2887580,5964.32
13549,2908176,5964.31
13549,2929303,5964.31
13549,2950129,5964.31
13549,2970777,5964.33
13549,2987044,5964.33
13549,2987283,5964.26
13549,2987569,5964.26
13549,3004898,5965.54
13549,3024989,5965.54
13549,3460229,5964.42
13549,3481073,5964.27
13549,3501928,5964.27
13549,3522542,5964.26
13549,3543409,5964.26
13549,3564265,5964.26
13549,3585002,5964.37
13549,3605861,5964.37
13549,3626469,5964.29
13549,3639411,5964.29
13549,3639681,5964.33
13549,3639957,5964.33
13549,3640322,5965.54
13549,3640613,5965.54
13549,3640910,5965.54
13549,3641128,5965.54
13549,3641418,5965.54
13549,3641710,5965.54
13549,3642049,5965.54
13549,3643945,5965.54
13549,3659697,5965.54
13549,3678750,5965.54
13549,3698581,5964.59
13549,3719221,5964.59
13549,3739815,5964.24
13549,3760115,5964.24
13549,3780630,5964.31
13549,3801385,5964.31
13549,3821976,5964.32
13549,3842348,5964.32
13549,4149040,5964.33
13549,4169236,5964.33
13549,4189584,5964.33
13549,4209994,5964.28
13549,4230438,5964.28
13549,4250901,5964.16
13549,4271255,5964.16
13549,4291893,5964.33
13549,4312500,5964.33
13549,4332908,5964.32
13549,4353312,5964.32
13549,4373800,5964.32
13549,4394146,5964.21
13549,4844652,5964.3
13549,4865049,5964.23
13549,4885724,5964.23
13549,4906338,5964.22
13549,4926737,5964.22
13549,4947275,5964.24
13549,4967974,5964.24
13549,4988478,5964.26
13549,5008925,5964.26
13549,5029536,5964.26
13549,5050132,5964.27
13549,5070512,5964.27
13549,5090717,5964.27
13549,5111002,5964.27
13549,5131432,5964.39
13549,5152166,5964.39
13549,5525526,5964.34
13549,5546154,5964.34
13549,5566822,5964.39
13549,5587388,5964.39
13549,5607981,5964.37
13549,5628444,5964.37
13549,5649328,5964.33
13549,5670168,5964.33
13549,5690795,5964.33
13549,5711527,5964.33
13549,5732253,5964.33
13549,5752891,5964.23
13549,5773354,5964.23
13549,6212801,5964.31
13549,6233459,5964.33
13549,6254184,5964.33
13549,6274754,5964.33
13549,6295778,5964.33
13549,6316797,5964.33
13549,6337376,5964.31
13549,6357754,5964.31
13549,6378735,5964.35
13549,6399328,5964.35
13549,6419826,5964.3
13549,6440304,5964.3
13549,6460779,5964.3
13549,6481389,5964.32
13549,6501988,5964.32
13549,6522425,5964.38
13549,6542818,5964.38
13550,46060,5964.44
13550,66789,5964.44
13550,87408,5964.41
13550,107920,5964.41
13550,128362,5964.34
13550,149001,5964.34
13550,169738,5964.33
13550,190266,5964.33
13550,6891462,5964.37
13550,6911824,5964.31
13550,6932102,5964.31
13550,6952804,5964.41
13550,6973371,5964.41
13550,6994092,5964.4
13550,7014926,5964.4
13550,7035590,5964.4
13550,7056190,5964.32
13550,7070489,5964.32
13550,7070750,5964.44
13550,7071040,5964.44
13550,7076438,5965.54
13550,7095160,5965.54
13550,7114852,5964.62
13550,7134948,5964.62
13550,7154890,5964.62
13550,7175226,5964.42
13550,7195268,5964.42
13550,7215876,5964.33
13550,7236259,5964.33
13550,7256367,5964.43
13550,7276510,5964.43
13550,7296684,5964.43
13550,689489,5964.31
13550,710039,5964.31
13550,730742,5964.31
13550,751211,5964.3
13550,771906,5964.3
13550,792798,5964.41
13550,813360,5964.41
13550,833916,5964.29
13550,854515,5964.29
13550,875159,5964.47
13550,7583451,5964.3
13550,7595112,5964.3
13550,7595432,5964.3
13550,7595646,5964.5
13550,7600208,5964.5
13550,7600544,5965.54
13550,7600823,5965.54
13550,7608820,5965.54
13550,7610858,5965.54
13550,7611191,5965.54
13550,7611488,5965.54
13550,7611784,5965.54
13550,7612009,5965.54
13550,7612310,5965.54
13550,7612555,5965.54
13550,7612854,5965.54
13550,7613155,5965.54
13550,7613511,5965.54
13550,7613751,5965.54
13550,7614044,5965.54
13550,7614344,5965.54
13550,7614645,5965.54
13550,7615001,5965.54
13550,7615298,5965.54
13550,7615601,5965.54
13550,7615826,5965.54
13550,7616174,5965.54
13550,7616501,5965.54
13550,7616721,5965.54
13550,7617081,5965.54
13550,7617399,5965.54
13550,7617628,5965.54
13550,7617991,5965.54
13550,7618288,5965.54
13550,7618573,5965.54
13550,7618820,5965.54
13550,7620585,5965.54
13550,7631511,5965.54
13550,7644308,5965.54
13550,1393011,5964.27
13550,1413999,5964.27
13550,1434984,5964.27
13550,1455866,5964.26
13550,1477014,5964.26
13550,1498211,5964.21
13550,2062349,5964.35
13550,2083049,5964.35
13550,2103292,5964.35
13550,2123475,5964.41
13550,2143751,5964.41
13550,2163832,5964.37
13550,2183912,5964.37
13550,2203997,5964.27
13550,2224802,5964.27
13550,2245084,5964.41
13550,2265592,5964.41
13550,2763764,5964.29
13550,2784587,5964.29
13550,2805269,5964.29
13550,2826229,5964.36
13550,2846580,5964.36
13550,2867587,5964.37
13550,2888291,5964.37
13550,2909227,5964.37
13550,2929768,5964.37
13550,2950394,5964.37
13550,3443234,5964.51
13550,3464471,5964.51
13550,3485082,5964.33
13550,3506125,5964.33
13550,3526947,5964.51
13550,3547932,5964.51
13550,3569177,5964.39
13550,3590041,5964.39
13550,3611215,5964.39
13550,3632336,5964.42
13550,3653087,5964.42
13550,3673741,5964.34
13550,3694696,5964.34
13550,4130619,5964.5
13550,4151371,5964.36
13550,4172244,5964.36
13550,4193606,5964.36
13550,4215013,5964.39
13550,4236464,5964.39
13550,4257851,5964.37
13550,4278954,5964.37
13550,4300082,5964.37
13550,4321121,5964.37
13550,4342190,5964.41
13550,4362815,5964.41
13550,4383341,5964.41
13550,4839790,5964.5
13550,4860885,5964.5
13550,4881336,5964.4
13550,4901564,5964.4
13550,4922050,5964.44
13550,4942768,5964.44
13550,5520712,5964.41
13550,5541167,5964.4
13550,5561819,5964.4
13550,5582679,5964.3
13550,5603507,5964.3
13550,5624469,5964.37
13550,5644981,5964.37
13550,5665874,5964.36
13550,5686835,5964.36
13550,5707204,5964.36
13550,5728042,5964.27
13550,5748906,5964.27
13550,5769537,5964.41
13550,5790269,5964.41
13550,5811008,5964.5
13550,5831812,5964.5
13550,5852470,5964.5
13550,6202761,5964.4
13550,6223686,5964.4
13550,6244566,5964.34
13550,6265405,5964.34
13550,6286646,5964.41
13550,6307645,5964.41
13550,6328751,5964.34
13550,6349804,5964.34
13550,6371007,5964.34
13550,6392139,5964.31
13551,48443,5964.57
13551,68838,5964.41
13551,89234,5964.41
13551,109468,5964.54
13551,129765,5964.54
13551,149999,5964.47
13551,170231,5964.47
13551,190778,5964.47
13551,210930,5964.55
13551,230904,5964.55
13551,251133,5964.55
13551,271641,5964.55
13551,701487,5965.54
13551,701802,5965.54
13551,702119,5965.54
13551,702432,5965.54
13551,702757,5965.54
13551,702962,5965.54
13551,703283,5965.54
13551,703621,5965.54
13551,703847,5965.54
13551,704171,5965.54
13551,704509,5965.54
13551,704726,5965.54
13551,705128,5965.54
13551,705552,5965.54
13551,706125,5965.54
13551,706191,5964.31
13552,48889,5964.57
13552,69472,5964.5
13552,89964,5964.5
13552,110445,5964.5
13552,130714,5964.57
13552,151152,5964.57
13552,171593,5964.41
13552,191870,5964.41
13552,211963,5964.72
13552,231914,5964.72
13552,252182,5964.52
13552,272361,5964.52
13552,687403,5964.49
13552,708284,5964.37
13552,729039,5964.37
13552,749747,5964.56
13552,770041,5964.56
13552,790749,5964.54
13552,811563,5964.54
13552,832538,5964.49
13552,853407,5964.49
13552,874144,5964.49
13552,878458,5964.54
13552,878743,5964.54
13552,879092,5965.54
13552,879388,5965.54
13552,879677,5965.54
13552,879947,5965.54
13552,880181,5965.54
13552,880528,5965.54
13552,892810,5965.54
13552,902683,5965.54
13552,902893,5965.54
13552,903254,5965.54
13552,903546,5965.54
13552,904394,5965.54
13552,914182,5965.54
13552,914411,5965.54
13552,914699,5965.54
13552,915030,5965.54
13552,915280,5965.54
13552,915580,5965.54
13552,919180,5965.54
13552,931980,5965.54
13552,946194,5965.54
13552,1391746,5964.57
13552,1412577,5964.46
13552,1433053,5964.46
13552,1453786,5964.57
13552,1474289,5964.57
13552,1495141,5964.57
13552,1516013,5964.58
13552,1536915,5964.58
13552,1557831,5964.6
13552,2070571,5964.59
13552,2091260,5964.59
13552,2112557,5964.51
13552,2133384,5964.51
13552,2154068,5964.51
13552,2175081,5964.44
13552,2195929,5964.44
13552,2217059,5964.69
13552,2237935,5964.69
13552,2737041,5964.45
13552,2757869,5964.45
13552,2778607,5964.52
13552,2799421,5964.52
13552,2819820,5964.52
13552,2840537,5964.56
13552,2861097,5964.56
13552,2881881,5964.52
13552,2902494,5964.52
13552,2923096,5964.53
13552,2943599,5964.53
13552,2964201,5964.61
13552,2984686,5964.61
13552,3005421,5964.61
13552,3025907,5964.57
13552,3046498,5964.57
13552,3067108,5964.63
13552,3436257,5964.52
13552,3456757,5964.52
13552,3476965,5964.52
13552,3496941,5964.49
13552,3517043,5964.49
13552,3537106,5964.54
13552,3557345,5964.54
13552,3577712,5964.59
13552,3598397,5964.59
13552,3619048,5964.59
13552,3639653,5964.47
13552,3660215,5964.47
13552,3680723,5964.53
13552,3701095,5964.53
13552,3722038,5964.44
13552,3742937,5964.44
13552,3763827,5964.49
13552,3784935,5964.49
13552,3805683,5964.49
13552,3826782,5964.43
13552,4119280,5964.55
13552,4139998,5964.55
13552,4161004,5964.59
13552,4182100,5964.59
13552,4202928,5964.33
13552,4224104,5964.33
13552,4244972,5964.55
13552,4265592,5964.55
13552,4286588,5964.49
13554,46707,5964.49
13554,66539,5964.51
13554,76885,5964.51
13554,77171,5964.51
13554,77393,5964.55
13554,77698,5964.55
13554,77986,5965.54
13554,78338,5965.54
13554,78614,5965.54
13554,78842,5965.54
13554,79062,5965.54
13554,79404,5965.54
13554,79630,5965.54
13554,79933,5965.54
13554,80284,5965.54
13554,80577,5965.54
13554,80803,5965.54
13554,81141,5965.54
13554,81434,5965.54
13554,81718,5965.54
13554,82011,5965.54
13554,82306,5965.54
13554,82535,5965.54
13554,82886,5965.54
13554,83105,5965.54
13554,83395,5965.54
13554,83729,5965.54
13554,84031,5965.54
13554,84325,5965.54
13554,84555,5965.54
13554,84843,5965.54
13554,85183,5965.54
13554,85469,5965.54
13554,85908,5965.54
13554,93649,5965.54
13554,93959,5964.49
13554,94243,5964.49
13554,94540,5964.49
13554,94814,5965.54
13554,95059,5965.54
13554,95350,5965.54
13554,95685,5965.54
13554,99479,5965.54
13554,100070,5965.54
13554,100363,5965.54
13554,100638,5965.54
13554,100884,5965.54
13554,101191,5965.54
13554,101533,5965.54
13554,101857,5965.54
13554,102131,5965.54
13554,102431,5965.54
13554,102657,5965.54
13554,102976,5965.54
13554,103272,5965.54
13554,103608,5965.54
13554,103928,5965.54
13554,104163,5965.54
13554,104526,5965.54
13554,104829,5965.54
13554,105048,5965.54
13554,113449,5965.54
13554,126000,5965.54
13554,139425,5964.48
13554,153260,5964.48
13554,167846,5964.51
13554,185932,5964.51
13554,205340,5964.47
13554,225110,5964.47
13554,245218,5964.47
13554,265137,5964.47
13554,285388,5964.47
13554,305363,5964.43
13554,325541,5964.43
13554,345374,5964.53
13554,365577,5964.53
13554,385570,5964.35
13554,405332,5964.35
13554,425141,5964.35
13554,432799,5964.36
13554,433084,5964.36
13554,433427,5965.54
13554,438124,5965.54
13554,444074,5965.54
13554,444354,5965.54
13554,444711,5965.54
13554,445010,5965.54
13554,445308,5965.54
13554,445552,5965.54
13554,445844,5965.54
13554,453137,5965.54
13554,470714,5965.54
13554,490005,5964.35
13554,509987,5964.35
13554,529956,5964.35
13554,550086,5964.62
13554,713875,5964.42
13554,734217,5964.37
13554,754413,5964.37
13554,774571,5964.47
13554,794603,5964.47
13554,814717,5964.52
13554,834723,5964.52
13554,854696,5964.52
13554,874678,5964.48
13554,894833,5964.48
13554,915363,5964.48
13554,935585,5964.48
13554,953604,5964.49
13554,953843,5964.49
13554,954165,5964.49
13554,954478,5965.54
13554,964421,5965.54
13554,965046,5965.54
13554,965339,5965.54
13554,965622,5965.54
13554,965851,5965.54
13554,966140,5965.54
13554,966443,5965.54
13554,966805,5965.54
13554,967106,5965.54
13554,972111,5965.54
13554,989627,5965.54
13554,1008868,5965.54
13554,1011299,5964.53
13554,1011582,5964.53
13554,1019714,5964.53
13554,1034059,5965.54
13554,1048886,5965.54
13554,1061329,5964.2
13554,1061589,5964.2
13554,1061862,5965.54
13554,1062092,5965.54
13554,1062387,5965.54
13554,1062678,5965.54
13554,1063024,5965.54
13554,1063320,5965.54
13554,1063548,5965.54
13554,1063839,5965.54
13554,1064181,5965.54
13554,1064472,5965.54
13554,1064685,5965.54
13554,1065053,5965.54
13554,1072558,5965.54
13554,1085984,5965.54
13554,1100146,5964.59
13554,1114645,5964.59
13554,1129115,5964.38
13554,1143978,5964.38
13554,1159317,5964.43
13554,1174444,5964.43
13554,1189935,5964.43
13554,1407390,5964.45
13554,1427635,5964.4
13554,1447714,5964.4
13554,1467947,5964.28
13554,1488552,5964.28
13554,1508992,5964.28
13554,1529449,5964.64
13554,1549990,5964.64
13554,1570456,5964.52
13554,1590809,5964.52
13554,2083501,5964.44
13554,2104495,5964.44
13554,2124824,5964.44
13554,2145236,5964.66
13554,2165452,5964.66
13554,2185677,5964.47
13554,2206125,5964.47
13554,2226075,5964.37
13554,2246299,5964.37
13554,2266799,5964.33
13554,2283823,5964.33
13554,2284050,5964.33
13554,2284403,5964.52
13554,2284712,5964.52
13554,2284929,5965.54
13554,2285231,5965.54
13554,2285579,5965.54
13554,2285867,5965.54
13554,2286093,5965.54
13554,2286381,5965.54
13554,2286734,5965.54
13554,2287018,5965.54
13554,2287252,5965.54
13554,2287538,5965.54
13554,2287888,5965.54
13554,2288121,5965.54
13554,2288466,5965.54
13554,2288675,5965.54
13554,2289035,5965.54
13554,2289331,5965.54
13554,2289617,5965.54
13554,2289849,5965.54
13554,2290125,5965.54
13554,2290473,5965.54
13554,2290780,5965.54
13554,2291063,5965.54
13554,2291297,5965.54
13554,2291634,5965.54
13554,2291870,5965.54
13554,2292156,5965.54
13554,2292434,5965.54
13554,2292723,5965.54
13554,2293014,5965.54
13554,2293249,5965.54
13554,2293537,5965.54
13554,2293880,5965.54
13554,2294182,5965.54
13554,2294405,5965.54
13554,2294743,5965.54
13554,2294979,5965.54
13554,2295331,5965.54
13554,2295536,5965.54
13554,2295850,5965.54
13554,2296135,5965.54
13554,2296477,5965.54
13554,2296772,5965.54
13554,2296996,5965.54
13554,2297352,5965.54
13554,2297585,5965.54
13554,2297869,5965.54
13554,2298223,5965.54
13554,2298436,5965.54
13554,2298735,5965.54
13554,2299083,5965.54
13554,2299376,5965.54
13554,2299598,5965.54
13554,2299898,5965.54
13554,2300249,5965.54
13554,2300469,5965.54
13554,2300755,5965.54
13554,2301104,5965.54
13554,2301395,5965.54
13554,2301664,5965.54
13554,2301898,5965.54
13554,2302260,5965.54
13554,2302475,5965.54
13554,2302775,5965.54
13554,2303127,5965.54
13554,2303339,5965.54
13554,2303639,5965.54
13554,2303941,5965.54
13554,2304220,5965.54
13554,2304499,5965.54
13554,2304789,5965.54
13554,2305002,5965.54
13554,2305305,5965.54
13554,2305585,5965.54
13554,2305942,5965.54
13554,2306233,5965.54
13554,2306533,5965.54
13554,2306757,5965.54
13554,2307043,5965.54
13554,2307043,5965.54
13556,44538,5964.56
13556,64506,5964.37
13556,84217,5964.37
13556,104544,5964.51
13556,124513,5964.51
13556,6796838,5964.34
13556,6817544,5964.41
13556,6838419,5964.41
13556,6859143,5964.41
13556,6879822,5964.41
13556,6900371,5964.35
13556,6920994,5964.35
13556,684050,5964.45
13556,704434,5964.4
13556,724649,5964.4
13556,745401,5964.5
13556,765775,5964.5
13556,786502,5964.42
13556,806935,5964.42
13556,827227,5964.42
13556,847667,5964.46
13556,868415,5964.46
13556,7466263,5964.38
13556,7487319,5964.38
13556,7508187,5964.38
13556,7528988,5964.36
13556,7550035,5964.36
13556,7570856,5964.5
13556,7591904,5964.5
13556,7612761,5964.39
13556,7633573,5964.39
13556,7654177,5964.39
13556,7674989,5964.45
13556,7695651,5964.45
13556,7716251,5964.48
13556,7736855,5964.48
13556,7757596,5964.45
13556,7778341,5964.45
13556,7799049,5964.39
13556,7819499,5964.39
13556,7840140,5964.39
13556,7860646,5964.36
13556,7881387,5964.36
13556,7901841,5964.4
13556,7922599,5964.4
13556,7943476,5964.27
13556,7963952,5964.27
13556,7984457,5964.43
13556,8005414,5964.43
13556,8026375,5964.43
13556,8046843,5964.19
13556,8067477,5964.19
13556,8088257,5964.44
13556,8108964,5964.44
13556,8129825,5964.34
13556,8147617,5964.34
13556,8147950,5964.34
13556,8151759,5964.49
13556,8158727,5964.49
13556,8159022,5964.54
13556,8163008,5964.54
13556,8163960,5965.54
13556,8164312,5965.54
13556,8164585,5965.54
13556,8173093,5965.54
13556,8174402,5965.54
13556,8174639,5964.47
13556,8188391,5964.47
13556,8193653,5965.54
13556,8193791,5965.54
13556,1364178,5964.41
13556,1385136,5964.41
13556,1405886,5964.49
13556,1426672,5964.49
13556,1447516,5964.39
13556,1468482,5964.39
13556,1489216,5964.39
13556,1509779,5964.44
13556,1530686,5964.44
13556,1551282,5964.51
13556,1572020,5964.51
13556,1592979,5964.4
13556,1613623,5964.4
13556,2043536,5964.45
13556,2064754,5964.36
13556,2085899,5964.36
13556,2107140,5964.55
13556,2128564,5964.55
13556,2149817,5964.55
13556,2170814,5964.39
13556,2191599,5964.39
13556,2212544,5964.51
13556,2233776,5964.51
13556,2254531,5964.55
13556,2275295,5964.55
13556,2296280,5964.38
13556,2317113,5964.38
13556,2338027,5964.38
13556,2358853,5964.35
13556,2379586,5964.35
13556,2400393,5964.3
13556,2421280,5964.3
13556,2442410,5964.39
13556,2714017,5964.4
13556,2734781,5964.47
13556,2755398,5964.47
13556,2775902,5964.28
13556,2796362,5964.28
13556,2816577,5964.46
13556,2837051,5964.46
13556,2857571,5964.46
13556,2877805,5964.41
13556,2898091,5964.41
13556,2918275,5964.46
13556,2938735,5964.46
13556,2958904,5964.37
13556,2979369,5964.37
13556,3407019,5964.38
13556,3427395,5964.38
13556,3447982,5964.38
13556,3468715,5964.4
13556,3489612,5964.4
13556,3510569,5964.42
13556,3531889,5964.42
13556,3553069,5964.5
13556,3573911,5964.5
13556,3594937,5964.32
13556,3616194,5964.32
13556,3637434,5964.32
13556,3658428,5964.41
13556,3679390,5964.41
13556,3700407,5964.52
13556,3721526,5964.52
13556,3742518,5964.36
13556,3763889,5964.36
13556,3785004,5964.36
13556,3806244,5964.48
13556,3827126,5964.48
13556,3848508,5964.42
13556,4079527,5964.38
13556,4100461,5964.38
13556,4121244,5964.38
13556,4142036,5964.41
13556,4162881,5964.41
13556,4183589,5964.33
13556,4204707,5964.33
13556,4225719,5964.38
13556,4246690,5964.38
13556,4267840,5964.43
13556,4275966,5964.43
13556,4276245,5964.43
13556,4276548,5965.54
13556,4286220,5965.54
13556,4305427,5965.54
13556,4325273,5965.54
13556,4345504,5964.2
13556,4366092,5964.2
13556,4386686,5964.2
13556,4407441,5964.4
13556,4757200,5964.43
13556,4777825,5964.41
13556,4798474,5964.41
13556,4819593,5964.39
13556,4840083,5964.39
13556,4861256,5964.48
13556,4882057,5964.48
13556,4902658,5964.48
13556,4923407,5964.47
13556,4943739,5964.47
13556,4964222,5964.42
13556,4985095,5964.42
13556,5005701,5964.39
13556,5026183,5964.39
13556,5046803,5964.35
13556,5067401,5964.35
13556,5088265,5964.35
13556,5444355,5964.44
13556,5465345,5964.44
13556,5486212,5964.5
13556,5507091,5964.5
13556,5527947,5964.45
13556,5548774,5964.45
13556,5569536,5964.42
13556,5590403,5964.42
13556,5611288,5964.42
13556,6109845,5964.36
13556,6130691,5964.36
13556,6151343,5964.35
13556,6171801,5964.35
13556,6192038,5964.48
13556,6212095,5964.48
13556,6217046,5964.29
13556,6217323,5964.29
13556,6227384,5964.29
13556,6229121,5965.54
13556,6229343,5965.54
13556,6229699,5965.54
13556,6229996,5965.54
13556,6230237,5965.54
13556,6230529,5965.54
13556,6230864,5965.54
13556,6231161,5965.54
13556,6231443,5965.54
13556,6231687,5965.54
13556,6235572,5965.54
13557,46456,5964.41
13557,66920,5964.41
13557,87436,5964.44
13557,108261,5964.44
13557,128878,5964.44
13557,691876,5964.45
13557,712802,5964.37
13557,733548,5964.37
13557,754781,5964.45
13557,775799,5964.45
13557,796641,5964.45
13557,817402,5964.27
13557,838257,5964.27
13557,859108,5964.38
13557,880079,5964.38
13557,901220,5964.37
13557,922102,5964.37
13557,942833,5964.35
13557,964076,5964.35
13557,984687,5964.35
13557,1005512,5964.44
13557,1361893,5964.41
13557,1382889,5964.37
13557,1404106,5964.37
13557,1425006,5964.38
13557,1445574,5964.38
13557,1466551,5964.38
13557,1487268,5964.46
13557,1508145,5964.46
13557,1528748,5964.36
13557,1549814,5964.36
13557,1570693,5964.43
13557,1591824,5964.43
13557,1612790,5964.39
13557,1633914,5964.39
13557,1654765,5964.39
13557,1675847,5964.34
13557,1696876,5964.34
13557,1718035,5964.48
13557,1738994,5964.48
13557,1760114,5964.35
13557,1781364,5964.35
13557,1802481,5964.35
13557,1823284,5964.45
13557,1844186,5964.45
13557,1865313,5964.35
13557,1886184,5964.35
13557,1907364,5964.37
13557,1927957,5964.37
13557,1948889,5964.31
13557,1972675,5964.31
13557,1993428,5964.31
13557,2014055,5964.46
13557,2019302,5964.46
13557,2019516,5964.33
13557,2024674,5964.33
13557,2030091,5965.54
13557,2030456,5965.54
13557,2039120,5965.54
13557,2042522,5965.54
13557,2042792,5965.54
13557,2060214,5965.54
13557,2060457,5965.54
13557,2060745,5965.54
13557,2061005,5965.54
13557,2061308,5965.54
13557,2061602,5965.54
13557,2061820,5965.54
13557,2062117,5965.54
13557,2062456,5965.54
13557,2062743,5965.54
13557,2074587,5965.54
13557,2082092,5965.54
13557,2082433,5964.55
13557,2087528,5964.55
13557,2094152,5965.54
13557,2094439,5965.54
13557,2104353,5965.54
13557,2123313,5965.54
13557,2142877,5964.25
13557,2162601,5964.25
13557,2182348,5964.25
13557,2202472,5964.21
13557,2222981,5964.21
13557,2243434,5964.45
13557,2264067,5964.45
13557,2284711,5964.3
13557,2305138,5964.3
13557,2325803,5964.3
13557,2346422,5964.44
13557,2367021,5964.44
13557,2382750,5964.38
13557,2383023,5964.38
13557,2383311,5965.54
13557,2395835,5965.54
13557,2396091,5964.43
13557,2396369,5964.43
13557,2396721,5964.43
13557,2397698,5965.54
13557,2397998,5965.54
13557,2398237,5965.54
13557,2398580,5965.54
13557,2398874,5965.54
13557,2399109,5965.54
13557,2399399,5965.54
13557,2399688,5965.54
13557,2400030,5965.54
13557,2400332,5965.54
13557,2400541,5965.54
13557,2400901,5965.54
13557,2401138,5965.54
13557,2401483,5965.54
13557,2401771,5965.54
13557,2401981,5965.54
13557,2402291,5965.54
13557,2402576,5965.54
13557,2402922,5965.54
13557,2403209,5965.54
13557,2403426,5965.54
13557,2403738,5965.54
13557,2404020,5965.54
13557,2404373,5965.54
13557,2404653,5965.54
13557,2404886,5965.54
13557,2405229,5965.54
13557,2411540,5965.54
13557,2428158,5965.54
13557,2732532,5964.41
13557,2753130,5964.39
13557,2755861,5964.39
13557,2756206,5965.54
13557,2756500,5965.54
13557,2756794,5965.54
13557,2757015,5965.54
13557,2757304,5965.54
13557,2757593,5965.54
13557,2757942,5965.54
13557,2758169,5965.54
13557,2758456,5965.54
13557,2758790,5965.54
13557,2759043,5965.54
13557,2759388,5965.54
13557,2763307,5965.54
13557,2781092,5965.54
13557,2800343,5966.81
13557,2820382,5966.81
13557,2840610,5964.52
13557,2861219,5964.52
13557,2882112,5964.52
13557,2902810,5964.41
13557,2923425,5964.41
13557,2943927,5964.51
13557,2964459,5964.51
13557,2984659,5964.52
13557,3004853,5964.52
13557,3025263,5964.41
13557,3045685,5964.41
13557,3066165,5964.41
13557,3087039,5964.46
13557,3107770,5964.46
13557,3128504,5964.45
13557,3149160,5964.45
13557,3170021,5964.49
13557,3399075,5964.45
13557,3419911,5964.47
13557,3440432,5964.47
13557,3461178,5964.43
13557,3481934,5964.43
13557,3502776,5964.45
13557,3523486,5964.45
13557,3544115,5964.45
13557,3564985,5964.48
13557,3585697,5964.48
13557,3606691,5964.46
13557,3627595,5964.46
13557,3648298,5964.5
13557,3669028,5964.5
13557,3689767,5964.5
13557,3710557,5964.5
13557,3731243,5964.5
13557,3751859,5964.44
13557,3772626,5964.44
13557,3793384,5964.5
13557,4084135,5964.44
13557,4105083,5964.44
13557,4126251,5964.42
13557,4146687,5964.42
13557,4167477,5964.48
13557,4188179,5964.48
13557,4752702,5964.47
13557,4773778,5964.47
13557,4794911,5964.47
13557,4815792,5964.55
13557,4836645,5964.55
13557,4857760,5964.41
13557,4878620,5964.41
13557,4899346,5964.5
13557,4920346,5964.5
13557,4941074,5964.5
13557,4961836,5964.34
13557,4982847,5964.34
13557,5001238,5964.4
13557,5001371,5964.4
13558,12024,5965.54
13558,12751,5965.54
13558,31913,5965.54
13558,41990,5965.54
13558,42207,5964.37
13558,42556,5964.37
13558,56072,5965.54
13558,63276,5965.54
13558,63606,5965.54
13558,63933,5965.54
13558,72788,5965.54
13558,74486,5965.54
13558,74808,5965.54
13558,86365,5965.54
13558,106205,5965.54
13558,126532,5964.5
13558,147035,5964.5
13558,167749,5964.5
13558,188612,5964.45
13558,209755,5964.45
13558,230980,5964.36
13558,252143,5964.36
13558,6768148,5964.14
13558,6789797,5964.36
13558,6811104,5964.36
13558,6832550,5964.36
13558,6854409,5964.36
13558,6876156,5964.36
13558,6898352,5964.34
13558,6920011,5964.34
13558,6941853,5964.36
13558,6963490,5964.36
13558,6985389,5964.27
13558,7007199,5964.27
13558,7029112,5964.37
13558,7050860,5964.37
13558,7072595,5964.37
13558,7094348,5964.41
13558,7115967,5964.41
13558,7137840,5964.29
13558,7159972,5964.29
13558,680421,5964.36
13558,701830,5964.36
13558,723538,5964.36
13558,745177,5964.36
13558,766664,5964.48
13558,788562,5964.48
13558,810143,5964.42
13558,831742,5964.42
13558,853190,5964.42
13558,874724,5964.43
13558,896597,5964.43
13558,918619,5964.53
13558,940558,5964.53
13558,962916,5964.77
13558,985052,5964.77
13558,1007053,5964.27
13558,7443862,5964.36
13558,7465643,5964.36
13558,7487367,5964.35
13558,7509258,5964.35
13558,7531143,5964.32
13558,7553064,5964.32
13558,7574770,5964.32
13558,7596645,5964.33
13558,7618478,5964.33
13558,7640232,5964.41
13558,7661949,5964.41
13558,7683753,5964.33
13558,7705553,5964.33
13558,7727602,5964.25
13558,7749629,5964.25
13558,7771432,5964.25
13558,7793435,5964.46
13558,7815222,5964.46
13558,7837228,5964.34
13558,8121019,5964.48
13558,8142756,5964.3
13558,8164472,5964.3
13558,8186268,5964.25
13558,8208297,5964.25
13558,8230005,5964.41
13558,8251938,5964.41
13558,8273821,5964.41
13558,8295845,5964.27
13558,8317348,5964.27
13558,8339083,5964.33
13558,8360826,5964.33
13558,8382443,5964.35
13558,8404263,5964.35
13558,8426136,5964.35
13558,8447896,5964.32
13558,8469813,5964.32
13558,8491393,5964.3
13558,8513244,5964.3
13558,1364458,5964.3
13558,1385815,5964.3
13558,1407578,5964.48
13558,1429217,5964.48
13558,1450850,5964.41
13558,1472478,5964.41
13558,2032618,5964.47
13558,2054255,5964.47
13558,2067548,5964.47
13558,2067842,5964.56
13558,2068186,5964.56
13558,2068479,5965.54
13558,2068772,5965.54
13558,2068976,5965.54
13558,2069288,5965.54
13558,2069582,5965.54
13558,2069921,5965.54
13558,2070206,5965.54
13558,2070441,5965.54
13558,2070732,5965.54
13558,2071011,5965.54
13558,2083049,5965.54
13558,2102522,5965.54
13558,2122728,5964.62
13558,2143139,5964.62
13558,2164116,5964.53
13558,2185202,5964.53
13558,2206438,5964.37
13558,2227521,5964.37
13558,2248572,5964.37
13558,2269791,5964.28
13558,2291306,5964.28
13558,2724587,5964.38
13558,2746593,5964.38
13558,2768640,5964.36
13558,2790631,5964.36
13558,2812649,5964.39
13558,2834743,5964.39
13558,2856660,5964.37
13558,2878822,5964.37
13558,2897766,5964.37
13558,2897999,5964.34
13558,2898302,5964.34
13558,2898661,5965.54
13558,2898882,5965.54
13558,2917557,5965.54
13558,2938633,5965.54
13558,2956918,5964.24
13558,2957132,5964.24
13558,2957423,5964.24
13558,2961281,5965.54
13558,2970299,5965.54
13558,2970579,5964.62
13558,2979427,5964.62
13558,2982860,5965.54
13558,2983102,5965.54
13558,3000103,5965.54
13558,3020717,5965.54
13558,3033901,5965.54
13558,3034220,5964.25
13558,3042121,5964.25
13558,3062507,5965.54
13558,3083836,5965.54
13558,3105210,5964.52
13558,3385608,5964.41
13558,3407041,5964.42
13558,3429032,5964.42
13558,3450679,5964.42
13558,3472462,5964.39
13558,3493964,5964.39
13558,3515461,5964.31
13558,3537081,5964.31
13558,3558935,5964.46
13558,3580769,5964.46
13558,3602491,5964.43
13558,3624266,5964.43
13558,3645870,5964.43
13558,3667511,5964.37
13558,3689156,5964.37
13558,3710915,5964.46
13558,3732546,5964.46
13558,3754185,5964.32
13558,3775746,5964.32
13558,3797480,5964.32
13558,3807700,5964.31
13558,3808012,5964.31
13558,3808309,5965.54
13558,3820162,5965.54
13558,3841078,5965.54
13558,4078786,5964.38
13558,4100671,5964.3
13558,4122536,5964.3
13558,4144072,5964.35
13558,4165650,5964.35
13558,4187345,5964.5
13558,4208994,5964.5
13558,4230580,5964.37
13558,4252350,5964.37
13558,4274106,5964.37
13558,4295498,5964.49
13558,4317246,5964.49
13558,4735944,5965.54
13558,4757044,5964.12
13558,4778532,5964.12
13558,4800172,5964.3
13558,4821668,5964.3
13558,4843179,5964.46
13558,4864929,5964.46
13558,4886186,5964.46
13558,4907840,5964.42
13558,4929579,5964.42
13558,4951325,5964.41
13558,4972887,5964.41
13558,4994348,5964.45
13558,4994651,5964.45
13558,4996125,5964.45
13558,5015977,5965.54
13558,5036927,5965.54
13558,5058223,5964.5
13558,5079714,5964.5
13558,5101224,5964.35
13558,5122984,5964.35
13558,5419923,5964.2
13558,5441194,5964.2
13558,5462702,5964.2
13558,5484274,5964.44
13558,5506034,5964.44
13558,5527805,5964.46
13558,5549493,5964.46
13558,5571221,5964.45
13558,5592909,5964.45
13558,5614616,5964.45
13558,5636245,5964.31
13558,5657882,5964.31
13558,5679771,5964.54
13558,5701394,5964.54
13558,5723266,5964.34
13558,5744852,5964.34
13558,5766683,5964.43
13558,5788438,5964.43
13558,5809929,5964.43
13558,5832087,5964.49
13558,5840215,5964.49
13558,5840508,5964.44
13558,5840851,5964.44
13558,5841140,5965.54
13558,5841430,5965.54
13558,5841656,5965.54
13558,5841954,5965.54
13558,5842243,5965.54
13558,5842587,5965.54
13558,5842870,5965.54
13558,5848461,5965.54
13558,5854667,5965.54
13558,5856550,5964.14
13558,5875226,5964.14
13558,6109169,5964.36
13558,6130847,5964.36
13558,6152617,5964.4
13558,6174101,5964.4
13558,6195882,5964.31
13558,6217516,5964.31
13558,6239267,5964.31
13558,6261147,5964.43
13558,6282707,5964.43
13558,6304444,5964.33
13558,6326315,5964.33
13558,6348072,5964.34
13558,6370097,5964.34
13558,6391718,5964.34
13558,6413588,5964.39
13558,6435278,5964.39
13558,6456930,5964.33
13558,6478638,5964.33
13559,51059,5964.28
13559,72461,5964.31
13559,94213,5964.31
13559,115947,5964.34
13559,137386,5964.34
13559,158879,5964.22
13559,180578,5964.22
13559,201963,5964.22
13559,223867,5964.38
13559,245285,5964.38
13559,266928,5964.55
13559,288493,5964.55
13559,309952,5964.35
13559,331168,5964.35
13559,352869,5964.35
13559,374254,5964.35
13559,395760,5964.35
13559,417129,5964.22
13559,438585,5964.22
13559,460275,5964.32
13559,481884,5964.32
13559,503242,5964.34
13559,524660,5964.34
13559,546170,5964.34
13559,567645,5964.27
13559,589049,5964.27
13559,610546,5964.37
13559,632145,5964.37
13559,653409,5964.33
13559,674804,5964.33
13559,6753489,5964.17
13559,6774885,5964.17
13559,6796154,5964.27
13559,6817639,5964.27
13559,6839025,5964.27
13559,6860511,5964.3
13559,6882141,5964.3
13559,6903655,5963.99
13559,6924720,5963.99
13559,6945914,5964.39
13559,6967484,5964.39
13559,6980212,5964.39
13559,6980547,5964.26
13559,6980834,5964.26
13559,6993652,5965.54
13559,7000479,5965.54
13559,7001170,5964.59
13559,7013533,5964.59
13559,7013932,5964.15
13559,7017502,5964.15
13559,7017816,5964.15
13559,7018114,5965.54
13559,7018339,5965.54
13559,7018628,5965.54
13559,7018922,5965.54
13559,7019277,5965.54
13559,7019500,5965.54
13559,7019791,5965.54
13559,7020079,5965.54
13559,7020362,5965.54
13559,7020660,5965.54
13559,7024503,5965.54
13559,7041917,5965.54
13559,7061275,5965.54
13559,7081451,5965.54
13559,7101960,5964.37
13559,7122970,5964.37
13559,7143952,5964.24
13559,7165020,5964.24
13559,7186175,5964.25
13559,7207575,5964.25
13559,7229062,5964.3
13559,7242765,5964.3
13559,7243106,5964.3
13559,7255402,5964.25
13559,7263989,5964.25
13559,7264275,5964.64
13559,7264626,5964.64
13559,7264929,5965.54
13559,7274670,5965.54
13559,7294522,5965.54
13559,7315011,5965.54
13559,7335939,5965.54
13559,7356979,5964.29
13559,7378084,5964.29
13559,7399485,5964.4
13559,7420660,5964.4
13559,696564,5964.41
13559,717969,5964.41
13559,739326,5964.41
13559,760802,5964.31
13559,782193,5964.31
13559,803705,5964.51
13559,825312,5964.51
13559,846714,5964.31
13559,868262,5964.31
13559,890050,5964.31
13559,912089,5964.45
13559,934122,5964.45
13559,956170,5964.4
13559,978350,5964.4
13559,1000307,5964.33
13559,1022187,5964.33
13559,1044194,5964.33
13559,1066404,5964.29
13559,1088373,5964.29
13559,1110590,5964.43
13559,1132436,5964.43
13559,1154375,5964.52
13559,1175925,5964.52
13559,1197673,5964.52
13559,1219305,5964.3
13559,1241079,5964.3
13559,1263080,5964.41
13559,1284728,5964.41
13559,1306357,5964.32
13559,1328123,5964.32
13559,1350089,5964.36
13559,7441982,5964.22
13559,7463090,5964.22
13559,7484344,5964.22
13559,7505830,5964.38
13559,7527234,5964.38
13559,7548448,5964.37
13559,7570111,5964.37
13559,7591614,5964.21
13559,7613120,5964.21
13559,7634749,5964.33
13559,7655990,5964.33
13559,7677474,5964.33
13559,7698865,5964.25
13559,7720275,5964.25
13559,7741729,5964.19
13559,7763513,5964.19
13559,7785236,5964.46
13559,7803399,5964.46
13559,7803642,5964.46
13559,7803912,5964.39
13559,7804151,5964.39
13559,7804483,5965.54
13559,7804785,5965.54
13559,7805019,5965.54
13559,7805311,5965.54
13559,7805661,5965.54
13559,7805877,5965.54
13559,7806154,5965.54
13559,7806469,5965.54
13559,7806794,5965.54
13559,7807097,5965.54
13559,7808146,5965.54
13559,7820836,5965.54
13559,7840111,5965.54
13559,7860524,5965.54
13559,7881374,5964.02
13559,7902620,5964.02
13559,7924245,5964.37
13559,7945765,5964.37
13559,7967516,5964.25
13559,7989125,5964.25
13559,8010850,5964.25
13559,8032802,5964.36
13559,8054289,5964.36
13559,8076196,5964.34
13559,8097976,5964.34
13559,8120077,5964.32
13559,8142069,5964.32
13559,8163858,5964.66
13559,8185224,5964.66
13559,8206632,5964.66
13559,8228119,5964.34
13559,8243085,5964.34
13559,8243085,5964.41
13559,1371627,5964.36
13559,1393507,5964.36
13559,1415282,5964.38
13559,1436897,5964.38
13559,1458541,5964.32
13559,1480138,5964.32
13559,1501555,5964.34
13559,1523057,5964.34
13559,1544746,5964.34
13559,1566299,5964.36
13559,1588297,5964.36
13559,1609863,5964.44
13559,1631728,5964.44
13559,1653365,5964.24
13559,1674845,5964.24
13559,1696484,5964.26
13559,1718105,5964.26
13559,1739751,5964.26
13559,1761486,5964.33
13559,1783282,5964.33
13559,1804902,5964.45
13559,1826584,5964.45
13559,1848428,5964.38
13559,1870048,5964.38
13559,1891666,5964.38
13559,1913312,5964.33
13559,1934970,5964.33
13559,1956711,5964.32
13559,1978339,5964.32
13559,1999996,5964.33
13559,2021470,5964.33
13559,2022394,5964.33
13559,2022683,5964.59
13559,2022971,5964.59
13559,2034065,5965.54
13559,2054793,5965.54
13559,2075795,5964.61
13559,2097171,5964.61
13559,2118543,5964.44
13559,2139780,5964.44
13559,2161342,5964.44
13559,2182791,5964.42
13559,2204046,5964.42
13559,2225413,5964.39
13559,2246485,5964.39
13559,2268077,5964.39
13559,2289743,5964.39
13559,2311173,5964.52
13559,2332339,5964.52
13559,2353925,5964.52
13559,2375445,5964.27
13559,2396943,5964.27
13559,2418390,5964.4
13559,2439705,5964.4
13559,2461042,5964.38
13559,2482424,5964.38
13559,2504096,5964.38
13559,2525725,5964.27
13559,2546948,5964.27
13559,2568190,5964.46
13559,2589479,5964.46
13559,2611095,5964.28
13559,2632596,5964.28
13559,2654213,5964.34
13559,2675843,5964.34
13559,2697662,5964.34
13559,2719330,5964.49
13559,2741276,5964.49
13559,2763430,5964.37
13559,2785793,5964.37
13559,2808345,5964.33
13559,2830615,5964.33
13559,2852740,5964.33
13559,2875161,5964.3
13559,2897052,5964.3
13559,2918879,5964.33
13559,2941108,5964.33
13559,2962710,5964.35
13559,2984842,5964.35
13559,3006686,5964.47
13559,3028495,5964.47
13559,3050007,5964.47
13559,3071516,5964.38
13559,3092850,5964.38
13559,3114132,5964.35
13559,3135517,5964.35
13559,3157224,5964.35
13559,3178519,5964.35
13559,3199894,5964.24
13559,3221134,5964.24
13559,3242504,5964.24
13559,3263744,5964.39
13559,3285024,5964.39
13559,3306372,5964.42
13559,3327771,5964.42
13559,3349260,5964.3
13559,3370642,5964.3
13559,3392003,5964.3
13559,3413382,5964.34
13559,3435028,5964.34
13559,3456796,5964.16
13559,3478735,5964.16
13559,3500167,5964.26
13559,3516929,5964.26
13559,3517137,5964.29
13559,3517432,5964.29
13559,3517770,5964.29
13559,3518058,5965.54
13559,3518275,5965.54
13559,3518582,5965.54
13559,3518852,5965.54
13559,3519219,5965.54
13559,3519514,5965.54
13559,3520190,5965.54
13559,3537720,5965.54
13559,3557671,5965.54
13559,3578425,5964.7
13559,3599409,5964.7
13559,3620330,5964.23
13559,3641604,5964.23
13559,3662943,5964.4
13559,3684385,5964.4
13559,3705715,5964.4
13559,3727217,5964.26
13559,3748813,5964.26
13559,3770286,5964.37
13559,3791865,5964.37
13559,3813557,5964.31
13559,3835203,5964.31
13559,3856849,5964.31
13559,3878312,5964.51
13559,3899953,5964.51
13559,3921499,5964.38
13559,3943226,5964.38
13559,3964837,5964.21
13559,3986407,5964.21
13559,4008322,5964.21
13559,4029984,5964.52
13559,4051747,5964.52
13559,4073664,5964.33
13559,4095396,5964.33
13559,4117065,5964.34
13559,4139059,5964.34
13559,4160713,5964.27
13559,4182820,5964.27
13559,4204593,5964.27
13559,4226477,5964.3
13559,4248509,5964.3
13559,4270261,5964.56
13559,4291921,5964.56
13559,4313454,5964.34
13559,4335142,5964.34
13559,4356819,5964.34
13559,4378531,5964.42
13559,4399792,5964.42
13559,4421622,5964.59
13559,4443312,5964.59
13559,4465214,5964.41
13559,4486817,5964.41
13559,4508856,5964.36
13559,4530348,5964.36
13559,4552132,5964.36
13559,4573954,5964.28
13559,4595777,5964.28
13559,4617791,5964.51
13559,4639561,5964.51
13559,4661342,5964.4
13559,4683465,5964.4
13559,4705089,5964.4
13559,4726973,5964.4
13559,4749037,5964.4
13559,4770828,5964.56
13559,4792750,5964.56
13559,4814635,5964.3
13559,4836069,5964.3
13559,4857910,5964.38
13559,4879904,5964.38
13559,4901690,5964.38
13559,4923692,5964.52
13559,4945713,5964.52
13559,4967814,5964.49
13559,4989627,5964.49
13559,5011639,5964.16
13559,5033532,5964.16
13559,5055029,5964.51
13559,5076429,5964.51
13559,5097913,5964.51
13559,5119562,5964.39
13559,5141178,5964.39
13559,5162715,5964.37
13559,5184308,5964.37
13559,5205689,5964.68
13559,5227410,5964.68
13559,5249159,5964.68
13559,5270587,5964.28
13559,5292079,5964.28
13559,5313503,5964.29
13559,5335242,5964.29
13559,5356923,5964.23
13559,5378480,5964.23
13559,5399938,5964.34
13559,5421257,5964.34
13559,5442783,5964.34
13559,5464234,5964.45
13559,5485624,5964.45
13559,5507242,5964.25
13559,5528884,5964.25
13559,5546044,5964.47
13559,5546313,5964.47
13559,5546545,5964.47
13559,5546900,5965.54
13559,5547189,5965.54
13559,5547468,5965.54
13559,5547761,5965.54
13559,5548052,5965.54
13559,5548285,5965.54
13559,5548568,5965.54
13559,5548855,5965.54
13559,5564469,5965.54
13559,5583945,5965.54
13559,5604286,5965.54
13559,5624953,5964.23
13559,5646137,5964.23
13559,5667481,5964.44
13559,5688496,5964.44
13559,5709838,5964.44
13559,5731147,5964.2
13559,5752524,5964.2
13559,5773947,5964.5
13559,5795279,5964.5
13559,5816755,5964.18
13559,5838372,5964.18
13559,5859765,5964.18
13559,5881308,5964.51
13559,5903164,5964.51
13559,5925181,5964.3
13559,5947236,5964.3
13559,5969094,5964.52
13559,5990903,5964.52
13559,6012462,5964.63
13559,6034376,5964.63
13559,6056386,5964.63
13559,6078260,5964.47
13559,6100133,5964.47
13559,6121675,5964.34
13559,6143235,5964.34
13559,6165293,5964.33
13559,6187335,5964.33
13559,6208816,5964.31
13559,6230466,5964.31
13559,6252101,5964.31
13559,6273486,5964.34
13559,6295099,5964.34
13559,6316738,5964.5
13559,6338481,5964.5
13559,6359985,5964.36
13559,6381523,5964.36
13559,6403020,5964.36
13559,6424506,5964.19
13559,6446025,5964.19
13559,6467864,5964.34
13559,6489405,5964.34
13559,6511029,5964.59
13559,6532700,5964.59
13559,6554161,5964.37
13559,6575878,5964.37
13559,6597680,5964.37
13559,6618799,5964.26
13559,6619103,5964.26
13559,6619384,5964.32
13559,6620430,5964.32
13559,6639382,5965.54
13559,6639644,5965.54
13559,6648175,5965.54
13559,6668653,5965.54
13559,6689768,5965.54
13559,6710882,5964.1
13559,6732000,5964.1
13560,54641,5964.39
13560,76730,5964.37
13560,98397,5964.37
13560,108909,5964.26
13560,109143,5964.26
13560,115407,5965.54
13560,132275,5965.54
13560,153183,5965.54
13560,174443,5964.05
13560,195961,5964.05
13560,217649,5964.28
13560,239562,5964.28
13560,261230,5964.43
13560,282859,5964.43
13560,304543,5964.43
13560,326237,5964.3
13560,348012,5964.3
13560,369635,5964.27
13560,391231,5964.27
13560,413038,5964.29
13560,434793,5964.29
13560,456426,5964.42
13560,478042,5964.42
13560,499552,5964.42
13560,521245,5964.28
13560,542629,5964.28
13560,564325,5964.38
13560,586117,5964.38
13560,607718,5964.46
13560,629451,5964.46
13560,651232,5964.46
13560,673211,5964.22
13560,6762065,5964.21
13560,6783765,5964.21
13560,6805387,5964.31
13560,6826898,5964.31
13560,6848332,5964.37
13560,6869754,5964.37
13560,6891148,5964.24
13560,6912542,5964.24
13560,6934047,5964.24
13560,6955159,5964.31
13560,6976392,5964.31
13560,6997542,5964.25
13560,7018891,5964.25
13560,7040283,5964.21
13560,7061641,5964.21
13560,7083042,5964.21
13560,7104465,5964.33
13560,7125792,5964.33
13560,7147061,5964.24
13560,7168535,5964.24
13560,7190122,5964.27
13560,7211292,5964.27
13560,694902,5964.22
13560,716304,5964.32
13560,737623,5964.32
13560,758880,5964.27
13560,780389,5964.27
13560,801434,5964.3
13560,822881,5964.3
13560,844271,5964.3
13560,865623,5964.31
13560,886903,5964.31
13560,908453,5964.33
13560,930035,5964.33
13560,951535,5964.34
13560,973012,5964.34
13560,994805,5964.34
13560,7427103,5964.34
13560,7448764,5964.21
13560,7470260,5964.21
13560,7491961,5964.3
13560,7513833,5964.3
13560,7535648,5964.26
13560,7557355,5964.26
13560,7579302,5964.27
13560,7601039,5964.27
13560,7622693,5964.27
13560,7644319,5964.27
13560,7665968,5964.27
13560,7687824,5964.32
13560,7709792,5964.32
13560,7731602,5964.23
13560,7753364,5964.23
13560,7774897,5964.23
13560,7796641,5964.38
13560,7818164,5964.38
13560,7839648,5964.31
13560,7861064,5964.31
13560,7882752,5964.26
13560,7904297,5964.26
13560,7926038,5964.14
13560,7947821,5964.14
13560,7969566,5964.14
13560,7991457,5964.24
13560,8013031,5964.24
13560,8034979,5964.31
13560,8056723,5964.31
13560,8078625,5964.35
13560,8100359,5964.35
13560,8122264,5964.35
13560,8144267,5964.26
13560,8166096,5964.26
13560,8187920,5964.24
13560,8209649,5964.24
13560,8231194,5964.34
13560,8252817,5964.34
13560,8273685,5964.34
13560,8273892,5964.34
13560,8274223,5964.34
13560,8274526,5965.54
13560,8274820,5965.54
13560,8275111,5965.54
13560,8275343,5965.54
13560,8275679,5965.54
13560,8275906,5965.54
13560,8276214,5965.54
13560,8276497,5965.54
13560,8276837,5965.54
13560,8277144,5965.54
13560,8277353,5965.54
13560,8277574,5965.54
13560,8277862,5965.54
13560,8278142,5965.54
13560,8278442,5965.54
13560,8279432,5965.54
13560,8290155,5965.54
13560,8295629,5965.54
13560,1353608,5964.4
13560,1375551,5964.4
13560,1397311,5964.35
13560,1419012,5964.35
13560,1440728,5964.23
13560,1462222,5964.23
13560,1483828,5964.23
13560,1505608,5964.36
13560,1527316,5964.36
13560,1548983,5964.35
13560,1570760,5964.35
13560,1592504,5964.39
13560,1614100,5964.39
13560,1635878,5964.39
13560,1657363,5964.35
13560,1679250,5964.35
13560,1701072,5964.36
13560,1722432,5964.36
13560,1743967,5964.35
13560,1765232,5964.35
13560,1786533,5964.37
13560,1807799,5964.37
13560,2044496,5964.32
13560,2065986,5964.32
13560,2087494,5964.4
13560,2109002,5964.4
13560,2130642,5964.4
13560,2152123,5964.4
13560,2173764,5964.4
13560,2195391,5964.31
13560,2216960,5964.31
13560,2239052,5964.37
13560,2261177,5964.37
13560,2283111,5964.33
13560,2305093,5964.33
13560,2326865,5964.33
13560,2348612,5964.32
13560,2714752,5964.32
13560,2736489,5964.33
13560,2757964,5964.33
13560,2779459,5964.34
13560,2800836,5964.34
13560,2822347,5964.34
13560,2843600,5964.32
13560,2865211,5964.32
13560,2886712,5964.26
13560,2908107,5964.26
13560,2929734,5964.31
13560,2949201,5964.31
13560,2949408,5963.84
13560,2949697,5963.84
13560,2950044,5963.84
13560,2950334,5965.54
13560,2950622,5965.54
13560,2950837,5965.54
13560,2951145,5965.54
13560,2951428,5965.54
13560,2951725,5965.54
13560,2952067,5965.54
13560,2952298,5965.54
13560,2957275,5965.54
13560,2964456,5965.54
13560,2964753,5965.54
13560,2964974,5965.54
13560,2965265,5965.54
13560,2976060,5965.54
13560,2994323,5965.54
13560,3014351,5965.54
13560,3034970,5964.28
13560,3055813,5964.28
13560,3076805,5964.43
13560,3097566,5964.43
13560,3377389,5964.09
13560,3398569,5964.09
13560,3419797,5964.13
13560,3440867,5964.13
13560,3462112,5964.13
13560,3483353,5964.12
13560,3504726,5964.12
13560,3526453,5963.86
13560,3548075,5963.86
13560,3569636,5964.02
13560,3591227,5964.02
13560,3612414,5964.13
13560,3633926,5964.13
13560,3655396,5964.13
13560,3676684,5964.11
13560,3698124,5964.11
13560,3719638,5964.16
13560,3741156,5964.16
13560,3762529,5964.04
13560,3784014,5964.04
13560,3805412,5964.04
13560,3826580,5964.14
13560,3847899,5964.14
13560,3869149,5964.09
13560,3890624,5964.09
13560,3912012,5964.27
13560,4060144,5965.54
13560,4082060,5964.27
13560,4093793,5964.27
13560,4094203,5964.24
13560,4101885,5964.24
13560,4122767,5965.54
13560,4143800,5965.54
13560,4165134,5965.54
13560,4186363,5964.24
13560,4207826,5964.24
13560,4229250,5964.32
13560,4250892,5964.32
13560,4272503,5964.29
13560,4294278,5964.29
13560,4315718,5964.45
13560,4337614,5964.45
13560,4359182,5964.45
13560,4380941,5964.12
13560,4402495,5964.12
13560,4423822,5964.24
13560,4445312,5964.24
13560,4466569,5964.36
13560,4488009,5964.36
13560,4509331,5964.36
13560,4743385,5964.34
13560,4764945,5964.25
13560,4783594,5964.25
13560,4783860,5964.3
13560,4784159,5964.3
13560,4788523,5964.3
13560,4806456,5965.54
13560,4827180,5965.54
13560,4848697,5964.12
13560,4870555,5964.12
13560,4892499,5964.17
13560,4913982,5964.17
13560,4935865,5964.32
13560,4957882,5964.32
13560,4979620,5964.32
13560,5001277,5964.23
13560,5023208,5964.23
13560,5045121,5964.3
13560,5066868,5964.3
13560,5088779,5964.33
13560,5110713,5964.33
13560,5132714,5964.28
13560,5154611,5964.28
13560,5176483,5964.28
13560,5412913,5964.29
13560,5434365,5964.26
13560,5455590,5964.26
13560,5477081,5964.26
13560,5498546,5964.33
13560,5519652,5964.33
13560,5541292,5964.17
13560,5562940,5964.17
13560,5584659,5964.27
13560,5606056,5964.27
13560,5627842,5964.35
13560,5649540,5964.35
13560,5671231,5964.35
13560,5692973,5964.28
13560,5714600,5964.28
13560,6083774,5964.22
13560,6105507,5964.22
13560,6127419,5964.27
13560,6149551,5964.27
13560,6171817,5964.27
13560,6194115,5964.24
13560,6216391,5964.24
13560,6238495,5964.28
13560,6246837,5964.28
13560,6247058,5964.33
13560,6250441,5964.33
13560,6267215,5965.54
13560,6288348,5965.54
13560,6309856,5965.54
13560,6331494,5964.3
13560,6352874,5964.3
13560,6374241,5964.22
13560,6395868,5964.22
13560,6417535,5964.36
13560,6439279,5964.36
13560,6461047,5964.36
13560,6482753,5964.18
13560,6504676,5964.18
13560,6526442,5964.34
13560,6548210,5964.34
13560,6569839,5964.31
13560,6591706,5964.31
13560,6613467,5964.27
13560,6635112,5964.27
13560,6656615,5964.27
13561,49255,5964.28
13561,70949,5964.3
13561,92525,5964.3
13561,114026,5964.3
13561,135717,5964.39
13561,157304,5964.39
13561,179195,5964.32
13561,200689,5964.32
13561,222158,5964.33
13561,244090,5964.33
13561,265825,5964.33
13561,287725,5964.36
13561,309486,5964.36
13561,331170,5964.32
13561,335730,5964.32
13561,336026,5964.32
13561,339056,5964.32
13561,355182,5964.32
13561,376625,5965.54
13561,397681,5965.54
13561,418943,5964.27
13561,440733,5964.27
13561,462532,5964.38
13561,484424,5964.38
13561,506094,5964.26
13561,528099,5964.26
13561,549988,5964.26
13561,571634,5964.3
13561,593361,5964.3
13561,615152,5964.31
13561,636768,5964.31
13561,658536,5964.24
13561,6758214,5964.38
13561,6779972,5964.24
13561,6801477,5964.24
13561,6823257,5964.24
13561,6844887,5964.25
13561,6866813,5964.25
13561,6888295,5964.21
13561,6910140,5964.21
13561,6931791,5964.33
13561,6953334,5964.33
13561,6974910,5964.27
13561,6996671,5964.27
13561,7018445,5964.27
13561,7040058,5964.35
13561,7061691,5964.35
13561,7083165,5964.29
13561,7104761,5964.29
13561,7126354,5964.27
13561,7148094,5964.27
13561,7169851,5964.27
13561,7191347,5964.28
13561,7212607,5964.28
13561,7234168,5964.23
13561,7256505,5964.23
13561,7278703,5964.31
13561,7300814,5964.31
13561,7322586,5964.34
13561,7344726,5964.34
13561,7366863,5964.34
13561,7388964,5964.14
13561,7411142,5964.14
13561,679795,5964.24
13561,701311,5964.24
13561,722284,5964.28
13561,743510,5964.28
13561,764784,5964.31
13561,785678,5964.31
13561,806985,5964.34
13561,828272,5964.34
13561,849521,5964.34
13561,870811,5964.38
13561,892010,5964.38
13561,913489,5964.38
13561,934775,5964.38
13561,956099,5964.38
13561,977551,5964.38
13561,998888,5964.38
13561,1020246,5964.35
13561,1041525,5964.35
13561,1063015,5964.22
13561,7432893,5964.31
13561,7454541,5964.31
13561,7476171,5964.25
13561,7498171,5964.25
13561,7519849,5964.23
13561,7541598,5964.23
13561,7563431,5964.23
13561,7585087,5964.26
13561,7606537,5964.26
13561,7628109,5964.26
13561,7649212,5964.26
13561,7670223,5964.27
13561,7691580,5964.27
13561,7712924,5964.27
13561,7734113,5964.28
13561,7755348,5964.28
13561,7776578,5964.28
13561,7797831,5964.28
13561,8103754,5964.27
13561,8125766,5964.25
13561,8147497,5964.25
13561,8169333,5964.26
13561,8191168,5964.26
13561,8213108,5964.36
13561,8234836,5964.36
13561,8256203,5964.36
13561,8277724,5964.25
13561,8299252,5964.25
13561,8321029,5964.31
13561,8342351,5964.31
13561,8363844,5964.26
13561,8385026,5964.26
13561,8406716,5964.26
13561,8428227,5964.29
13561,8449621,5964.29
13561,8471247,5964.28
13561,8492988,5964.28
13561,8514617,5964.18
13561,8536138,5964.18
13561,8557634,5964.24
13561,8579159,5964.24
13561,8600632,5964.24
13561,8621948,5964.31
13561,8643388,5964.31
13561,8647281,5964.32
13561,1365108,5964.24
13561,1386982,5964.24
13561,1408985,5964.32
13561,1430675,5964.32
13561,1452586,5964.23
13561,1474286,5964.23
13561,1495791,5964.23
13561,1517481,5964.33
13561,1539541,5964.33
13561,1561329,5964.33
13561,1583285,5964.33
13561,1605234,5964.26
13561,1627503,5964.26
13561,1649365,5964.26
13561,1671228,5964.31
13561,2038081,5964.19
13561,2059762,5964.18
13561,2081402,5964.18
13561,2103489,5964.2
13561,2125286,5964.2
13561,2146678,5964.2
13561,2168060,5964.3
13561,2189495,5964.3
13561,2210794,5964.29
13561,2232060,5964.29
13561,2253437,5964.24
13561,2274937,5964.24
13561,2296438,5964.27
13561,2317598,5964.27
13561,2338599,5964.27
13561,2345009,5964.2
13561,2345346,5964.2
13561,2345644,5965.54
13561,2350284,5965.54
13561,2362969,5965.54
13561,2363216,5965.54
13561,2363505,5965.54
13561,2363783,5965.54
13561,2371578,5965.54
13561,2390927,5965.54
13561,2411934,5965.54
13561,2413374,5964.03
13561,2413586,5964.03
13561,2413949,5965.54
13561,2414235,5965.54
13561,2414529,5965.54
13561,2414760,5965.54
13561,2415065,5965.54
13561,2415313,5965.54
13561,2415546,5965.54
13561,2415897,5965.54
13561,2416189,5965.54
13561,2416408,5965.54
13561,2416698,5965.54
13561,2417030,5965.54
13561,2417274,5965.54
13561,2418258,5965.54
13561,2421796,5965.54
13561,2422150,5965.54
13561,2422428,5965.54
13561,2422651,5965.54
13561,2422994,5965.54
13561,2423304,5965.54
13561,2423595,5965.54
13561,2426681,5965.54
13561,2442070,5965.54
13561,2461514,5964.19
13561,2482129,5964.19
13561,2713937,5964.23
13561,2735164,5964.23
13561,2756431,5964.25
13561,2777796,5964.25
13561,2799159,5964.25
13561,2820606,5964.26
13561,2842068,5964.26
13561,2863701,5964.17
13561,2884944,5964.17
13561,2906297,5964.18
13561,2927568,5964.18
13561,2948687,5964.37
13561,2970061,5964.37
13561,2991563,5964.37
13561,3012571,5964.23
13561,3033920,5964.23
13561,3055273,5964.26
13561,3076615,5964.26
13561,3098049,5964.28
13561,3119801,5964.28
13561,3141055,5964.28
13561,3162433,5964.19
13561,3183585,5964.19
13561,3205070,5964.24
13561,3226314,5964.24
13561,3247568,5964.26
13561,3268891,5964.26
13561,3290188,5964.26
13561,3311338,5964.27
13561,3332432,5964.27
13561,3353797,5964.25
13561,3375063,5964.25
13561,3396547,5964.29
13561,3417912,5964.29
13561,3439445,5964.16
13561,3460540,5964.16
13561,3482062,5964.16
13561,3503302,5964.22
13561,3524682,5964.22
13561,3546299,5964.34
13561,3567674,5964.34
13561,3588925,5964.24
13561,3610302,5964.24
13561,3631560,5964.27
13561,3645773,5964.27
13561,3645953,5964.27
13561,3646255,5965.54
13561,3646544,5965.54
13561,3646898,5965.54
13561,3647179,5965.54
13561,3647415,5965.54
13561,3647758,5965.54
13561,3648063,5965.54
13561,3648355,5965.54
13561,3655863,5965.54
13561,3674549,5965.54
13561,3694627,5965.54
13561,3715207,5964.2
13561,3736254,5964.2
13561,3757886,5964.2
13561,3779583,5964.36
13561,3801517,5964.36
13561,3823283,5964.36
13561,3844949,5964.36
13561,4060902,5964.33
13561,4082244,5964.33
13561,4103604,5964.33
13561,4125129,5964.32
13561,4146861,5964.32
13561,4168615,5964.23
13561,4190519,5964.23
13561,4212157,5964.35
13561,4233916,5964.35
13561,4234626,5964.35
13561,4234847,5964.19
13561,4235150,5964.19
13561,4235499,5965.54
13561,4235800,5965.54
13561,4236083,5965.54
13561,4236323,5965.54
13561,4236552,5965.54
13561,4238872,5965.54
13561,4252454,5965.54
13561,4271921,5965.54
13561,4292208,5965.54
13561,4312876,5964.26
13561,4334111,5964.26
13561,4355323,5964.35
13561,4376889,5964.35
13561,4398370,5964.35
13561,4419990,5964.31
13561,4441496,5964.31
13561,4463071,5964.39
13561,4484889,5964.39
13561,4506271,5964.35
13561,4527924,5964.35
13561,4549668,5964.33
13561,4571166,5964.33
13561,4592556,5964.33
13561,4613864,5964.33
13561,4635417,5964.33
13561,4723234,5964.33
13561,4745403,5964.33
13561,4767645,5964.34
13561,4789737,5964.34
13561,4811943,5964.27
13561,4834063,5964.27
13561,4856114,5964.32
13561,4877732,5964.32
13561,4899324,5964.32
13561,4920619,5964.28
13561,4941866,5964.28
13561,4963254,5964.33
13561,4984732,5964.33
13561,5005876,5964.21
13561,5027426,5964.21
13561,5048835,5964.21
13561,5070105,5964.34
13561,5091365,5964.34
13561,5112621,5964.21
13561,5412529,5964.41
13561,5434092,5964.41
13561,5455655,5964.25
13561,5477027,5964.25
13561,5498916,5964.24
13561,5520597,5964.24
13561,5541959,5964.28
13561,5563565,5964.28
13561,5585312,5964.28
13561,5606691,5964.32
13561,5628157,5964.32
13561,5649800,5964.2
13561,5671411,5964.2
13561,5683428,5964.34
13561,5683774,5964.34
13561,5684077,5965.54
13561,5684297,5965.54
13561,5684587,5965.54
13561,5684932,5965.54
13561,5691709,5965.54
13561,5711251,5965.54
13561,5732073,5965.54
13561,5753673,5964.31
13561,5775288,5964.31
13561,5796694,5964.31
13561,5818215,5964.29
13561,5839818,5964.29
13561,5861527,5964.35
13561,6074129,5964.27
13561,6095506,5964.31
13561,6116901,5964.31
13561,6138314,5964.31
13561,6159736,5964.2
13561,6180855,5964.2
13561,6202322,5964.31
13561,6223591,5964.31
13561,6244930,5964.09
13561,6265953,5964.09
13561,6287014,5964.28
13561,6308035,5964.28
13561,6329288,5964.28
13561,6350395,5964.21
13561,6371646,5964.21
13561,6392898,5964.23
13561,6414406,5964.23
13561,6435658,5964.3
13561,6457149,5964.3
13561,6478680,5964.3
13561,6500029,5964.22
13561,6521409,5964.22
13562,51314,5964.22
13562,72944,5964.22
13562,94134,5964.22
13562,115572,5964.13
13562,136917,5964.13
13562,158562,5964.34
13562,180120,5964.34
13562,201569,5964.19
13562,222970,5964.19
13562,244433,5964.19
13562,265944,5964.2
13562,287232,5964.2
13562,308533,5964.37
13562,329705,5964.37
13562,351094,5964.25
13562,372591,5964.25
13562,393980,5964.29
13562,415458,5964.29
13562,437089,5964.29
13562,458615,5964.17
13562,480235,5964.17
13562,501856,5964.23
13562,523105,5964.23
13562,544805,5964.29
13562,566173,5964.29
13562,587772,5964.19
13562,609377,5964.19
13562,630733,5964.19
13562,652018,5964.2
13562,6731831,5964.25
13562,6752802,5964.19
13562,6753003,5964.19
13562,6753357,5965.54
13562,6753644,5965.54
13562,6759971,5965.54
13562,6764365,5965.54
13562,6764700,5965.54
13562,6767646,5965.54
13562,6769875,5965.54
13562,6770188,5964.15
13562,6770476,5964.15
13562,6770754,5965.54
13562,6776215,5965.54
13562,6783890,5965.54
13562,6801027,5964.24
13562,6807536,5964.24
13562,6807758,5964.12
13562,6807984,5964.12
13562,6813232,5965.54
13562,6813478,5965.54
13562,6813962,5965.54
13562,6821125,5965.54
13562,6838758,5965.54
13562,6858356,5963.92
13562,6878406,5963.92
13562,6898960,5964.16
13562,6919679,5964.16
13562,6940544,5964.16
13562,6961646,5964.32
13562,6982906,5964.32
13562,7004170,5964.2
13562,7025408,5964.2
13562,7046769,5964.19
13562,7068168,5964.19
13562,7089700,5964.16
13562,7111171,5964.16
13562,7132801,5964.16
13562,7154301,5964.2
13562,7175987,5964.2
13562,7197316,5964.27
13562,7218814,5964.27
13562,7240465,5964.11
13562,7261691,5964.11
13562,7283200,5964.11
13562,7304839,5964.18
13562,7326212,5964.18
13562,7347834,5964.17
13562,7369348,5964.17
13562,7390973,5964.17
13562,673308,5964.2
13562,695161,5964.14
13562,716652,5964.14
13562,738367,5964.23
13562,744555,5964.23
13562,744900,5964.23
13562,749978,5965.54
13562,767555,5965.54
13562,786967,5964.17
13562,787179,5964.17
13562,787530,5965.54
13562,791756,5965.54
13562,794383,5965.54
13562,794674,5965.54
13562,805367,5965.54
13562,825360,5965.54
13562,846199,5965.54
13562,867457,5964.32
13562,888892,5964.32
13562,910061,5964.18
13562,931166,5964.18
13562,952202,5964.18
13562,973684,5964.19
13562,995286,5964.19
13562,1016831,5964.23
13562,1038445,5964.23
13562,1060096,5964.31
13562,1081717,5964.31
13562,1103240,5964.21
13562,1124814,5964.21
13562,1146088,5964.21
13562,1167602,5964.26
13562,1189344,5964.26
13562,1210845,5964.3
13562,1224347,5964.3
13562,1224670,5964.17
13562,1224905,5964.17
13562,1232459,5964.17
13562,1251417,5965.54
13562,1272094,5965.54
13562,1293124,5964.13
13562,1314039,5964.13
13562,1335243,5964.26
13562,7412732,5964.17
13562,7434512,5964.17
13562,7456122,5964.17
13562,7477757,5964.17
13562,7499263,5964.16
13562,7521021,5964.16
13562,7542622,5964.08
13562,7564148,5964.08
13562,7585529,5964.08
13562,7606921,5964.22
13562,7628028,5964.22
13562,7649523,5964.15
13562,7671054,5964.15
13562,7692558,5964.2
13562,7713936,5964.2
13562,7735609,5964.19
13562,7756919,5964.19
13562,7778380,5964.19
13562,7799807,5964.1
13562,7821301,5964.1
13562,7842441,5964.1
13562,7863934,5964.1
13562,7885572,5964.18
13562,7907173,5964.18
13562,7928696,5964.18
13562,7949952,5964.2
13562,7970923,5964.2
13562,7991939,5964.29
13562,8012938,5964.29
13562,8033919,5964.22
13562,8055066,5964.22
13562,8065933,5964.06
13562,8066217,5964.06
13562,8068470,5964.06
13562,8068534,5965.54
13562,1356881,5964.26
13562,1378507,5964.31
13562,1400256,5964.31
13562,1421891,5964.31
13562,1443655,5964.33
13562,1465163,5964.33
13562,1487054,5964.25
13562,1508434,5964.25
13562,1530207,5964.37
13562,1552005,5964.37
13562,1573831,5964.37
13562,1595597,5964.29
13562,1617408,5964.29
13562,1639375,5964.18
13562,1661084,5964.18
13562,1682714,5964.28
13562,1704362,5964.28
13562,1725715,5964.27
13562,1747525,5964.27
13562,1769158,5964.27
13562,1780295,5964.25
13562,1780515,5964.25
13562,1780853,5965.54
13562,1786168,5965.54
13562,1804921,5965.54
13562,1826129,5965.54
13562,1826431,5965.54
13562,1826666,5964.28
13562,1828743,5964.28
13562,1841917,5965.54
13562,1862465,5965.54
13562,1883404,5964.11
13562,1904563,5964.11
13562,1925845,5964.16
13562,1947392,5964.16
13562,1968886,5964.16
13562,1983832,5964.12
13562,1984071,5964.12
13562,1984350,5965.54
13562,1987642,5965.54
13562,2001950,5965.54
13562,2023019,5965.54
13562,2043705,5965.54
13562,2064420,5964.15
13562,2085680,5964.15
13562,2106535,5964.27
13562,2127670,5964.27
13562,2148917,5964.21
13562,2170136,5964.21
13562,2191240,5964.35
13562,2212478,5964.35
13562,2233645,5964.35
13562,2255127,5964.28
13562,2276321,5964.28
13562,2297657,5964.2
13562,2318786,5964.2
13562,2340038,5964.27
13562,2361502,5964.27
13562,2382733,5964.27
13562,2404021,5964.39
13562,2425155,5964.39
13562,2446365,5964.18
13562,2467816,5964.18
13562,2489081,5964.23
13562,2510289,5964.23
13562,2531637,5964.32
13562,2553003,5964.32
13562,2574358,5964.32
13562,2595899,5964.29
13562,2617160,5964.29
13562,2638235,5964.26
13562,2659639,5964.26
13562,2681006,5964.19
13562,2702365,5964.19
13562,2723766,5964.27
13562,2745122,5964.27
13562,2766549,5964.27
13562,2788272,5964.29
13562,2809637,5964.29
13562,2830890,5964.17
13562,2852279,5964.17
13562,2873650,5964.23
13562,2895279,5964.23
13562,2916792,5964.23
13562,2938662,5964.16
13562,2960233,5964.16
13562,2981913,5964.3
13562,3003555,5964.3
13562,3024944,5964.23
13562,3046306,5964.23
13562,3067906,5964.24
13562,3089372,5964.24
13562,3110828,5964.24
13562,3132075,5964.23
13562,3153713,5964.23
13562,3175108,5964.18
13562,3196590,5964.18
13562,3217951,5964.21
13562,3239326,5964.21
13562,3260666,5964.21
13562,3281786,5964.14
13562,3303126,5964.14
13562,3324376,5964.22
13562,3345496,5964.22
13562,3366951,5964.28
13562,3388578,5964.28
13562,3409850,5964.1
13562,3431208,5964.1
13562,3452841,5964.1
13562,3474209,5964.26
13562,3495654,5964.26
13562,3516923,5964.14
13562,3538471,5964.14
13562,3559730,5964.18
13562,3581235,5964.18
13562,3602587,5964.18
13562,3623733,5964.28
13562,3645360,5964.28
13562,3666868,5964.2
13562,3687996,5964.2
13562,3709452,5964.22
13562,3730974,5964.22
13562,3752234,5964.19
13562,3773627,5964.19
13562,3794974,5964.19
13562,3816397,5964.28
13562,3837743,5964.28
13562,3859131,5964.23
13562,3880390,5964.23
13562,3901794,5964.14
13562,3923404,5964.14
13562,3945145,5964.24
13562,3966333,5964.24
13562,3987625,5964.24
13562,4008835,5964.25
13562,4030109,5964.25
13562,4051579,5964.2
13562,4072852,5964.2
13562,4094378,5964.2
13562,4115748,5964.2
13562,4137044,5964.2
13562,4158506,5964.27
13562,4180009,5964.27
13562,4201515,5964.16
13562,4219119,5964.16
13562,4219382,5964.29
13562,4222583,5964.29
13562,4238411,5964.29
13562,4259969,5965.54
13562,4281524,5965.54
13562,4303163,5964.12
13562,4324539,5964.12
13562,4346554,5964.3
13562,4368222,5964.3
13562,4378155,5964.19
13562,4378499,5964.19
13562,4382259,5964.19
13562,4400007,5965.54
13562,4420883,5965.54
13562,4442388,5964.08
13562,4463947,5964.08
13562,4486040,5964.15
13562,4508050,5964.15
13562,4529950,5964.15
13562,4551621,5964.2
13562,4573647,5964.2
13562,4595568,5964.26
13562,4617622,5964.26
13562,4639894,5964.26
13562,4661639,5964.26
13562,4683289,5964.3
13562,4705043,5964.3
13562,4725009,5964.3
13562,4725329,5964.22
13562,4725620,5964.22
13562,4725836,5965.54
13562,4726147,5965.54
13562,4726486,5965.54
13562,4726778,5965.54
13562,4727078,5965.54
13562,4727293,5965.54
13562,4727586,5965.54
13562,4727872,5965.54
13562,4728164,5965.54
13562,4728458,5965.54
13562,4729616,5965.54
13562,4742039,5965.54
13562,4761378,5965.54
13562,4781834,5965.54
13562,4803094,5964.22
13562,4824487,5964.22
13562,4846115,5964.12
13562,4867821,5964.12
13562,4889402,5964.24
13562,4911135,5964.24
13562,4932386,5964.24
13562,4953558,5964.27
13562,4974558,5964.27
13562,4995406,5964.42
13562,5016362,5964.42
13562,5037326,5964.29
13562,5058455,5964.29
13562,5079572,5964.29
13562,5100840,5964.31
13562,5122063,5964.31
13562,5143082,5964.24
13562,5164180,5964.24
13562,5185295,5964.25
13562,5206305,5964.25
13562,5227542,5964.23
13562,5248802,5964.23
13562,5269908,5964.23
13562,5291362,5964.36
13562,5312279,5964.36
13562,5333485,5964.13
13562,5354537,5964.13
13562,5375823,5964.28
13562,5397406,5964.28
13562,5418901,5964.3
13562,5440684,5964.3
13562,5462477,5964.3
13562,5484438,5964.24
13562,5506330,5964.24
13562,5528357,5964.2
13562,5550239,5964.2
13562,5571864,5964.23
13562,5593514,5964.23
13562,5615000,5964.23
13562,5636628,5964.3
13562,5658145,5964.3
13562,5679773,5964.3
13562,5701419,5964.3
13562,5722801,5964.29
13562,5743794,5964.29
13562,5764953,5964.16
13562,5786141,5964.16
13562,5807184,5964.16
13562,5828256,5964.28
13562,5849259,5964.28
13562,5870632,5964.25
13562,5891858,5964.25
13562,5912688,5964.04
13562,5933721,5964.04
13562,5954862,5964.26
13562,5975830,5964.26
13562,5996747,5964.26
13562,6018153,5964.31
13562,6039446,5964.31
13562,6060820,5964.21
13562,6082322,5964.21
13562,6103687,5964.21
13562,6125099,5964.21
13562,6146464,5964.21
13562,6167966,5964.19
13562,6189206,5964.19
13562,6210965,5964.23
13562,6232861,5964.23
13562,6254755,5964.26
13562,6276395,5964.26
13562,6298126,5964.16
13562,6320093,5964.16
13562,6342025,5964.16
13562,6363918,5964.23
13562,6385933,5964.23
13562,6407587,5964.17
13562,6429351,5964.17
13562,6451012,5964.27
13562,6472723,5964.27
13562,6493887,5964.27
13562,6515472,5964.11
13562,6536998,5964.11
13562,6558495,5964.21
13562,6579993,5964.21
13562,6601506,5964.25
13562,6623228,5964.25
13562,6644748,5964.11
13562,6666403,5964.11
13562,6688301,5964.11
13562,6710035,5964.25
13563,47496,5964.3
13563,68958,5964.14
13563,90076,5964.14
13563,110837,5964.17
13563,131694,5964.17
13563,152674,5964.24
13563,173444,5964.24
13563,194537,5964.24
13563,215367,5964.22
13563,236384,5964.22
13563,257252,5964.15
13563,277941,5964.15
13563,298605,5964.26
13563,319465,5964.26
13563,6711129,5964.23
13563,6732336,5964.23
13563,6753581,5964.19
13563,6774963,5964.19
13563,6796365,5964.19
13563,6817883,5964.2
13563,6839358,5964.2
13563,6860706,5964.16
13563,6881857,5964.16
13563,6903255,5964.23
13563,6924889,5964.23
13563,6946450,5964.17
13563,6967887,5964.17
13563,6989294,5964.17
13563,7010896,5964.26
13563,7032005,5964.26
13563,7053261,5964.29
13563,7074713,5964.29
13563,7082321,5964.17
13563,7082554,5964.17
13563,7082907,5964.17
13563,7090533,5965.54
13563,7109725,5965.54
13563,7131092,5964.3
13563,7153003,5964.3
13563,7174368,5964.38
13563,7195739,5964.38
13563,7216969,5964.38
13563,7237847,5964.02
13563,7258960,5964.02
13563,7280098,5964.16
13563,7301049,5964.16
13563,7321952,5964.06
13563,7342806,5964.06
13563,7363434,5964.03
13563,678701,5964.13
13563,700146,5964.13
13563,721909,5964.13
13563,743662,5964.23
13563,765434,5964.23
13563,787056,5964.13
13563,808735,5964.13
13563,830406,5964.19
13563,851822,5964.19
13563,873426,5964.19
13563,894455,5964.24
13563,916059,5964.24
13563,937321,5964.23
13563,958579,5964.23
13563,980218,5964.16
13563,1001460,5964.16
13563,1022586,5964.16
13563,1043815,5964.02
13563,1064700,5964.02
13563,1085944,5964.17
13563,1107318,5964.17
13563,1128714,5964.32
13563,1149791,5964.32
13563,1171074,5964.13
13563,1192560,5964.13
13563,1213944,5964.13
13563,1235035,5964.28
13563,1255968,5964.28
13563,7384066,5964.03
13563,7404504,5964.03
13563,7425026,5964.21
13563,7445900,5964.21
13563,7466616,5964.11
13563,7487395,5964.11
13563,7507954,5964.27
13563,7528776,5964.27
13563,7531444,5964.27
13563,7531671,5964.23
13563,7532008,5964.23
13563,7543885,5965.54
13563,7564109,5965.54
13563,7584707,5964.09
13563,7605608,5964.09
13563,7606692,5964.09
13563,7606996,5964.13
13563,7607225,5964.13
13563,7615133,5965.54
13563,7635439,5965.54
13563,7656070,5963.86
13563,7677431,5963.86
13563,7697987,5964.1
13563,7718784,5964.1
13563,7739465,5964.1
13563,7760381,5964.33
13563,7781366,5964.33
13563,7802362,5964.16
13563,7823269,5964.16
13563,7844335,5964.34
13563,7865332,5964.34
13563,7886066,5964.09
13563,7907207,5964.09
13563,7928122,5964.09
13563,7949133,5964.29
13563,7969894,5964.29
13563,8053992,5964.16
13563,8074743,5964.16
13563,8095467,5964.11
13563,8116476,5964.11
13563,8137071,5964.27
13563,8157578,5964.27
13563,8178174,5964.17
13563,8198531,5964.17
13563,8219070,5964.17
13563,8239628,5964.22
13563,8260092,5964.22
13563,8268561,5964.18
13563,1361941,5964.16
13563,1383229,5964.21
13563,1404230,5964.21
13563,1425128,5964.17
13563,1446504,5964.17
13563,1467742,5964.11
13563,1483903,5964.11
13563,1484243,5964.17
13563,1484529,5964.17
13563,1484819,5964.17
13563,1489271,5965.54
13563,1507414,5965.54
13563,1527781,5964.62
13563,1548737,5964.62
13563,1569601,5964.09
13563,1590575,5964.09
13563,1612005,5964.29
13563,2017119,5964.2
13563,2038481,5964.2
13563,2059873,5964.16
13563,2081054,5964.16
13563,2102483,5964.28
13563,2123872,5964.28
13563,2145359,5964.28
13563,2166499,5964.4
13563,2187629,5964.4
13563,2208728,5964.18
13563,2229739,5964.18
13563,2250729,5964.28
13563,2271851,5964.28
13563,2292708,5964.2
13563,2313697,5964.2
13563,2334840,5964.2
13563,2355878,5964.11
13563,2376980,5964.11
13563,2398318,5964.19
13563,2419083,5964.19
13563,2440041,5964.3
13563,2461025,5964.3
13563,2482193,5964.3
13563,2692318,5964.26
13563,2713259,5964.26
13563,2734419,5964.3
13563,2755328,5964.3
13563,2776569,5964.21
13563,2797417,5964.21
13563,2818406,5964.21
13563,2839529,5964.2
13563,2860525,5964.2
13563,2881624,5964.35
13563,2902623,5964.35
13563,2923660,5964.16
13563,2944609,5964.16
13563,2965611,5964.22
13563,2986754,5964.22
13563,3007832,5964.22
13563,3368681,5964.24
13563,3390185,5964.24
13563,3412024,5964.18
13563,3433807,5964.18
13563,3455184,5964.19
13563,3476719,5964.19
13563,3497802,5964.19
13563,3518701,5964.26
13563,3539714,5964.26
13563,3560815,5964.09
13563,3581778,5964.09
13563,3602900,5964.3
13563,3624012,5964.3
13563,3644976,5964.06
13563,3666007,5964.06
13563,3687098,5964.06
13563,3708008,5964.22
13563,3729033,5964.22
13563,3750499,5964.17
13563,3771402,5964.17
13563,3792347,5964.1
13563,3813381,5964.1
13563,4045269,5964.16
13563,4066527,5964.16
13563,4087919,5964.13
13563,4109016,5964.13
13563,4130597,5964.17
13563,4151873,5964.17
13563,4173071,5964.17
13563,4194170,5964.27
13563,4215551,5964.27
13563,4236893,5964.24
13563,4258459,5964.24
13563,4280026,5964.22
13563,4301147,5964.22
13563,4322264,5964.27
13563,4343459,5964.27
13563,4364921,5964.27
13563,4386030,5964.08
13563,4389145,5964.08
13563,4389440,5964.16
13563,4391074,5964.16
13563,4403590,5965.54
13563,4423594,5965.54
13563,4717605,5964.24
13563,4738717,5964.2
13563,4760089,5964.2
13563,4781223,5964.22
13563,4802339,5964.22
13563,4823463,5964.22
13563,4844698,5964.22
13563,4846301,5964.22
13563,4846654,5964.14
13563,4846932,5964.14
13563,4847225,5965.54
13563,4850514,5965.54
13563,4866189,5965.54
13563,4885991,5965.54
13563,4906190,5965.54
13563,4927149,5964.26
13563,4947691,5964.26
13563,4968544,5964.23
13563,4989599,5964.23
13563,5010566,5964.22
13563,5031115,5964.22
13563,5391168,5964.26
13563,5412061,5964.24
13563,5433154,5964.24
13563,5454014,5964.2
13563,5474767,5964.2
13563,5495620,5964.3
13563,5516502,5964.3
13563,5537482,5964.3
13563,5558473,5964.26
13563,5579355,5964.26
13563,5600219,5964.19
13563,5621223,5964.19
13563,5642323,5964.23
13563,5663836,5964.23
13563,5685342,5964.18
13563,5706798,5964.18
13563,5728212,5964.18
13563,5749583,5964.35
13563,5771088,5964.35
13563,5792476,5964.21
13563,5814106,5964.21
13563,5835885,5964.26
13563,5857635,5964.26
13563,5879366,5964.19
13563,5900813,5964.19
13563,5922378,5964.19
13563,5943892,5964.14
13563,5965524,5964.14
13563,5986893,5964.26
13563,6008920,5964.26
13563,6030203,5964.2
13563,6051792,5964.2
13563,6073543,5964.17
13563,6094853,5964.17
13563,6116570,5964.17
13563,6138151,5964.2
13563,6159686,5964.2
13563,6181149,5964.18
13563,6202718,5964.18
13563,6224445,5964.17
13563,6245977,5964.17
13563,6267720,5964.17
13563,6289238,5964.2
13563,6310603,5964.2
13563,6332191,5964.08
13563,6353869,5964.08
13563,6375372,5964.21
13563,6396630,5964.21
13563,6417860,5964.31
13563,6438676,5964.31
13563,6459731,5964.31
13563,6480834,5964.14
13563,6501753,5964.14
13563,6522611,5964.09
13563,6543385,5964.09
13563,6564279,5964.3
13563,6585284,5964.3
13563,6606017,5964.3
13563,6626961,5964.08
13563,6648032,5964.08
13563,6669066,5964.21
13563,6690032,5964.21
13564,53356,5964.25
13564,74468,5964.25
13564,95602,5964.25
13564,117289,5964.2
13564,154519,5964.2
13564,175542,5964.2
13564,196657,5964.17
13564,217963,5964.17
13564,244468,5963.99
13564,265584,5963.99
13564,286955,5964.06
13564,308366,5964.06
13564,329754,5964.06
13564,351336,5964.28
13564,377019,5964.28
13564,398302,5964.24
13564,419577,5964.24
13564,440567,5964.24
13564,461795,5964.18
13564,6707080,5963.94
13564,6727740,5963.98
13564,6748820,5963.98
13564,6769934,5963.98
13564,6791314,5963.99
13564,6812665,5963.99
13564,6833440,5964.01
13564,6854032,5964.01
13564,6874774,5964.03
13564,6895370,5964.03
13564,672382,5964.1
13564,693163,5964.16
13564,714005,5964.16
13564,735072,5964.18
13564,756195,5964.18
13564,777221,5964.18
13564,798573,5964.18
13564,819638,5964.18
13564,840671,5964.34
13564,861164,5964.34
13564,881842,5964
13564,902248,5964
13564,922755,5964.19
13564,943865,5964.19
13564,964857,5964.19
13564,985720,5964.18
13564,7390226,5963.99
13564,7410837,5963.99
13564,7431564,5964.02
13564,7452059,5964.02
13564,7473033,5964.02
13564,7493853,5964.03
13564,7514530,5964.03
13564,7535396,5963.9
13564,7556220,5963.9
13564,7577097,5963.98
13564,7597631,5963.98
13564,7618444,5963.98
13564,7638989,5963.89
13564,7659814,5963.89
13564,7680531,5963.99
13564,7701289,5963.99
13564,7721967,5963.99
13564,7743000,5963.99
13564,7764234,5963.99
13564,8058282,5963.84
13564,8078641,5963.84
13564,8099087,5963.84
13564,8119707,5963.84
13564,8140310,5963.84
13564,8161206,5963.97
13564,8181643,5963.97
13564,8202039,5963.93
13564,8222702,5963.93
13564,8243091,5963.93
13564,8263946,5963.82
13564,8284452,5963.82
13564,8305218,5964.04
13564,1342643,5964.09
13564,1363827,5964.14
13564,1385202,5964.14
13564,1406464,5964.14
13564,1427321,5964.14
13564,1448318,5964.14
13564,1469675,5964.1
13564,1490799,5964.1
13564,1511990,5964.25
13564,1533288,5964.25
13564,1554297,5964.22
13564,1575652,5964.22
13564,1596908,5964.22
13564,1618153,5964.21
13564,1639419,5964.21
13564,1660385,5964.14
13564,1681866,5964.14
13564,1702901,5964.3
13564,1710709,5964.3
13564,1710985,5964.24
13564,1711282,5964.24
13564,1716068,5964.24
13564,1734260,5965.54
13564,1753970,5965.54
13564,1774551,5964.08
13564,1795572,5964.08
13564,2028296,5964.26
13564,2049502,5964.26
13564,2070772,5964.21
13564,2092009,5964.21
13564,2112989,5964.27
13564,2134002,5964.27
13564,2155123,5964.17
13564,2176031,5964.17
13564,2196946,5964.17
13564,2217760,5964.04
13564,2238808,5964.04
13564,2259560,5964.15
13564,2280399,5964.15
13564,2301415,5964.1
13564,2322402,5964.1
13564,2343240,5964.29
13564,2364375,5964.29
13564,2385274,5964.29
13564,2406365,5964.25
13564,2427119,5964.25
13564,2447953,5964.18
13564,2468870,5964.18
13564,2699116,5964.13
13564,2720076,5964.13
13564,2741161,5964.18
13564,2761964,5964.18
13564,2783098,5964.23
13564,2803688,5964.23
13564,2824432,5964.19
13564,2845424,5964.19
13564,2866411,5964.19
13564,2887245,5964.14
13564,2908186,5964.14
13564,2928950,5964.2
13564,2949486,5964.2
13564,2970382,5964.14
13564,2991074,5964.14
13564,3011825,5964.21
13564,3032545,5964.21
13564,3053633,5964.21
13564,3074536,5964.24
13564,3095514,5964.24
13564,3116914,5964.18
13564,3138141,5964.18
13564,3159378,5964.19
13564,3180658,5964.19
13564,3201774,5964.19
13564,3369837,5964.22
13564,3390575,5964.22
13564,3411589,5964.26
13564,3432755,5964.26
13564,3453855,5964.18
13564,3474904,5964.18
13564,3495995,5964.15
13564,3516891,5964.15
13564,3537888,5964.15
13564,3558871,5964.31
13564,3579887,5964.31
13564,3600748,5964.23
13564,3621737,5964.23
13564,3642977,5964.26
13564,3664482,5964.26
13564,3685860,5964.26
13564,3707496,5964.17
13564,3728987,5964.17
13564,3750656,5964.25
13564,3772284,5964.25
13564,3793501,5964.21
13564,3814938,5964.21
13564,3835872,5964.21
13564,3857127,5964.14
13564,3877856,5964.14
13564,3898612,5964.15
13564,3919247,5964.15
13564,3939941,5964.2
13564,3961191,5964.2
13564,3981943,5964.23
13564,4002783,5964.23
13564,4023643,5964.23
13564,4044459,5964.21
13564,4065125,5964.21
13564,4085909,5964.27
13564,4106733,5964.27
13564,4127668,5964.28
13564,4148583,5964.28
13564,4169825,5964.28
13564,4191013,5964.28
13564,4212332,5964.28
13564,4233589,5964.28
13564,4254808,5964.28
13564,4275817,5964.24
13564,4296973,5964.24
13564,4317967,5964.24
13564,4338951,5964.13
13564,4360157,5964.13
13564,4381414,5964.26
13564,4402511,5964.26
13564,4696206,5964.16
13564,4717516,5964.24
13564,4738447,5964.24
13564,4759344,5963.9
13564,4780252,5963.9
13564,4801243,5964.47
13564,4822352,5964.47
13564,4843255,5964.47
13564,4864245,5964.11
13564,4885101,5964.11
13564,4905837,5964.22
13564,4926834,5964.22
13564,4947546,5964.22
13564,4968584,5964.22
13564,4989811,5964.22
13564,5010649,5964.21
13564,5365707,5964.19
13564,5387031,5964.2
13564,5408246,5964.2
13564,5429239,5964.3
13564,5450152,5964.3
13564,5470816,5964.22
13564,5491478,5964.22
13564,5511821,5964.22
13564,5532364,5964.11
13564,5552626,5964.11
13564,5572980,5964.17
13564,5593106,5964.17
13564,5613470,5964.24
13564,5633529,5964.24
13564,5653992,5964.24
13564,5674300,5963.92
13564,5694562,5963.92
13564,5714918,5963.81
13564,5734920,5963.81
13564,5755359,5963.82
13564,6049052,5963.91
13564,6066036,5963.91
13564,6066294,5963.91
13564,6066675,5963.94
13564,6066967,5963.94
13564,6067178,5965.54
13564,6067411,5965.54
13564,6071590,5965.54
13564,6088974,5965.54
13564,6108936,5965.54
13564,6129569,5963.73
13564,6150420,5963.73
13564,6171158,5964.01
13564,6192038,5964.01
13564,6212762,5963.96
13564,6233610,5963.96
13564,6254227,5964.11
13564,6274837,5964.11
13564,6295338,5964.11
13564,6315923,5963.85
13564,6336439,5963.85
13564,6357104,5963.86
13564,6377878,5963.86
13564,6398387,5963.91
13564,6418830,5963.91
13564,6439302,5963.91
13564,6459807,5964.05
13564,6480321,5964.05
13564,6500876,5964.03
13564,6521483,5964.03
13564,6541999,5963.94
13564,6562822,5963.94
13564,6583183,5964
13564,6603680,5964
13564,6624141,5964
13565,3246,5963.95
13565,3580,5963.95
13565,4829,5965.54
13565,16463,5965.54
13565,35410,5965.54
13565,55592,5965.54
13565,75834,5963.94
13565,95960,5963.94
13565,116733,5963.94
13565,137122,5963.75
13565,157526,5963.75
13565,178394,5964.09
13565,198948,5964.09
13565,219882,5963.69
13565,240462,5963.69
13565,261074,5963.85
13565,6731936,5964.38
13565,6752508,5964.38
13565,6772476,5964.17
13565,6793003,5964.17
13565,6813773,5964.26
13565,6834573,5964.26
13565,6855597,5964.26
13565,6876719,5964.24
13565,6897833,5964.24
13565,6918972,5964.14
13565,6939966,5964.14
13565,6960827,5964.29
13565,6982077,5964.29
13565,7002941,5964.29
13565,7023781,5964.25
13565,7044785,5964.25
13565,691080,5963.89
13565,711913,5963.89
13565,732604,5963.89
13565,753480,5964.01
13565,774227,5964.01
13565,795223,5964.02
13565,816090,5964.02
13565,837081,5963.95
13565,857928,5963.95
13565,878699,5963.91
13565,899588,5963.91
13565,920693,5963.91
13565,941314,5964.03
13565,962377,5964.03
13565,972922,5963.85
13565,973172,5963.85
13565,973501,5965.54
13565,973776,5965.54
13565,974012,5965.54
13565,974303,5965.54
13565,976409,5965.54
13565,990009,5965.54
13565,1010102,5965.54
13565,1030032,5964.09
13565,1050020,5964.09
13565,1069615,5964.14
13565,7398431,5964.23
13565,7419669,5964.23
13565,7441057,5964.24
13565,7462536,5964.24
13565,7483333,5964.24
13565,7504218,5964.16
13565,7525034,5964.16
13565,7545727,5964.43
13565,7566760,5964.43
13565,7587512,5964.22
13565,7608251,5964.22
13565,7629242,5964.33
13565,7650232,5964.33
13565,7670974,5964.33
13565,7691568,5964.33
13565,7712179,5964.33
13565,7733035,5964.31
13565,7753923,5964.31
13565,7774925,5964.31
13565,7795646,5964.31
13565,7816460,5964.31
13565,7830871,5964.3
13565,7831169,5964.3
13565,7831403,5965.54
13565,7831686,5965.54
13565,7831767,5965.54
13565,1356582,5964.3
13565,1377438,5964.3
13565,1397887,5964.3
13565,1418699,5964.24
13565,1439339,5964.24
13565,1459888,5964.25
13565,1480800,5964.25
13565,1501408,5964.08
13565,1514969,5964.08
13565,1515294,5964.21
13565,1515517,5964.21
13565,1515821,5964.21
13565,1516111,5965.54
13565,1516456,5965.54
13565,1516745,5965.54
13565,1516958,5965.54
13565,1517264,5965.54
13565,1517551,5965.54
13565,1517883,5965.54
13565,1518329,5965.54
13565,1527269,5965.54
13565,1545833,5965.54
13565,1565344,5965.54
13565,1585258,5964.1
13565,1605095,5964.1
13565,1624991,5964.33
13565,1645151,5964.33
13565,1665018,5964.33
13565,1684735,5964.3
13565,1704552,5964.3
13565,1724740,5964.38
13565,1745248,5964.38
13565,1765093,5964.28
13565,1784562,5964.28
13565,1795321,5964.28
13565,1795672,5964.17
13565,1795961,5964.17
13565,1797962,5965.54
13565,1811290,5965.54
13565,1830999,5964.4
13565,1850966,5964.4
13565,1871427,5964.1
13565,2036798,5963.84
13565,2056664,5963.84
13565,2076488,5964.17
13565,2096354,5964.17
13565,2116320,5964.16
13565,2136528,5964.16
13565,2155976,5964.16
13565,2174383,5964.19
13565,2192204,5964.19
13565,2210617,5964.19
13565,2230417,5964.19
13565,2250582,5964.22
13565,2270408,5964.22
13565,2290312,5964.22
13565,2310084,5964.35
13565,2329948,5964.35
13565,2349752,5964.33
13565,2370270,5964.33
13565,2381905,5964.27
13565,2382204,5964.27
13565,2382551,5965.54
13565,2382772,5965.54
13565,2383064,5965.54
13565,2386534,5965.54
13565,2402397,5965.54
13565,2421073,5964.58
13565,2440159,5964.58
13565,2459480,5964.29
13565,2478160,5964.29
13565,2496719,5964.29
13565,2515420,5964.33
13565,2534361,5964.33
13565,2553319,5964.14
13565,2572435,5964.14
13565,2592293,5964.31
13565,2612614,5964.31
13565,2633485,5964.31
13565,2654317,5964.35
13565,2676386,5964.35
13565,2698582,5964.32
13565,2719932,5964.32
13565,2741711,5964.26
13565,2763361,5964.26
13565,2784876,5964.36
13565,2806226,5964.36
13565,2827610,5964.36
13565,2848607,5964.21
13565,2868806,5964.21
13565,2889311,5964.26
13565,2910180,5964.26
13565,2930779,5964.18
13565,2951268,5964.18
13565,2971644,5964.18
13565,2992093,5964.28
13565,3012232,5964.28
13565,3387085,5964.05
13565,3408372,5964.28
13565,3429473,5964.28
13565,3450289,5964.28
13565,3471422,5964.35
13565,3492183,5964.35
13565,3513277,5964.26
13565,3534036,5964.26
13565,3554772,5964.22
13565,3575388,5964.22
13565,3595369,5964.3
13565,3615555,5964.3
13565,3635664,5964.3
13565,3656286,5964.08
13565,3676879,5964.08
13565,3698073,5964.17
13565,3719127,5964.17
13565,3740249,5964.34
13565,3761356,5964.34
13565,3782634,5964.34
13565,3803732,5964.21
13565,3824881,5964.21
13565,4039925,5964.25
13565,4060781,5964.25
13565,4081914,5964.25
13565,4102881,5964.25
13565,4124017,5964.33
13565,4145375,5964.33
13565,4166705,5964.14
13565,4187746,5964.14
13565,4208821,5964.14
13565,4229885,5964.28
13565,4251245,5964.28
13565,4272233,5964.25
13565,4293287,5964.25
13565,4314561,5964.13
13565,4335459,5964.13
13565,4356450,5964.13
13565,4377474,5964.29
13565,4398229,5964.29
13565,4419185,5964.15
13565,4440075,5964.15
13565,4461178,5964.22
13565,4482140,5964.22
13565,4503460,5964.21
13565,4524403,5964.21
13565,4545127,5964.21
13565,4565730,5964.25
13565,4586609,5964.25
13565,4607471,5964.23
13565,4628407,5964.23
13565,4712527,5964.19
13565,4733368,5964.19
13565,4754412,5964.16
13565,4775543,5964.16
13565,4796525,5964.22
13565,4817174,5964.22
13565,4837958,5964.22
13565,4858420,5964.25
13565,4878724,5964.25
13565,4899060,5964.18
13565,4919514,5964.18
13565,4940134,5964.34
13565,4960481,5964.34
13565,4980956,5964.34
13565,5001455,5964.25
13565,5021966,5964.25
13565,5042270,5964.29
13565,5062641,5964.29
13565,5083120,5964.13
13565,5103599,5964.13
13565,5124591,5964.24
13565,5145700,5964.24
13565,5166816,5964.24
13565,5188066,5964.21
13565,5209303,5964.21
13565,5230479,5964.18
13565,5251492,5964.18
13565,5272028,5964.28
13565,5292382,5964.28
13565,5312986,5964.28
13565,5333483,5964.13
13565,5354081,5964.13
13565,5374426,5964.15
13565,5388954,5964.15
13565,5389276,5964.15
13565,5389574,5964.15
13565,5389864,5965.54
13565,5390097,5965.54
13565,5399499,5965.54
13565,5419069,5965.54
13565,5439316,5965.54
13565,5459904,5964.1
13565,5480398,5964.1
13565,5500502,5964.27
13565,5520497,5964.27
13565,5540692,5964.27
13565,5560898,5964.27
13565,5581263,5964.27
13565,5601742,5964.24
13565,5622072,5964.24
13565,5642559,5964.31
13565,5663165,5964.31
13565,5683553,5964.31
13565,5704159,5964.2
13565,6071804,5964.04
13565,6093341,5964.27
13565,6114505,5964.27
13565,6135546,5964.27
13565,6156414,5964.25
13565,6177406,5964.25
13565,6198396,5964.17
13565,6219407,5964.17
13565,6240344,5964.19
13565,6260851,5964.19
13565,6281445,5964.19
13565,6301953,5964.24
13565,6322892,5964.24
13565,6343186,5964.14
13565,6363884,5964.14
13565,6384684,5964.32
13566,46705,5964.22
13566,67349,5964.22
13566,88177,5964.22
13566,109073,5964.24
13566,125583,5964.24
13566,125821,5964.22
13566,126110,5964.22
13566,126395,5965.54
13566,135998,5965.54
13566,155976,5965.54
13566,176165,5964.54
13566,196476,5964.54
13566,216830,5964.24
13566,237318,5964.24
13566,257702,5964.24
13566,278052,5964.24
13566,298729,5964.18
13566,319356,5964.18
13566,340540,5964.18
13566,361600,5964.19
13566,382590,5964.19
13566,403821,5964.21
13566,424823,5964.21
13566,445939,5964.23
13566,467076,5964.23
13566,471700,5964.26
13566,472062,5964.26
13566,476030,5964.26
13566,492830,5965.54
13566,512878,5965.54
13566,533395,5963.94
13566,6698529,5964.22
13566,6719604,5964.22
13566,6740804,5964.22
13566,6761809,5964.24
13566,6783025,5964.24
13566,6804611,5964.12
13566,6808153,5964.12
13566,6808436,5964.18
13566,6812241,5964.18
13566,6820226,5965.54
13566,6820463,5965.54
13566,6820763,5965.54
13566,6821053,5965.54
13566,6821344,5965.54
13566,6827739,5965.54
13566,6833817,5965.54
13566,6834165,5963.69
13566,6834457,5963.69
13566,6834688,5965.54
13566,6841473,5965.54
13566,6845999,5965.54
13566,6846303,5963.9
13566,6846638,5963.9
13566,6846936,5965.54
13566,6847224,5965.54
13566,6847456,5965.54
13566,6847740,5965.54
13566,6848094,5965.54
13566,6850211,5965.54
13566,6857865,5965.54
13566,6858093,5964.08
13566,6858455,5964.08
13566,6858742,5965.54
13566,6859022,5965.54
13566,6865015,5965.54
13566,6882041,5965.54
13566,6900835,5965.54
13566,6920237,5963.81
13566,6940620,5963.81
13566,6960758,5964.09
13566,6981466,5964.09
13566,7002207,5964.22
13566,7022939,5964.22
13566,7043794,5964.22
13566,7064674,5964.16
13566,7085319,5964.16
13566,7106061,5964.13
13566,7127005,5964.13
13566,7148120,5964.12
13566,7168856,5964.12
13566,7189460,5964.16
13566,7210451,5964.16
13566,7231340,5964.16
13566,7252628,5964.36
13566,7274168,5964.36
13566,7295579,5964.2
13566,7316962,5964.2
13566,7338192,5964.31
13566,7359795,5964.31
13566,698420,5965.54
13566,717370,5963.42
13566,737087,5963.42
13566,757285,5964.16
13566,777915,5964.16
13566,798168,5964.16
13566,818656,5964.3
13566,839107,5964.3
13566,859471,5964.21
13566,879925,5964.21
13566,900118,5964.2
13566,920355,5964.2
13566,940736,5963.95
13566,961072,5963.95
13566,981574,5963.95
13566,1002152,5964.3
13566,1022658,5964.3
13566,1043221,5964.19
13566,1064032,5964.19
13566,1084855,5964.12
13566,1105841,5964.12
13566,1126898,5964.12
13566,1148441,5964.32
13566,1170000,5964.32
13566,1191222,5964.2
13566,1210281,5964.2
13566,1210590,5964.27
13566,1210881,5964.27
13566,1211166,5965.54
13566,1211945,5965.54
13566,1223787,5965.54
13566,7381389,5964.21
13566,7402738,5964.21
13566,7424288,5964.21
13566,7445968,5964.41
13566,7467487,5964.41
13566,7489208,5964.36
13566,7510882,5964.36
13566,7532521,5964.18
13566,7554137,5964.18
13566,7575534,5964.18
13566,7597148,5964.25
13566,7618790,5964.25
13566,7640409,5964.27
13566,7662184,5964.27
13566,7683471,5964.24
13566,7704930,5964.24
13566,7726421,5964.24
13566,7748037,5964.42
13566,7769571,5964.42
13566,7791326,5964.21
13566,7812562,5964.21
13566,7834082,5964.36
13566,8049256,5964.27
13566,8070150,5964.27
13566,8091214,5964.3
13566,8112119,5964.3
13566,8133347,5964.39
13566,8154077,5964.39
13566,8175190,5964.37
13566,8196189,5964.37
13566,8217323,5964.26
13566,8237926,5964.26
13566,8258812,5964.26
13566,8280293,5964.34
13566,8301397,5964.34
13566,8322273,5964.31
13566,8343448,5964.31
13566,8364376,5964.16
13566,8385240,5964.16
13566,8406297,5964.16
13566,8427442,5964.24
13566,8448484,5964.24
13566,8469710,5964.17
13566,8490724,5964.17
13566,8511848,5964.23
13566,8533228,5964.23
13566,8554841,5964.24
13566,8706399,5964.28
13566,8727940,5964.28
13566,8749665,5964.39
13566,8771671,5964.39
13566,8775579,5964.39
13566,8775868,5964.22
13566,8776217,5964.22
13566,8776507,5965.54
13566,8777942,5965.54
13566,8790372,5965.54
13566,8809869,5965.54
13566,8830220,5965.54
13566,8850978,5963.66
13566,8871836,5963.66
13566,8893058,5964.2
13566,8914336,5964.2
13566,8935691,5964.46
13566,8956951,5964.46
13566,8978974,5964.07
13566,9000638,5964.07
13566,9022403,5964.07
13566,9044258,5964.25
13566,9065896,5964.25
13566,9087641,5964.37
13566,9109275,5964.37
13566,9130875,5964.22
13566,9152722,5964.22
13566,9174411,5964.22
13566,9196050,5964.39
13566,9217672,5964.39
13566,9239299,5964.22
13566,9260835,5964.22
13566,9282314,5964.3
13566,9303841,5964.3
13566,9325470,5964.23
13566,9346974,5964.23
13566,9368219,5964.23
13566,9389595,5964.34
13566,9410801,5964.34
13566,9432205,5964.36
13566,9453668,5964.36
13566,9474491,5964.17
13566,9495508,5964.17
13566,9516507,5964.19
13566,9537524,5964.19
13566,9558684,5964.19
13566,9579672,5964.14
13566,9600402,5964.14
13566,9621389,5964.16
13566,9642654,5964.16
13566,9663615,5964.24
13566,9684486,5964.24
13566,9705487,5964.24
13566,9726487,5964.32
13566,9747463,5964.32
13566,9767991,5964.28
13566,9789233,5964.28
13566,9810548,5964.33
13566,9831708,5964.33
13566,9853083,5964.34
13566,9874286,5964.34
13566,9895584,5964.34
13566,9916714,5964.29
13566,9938031,5964.29
13566,9959373,5964.26
13566,9981113,5964.26
13566,10002716,5964.32
13566,10024530,5964.32
13566,10046414,5964.28
13566,10068240,5964.28
13566,10089992,5964.28
13566,10111510,5964.34
13566,10133221,5964.34
13566,10155026,5964.25
13566,10176917,5964.25
13566,10198629,5964.38
13566,10220050,5964.38
13566,10241678,5964.44
13566,10263236,5964.44
13566,10284565,5964.44
13566,10306201,5964.3
13566,10327577,5964.3
13566,10348441,5964.37
13566,10369430,5964.37
13566,10390351,5964.35
13566,10411226,5964.35
13566,10432150,5964.4
13566,10452896,5964.4
13566,10474080,5964.4
13566,10495123,5964.33
13566,1368407,5964.16
13566,1389247,5964.24
13566,1410412,5964.24
13566,1431887,5964.09
13566,1453184,5964.09
13566,1474678,5964.1
13566,1495920,5964.1
13566,1517785,5964.1
13566,1539285,5964.16
13566,1560783,5964.16
13566,1582545,5964.08
13566,1604481,5964.08
13566,1625916,5964.22
13566,1647441,5964.22
13566,1669442,5964.2
13566,1691014,5964.2
13566,1712579,5964.2
13566,1734101,5964.12
13566,1755844,5964.12
13566,1777598,5964.14
13566,1799380,5964.14
13566,1821008,5964.17
13566,1842240,5964.17
13566,1863889,5964.17
13566,1885319,5964.11
13566,1906877,5964.11
13566,1928524,5964.13
13566,1949898,5964.13
13566,1971255,5964.25
13566,1992127,5964.25
13566,2013125,5964.17
13566,2033991,5964.17
13566,2055121,5964.17
13566,2076218,5964.16
13566,2097241,5964.16
13566,2118597,5964.06
13566,2139604,5964.06
13566,2160631,5964.3
13566,2181845,5964.3
13566,2203097,5964.18
13566,2224545,5964.18
13566,2245762,5964.18
13566,2267097,5964.32
13566,2288241,5964.32
13566,2309814,5964.14
13566,2331524,5964.14
13566,2353359,5964.13
13566,2374846,5964.13
13566,2396272,5964.13
13566,2418122,5964.03
13566,2439428,5964.03
13566,2461516,5964.41
13566,2483134,5964.41
13566,2701271,5964.28
13566,2723135,5964.28
13566,2744836,5964.28
13566,2766620,5964.25
13566,2788307,5964.25
13566,2810299,5964.23
13566,2832215,5964.23
13566,2853966,5964.32
13566,2875848,5964.32
13566,2897872,5964.19
13566,2919749,5964.19
13566,2941375,5964.19
13566,2963145,5964.17
13566,2985024,5964.17
13566,3007171,5964.06
13566,3028937,5964.06
13566,3050950,5964.22
13566,3072852,5964.22
13566,3369660,5964.06
13566,3391629,5964.07
13566,3413587,5964.07
13566,3435366,5964.07
13566,3457347,5964.13
13566,3479299,5964.13
13566,3501129,5964.16
13566,3522964,5964.16
13566,3544900,5964.28
13566,3566707,5964.28
13566,3588451,5964.2
13566,3610180,5964.2
13566,4045391,5964.15
13566,4066900,5964.15
13566,4088531,5964.26
13566,4109983,5964.26
13566,4131014,5964.26
13566,4152251,5964.26
13566,4173629,5964.18
13566,4195024,5964.18
13566,4216727,5964.18
13566,4237993,5964.22
13566,4259775,5964.22
13566,4281187,5964.13
13566,4302527,5964.13
13566,4323781,5964.16
13566,4344906,5964.16
13566,4698226,5964.25
13566,4719138,5964.25
13566,4740096,5964.26
13566,4761216,5964.26
13566,4782423,5964.26
13566,4803462,5964.15
13566,4824768,5964.15
13566,4845957,5964.25
13566,4867179,5964.25
13566,4888213,5964.29
13566,4909726,5964.29
13566,4931141,5964.21
13566,4952331,5964.21
13566,5378444,5964.21
13566,5399823,5964.21
13566,5421128,5964.24
13566,5442793,5964.24
13566,5464074,5964.28
13566,5464402,5964.28
13566,5464644,5964.28
13566,5464986,5965.54
13566,5468982,5965.54
13566,5486019,5965.54
13566,5506943,5965.54
13566,5528062,5964
13566,5549863,5964
13566,5571613,5964.23
13566,5593324,5964.23
13566,5614919,5964.23
13566,5636655,5964.23
13566,5658302,5964.23
13566,5679522,5964.25
13566,5701097,5964.25
13566,5722677,5964
13566,5744136,5964
13566,6042158,5964.16
13566,6063181,5964.2
13566,6084022,5964.2
13566,6105403,5964.22
13566,6126114,5964.22
13566,6146975,5964.22
13566,6168014,5964.25
13566,6189097,5964.25
13566,6210359,5964.13
13566,6231256,5964.13
13566,6252131,5964.16
13566,6273067,5964.16
13566,6293755,5964.25
13566,6314762,5964.25
13566,6336052,5964.25
13566,6357494,5964.17
13566,6379069,5964.17
13566,6400741,5964.23
13566,6422577,5964.23
13566,6444249,5964.16
13566,6465581,5964.16
13566,6487328,5964.16
13566,6494072,5964.17
13566,6494400,5964.17
13566,6494704,5965.54
13566,6496562,5965.54
13566,6510671,5965.54
13566,6530515,5965.54
13566,6550729,5963.81
13566,6571572,5963.81
13566,6592654,5963.81
13566,6613840,5964.19
13566,6634977,5964.19
13566,6656131,5964.16
13566,6677460,5964.16
13567,51220,5964.21
13567,72307,5964.21
13567,93506,5964.2
13567,114652,5964.2
13567,135779,5964.29
13567,157173,5964.29
13567,178149,5964.29
13567,199664,5964.23
13567,220817,5964.23
13567,241794,5964.41
13567,263180,5964.41
13567,284269,5964.42
13567,305472,5964.42
13567,326497,5964.36
13567,347508,5964.36
13567,368387,5964.36
13567,389427,5964.27
13567,410471,5964.27
13567,431483,5964.27
13567,452839,5964.27
13567,473957,5964.37
13567,494967,5964.37
13567,516326,5964.24
13567,537318,5964.24
13567,558287,5964.24
13567,579062,5964.27
13567,599720,5964.27
13567,620467,5964.32
13567,641187,5964.32
13567,662021,5964.27
13567,6657505,5964.27
13567,6678655,5964.27
13567,6699889,5964.34
13567,6721396,5964.34
13567,6742524,5964.34
13567,6763660,5964.28
13567,6784810,5964.28
13567,6805819,5964.24
13567,6826876,5964.24
13567,6848171,5964.26
13567,6869252,5964.26
13567,6890426,5964.23
13567,6911503,5964.23
13567,6932864,5964.23
13567,6954238,5964.29
13567,6975493,5964.29
13567,6997002,5964.38
13567,7018488,5964.38
13567,7039734,5964.26
13567,7060981,5964.26
13567,7082102,5964.04
13567,7103352,5964.04
13567,7124598,5964.04
13567,7145728,5964.2
13567,7167078,5964.2
13567,7188097,5964.23
13567,7209418,5964.23
13567,7230591,5964.24
13567,7251850,5964.24
13567,7273129,5964.24
13567,7294241,5964.15
13567,7315450,5964.15
13567,683002,5964.27
13567,704229,5964.27
13567,725174,5964.29
13567,746340,5964.29
13567,767352,5964.25
13567,788716,5964.25
13567,809569,5964.37
13567,830373,5964.37
13567,851251,5964.24
13567,872304,5964.24
13567,893752,5964.24
13567,915315,5964.33
13567,937192,5964.33
13567,959095,5964.24
13567,980841,5964.24
13567,1002604,5964.3
13567,1024252,5964.3
13567,1045625,5964.3
13567,1066741,5964.26
13567,1087851,5964.26
13567,1109091,5964.27
13567,1130298,5964.27
13567,1151469,5964.37
13567,1172610,5964.37
13567,1193832,5964.37
13567,1214719,5964.31
13567,1235809,5964.31
13567,1256948,5964.28
13567,1278431,5964.28
13567,1299575,5964.2
13567,1321079,5964.2
13567,7336587,5964.23
13567,7357688,5964.23
13567,7378763,5964.31
13567,7400059,5964.31
13567,7421183,5964.19
13567,7442427,5964.19
13567,7463416,5964.19
13567,7484544,5964.3
13567,7505922,5964.3
13567,7527290,5964.23
13567,7548548,5964.23
13567,7569443,5964.16
13567,7590720,5964.16
13567,7612027,5964.16
13567,7633238,5964.12
13567,7654665,5964.12
13567,7675946,5964.28
13567,7697283,5964.28
13567,7718643,5964.16
13567,7740066,5964.16
13567,7761446,5964.35
13567,7782775,5964.35
13567,7803836,5964.35
13567,7824978,5964.32
13567,7846272,5964.32
13567,7867396,5964.15
13567,7888616,5964.15
13567,7909899,5964.24
13567,7930996,5964.24
13567,7952007,5964.24
13567,7973498,5964.27
13567,7995004,5964.27
13567,8016131,5964.38
13567,8037507,5964.38
13567,8059000,5964.05
13567,8080296,5964.05
13567,8102040,5964.13
13567,8123420,5964.13
13567,8144851,5964.13
13567,8166384,5964.37
13567,8187907,5964.37
13567,8209552,5964.29
13567,8231037,5964.29
13567,8252546,5964.35
13567,8273922,5964.35
13567,8295284,5964.35
13567,8316811,5964.23
13567,8338420,5964.23
13567,8359685,5964.33
13567,8381040,5964.33
13567,8402319,5964.27
13567,8423387,5964.27
13567,8444485,5964.29
13567,8465909,5964.29
13567,8487025,5964.29
13567,8508273,5964.17
13567,8529648,5964.17
13567,8550895,5964.3
13567,8572121,5964.3
13567,8593290,5964.32
13567,8614794,5964.32
13567,8635898,5964.32
13567,8657268,5964.25
13567,8660446,5964.25
13567,8660670,5964.2
13567,8660958,5964.2
13567,8661299,5965.54
13567,8661596,5965.54
13567,8661882,5965.54
13567,8662117,5965.54
13567,8662408,5965.54
13567,8662737,5965.54
13567,8662981,5965.54
13567,8663275,5965.54
13567,8663601,5965.54
13567,8663902,5965.54
13567,8664195,5965.54
13567,8664469,5965.54
13567,8664715,5965.54
13567,8664998,5965.54
13567,8665346,5965.54
13567,8665645,5965.54
13567,8665848,5965.54
13567,8666156,5965.54
13567,8666482,5965.54
13567,8666716,5965.54
13567,8667081,5965.54
13567,8667291,5965.54
13567,8667648,5965.54
13567,8667883,5965.54
13567,8675352,5965.54
13567,8692069,5964.51
13567,8710947,5964.51
13567,8730742,5964.51
13567,8750999,5964.31
13567,8771367,5964.31
13567,8792085,5964.27
13567,8813101,5964.27
13567,8834017,5964.37
13567,8854935,5964.37
13567,8875994,5964.37
13567,8897312,5964.11
13567,8918636,5964.11
13567,8939621,5964.34
13567,8961067,5964.34
13567,8982435,5964.31
13567,9003956,5964.31
13567,9016658,5964.33
13567,1342096,5964.2
13567,1363354,5964.22
13567,1384557,5964.22
13567,1405680,5964.29
13567,1427078,5964.29
13567,1448171,5964.21
13567,1469299,5964.21
13567,1490145,5964.28
13567,1511136,5964.28
13567,1532259,5964.28
13567,1553432,5964.29
13567,1574628,5964.29
13567,1595627,5964.25
13567,1616874,5964.25
13567,1638343,5964.43
13567,1659646,5964.43
13567,1681023,5964.43
13567,1702518,5964.23
13567,1723764,5964.23
13567,1744739,5964.42
13567,1766136,5964.42
13567,1787456,5964.31
13567,1808634,5964.31
13567,1829825,5964.14
13567,1851368,5964.14
13567,1872760,5964.14
13567,1894124,5964.29
13567,1915271,5964.29
13567,1936443,5964.17
13567,1957879,5964.17
13567,1979384,5964.31
13567,2000621,5964.31
13567,2021871,5964.31
13567,2043274,5964.26
13567,2064468,5964.26
13567,2085861,5964.3
13567,2107251,5964.3
13567,2128609,5964.34
13567,2149752,5964.34
13567,2170943,5964.36
13567,2192144,5964.36
13567,2213884,5964.36
13567,2235435,5964.35
13567,2256742,5964.35
13567,2278112,5964.33
13567,2299327,5964.33
13567,2321264,5964.41
13567,2342686,5964.41
13567,2364390,5964.41
13567,2385619,5964.41
13567,2407472,5964.41
13567,2429476,5964.32
13567,2451421,5964.32
13567,2473354,5964.29
13567,2495221,5964.29
13567,2516595,5964.45
13567,2537854,5964.45
13567,2559238,5964.45
13567,2580458,5964.35
13567,2601961,5964.35
13567,2623362,5964.37
13567,2644853,5964.37
13567,2666219,5964.34
13567,2687591,5964.34
13567,2708965,5964.34
13567,2730066,5964.31
13567,2751212,5964.31
13567,2772732,5964.37
13567,2794105,5964.37
13567,2815587,5964.41
13567,2836828,5964.41
13567,2858259,5964.31
13567,2879613,5964.31
13567,2900849,5964.31
13567,2921867,5964.23
13567,2943471,5964.23
13567,2964838,5964.41
13567,2985758,5964.41
13567,3007072,5964.24
13567,3028322,5964.24
13567,3049602,5964.24
13567,3071094,5964.34
13567,3092218,5964.34
13567,3113572,5964.34
13567,3134723,5964.34
13567,3156071,5964.41
13567,3177107,5964.41
13567,3198312,5964.41
13567,3219442,5964.41
13567,3240583,5964.41
13567,3261692,5964.27
13567,3283009,5964.27
13567,3304691,5964.34
13567,3325964,5964.34
13567,3347079,5964.34
13567,3368443,5964.34
13567,3389285,5964.34
13567,3410536,5964.36
13567,3431930,5964.36
13567,3453164,5964.32
13567,3474556,5964.32
13567,3495666,5964.42
13567,3517095,5964.42
13567,3538291,5964.34
13567,3559524,5964.34
13567,3580663,5964.34
13567,3601904,5964.34
13567,3623266,5964.34
13567,3644186,5964.19
13567,3665098,5964.19
13567,3686381,5964.28
13567,3707230,5964.28
13567,3728502,5964.28
13567,3749966,5964.4
13567,3770999,5964.4
13567,3792099,5964.38
13567,3813267,5964.38
13567,3834551,5964.29
13567,3855684,5964.29
13567,3876840,5964.26
13567,3898103,5964.26
13567,3919337,5964.26
13567,3940457,5964.29
13567,3961438,5964.29
13567,3984734,5964.2
13567,4005869,5964.2
13567,4026857,5964.31
13567,4048137,5964.31
13567,4069531,5964.26
13567,4090997,5964.26
13567,4112618,5964.26
13567,4134263,5964.3
13567,4155495,5964.3
13567,4176878,5964.33
13567,4198509,5964.33
13567,4220022,5964.38
13567,4241611,5964.38
13567,4262907,5964.38
13567,4284382,5964.24
13567,4305861,5964.24
13567,4327674,5964.42
13567,4349814,5964.42
13567,4371574,5964.05
13567,4393695,5964.05
13567,4415463,5964.31
13567,4437607,5964.31
13567,4459546,5964.31
13567,4481501,5964.28
13567,4503489,5964.28
13567,4524847,5964.33
13567,4546447,5964.33
13567,4567671,5964.21
13567,4588768,5964.21
13567,4610044,5964.3
13567,4631417,5964.3
13567,4652532,5964.3
13567,4673644,5964.28
13567,4694885,5964.28
13567,4715957,5964.35
13567,4737265,5964.35
13567,4758119,5964.28
13567,4779394,5964.28
13567,4800489,5964.2
13567,4821724,5964.2
13567,4843026,5964.2
13567,4864145,5964.28
13567,4885106,5964.28
13567,4906212,5964.15
13567,4927576,5964.15
13567,4948623,5964.31
13567,4964712,5964.31
13567,4965051,5964.31
13567,4965335,5964.3
13567,4970249,5964.3
13567,4988328,5965.54
13567,5008276,5965.54
13567,5028906,5963.9
13567,5050138,5963.9
13567,5071650,5964.28
13567,5093034,5964.28
13567,5114668,5964.28
13567,5135792,5964.28
13567,5157009,5964.28
13567,5178726,5964.23
13567,5200303,5964.23
13567,5221779,5964.27
13567,5243554,5964.27
13567,5264945,5964.27
13567,5286308,5964.22
13567,5307821,5964.22
13567,5329090,5964.31
13567,5350506,5964.31
13567,5372180,5964.33
13567,5393765,5964.33
13567,5415442,5964.33
13567,5436955,5964.33
13567,5449448,5964.33
13567,5449675,5964.25
13567,5449966,5964.25
13567,5451760,5965.54
13567,5465738,5965.54
13567,5486858,5964.45
13567,5508733,5964.45
13567,5530861,5964.36
13567,5552752,5964.36
13567,5574444,5964.36
13567,5595741,5964.3
13567,5616786,5964.3
13567,5638014,5964.37
13567,5659222,5964.37
13567,5680376,5964.19
13567,5701496,5964.19
13567,5722594,5964.19
13567,5743751,5964.28
13567,5764725,5964.28
13567,5785746,5964.22
13567,5806859,5964.22
13567,5828106,5964.16
13567,5849339,5964.16
13567,5870321,5964.2
13567,5891720,5964.2
13567,5912714,5964.2
13567,5933838,5964.25
13567,5954808,5964.25
13567,5976324,5964.21
13567,5997832,5964.21
13567,6019322,5964.36
13567,6040699,5964.36
13567,6062205,5964.36
13567,6083418,5964.29
13567,6104698,5964.29
13567,6126092,5964.26
13567,6147581,5964.26
13567,6168582,5964.31
13567,6189823,5964.31
13567,6211193,5964.25
13567,6232830,5964.25
13567,6254079,5964.25
13567,6275332,5964.22
13567,6296707,5964.22
13567,6318348,5964.34
13567,6339766,5964.34
13567,6361051,5964.33
13567,6382091,5964.33
13567,6403416,5964.33
13567,6424446,5964.33
13567,6445558,5964.33
13567,6466932,5964.12
13567,6487912,5964.12
13567,6509213,5964.18
13567,6530181,5964.18
13567,6551360,5964.19
13567,6572679,5964.19
13567,6593538,5964.19
13567,6614938,5964.31
13567,6636176,5964.31
13568,52477,5964.3
13568,74094,5964.34
13568,95605,5964.34
13568,117139,5964.34
13568,138471,5964.22
13568,159592,5964.22
13568,181113,5964.25
13568,202760,5964.25
13568,224150,5964.24
13568,246002,5964.24
13568,267509,5964.24
13568,288632,5964.34
13568,310105,5964.34
13568,331505,5964.3
13568,352839,5964.3
13568,374257,5964.46
13568,395880,5964.46
13568,417448,5964.46
13568,438751,5964.09
13568,460458,5964.09
13568,482022,5964.34
13568,503428,5964.34
13568,525039,5964.28
13568,546710,5964.28
13568,568187,5964.28
13568,589678,5964.28
13568,611184,5964.28
13568,632755,5964.4
13568,654331,5964.4
13568,6669581,5964.3
13568,6690800,5964.3
13568,6711723,5964.25
13568,6733112,5964.25
13568,6754441,5964.25
13568,6775539,5964.34
13568,6796688,5964.34
13568,6817934,5964.27
13568,6839183,5964.27
13568,6860327,5964.36
13568,6881739,5964.36
13568,6902964,5964.36
13568,6924330,5964.43
13568,6945641,5964.43
13568,6966914,5964.06
13568,6988089,5964.06
13568,7009461,5964.24
13568,7030770,5964.24
13568,7051771,5964.24
13568,7072785,5964.21
13568,7093691,5964.21
13568,7115034,5964.26
13568,7136137,5964.26
13568,7157522,5964.21
13568,7178954,5964.21
13568,7200223,5964.21
13568,7221493,5964.2
13568,7242638,5964.2
13568,7264000,5964.31
13568,7285378,5964.31
13568,7306901,5964.2
13568,7328262,5964.2
13568,675580,5964.44
13568,697455,5964.44
13568,718963,5964.25
13568,740125,5964.25
13568,761450,5964.25
13568,782806,5964.31
13568,804026,5964.31
13568,825516,5964.2
13568,846824,5964.2
13568,868342,5964.3
13568,889549,5964.3
13568,911079,5964.3
13568,932474,5964.31
13568,940297,5964.31
13568,940592,5964.15
13568,940883,5964.15
13568,941102,5965.54
13568,941398,5965.54
13568,941726,5965.54
13568,942026,5965.54
13568,942322,5965.54
13568,942551,5965.54
13568,942841,5965.54
13568,943185,5965.54
13568,944549,5965.54
13568,952634,5965.54
13568,973222,5965.54
13568,995676,5965.54
13568,1017015,5963.85
13568,1038185,5963.85
13568,1059450,5964.34
13568,1080948,5964.34
13568,1102671,5964.28
13568,1123615,5964.28
13568,1144614,5964.28
13568,1166003,5964.26
13568,1186975,5964.26
13568,1208257,5964.29
13568,1229503,5964.29
13568,1250846,5964.35
13568,1271971,5964.35
13568,1293251,5964.35
13568,1314479,5964.31
13568,7349481,5964.35
13568,7370646,5964.35
13568,7382546,5964.35
13568,7382852,5964.21
13568,7383168,5964.21
13568,7383391,5965.54
13568,7389788,5965.54
13568,7408491,5965.54
13568,7428580,5965.54
13568,7449067,5965.54
13568,7469564,5964.16
13568,7490424,5964.16
13568,7512030,5964.26
13568,7533369,5964.26
13568,7555169,5964.31
13568,7576763,5964.31
13568,7598057,5964.31
13568,7619542,5964.17
13568,7641190,5964.17
13568,7662576,5964.28
13568,7684305,5964.28
13568,7705961,5964.25
13568,7727338,5964.25
13568,7748836,5964.25
13568,7770439,5964.27
13568,7791870,5964.27
13568,7813353,5964.27
13568,7834918,5964.27
13568,7856484,5964.31
13568,7877838,5964.31
13568,7899361,5964.33
13568,7921071,5964.33
13568,7942652,5964.33
13568,7964052,5964.39
13568,7985840,5964.39
13568,8007320,5964.34
13568,8028910,5964.34
13568,8050591,5964.35
13568,8072078,5964.35
13568,8093653,5964.35
13568,8115517,5964.37
13568,8137180,5964.37
13568,8158319,5964.34
13568,8179361,5964.34
13568,8200814,5964.37
13568,8222176,5964.37
13568,8243556,5964.37
13568,8265012,5964.31
13568,8286209,5964.31
13568,8307552,5964.35
13568,8329165,5964.35
13568,8350302,5964.32
13568,8371689,5964.32
13568,8393093,5964.27
13568,8414628,5964.27
13568,8436027,5964.27
13568,8457086,5964.27
13568,8478430,5964.27
13568,8499691,5964.24
13568,8521114,5964.24
13568,8542328,5964.37
13568,8563544,5964.37
13568,8584660,5964.37
13568,8605790,5964.28
13568,8627430,5964.28
13568,8648816,5964.35
13568,8670413,5964.35
13568,8692107,5964.37
13568,8713707,5964.37
13568,8734933,5964.37
13568,8756329,5964.26
13568,8777694,5964.26
13568,8798690,5964.33
13568,8799006,5964.33
13568,8799321,5965.54
13568,8799553,5965.54
13568,8799894,5965.54
13568,8800037,5965.54
13568,8800037,5965.54
13568,1335863,5964.31
13568,1357222,5964.24
13568,1375474,5964.24
13568,1375720,5964.3
13568,1375993,5964.3
13568,1376307,5965.54
13568,1376596,5965.54
13568,1380842,5965.54
13568,1397814,5965.54
13568,1417724,5965.54
13568,1438296,5963.94
13568,1459043,5963.94
13568,1479765,5964.22
13568,1500337,5964.22
13568,1521142,5964.22
13568,1542384,5964.33
13568,1563499,5964.33
13568,1584467,5964.26
13568,1605777,5964.26
13568,1626708,5964.19
13568,1647669,5964.19
13568,1668537,5964.19
13568,1689554,5964.22
13568,1710941,5964.22
13568,1732078,5964.3
13568,1753424,5964.3
13568,1775334,5964.15
13568,1796833,5964.15
13568,1818195,5964.15
13568,1839733,5964.31
13568,1861352,5964.31
13568,1882709,5964.22
13568,1904224,5964.22
13568,1925765,5964.23
13568,1947248,5964.23
13568,1968715,5964.23
13568,1990120,5964.22
13568,2011736,5964.22
13568,2033450,5964.21
13568,2054873,5964.21
13568,2076509,5964.24
13568,2098096,5964.24
13568,2119396,5964.24
13568,2140753,5964.34
13568,2162265,5964.34
13568,2184040,5964.26
13568,2205779,5964.26
13568,2227486,5964.22
13568,2249174,5964.22
13568,2270952,5964.22
13568,2292332,5964.27
13568,2313938,5964.27
13568,2335844,5964.42
13568,2357733,5964.42
13568,2379532,5964.37
13568,2401064,5964.37
13568,2422745,5964.18
13568,2444242,5964.18
13568,2465637,5964.18
13568,2486884,5964.33
13568,2508255,5964.33
13568,2529501,5964.35
13568,2550739,5964.35
13568,2572138,5964.37
13568,2593239,5964.37
13568,2614747,5964.37
13568,2636388,5964.44
13568,2657763,5964.44
13568,2679181,5964.29
13568,2700438,5964.29
13568,2721756,5964.24
13568,2743396,5964.24
13568,2764640,5964.24
13568,2785872,5964.35
13568,2807387,5964.35
13568,2828381,5964.27
13568,2849873,5964.27
13568,2871241,5964.28
13568,2892594,5964.28
13568,2913835,5964.4
13568,2935259,5964.4
13568,2956756,5964.4
13568,2978377,5964.19
13568,2999581,5964.19
13568,3021216,5964.28
13568,3042536,5964.28
13568,3063659,5964.32
13568,3085282,5964.32
13568,3106514,5964.32
13568,3127771,5964.28
13568,3149265,5964.28
13568,3170672,5964.38
13568,3179417,5964.38
13568,3179654,5964.3
13568,3179940,5964.3
13568,3180287,5964.3
13568,3180578,5965.54
13568,3180874,5965.54
13568,3181094,5965.54
13568,3181382,5965.54
13568,3181675,5965.54
13568,3182017,5965.54
13568,3182313,5965.54
13568,3182601,5965.54
13568,3182828,5965.54
13568,3183122,5965.54
13568,3183409,5965.54
13568,3183666,5965.54
13568,3183980,5965.54
13568,3184327,5965.54
13568,3184622,5965.54
13568,3184913,5965.54
13568,3185199,5965.54
13568,3185483,5965.54
13568,3185715,5965.54
13568,3185987,5965.54
13568,3186214,5965.54
13568,3186549,5965.54
13568,3186860,5965.54
13568,3187085,5965.54
13568,3187376,5965.54
13568,3187660,5965.54
13568,3187955,5965.54
13568,3188296,5965.54
13568,3188590,5965.54
13568,3188824,5965.54
13568,3189169,5965.54
13568,3189461,5965.54
13568,3189747,5965.54
13568,3189975,5965.54
13568,3196502,5965.54
13568,3214163,5965.54
13568,3233502,5963.98
13568,3253053,5963.98
13568,3273190,5963.98
13568,3293637,5964.26
13568,3314047,5964.26
13568,3334874,5964.32
13568,3355478,5964.32
13568,3376348,5964.31
13568,3397185,5964.31
13568,3418077,5964.31
13568,3439136,5964.33
13568,3460066,5964.33
13568,3481070,5964.26
13568,3502103,5964.26
13568,3523163,5964.3
13568,3544165,5964.3
13568,3565397,5964.33
13568,3586524,5964.33
13568,3607633,5964.33
13568,3628908,5964.33
13568,3649931,5964.33
13568,3671266,5964.19
13568,3692113,5964.19
13568,3713361,5964.35
13568,3734119,5964.35
13568,3755387,5964.35
13568,3776420,5964.19
13568,3797476,5964.19
13568,3818739,5964.24
13568,3840085,5964.24
13568,3861370,5964.3
13568,3882486,5964.3
13568,3903465,5964.3
13568,3924583,5964.33
13568,3945818,5964.33
13568,3966924,5964.31
13568,3988185,5964.31
13568,4009574,5964.31
13568,4031061,5964.31
13568,4052223,5964.31
13568,4073433,5964.21
13568,4094425,5964.21
13568,4115949,5964.3
13568,4137307,5964.3
13568,4158444,5964.21
13568,4179814,5964.21
13568,4201043,5964.22
13568,4222022,5964.22
13568,4243545,5964.22
13568,4265181,5964.26
13568,4286670,5964.26
13568,4307988,5964.23
13568,4329047,5964.23
13568,4350372,5964.28
13568,4371665,5964.28
13568,4392656,5964.28
13568,4413824,5964.26
13568,4435293,5964.26
13568,4456772,5964.2
13568,4477727,5964.2
13568,4499052,5964.22
13568,4520155,5964.22
13568,4541403,5964.18
13568,4562481,5964.18
13568,4583846,5964.18
13568,4604973,5964.15
13568,4626254,5964.15
13568,4647660,5964.29
13568,4669131,5964.29
13568,4690540,5964.24
13568,4712035,5964.24
13568,4733637,5964.24
13568,4755296,5964.28
13568,4776881,5964.28
13568,4798342,5964.35
13568,4819791,5964.35
13568,4841317,5964.21
13568,4862937,5964.21
13568,4884561,5964.21
13568,4906179,5964.34
13568,4927685,5964.34
13568,4949340,5964.21
13568,4970923,5964.21
13568,4992444,5964.13
13568,5013823,5964.13
13568,5035480,5964.13
13568,5057042,5964.37
13568,5078506,5964.37
13568,5099726,5964.2
13568,5121367,5964.2
13568,5142877,5964.2
13568,5164381,5964.2
13568,5185903,5964.29
13568,5207375,5964.29
13568,5228710,5964.29
13568,5250140,5964.25
13568,5271781,5964.25
13568,5293393,5964.17
13568,5314782,5964.17
13568,5336380,5964.25
13568,5357793,5964.25
13568,5379341,5964.25
13568,5400796,5964.27
13568,5422081,5964.27
13568,5443706,5964.34
13568,5465277,5964.34
13568,5486683,5964.34
13568,5508203,5964.34
13568,5529951,5964.34
13568,5551293,5964.21
13568,5573072,5964.21
13568,5594732,5964.3
13568,5616245,5964.3
13568,5637716,5964.34
13568,5659090,5964.34
13568,5680463,5964.28
13568,5701842,5964.28
13568,5723109,5964.28
13568,5744511,5964.31
13568,5766012,5964.31
13568,5787244,5964.25
13568,5808419,5964.25
13568,5819044,5964.29
13568,5819397,5964.29
13568,5819608,5964.29
13568,5819965,5965.54
13568,5824247,5965.54
13568,5840936,5965.54
13568,5861427,5965.54
13568,5882500,5963.83
13568,5903803,5963.83
13568,5925012,5963.83
13568,5946285,5964.25
13568,5967769,5964.25
13568,5989265,5964.37
13568,6010650,5964.37
13568,6031737,5964.26
13568,6053069,5964.26
13568,6074508,5964.14
13568,6096132,5964.14
13568,6117641,5964.14
13568,6139060,5964.23
13568,6160494,5964.23
13568,6181766,5964.31
13568,6202867,5964.31
13568,6224005,5964.28
13568,6245443,5964.28
13568,6266725,5964.28
13568,6288280,5964.26
13568,6309431,5964.26
13568,6330640,5964.31
13568,6351881,5964.31
13568,6372926,5964.32
13568,6394264,5964.32
13568,6415124,5964.32
13568,6436358,5964.3
13568,6457472,5964.3
13568,6478792,5964.33
13568,6500261,5964.33
13568,6521592,5964.34
13568,6542873,5964.34
13568,6563916,5964.34
13568,6584955,5964.35
13568,6606207,5964.35
13568,6627222,5964.33
13568,6648465,5964.33
13569,47609,5964.15
13569,68603,5964.15
13569,89660,5964.34
13569,110703,5964.34
13569,132068,5964.32
13569,153715,5964.32
13569,175198,5964.31
13569,196239,5964.31
13569,6692901,5964.4
13569,6714286,5964.4
13569,6735942,5964.4
13569,6757647,5964.26
13569,6779298,5964.26
13569,6800568,5964.35
13569,6822174,5964.35
13569,6843531,5964.51
13569,6865347,5964.51
13569,6886932,5964.51
13569,6908436,5964.01
13569,6929799,5964.01
13569,6951447,5964.31
13569,6972486,5964.31
13569,6993816,5964.34
13569,7015701,5964.34
13569,7037071,5964.28
13569,7058213,5964.28
13569,7079838,5964.28
13569,7101344,5964.3
13569,7122441,5964.3
13569,7143562,5964.17
13569,7164944,5964.17
13569,7186319,5964.38
13569,7207598,5964.38
13569,7229225,5964.38
13569,7250711,5964.17
13569,7272222,5964.17
13569,7293670,5964.31
13569,7315212,5964.31
13569,7336492,5964.39
13569,665385,5964.38
13569,687096,5964.38
13569,708599,5964.38
13569,729966,5964.28
13569,751718,5964.28
13569,773400,5964.29
13569,794851,5964.29
13569,816236,5964.24
13569,837739,5964.24
13569,859370,5964.4
13569,880750,5964.4
13569,902127,5964.4
13569,923726,5964.27
13569,7357773,5964.39
13569,7379211,5964.39
13569,7400862,5964.39
13569,7422481,5964.39
13569,7444155,5964.44
13569,7465232,5964.44
13569,7486619,5964.28
13569,7508123,5964.28
13569,7529636,5964.29
13569,7551140,5964.29
13569,7572506,5964.29
13569,7593933,5964.37
13569,7615146,5964.37
13569,7636491,5964.46
13569,7658017,5964.46
13569,7679623,5964.21
13569,7700872,5964.21
13569,7722307,5964.21
13569,7743881,5964.36
13569,7765385,5964.36
13569,7786774,5964.31
13569,7808278,5964.31
13569,7829526,5964.26
13569,7850813,5964.26
13569,7871929,5964.42
13569,7893415,5964.42
13569,7914459,5964.42
13569,7935509,5964.23
13569,7956496,5964.23
13569,7977617,5964.26
13569,7998965,5964.26
13569,8019994,5964.19
13569,8041207,5964.19
13569,8062231,5964.19
13569,8083347,5964.26
13569,8104467,5964.26
13569,8125440,5964.39
13569,8146578,5964.39
13569,8167713,5964.37
13569,8188833,5964.37
13569,8209957,5964.3
13569,8231064,5964.3
13569,8252332,5964.3
13569,8273296,5964.34
13569,8695058,5964.44
13569,8716450,5964.44
13569,8737552,5964.44
13569,8758826,5964.35
13569,8768302,5964.35
13569,1333099,5964.41
13569,1353919,5964.29
13569,1375330,5964.29
13569,1396710,5964.29
13569,1417825,5964.21
13569,1439112,5964.21
13569,1460442,5964.4
13569,1481853,5964.4
13569,1502950,5964.32
13569,1523933,5964.32
13569,1544825,5964.32
13569,1566195,5964.52
13569,1587022,5964.52
13569,1608643,5964.46
13569,1625579,5964.46
13569,1625869,5964.27
13569,1626152,5964.27
13569,1626394,5964.27
13569,1626729,5965.54
13569,1627026,5965.54
13569,1627256,5965.54
13569,1627595,5965.54
13569,1627822,5965.54
13569,1628125,5965.54
13569,1628414,5965.54
13569,1628744,5965.54
13569,1629047,5965.54
13569,1629288,5965.54
13569,1629546,5965.54
13569,1633876,5965.54
13569,1650141,5965.54
13569,1668996,5964.45
13569,1688543,5964.45
13569,1709094,5964.45
13569,1729854,5964.33
13569,1750612,5964.33
13569,1771727,5964.36
13569,1792322,5964.36
13569,1813687,5964.32
13569,1834956,5964.32
13569,1856323,5964.32
13569,1856992,5964.37
13569,1857283,5964.37
13569,1857629,5965.54
13569,1861601,5965.54
13569,1879816,5965.54
13569,1900819,5965.54
13569,1921756,5963.95
13569,1943276,5963.95
13569,1965156,5963.95
13569,1986789,5964.27
13569,2008581,5964.27
13569,2030438,5964.3
13569,2051692,5964.3
13569,2073371,5964.3
13569,2094310,5964.3
13569,2104122,5964.3
13569,2104417,5964.38
13569,2104689,5964.38
13569,2105041,5965.54
13569,2105261,5965.54
13569,2107712,5965.54
13569,2122438,5965.54
13569,2142934,5964.68
13569,2164303,5964.68
13569,2185748,5964.68
13569,2207171,5964.29
13569,2228498,5964.29
13569,2249855,5964.34
13569,2271300,5964.34
13569,2292461,5964.37
13569,2313540,5964.37
13569,2334783,5964.37
13569,2355981,5964.26
13569,2376648,5964.26
13569,2397709,5964.3
13569,2687405,5964.27
13569,2708205,5964.27
13569,2729258,5964.27
13569,2750036,5964.27
13569,2771107,5964.28
13569,2792147,5964.28
13569,2813330,5964.28
13569,2834906,5964.35
13569,2856209,5964.35
13569,2877919,5964.29
13569,2899532,5964.29
13569,2920938,5964.29
13569,2942681,5964.29
13569,2963977,5964.17
13569,2985567,5964.17
13569,3346668,5964.29
13569,3368164,5964.29
13569,3389081,5964.29
13569,3410312,5964.27
13569,3431389,5964.27
13569,3452640,5964.36
13569,3473748,5964.36
13569,3494852,5964.36
13569,3515860,5964.33
13569,3537090,5964.33
13569,3558144,5964.3
13569,3579371,5964.3
13569,3600208,5964.24
13569,3621323,5964.24
13569,3642579,5964.24
13569,3663657,5964.12
13569,4025183,5964.29
13569,4046879,5964.27
13569,4068182,5964.27
13569,4089759,5964.27
13569,4110975,5964.27
13569,4132426,5964.27
13569,4153816,5964.38
13569,4175565,5964.38
13569,4196973,5964.24
13569,4691591,5964.29
13569,4713384,5964.29
13569,4734607,5964.29
13569,4756003,5964.27
13569,4777388,5964.27
13569,4799133,5964.33
13569,4820392,5964.33
13569,4841840,5964.27
13569,4863333,5964.27
13569,4884538,5964.27
13569,4906008,5964.28
13569,4927378,5964.28
13569,4948755,5964.32
13569,4970392,5964.32
13569,4991884,5964.31
13569,5013361,5964.31
13569,5034534,5964.31
13569,5055926,5964.31
13569,5357616,5964.29
13569,5379374,5964.29
13569,5401113,5964.32
13569,5422348,5964.32
13569,5443906,5964.2
13569,5465467,5964.2
13569,5487135,5964.3
13569,5508676,5964.3
13569,5530122,5964.37
13569,6015422,5964.37
13569,6036883,5964.37
13569,6058126,5964.37
13569,6079266,5964.45
13569,6100514,5964.45
13569,6121513,5964.34
13569,6142744,5964.34
13569,6164067,5964.4
13569,6185105,5964.4
13569,6206088,5964.46
13569,6226982,5964.46
13569,6248225,5964.46
13569,6269200,5964.35
13569,6290331,5964.35
13569,6311555,5964.46
13569,6332829,5964.46
13570,51964,5964.53
13570,73465,5964.53
13570,94968,5964.1
13570,116341,5964.1
13570,137461,5964.42
13570,158949,5964.42
13570,180263,5964.35
13570,6695441,5964.46
13570,6716926,5964.37
13570,6738130,5964.37
13570,6759254,5964.46
13570,6780611,5964.46
13570,6801930,5964.46
13570,6823630,5964.41
13570,6845099,5964.41
13570,6866893,5964.41
13570,6888614,5964.41
13570,6910434,5964.55
13570,6932479,5964.55
13570,6954083,5964.55
13570,6975696,5964.28
13570,6997213,5964.28
13570,7018578,5964.41
13570,7040475,5964.41
13570,7061712,5964.44
13570,7083240,5964.44
13570,7104403,5964.4
13570,7125599,5964.4
13570,7146720,5964.4
13570,7167780,5964.49
13570,7189093,5964.49
13570,7210467,5964.43
13570,7231508,5964.43
13570,7252734,5964.43
13570,7273826,5964.43
13570,7294663,5964.43
13570,7315807,5964.52
13570,7336909,5964.52
13570,7358044,5964.41
13570,675010,5965.54
13570,689321,5965.54
13570,708411,5964.34
13570,728367,5964.34
13570,748618,5964.52
13570,769564,5964.52
13570,790452,5964.52
13570,811300,5964.22
13570,831817,5964.22
13570,853062,5964.27
13570,873893,5964.27
13570,895000,5964.28
13570,915754,5964.28
13570,936432,5964.23
13570,957528,5964.23
13570,978185,5964.23
13570,999101,5964.16
13570,1020076,5964.16
13570,1041059,5964.24
13570,1061859,5964.24
13570,7379174,5964.41
13570,7400269,5964.51
13570,7421521,5964.51
13570,7442652,5964.35
13570,7464085,5964.35
13570,7485313,5964.35
13570,7506521,5964.55
13570,7514982,5964.55
13570,7515208,5964.38
13570,7515493,5964.38
13570,7515788,5965.54
13570,7516068,5965.54
13570,7519697,5965.54
13570,7536369,5965.54
13570,7556489,5965.54
13570,7577075,5964.34
13570,7597614,5964.34
13570,7618217,5964.43
13570,7639057,5964.43
13570,7659878,5964.43
13570,7680765,5964.45
13570,8052066,5964.49
13570,8073207,5964.49
13570,8094042,5964.43
13570,8115189,5964.43
13570,8136542,5964.43
13570,8157789,5964.43
13570,8178649,5964.43
13570,8178979,5964.45
13570,8179200,5964.45
13570,8179553,5965.54
13570,8179835,5965.54
13570,8184984,5965.54
13570,8202754,5965.54
13570,8223002,5965.54
13570,8243461,5964.4
13570,8264064,5964.4
13570,8285121,5964.35
13570,8305929,5964.35
13570,1356863,5964.22
13570,1377719,5964.18
13570,1398718,5964.18
13570,1419578,5964.32
13570,1440412,5964.32
13570,1461304,5964.32
13570,1482306,5964.23
13570,1503409,5964.23
13570,1524392,5964.35
13570,1545602,5964.35
13570,1566903,5964.15
13570,1587756,5964.15
13570,1608583,5964.15
13570,1629881,5964.15
13570,1650872,5964.15
13570,1672130,5964.19
13570,1693107,5964.19
13570,1714367,5964.11
13570,1735221,5964.11
13570,2010666,5964.32
13570,2032056,5964.32
13570,2053412,5964.26
13570,2074307,5964.26
13570,2095561,5964.41
13570,2116658,5964.41
13570,2137791,5964.41
13570,2159288,5964.34
13570,2180398,5964.34
13570,2201686,5964.37
13570,2222695,5964.37
13570,2243640,5964.37
13570,2264745,5964.37
13570,2286006,5964.37
13570,2307371,5964.34
13570,2328618,5964.34
13570,2349733,5964.44
13570,2371109,5964.44
13570,2392438,5964.29
13570,2413353,5964.29
13570,2434263,5964.37
13570,2455607,5964.37
13570,2476720,5964.37
13570,2691669,5964.27
13570,2713437,5964.27
13570,2735173,5964.36
13570,2757047,5964.36
13570,2778554,5964.34
13570,2799593,5964.34
13570,2820859,5964.34
13570,2841912,5964.43
13570,2862907,5964.43
13570,3368496,5964.45
13570,3389479,5964.45
13570,3410978,5964.26
13570,3432073,5964.26
13570,3453250,5964.36
13570,3474732,5964.36
13570,3495996,5964.36
13570,3517991,5964.43
13570,3539746,5964.43
13570,3561769,5964.34
13570,3583586,5964.34
13570,3605415,5964.38
13570,3627181,5964.38
13570,3648802,5964.38
13570,3670824,5964.38
13570,3692465,5964.38
13570,3713844,5964.29
13570,3735360,5964.29
13570,4033975,5964.3
13570,4055441,5964.28
13570,4076467,5964.28
13570,4097567,5964.44
13570,4118712,5964.44
13570,4139578,5964.44
13570,4160307,5964.32
13570,4181320,5964.32
13570,4202301,5964.46
13570,4691824,5964.37
13570,4712830,5964.32
13570,4734074,5964.32
13570,4755320,5964.33
13570,4776582,5964.33
13570,4797821,5964.21
13570,4819446,5964.21
13570,4840833,5964.52
13570,4862091,5964.52
13570,4883598,5964.52
13570,5374429,5964.46
13570,5395608,5964.26
13570,5416822,5964.26
13570,5437923,5964.42
13570,5459223,5964.42
13570,5480577,5964.44
13570,5501579,5964.44
13570,5522683,5964.44
13570,5543308,5964.43
13570,5564149,5964.43
13570,5585028,5964.34
13570,5605905,5964.34
13570,5626939,5964.42
13570,5648089,5964.42
13570,5669235,5964.3
13570,5690493,5964.3
13570,5711224,5964.3
13570,5732254,5964.25
13570,5753459,5964.25
13570,5774639,5964.43
13570,5795701,5964.43
13570,5816968,5964.4
13570,5838470,5964.4
13570,5859964,5964.4
13570,5881403,5964.37
13570,6038688,5964.67
13570,6059945,5964.67
13570,6081240,5964.41
13570,6102623,5964.41
13570,6124516,5964.41
13570,6146114,5964.29
13570,6167264,5964.29
13570,6188250,5964.47
13570,6209632,5964.47
13570,6230816,5964.47
13570,6251826,5964.47
13570,6272874,5964.47
13570,6293845,5964.31
13570,6314728,5964.31
13570,6335826,5964.4
13570,6356844,5964.4
13571,51810,5964.5
13571,72919,5964.34
13571,94044,5964.34
13571,115042,5964.44
13571,136164,5964.44
13571,157014,5964.44
13571,178547,5964.44
13571,199534,5964.44
13571,6732481,5964.29
13571,6753869,5964.29
13571,6775127,5964.44
13571,6796635,5964.44
13571,6818167,5964.44
13571,6839494,5964.43
13571,6860472,5964.43
13571,6881609,5964.32
13571,6902473,5964.32
13571,6923189,5964.26
13571,6944151,5964.26
13571,6965381,5964.42
13571,6986553,5964.42
13571,7007425,5964.42
13571,7028038,5964.36
13571,7048786,5964.36
13571,7064691,5964.27
13571,7064979,5964.27
13571,7065266,5965.54
13571,7065618,5965.54
13571,7074172,5965.54
13571,7093894,5965.54
13571,7115062,5965.54
13571,688499,5964.4
13571,709760,5964.34
13571,731131,5964.34
13571,752355,5964.41
13571,773522,5964.41
13571,794729,5964.35
13571,815716,5964.35
13571,836575,5964.41
13571,857339,5964.41
13571,877945,5964.41
13571,898677,5964.36
13571,919309,5964.36
13571,939766,5964.45
13571,960284,5964.45
13571,980985,5964.35
13571,1001590,5964.35
13571,7394069,5964.24
13571,7415429,5964.24
13571,7436283,5964.36
13571,7457795,5964.36
13571,7479037,5964.29
13571,7500168,5964.29
13571,7521563,5964.38
13571,7543029,5964.38
13571,7564418,5964.3
13571,7585681,5964.3
13571,7606902,5964.3
13571,7628035,5964.52
13571,7649025,5964.52
13571,8074373,5964.2
13571,8095743,5964.2
13571,8117274,5964.28
13571,8138634,5964.28
13571,8159739,5964.24
13571,8180760,5964.24
13571,8201734,5964.2
13571,8222896,5964.2
13571,8244507,5964.22
13571,8265480,5964.22
13571,8286851,5964.22
13571,8308103,5964.23
13571,8329366,5964.23
13571,8350604,5964.21
13571,8371845,5964.21
13571,8393232,5964.27
13571,8414536,5964.27
13571,8435580,5964.27
13571,8456457,5964.21
13571,8477818,5964.21
13571,8499233,5964.3
13571,8520600,5964.3
13571,1342723,5964.49
13571,1363689,5964.49
13571,1384910,5964.49
13571,1406198,5964.49
13571,1427269,5964.55
13571,1448503,5964.55
13571,1469552,5964.36
13571,1490880,5964.36
13571,1512189,5964.37
13571,1533287,5964.37
13571,1554293,5964.37
13571,1575157,5964.45
13571,1596139,5964.45
13571,1617017,5964.41
13571,1638166,5964.41
13571,1659509,5964.4
13571,2024316,5964.41
13571,2045791,5964.36
13571,2067190,5964.36
13571,2088681,5964.36
13571,2109800,5964.49
13571,2130926,5964.49
13571,2151784,5964.53
13571,2173245,5964.53
13571,2194298,5964.4
13571,2215071,5964.4
13571,2236035,5964.51
13571,2257258,5964.51
13571,2278016,5964.51
13571,2299141,5964.33
13571,2320233,5964.33
13571,2341347,5964.5
13571,2362609,5964.5
13571,2383848,5964.45
13571,2404718,5964.45
13571,2425759,5964.45
13571,2446653,5964.41
13571,2468106,5964.41
13571,2489191,5964.35
13571,2510712,5964.35
13571,2531875,5964.3
13571,2553068,5964.3
13571,2574065,5964.56
13571,2595051,5964.56
13571,2616316,5964.56
13571,2637203,5964.49
13571,2658349,5964.49
13571,2679145,5964.45
13571,2700129,5964.45
13571,2721260,5964.4
13571,2742623,5964.4
13571,2763800,5964.4
13571,2785000,5964.46
13571,2805856,5964.46
13571,2826612,5964.33
13571,2847726,5964.33
13571,2868937,5964.44
13571,3354481,5964.38
13571,3376099,5964.38
13571,3397486,5964.54
13571,3418740,5964.54
13571,3439995,5964.39
13571,3461495,5964.39
13571,3482484,5964.39
13571,3503456,5964.41
13571,3524322,5964.41
13571,3545248,5964.47
13571,3565919,5964.47
13571,3586476,5964.44
13571,3607458,5964.44
13571,4041809,5963.9
13571,4062421,5964.32
13571,4082953,5964.32
13571,4103883,5964.32
13571,4124747,5964.33
13571,4145618,5964.33
13571,4166721,5964.4
13571,4188096,5964.4
13571,4209209,5964.36
13571,4230481,5964.36
13571,4251991,5964.34
13571,4273214,5964.34
13571,4294400,5964.34
13571,4315706,5964.39
13571,4336822,5964.39
13571,4358089,5964.3
13571,4379329,5964.3
13571,4400726,5964.32
13571,4422002,5964.32
13571,4698694,5964.32
13571,4719314,5964.32
13571,4740149,5964.43
13571,4761425,5964.43
13571,4782411,5964.43
13571,4803405,5964.37
13571,4824586,5964.37
13571,4845673,5964.47
13571,4866511,5964.47
13571,4887357,5964.33
13571,5377738,5964.42
13571,5398731,5964.42
13571,5419623,5964.5
13571,5440562,5964.5
13571,5461445,5964.46
13571,5482255,5964.46
13571,5503275,5964.46
13571,5524279,5964.42
13571,5545153,5964.42
13571,5566141,5964.58
13571,5587277,5964.58
13571,5608210,5964.47
13571,5629023,5964.47
13571,5649740,5964.47
13571,5670642,5964.46
13571,5691450,5964.46
13571,5712514,5964.55
13571,5733628,5964.55
13571,5754755,5964.42
13571,5776093,5964.42
13571,5797453,5964.37
13571,5818556,5964.37
13571,5839440,5964.37
13571,5860486,5964.41
13571,5881676,5964.41
13571,5902611,5964.51
13571,5923654,5964.51
13571,5944789,5964.48
13571,5965882,5964.48
13571,5986936,5964.48
13571,6008192,5964.45
13571,6029121,5964.45
13571,6050073,5964.49
13571,6071507,5964.49
13571,6092489,5964.4
13571,6113342,5964.4
13571,6134598,5964.4
13571,6155589,5964.4
13571,6176458,5964.4
13571,6197482,5964.43
13571,6218812,5964.43
13571,6239934,5964.4
13581,45151,5964.4
13581,62696,5964.4
13581,81462,5964.4
13581,100597,5964.46
13581,120003,5964.46
13581,140514,5964.52
13581,161073,5964.52
13581,181222,5964.45
13581,200728,5964.45
13581,219876,5964.45
13581,238839,5964.5
13581,259959,5964.5
13581,282067,5964.37
13581,304139,5964.37
13581,326116,5964.49
13581,347500,5964.49
13581,369262,5964.39
13581,373789,5964.39
13581,374093,5964.39
13581,379548,5965.54
13581,397970,5965.54
13581,418735,5964.69
13581,439971,5964.69
13581,461462,5964.36
13581,483113,5964.36
13581,504350,5964.36
13581,525767,5964.5
13581,547365,5964.5
13581,568838,5964.42
13581,590114,5964.42
13581,594842,5964.52
13581,595844,5964.52
13581,610172,5965.54
13581,630388,5965.54
13581,651378,5965.54
13581,672527,5964.13
13581,694000,5964.13
13581,715299,5964.47
13581,737082,5964.47
13581,758788,5964.38
13581,780224,5964.38
13581,784433,5964.38
13581,784733,5964.52
13581,785023,5964.52
13581,793193,5965.54
13581,812804,5965.54
13581,832902,5964.6
13581,853842,5964.6
13581,875305,5964.48
13581,882702,5964.48
13581,882985,5964.48
13581,883276,5965.54
13581,883501,5965.54
13581,883791,5965.54
13581,884122,5965.54
13581,884434,5965.54
13581,884725,5965.54
13581,884942,5965.54
13581,885238,5965.54
13581,885521,5965.54
13581,885870,5965.54
13581,886165,5965.54
13581,886450,5965.54
13581,886678,5965.54
13581,895581,5965.54
13581,915269,5965.54
13581,936737,5965.54
13581,957783,5964.43
13581,979323,5964.43
13581,1000402,5964.44
13581,1021899,5964.44
13581,1043498,5964.38
13581,1065158,5964.38
13581,1086929,5964.38
13581,1108437,5964.52
13581,1130082,5964.52
13581,1151859,5964.47
13581,1173596,5964.47
13581,1195549,5964.45
13581,1217088,5964.45
13581,1239126,5964.45
13581,1260882,5964.45
13581,1282248,5964.45
13581,1303711,5964.42
13581,1325131,5964.42
13581,1346525,5964.48
13581,1367909,5964.48
13581,1389048,5964.35
13581,1410507,5964.35
13581,1431889,5964.35
13581,1453152,5964.38
13581,1474511,5964.38
13581,1496155,5964.35
13581,1518166,5964.35
13581,1539928,5964.4
13581,1562065,5964.4
13581,1584083,5964.4
13581,1605717,5964.28
13581,1627599,5964.28
13581,1649712,5964.43
13581,1671632,5964.43
13581,1693385,5964.38
13581,1715173,5964.38
13581,1737409,5964.38
13581,1759311,5964.42
13581,1781302,5964.42
13581,1803100,5964.35
13581,1824989,5964.35
13581,1847106,5964.39
13581,1869022,5964.39
13581,1891025,5964.34
13581,1913153,5964.34
13581,1935049,5964.34
13581,1956923,5964.33
13581,1978944,5964.33
13581,2000846,5964.43
13581,2022859,5964.43
13581,2044760,5964.34
13581,2066642,5964.34
13581,2088402,5964.34
13581,2110291,5964.36
13581,2131959,5964.36
13581,2153431,5964.52
13581,2174954,5964.52
13581,2196571,5964.51
13581,2217800,5964.51
13581,2239493,5964.54
13581,2261334,5964.54
13581,2282709,5964.54
13581,2304215,5964.47
13581,2325518,5964.47
13581,2346968,5964.45
13581,2368456,5964.45
13581,2390086,5964.52
13581,2411433,5964.52
13581,2432843,5964.47
13581,2454733,5964.47
13581,2476115,5964.47
13581,2497638,5964.56
13581,2519136,5964.56
13581,2541125,5964.53
13581,2562779,5964.53
13581,2584393,5964.52
13581,2606426,5964.52
13581,2628265,5964.52
13581,2649980,5964.53
13581,2671718,5964.53
13581,2693328,5964.5
13581,2715330,5964.5
13581,2737231,5964.56
13581,2759010,5964.56
13581,2781003,5964.5
13581,2802636,5964.5
13581,2824652,5964.5
13581,2846392,5964.51
13581,2868081,5964.51
13581,2889545,5964.45
13581,2911456,5964.45
13581,2932827,5964.62
13581,2954498,5964.62
13581,2975878,5964.62
13581,2997186,5964.48
13581,3018712,5964.48
13581,3040096,5964.32
13581,3061462,5964.32
13581,3083100,5964.54
13581,3104578,5964.54
13581,3125701,5964.54
13581,3146832,5964.45
13581,3168416,5964.45
13581,3189851,5964.43
13581,3211273,5964.43
13581,3232483,5964.44
13581,3253845,5964.44
13581,3275600,5964.49
13581,3297233,5964.49
13581,3318604,5964.49
13581,3339971,5964.46
13581,3361352,5964.46
13581,3383494,5964.56
13581,3405262,5964.56
13581,3427168,5964.47
13581,3449046,5964.47
13581,3470678,5964.47
13581,3492547,5964.47
13581,3514702,5964.47
13581,3536605,5964.47
13581,3558366,5964.47
13581,3580251,5964.43
13581,3602264,5964.43
13581,3624134,5964.38
13581,3646019,5964.38
13581,3667887,5964.38
13581,3689540,5964.5
13581,3711031,5964.5
13581,3732818,5964.45
13581,3754184,5964.45
13581,3775812,5964.47
13581,3797340,5964.47
13581,3818817,5964.4
13581,3840211,5964.4
13581,3861652,5964.4
13581,3883175,5964.37
13581,3904554,5964.37
13581,3926145,5964.4
13581,3947596,5964.4
13581,3969065,5964.39
13581,3989978,5964.39
13581,4010959,5964.39
13581,4031907,5964.41
13581,4052980,5964.41
13581,4073949,5964.45
13581,4095052,5964.45
13581,4116450,5964.47
13581,4137747,5964.47
13581,4158920,5964.47
13581,4180425,5964.53
13581,4201821,5964.53
13581,4223199,5964.51
13581,4244766,5964.51
13581,4266053,5964.47
13581,4287578,5964.47
13581,4308678,5964.52
13581,4319790,5964.52
13581,4320139,5964.52
13581,4320423,5964.43
13581,4320656,5964.43
13581,4321003,5965.54
13581,4321292,5965.54
13581,4321505,5965.54
13581,4321814,5965.54
13581,4322098,5965.54
13581,4322431,5965.54
13581,4322735,5965.54
13581,4323020,5965.54
13581,4323275,5965.54
13581,4323484,5965.54
13581,4323789,5965.54
13581,4324104,5965.54
13581,4324394,5965.54
13581,4324624,5965.54
13581,4324914,5965.54
13581,4325242,5965.54
13581,4325490,5965.54
13581,4325783,5965.54
13581,4326132,5965.54
13581,4326414,5965.54
13581,4326705,5965.54
13581,4326937,5965.54
13581,4327225,5965.54
13581,4327510,5965.54
13581,4327849,5965.54
13581,4328092,5965.54
13581,4328409,5965.54
13581,4328737,5965.54
13581,4329022,5965.54
13581,4329239,5965.54
13581,4329532,5965.54
13581,4329824,5965.54
13581,4330113,5965.54
13581,4330463,5965.54
13581,4330752,5965.54
13581,4330987,5965.54
13581,4331259,5965.54
13581,4331562,5965.54
13581,4331910,5965.54
13581,4332199,5965.54
13581,4332408,5965.54
13581,4332714,5965.54
13581,4333007,5965.54
13581,4333270,5965.54
13581,4333637,5965.54
13581,4333927,5965.54
13581,4334136,5965.54
13581,4334457,5965.54
13581,4334748,5965.54
13581,4335076,5965.54
13581,4335311,5965.54
13581,4335604,5965.54
13581,4335936,5965.54
13581,4336239,5965.54
13581,4336525,5965.54
13581,4336756,5965.54
13581,4337047,5965.54
13581,4337378,5965.54
13581,4337614,5965.54
13581,4337894,5965.54
13581,4338118,5965.54
13581,4338475,5965.54
13581,4338763,5965.54
13581,4339001,5965.54
13581,4339281,5965.54
13581,4339572,5965.54
13581,4339930,5965.54
13581,4340204,5965.54
13581,4340493,5965.54
13581,4340783,5965.54
13581,4341070,5965.54
13581,4341292,5965.54
13581,4341592,5965.54
13581,4341879,5965.54
13581,4342226,5965.54
13581,4344354,5965.54
13581,4350644,5965.54
13581,4357938,5965.54
13581,4366256,5964.26
13581,4385482,5964.26
13581,4406956,5964.19
13581,4427531,5964.19
13581,4448293,5964.19
13581,4468888,5964.48
13581,4489125,5964.48
13581,4509848,5964.45
13581,4530619,5964.45
13581,4551475,5964.45
13581,4572271,5964.45
13581,4593072,5964.46
13581,4613691,5964.46
13581,4634811,5964.46
13581,4656001,5964.34
13581,4676671,5964.34
13581,4697805,5964.42
13581,4718897,5964.42
13581,4740155,5964.37
13581,4761587,5964.37
13581,4782585,5964.37
13581,4803629,5964.39
13581,4825088,5964.39
13581,4846726,5964.52
13581,4868271,5964.52
13581,4889657,5964.4
13581,4911085,5964.4
13581,4932600,5964.4
13581,4954037,5964.48
13581,4975426,5964.48
13581,4997178,5964.47
13581,5018796,5964.47
13581,5040555,5964.47
13581,5062448,5964.47
13581,5084085,5964.48
13581,5105724,5964.48
13581,5127726,5964.48
13581,5149244,5964.47
13581,5171008,5964.47
13581,5192627,5964.4
13581,5214515,5964.4
13581,5236201,5964.45
13581,5257792,5964.45
13581,5279549,5964.45
13581,5301213,5964.39
13581,5323176,5964.39
13581,5345062,5964.34
13581,5366885,5964.34
13581,5388709,5964.28
13581,5410342,5964.28
13581,5431970,5964.33
13581,5453494,5964.33
13581,5475324,5964.33
13581,5497212,5964.31
13581,5519036,5964.31
13581,5540683,5964.35
13581,5562539,5964.35
13581,5584066,5964.3
13581,5605821,5964.3
13581,5627545,5964.3
13581,5649456,5964.37
13581,5671230,5964.37
13581,5692714,5964.36
13581,5714601,5964.36
13581,5736251,5964.33
13581,5758015,5964.33
13581,5779895,5964.33
13581,5782125,5964.33
13581,5782424,5964.33
13581,5782710,5965.54
13581,5783009,5965.54
13581,5783278,5965.54
13581,5783581,5965.54
13581,5783926,5965.54
13581,5784075,5965.54
13582,54647,5964.5
13582,75887,5964.48
13582,97375,5964.48
13582,119020,5964.5
13582,140332,5964.5
13582,162105,5964.51
13582,183910,5964.51
13582,205767,5964.51
13582,227372,5964.56
13582,248694,5964.56
13582,269946,5964.48
13582,291438,5964.48
13582,312562,5964.55
13582,333710,5964.55
13582,355147,5964.55
13582,376545,5964.49
13582,398067,5964.49
13582,419427,5964.58
13582,440886,5964.58
13582,462307,5964.51
13582,483955,5964.51
13582,505451,5964.52
13582,526830,5964.52
13582,548361,5964.52
13582,569722,5964.49
13582,591469,5964.49
13582,612958,5964.49
13582,634483,5964.49
13582,656053,5964.55
13582,677710,5964.55
13582,6931102,5964.38
13582,6952773,5964.38
13582,6974432,5964.55
13582,6995902,5964.55
13582,7017410,5964.58
13582,7038777,5964.58
13582,7060537,5964.57
13582,7082309,5964.57
13582,7103850,5964.57
13582,7125612,5964.44
13582,7147312,5964.44
13582,7169159,5964.55
13582,7190865,5964.55
13582,7212398,5964.61
13582,7234257,5964.61
13582,7256178,5964.61
13582,7278010,5964.46
13582,7299258,5964.46
13582,7320598,5964.46
13582,699131,5964.53
13582,720616,5964.53
13582,742254,5964.53
13582,764267,5964.48
13582,785767,5964.48
13582,807804,5964.46
13582,829815,5964.46
13582,851570,5964.47
13582,873320,5964.47
13582,895120,5964.47
13582,916707,5964.51
13582,937950,5964.51
13582,959261,5964.44
13582,980323,5964.44
13582,1001722,5964.51
13582,1023356,5964.51
13582,1044397,5964.51
13582,1065763,5964.51
13582,1087257,5964.51
13582,1108982,5964.41
13582,1130518,5964.41
13582,1151993,5964.43
13582,1173477,5964.43
13582,1194854,5964.46
13582,1216185,5964.46
13582,1237459,5964.46
13582,1258997,5964.48
13582,1279842,5964.48
13582,1300598,5964.42
13582,1321386,5964.42
13582,1342201,5964.37
13582,1363049,5964.37
13582,1370289,5964.55
13582,1370521,5964.55
13582,1370863,5964.55
13582,7618741,5964.47
13582,7640245,5964.47
13582,7661872,5964.54
13582,7680560,5964.54
13582,7680800,5964.55
13582,7681150,5964.55
13582,7691123,5965.54
13582,7706320,5965.54
13582,7706619,5965.54
13582,7706912,5964.22
13582,7710078,5964.22
13582,7726191,5965.54
13582,7746679,5965.54
13582,7767670,5964.28
13582,7788798,5964.28
13582,7809509,5964.57
13582,7830634,5964.57
13582,7851900,5964.57
13582,7873268,5964.46
13582,7894650,5964.46
13582,7916109,5964.54
13582,7937279,5964.54
13582,7958526,5964.59
13582,7979641,5964.59
13582,8001011,5964.59
13582,8022257,5964.52
13582,8043630,5964.52
13582,8065108,5964.51
13582,8086308,5964.51
13582,8107885,5964.45
13582,8129193,5964.45
13582,8150690,5964.48
13582,8172144,5964.48
13582,8193476,5964.48
13582,8214771,5964.55
13582,8236019,5964.55
13582,8257648,5964.44
13582,8279146,5964.44
13582,8300653,5964.56
13582,8322684,5964.56
13582,8344580,5964.56
13582,8366046,5964.58
13582,8374004,5964.58
13582,8374339,5964.6
13582,8374637,5964.6
13582,8386207,5965.54
13582,8415467,5965.54
13582,8436315,5965.54
13582,8457314,5964.53
13582,8478578,5964.53
13582,8499944,5964.55
13582,8521152,5964.55
13582,8542129,5964.55
13582,8563440,5964.49
13582,8584820,5964.49
13582,8606162,5964.64
13582,8627301,5964.64
13582,8648778,5964.51
13582,9018635,5964.56
13582,9040595,5964.56
13582,9062371,5964.61
13582,9083955,5964.61
13582,9105770,5964.36
13582,9127672,5964.36
13582,9149426,5964.51
13582,9170801,5964.51
13582,9192173,5964.46
13582,9213688,5964.46
13582,9234929,5964.46
13582,9256289,5964.53
13582,9277325,5964.53
13582,9298148,5964.32
13582,9298730,5964.32
13582,9300479,5965.54
13582,9314566,5965.54
13582,9334919,5965.54
13582,9356052,5964.87
13582,9377413,5964.87
13582,9399058,5964.43
13582,9420300,5964.43
13582,9442053,5964.47
13582,9463806,5964.47
13582,9485708,5964.54
13582,9507303,5964.54
13582,9529201,5964.54
13582,9550858,5964.54
13582,9569922,5964.54
13582,9570235,5964.45
13582,9570544,5964.45
13582,9576069,5965.54
13582,9594744,5965.54
13582,9615478,5965.54
13582,9636410,5964.27
13582,9652314,5964.27
13582,9652619,5964.42
13582,9652916,5964.42
13582,9653207,5965.54
13582,9653441,5965.54
13582,9653726,5965.54
13582,9654061,5965.54
13582,9654366,5965.54
13582,9654656,5965.54
13582,9654890,5965.54
13582,9655162,5965.54
13582,9663515,5965.54
13582,9681702,5965.54
13582,9701590,5964.93
13582,9722255,5964.93
13582,9743396,5964.66
13582,9764750,5964.66
13582,9786397,5964.7
13582,9807632,5964.7
13582,9828920,5964.54
13582,9850132,5964.54
13582,9871638,5964.54
13582,9893299,5964.63
13582,9914397,5964.63
13582,9935633,5964.52
13582,9957032,5964.52
13582,9978509,5964.63
13582,9999827,5964.63
13582,10021283,5964.63
13582,10042519,5964.59
13582,10063952,5964.59
13582,10085278,5964.68
13582,10103957,5964.68
13582,10103991,5964.73
13582,1382145,5965.54
13582,1403358,5965.54
13582,1425082,5964.54
13582,1446304,5964.54
13582,1467884,5964.46
13582,1489268,5964.46
13582,1511162,5964.46
13582,1532438,5964.41
13582,1553779,5964.41
13582,1575018,5964.47
13582,1596384,5964.47
13582,1617850,5964.4
13582,1639274,5964.4
13582,1660772,5964.55
13582,1682147,5964.55
13582,1703437,5964.55
13582,1723363,5964.45
13582,1723665,5964.45
13582,1723894,5964.47
13582,1724226,5964.47
13582,1724468,5965.54
13582,1724752,5965.54
13582,1725046,5965.54
13582,1725392,5965.54
13582,1725605,5965.54
13582,1725918,5965.54
13582,1726245,5965.54
13582,1729403,5965.54
13582,1745463,5965.54
13582,1764788,5964.46
13582,1785034,5964.46
13582,1801018,5964.46
13582,1801306,5964.45
13582,1801590,5964.45
13582,1801939,5965.54
13582,1812699,5965.54
13582,1832522,5964.53
13582,1853327,5964.53
13582,1874265,5964.53
13582,1895389,5964.58
13582,1916755,5964.58
13582,1938013,5964.5
13582,1959265,5964.5
13582,1980613,5964.64
13582,2002074,5964.64
13582,2023004,5964.64
13582,2044237,5964.53
13582,2065606,5964.53
13582,2086974,5964.7
13582,2108228,5964.7
13582,2129365,5964.61
13582,2150471,5964.61
13582,2171717,5964.53
13582,2193250,5964.53
13582,2214678,5964.53
13582,2235992,5964.64
13582,2257377,5964.64
13582,2279263,5964.75
13582,2300915,5964.75
13582,2320861,5964.64
13582,2342346,5964.64
13582,2363851,5964.73
13582,2385556,5964.73
13582,2407274,5964.73
13582,2429154,5964.66
13582,2450785,5964.66
13582,2472243,5964.65
13582,2494039,5964.65
13582,2515408,5964.68
13582,2537040,5964.68
13582,2558658,5964.68
13582,2580564,5964.72
13582,2602191,5964.72
13582,2623780,5964.61
13582,2645467,5964.61
13582,2667468,5964.66
13582,2689258,5964.66
13582,2711116,5964.66
13582,2732636,5964.7
13582,2754199,5964.7
13582,2775701,5964.61
13582,2797183,5964.61
13582,2811998,5964.65
13582,2812294,5964.65
13582,2814726,5965.54
13582,2829586,5965.54
13582,2850057,5965.54
13582,2870539,5964.78
13582,2892019,5964.78
13582,2913415,5964.74
13582,2934768,5964.74
13582,2956067,5964.71
13582,2977632,5964.71
13582,2999048,5964.71
13582,3020705,5964.63
13582,3042330,5964.63
13582,3063696,5964.7
13582,3085311,5964.7
13582,3106741,5964.67
13582,3128470,5964.67
13582,3150353,5964.78
13582,3172303,5964.78
13582,3194300,5964.78
13582,3216321,5964.76
13582,3238536,5964.76
13582,3260723,5964.74
13582,3282572,5964.74
13582,3304118,5964.69
13582,3326094,5964.69
13582,3347983,5964.76
13582,3369364,5964.76
13582,3390476,5964.76
13582,3411849,5964.74
13582,3433093,5964.74
13582,3454499,5964.78
13582,3475535,5964.78
13582,3496996,5964.78
13582,3518593,5964.78
13582,3540102,5964.78
13582,3561622,5964.65
13582,3583125,5964.65
13582,3604746,5964.65
13582,3621023,5964.65
13582,3621354,5964.68
13582,3621556,5964.68
13582,3621788,5965.54
13582,3622079,5965.54
13582,3622371,5965.54
13582,3622711,5965.54
13582,3622960,5965.54
13582,3623273,5965.54
13582,3623585,5965.54
13582,3623879,5965.54
13582,3624089,5965.54
13582,3624390,5965.54
13582,3624743,5965.54
13582,3624976,5965.54
13582,3625318,5965.54
13582,3625532,5965.54
13582,3625835,5965.54
13582,3626132,5965.54
13582,3626459,5965.54
13582,3626770,5965.54
13582,3627051,5965.54
13582,3627278,5965.54
13582,3627568,5965.54
13582,3627864,5965.54
13582,3628133,5965.54
13582,3628430,5965.54
13582,3628728,5965.54
13582,3629053,5965.54
13582,3629361,5965.54
13582,3629641,5965.54
13582,3629888,5965.54
13582,3630170,5965.54
13582,3630462,5965.54
13582,3630754,5965.54
13582,3631095,5965.54
13582,3631389,5965.54
13582,3631600,5965.54
13582,3631913,5965.54
13582,3632201,5965.54
13582,3632545,5965.54
13582,3632834,5965.54
13582,3633115,5965.54
13582,3633347,5965.54
13582,3633635,5965.54
13582,3633929,5965.54
13582,3634258,5965.54
13582,3634484,5965.54
13582,3634766,5965.54
13582,3635076,5965.54
13582,3635299,5965.54
13582,3635640,5965.54
13582,3635867,5965.54
13582,3636159,5965.54
13582,3636495,5965.54
13582,3636746,5965.54
13582,3637028,5965.54
13582,3637318,5965.54
13582,3637646,5965.54
13582,3637950,5965.54
13582,3638243,5965.54
13582,3638478,5965.54
13582,3638756,5965.54
13582,3639101,5965.54
13582,3639401,5965.54
13582,3639691,5965.54
13582,3639912,5965.54
13582,3640204,5965.54
13582,3640493,5965.54
13582,3640842,5965.54
13582,3641130,5965.54
13582,3641368,5965.54
13582,3641651,5965.54
13582,3641927,5965.54
13582,3642290,5965.54
13582,3642574,5965.54
13582,3642857,5965.54
13582,3643126,5965.54
13582,3643387,5965.54
13582,3643744,5965.54
13582,3643964,5965.54
13582,3644291,5965.54
13582,3644593,5965.54
13582,3644823,5965.54
13582,3645185,5965.54
13582,3645473,5965.54
13582,3645699,5965.54
13582,3646037,5965.54
13582,3646325,5965.54
13582,3646557,5965.54
13582,3646834,5965.54
13582,3647119,5965.54
13582,3647330,5965.54
13582,3647645,5965.54
13582,3647924,5965.54
13582,3648286,5965.54
13582,3648566,5965.54
13582,3648791,5965.54
13582,3649139,5965.54
13582,3649381,5965.54
13582,3649665,5965.54
13582,3650016,5965.54
13582,3650233,5965.54
13582,3650577,5965.54
13582,3652090,5965.54
13582,3658088,5965.54
13582,3668867,5965.54
13582,3686654,5964.69
13582,3705649,5964.69
13582,3725056,5964.72
13582,3745018,5964.72
13582,3765473,5964.66
13582,3786107,5964.66
13582,3806964,5964.66
13582,3827810,5964.72
13582,3848449,5964.72
13582,3869563,5964.73
13582,3890810,5964.73
13582,3912030,5964.75
13582,3932880,5964.75
13582,3953413,5964.68
13582,3969524,5964.68
13582,3969758,5964.68
13582,3970049,5964.72
13582,3970340,5964.72
13582,3970680,5965.54
13582,3970977,5965.54
13582,3971192,5965.54
13582,3971486,5965.54
13582,3971774,5965.54
13582,3972117,5965.54
13582,3972360,5965.54
13582,3972649,5965.54
13582,3972997,5965.54
13582,3973215,5965.54
13582,3973559,5965.54
13582,3973862,5965.54
13582,3974147,5965.54
13582,3974380,5965.54
13582,3974670,5965.54
13582,3975003,5965.54
13582,3975303,5965.54
13582,3975587,5965.54
13582,3975819,5965.54
13582,3976167,5965.54
13582,3976425,5965.54
13582,3976691,5965.54
13582,3976976,5965.54
13582,3977316,5965.54
13582,3977613,5965.54
13582,3977896,5965.54
13582,3978129,5965.54
13582,3978420,5965.54
13582,3978692,5965.54
13582,3978913,5965.54
13582,3979216,5965.54
13582,3979472,5965.54
13582,3979838,5965.54
13582,3980080,5965.54
13582,3980424,5965.54
13582,3980654,5965.54
13582,3980970,5965.54
13582,3981217,5965.54
13582,3981527,5965.54
13582,3981866,5965.54
13582,3982157,5965.54
13582,3982374,5965.54
13582,3982732,5965.54
13582,3982968,5965.54
13582,3983318,5965.54
13582,3983609,5965.54
13582,3983826,5965.54
13582,3984124,5965.54
13582,3984406,5965.54
13582,3984752,5965.54
13582,3985047,5965.54
13582,3985262,5965.54
13582,3985561,5965.54
13582,3985850,5965.54
13582,3986202,5965.54
13582,3986503,5965.54
13582,3986741,5965.54
13582,3987092,5965.54
13582,3987394,5965.54
13582,3987622,5965.54
13582,3987914,5965.54
13582,3988193,5965.54
13582,3988479,5965.54
13582,3996492,5965.54
13582,4012985,5965.54
13582,4030967,5965.54
13582,4049941,5964.61
13582,4069702,5964.61
13582,4089866,5964.61
13582,4110285,5964.59
13582,4130762,5964.59
13582,4151503,5964.66
13582,4172457,5964.66
13582,4193229,5964.59
13582,4214198,5964.59
13582,4235209,5964.59
13582,4256259,5964.59
13582,4277437,5964.59
13582,4298434,5964.62
13582,4319751,5964.62
13582,4340928,5964.58
13582,4362342,5964.58
13582,4383922,5964.58
13582,4405312,5964.58
13582,4426437,5964.58
13582,4447838,5964.55
13582,4469257,5964.55
13582,4490554,5964.66
13582,4511810,5964.66
13582,4533243,5964.57
13582,4554560,5964.57
13582,4575885,5964.57
13582,4597441,5964.61
13582,4618822,5964.61
13582,4639931,5964.59
13582,4661167,5964.59
13582,4682173,5964.59
13582,4703420,5964.59
13582,4724668,5964.43
13582,4746042,5964.43
13582,4767283,5964.43
13582,4788543,5964.58
13582,4809682,5964.58
13582,4830782,5964.52
13582,4851785,5964.52
13582,4872886,5964.68
13582,4894388,5964.68
13582,4915859,5964.68
13582,4937253,5964.6
13582,4958388,5964.6
13582,4979564,5964.6
13582,5000700,5964.6
13582,5022137,5964.54
13582,5043351,5964.54
13582,5064663,5964.65
13582,5086002,5964.65
13582,5107396,5964.65
13582,5128437,5964.56
13582,5150012,5964.56
13582,5171572,5964.53
13582,5193010,5964.53
13582,5214637,5964.63
13582,5236173,5964.63
13582,5257542,5964.57
13582,5279054,5964.57
13582,5300797,5964.57
13582,5322435,5964.69
13582,5343905,5964.69
13582,5365442,5964.61
13582,5387048,5964.61
13582,5408720,5964.57
13582,5430117,5964.57
13582,5451622,5964.57
13582,5473205,5964.5
13582,5494933,5964.5
13582,5516505,5964.51
13582,5537595,5964.51
13582,5558819,5964.51
13582,5580094,5964.51
13582,5601214,5964.57
13582,5622225,5964.57
13582,5643145,5964.57
13582,5663922,5964.5
13582,5685083,5964.5
13582,5706169,5964.62
13582,5727341,5964.62
13582,5748420,5964.47
13582,5769913,5964.47
13582,5791573,5964.55
13582,5813130,5964.55
13582,5835326,5964.55
13582,5856998,5964.6
13582,5878852,5964.6
13582,5900636,5964.55
13582,5922496,5964.55
13582,5944380,5964.53
13582,5966136,5964.53
13582,5987767,5964.53
13582,6009527,5964.49
13582,6031562,5964.49
13582,6053345,5964.43
13582,6075365,5964.43
13582,6097099,5964.52
13582,6118090,5964.52
13582,6139050,5964.52
13582,6160193,5964.53
13582,6181447,5964.53
13582,6202570,5964.47
13582,6218277,5964.47
13582,6218578,5964.46
13582,6218872,5964.46
13582,6221518,5965.54
13582,6221743,5965.54
13582,6225221,5965.54
13582,6241254,5965.54
13582,6262862,5965.54
13582,6284620,5964.23
13582,6306141,5964.23
13582,6327585,5964.41
13582,6348819,5964.41
13582,6370236,5964.38
13582,6391808,5964.38
13582,6412851,5964.38
13582,6434353,5964.45
13582,6455939,5964.45
13582,6477245,5964.48
13582,6498812,5964.48
13582,6520511,5964.5
13582,6542016,5964.5
13582,6563601,5964.5
13582,6585241,5964.61
13582,6606919,5964.61
13582,6628545,5964.43
13582,6650186,5964.43
13582,6671889,5964.54
13582,6693565,5964.54
13582,6714808,5964.42
13582,6736181,5964.42
13582,6757956,5964.42
13582,6779573,5964.56
13582,6801274,5964.56
13582,6822852,5964.47
13582,6844244,5964.47
13582,6866364,5964.59
13582,6888039,5964.59
13582,6909636,5964.59
13583,51316,5964.55
13583,72723,5964.55
13583,94086,5964.55
13583,115619,5964.5
13583,137210,5964.5
13583,158436,5964.57
13583,179939,5964.57
13583,201408,5964.46
13583,222816,5964.46
13583,244317,5964.56
13583,265699,5964.56
13583,286839,5964.56
13583,308358,5964.47
13583,329712,5964.47
13583,350828,5964.5
13583,371736,5964.5
13583,393116,5964.47
13583,6913789,5964.68
13583,6935110,5964.68
13583,6956295,5964.68
13583,6977651,5964.61
13583,6998903,5964.61
13583,7020166,5964.74
13583,7041521,5964.74
13583,7063034,5964.57
13583,7084801,5964.57
13583,7106811,5964.58
13583,7128711,5964.58
13583,7150688,5964.58
13583,7172856,5964.55
13583,7194973,5964.55
13583,7216603,5964.57
13583,7237995,5964.57
13583,7251745,5964.51
13583,7252030,5964.51
13583,7252384,5964.51
13583,7252614,5965.54
13583,7260131,5965.54
13583,7279877,5965.54
13583,7301249,5965.54
13583,7322773,5964.11
13583,7343871,5964.11
13583,7365482,5964.59
13583,7387204,5964.59
13583,7408367,5964.59
13583,7429605,5964.52
13583,7450765,5964.52
13583,7471364,5964.57
13583,7492725,5964.57
13583,7513993,5964.48
13583,7535270,5964.48
13583,7555990,5964.48
13583,7556356,5964.55
13583,7556598,5964.55
13583,7568635,5965.54
13583,7588928,5965.54
13583,698241,5965.54
13583,719209,5965.54
13583,740819,5964.11
13583,762122,5964.11
13583,783119,5964.11
13583,804099,5964.4
13583,825215,5964.4
13583,846208,5964.32
13583,866935,5964.32
13583,887755,5964.53
13583,908393,5964.53
13583,929128,5964.47
13583,949877,5964.47
13583,970474,5964.47
13583,991038,5964.48
13583,1012046,5964.48
13583,1032959,5964.42
13583,1054209,5964.42
13583,1075259,5964.55
13583,1096678,5964.55
13583,1117660,5964.55
13583,1139070,5964.46
13583,1160547,5964.46
13583,1182312,5964.5
13583,1203934,5964.5
13583,1225698,5964.66
13583,1247315,5964.66
13583,1268849,5964.54
13583,1290850,5964.54
13583,1312589,5964.54
13583,1333753,5964.54
13583,1354481,5964.54
13583,1375773,5964.47
13583,7610050,5964.63
13583,7631191,5964.63
13583,7652262,5964.68
13583,7673899,5964.68
13583,7695295,5964.68
13583,7716667,5964.46
13583,7737976,5964.46
13583,7759039,5964.57
13583,7780927,5964.57
13583,7802423,5964.58
13583,7824438,5964.58
13583,7846109,5964.58
13583,7867586,5964.55
13583,7889535,5964.55
13583,7911089,5964.55
13583,7933044,5964.55
13583,7954995,5964.56
13583,7976949,5964.56
13583,7998896,5964.6
13583,8020928,5964.6
13583,8042678,5964.6
13583,8064535,5964.63
13583,8084649,5964.63
13583,8085061,5964.56
13583,8085336,5964.56
13583,8085645,5965.54
13583,8085876,5965.54
13583,8086152,5965.54
13583,8086884,5965.54
13583,8097922,5965.54
13583,8118569,5965.54
13583,8140253,5965.54
13583,8162221,5964.45
13583,8183452,5964.45
13583,8204826,5964.46
13583,8226226,5964.46
13583,8247856,5964.46
13583,8269240,5964.51
13583,8290291,5964.51
13583,8311209,5964.56
13583,8332455,5964.56
13583,8353448,5964.62
13583,8374171,5964.62
13583,8395386,5964.62
13583,8416475,5964.57
13583,8437663,5964.57
13583,8458679,5964.56
13583,8479665,5964.56
13583,8500259,5964.58
13583,8521711,5964.58
13583,8542895,5964.56
13583,8564001,5964.56
13583,8585505,5964.56
13583,8606687,5964.56
13583,8628125,5964.56
13583,8649243,5964.53
13583,8670758,5964.53
13583,8691907,5964.52
13583,8713263,5964.52
13583,8734929,5964.52
13583,8756458,5964.47
13583,8778175,5964.47
13583,8799669,5964.53
13583,8821545,5964.53
13583,8843175,5964.52
13583,8864917,5964.52
13583,8886819,5964.48
13583,8908103,5964.48
13583,8929586,5964.48
13583,8950961,5964.46
13583,8972598,5964.46
13583,8993885,5964.52
13583,9015315,5964.52
13583,9037216,5964.48
13583,9058613,5964.48
13583,9080218,5964.48
13583,9101761,5964.48
13583,9123114,5964.48
13583,9144625,5964.47
13583,9165880,5964.47
13583,9187202,5964.5
13583,9208485,5964.5
13583,9229739,5964.49
13583,9251125,5964.49
13583,9272999,5964.49
13583,9282660,5964.48
13583,9282944,5964.48
13583,9285218,5965.54
13583,9300464,5965.54
13583,9321443,5964.73
13583,9342733,5964.73
13583,9364305,5964.73
13583,9385825,5964.52
13583,9407090,5964.52
13583,9428483,5964.53
13583,9449701,5964.53
13583,9449963,5964.44
13583,9451344,5964.44
13583,9464511,5964.44
13583,9485403,5965.54
13583,9506823,5965.54
13583,9528202,5964.41
13583,9549530,5964.41
13583,9571279,5964.46
13583,9593040,5964.46
13583,9614510,5964.53
13583,9636399,5964.53
13583,9658066,5964.53
13583,9679940,5964.5
13583,9701792,5964.5
13583,9723093,5964.49
13583,9744695,5964.49
13583,9765588,5964.54
13583,9786701,5964.54
13583,9807851,5964.49
13583,9829078,5964.49
13583,9849811,5964.49
13583,9871196,5964.55
13583,9892166,5964.55
13583,9913054,5964.55
13583,9934146,5964.55
13583,9955530,5964.67
13583,9976156,5964.67
13583,9997280,5964.67
13583,10018522,5964.53
13583,10039397,5964.53
13583,10060419,5964.55
13583,10081613,5964.55
13583,10102347,5964.6
13583,10123324,5964.6
13583,10144169,5964.49
13583,10165160,5964.49
13583,10186319,5964.49
13583,10200305,5964.59
13583,1396469,5964.47
13583,1417442,5964.45
13583,1440387,5964.45
13583,1464008,5964.45
13583,1486857,5964.54
13583,1509778,5964.54
13583,1532403,5964.43
13583,1555043,5964.43
13583,1576809,5964.58
13583,1599039,5964.58
13583,1620717,5964.62
13583,1642071,5964.62
13583,1663728,5964.62
13583,1685619,5964.52
13583,1707689,5964.52
13583,1730164,5964.62
13583,1753089,5964.62
13583,1775980,5964.51
13583,1799140,5964.51
13583,1821929,5964.51
13583,1844609,5964.52
13583,1867247,5964.52
13583,1890084,5964.5
13583,1912693,5964.5
13583,1935238,5964.59
13583,1956945,5964.59
13583,1978748,5964.6
13583,2000614,5964.6
13583,2022507,5964.6
13583,2044279,5964.5
13583,2066464,5964.5
13583,2088547,5964.6
13583,2110449,5964.6
13583,2132385,5964.62
13583,2155002,5964.62
13583,2177645,5964.62
13583,2200543,5964.59
13583,2223378,5964.59
13583,2245996,5964.54
13583,2269013,5964.54
13583,2291380,5964.58
13583,2314076,5964.58
13583,2336111,5964.63
13583,2358115,5964.63
13583,2379688,5964.63
13583,2401160,5964.68
13583,2422730,5964.68
13583,2444279,5964.66
13583,2465890,5964.66
13583,2487342,5964.7
13583,2508925,5964.7
13583,2530276,5964.7
13583,2551785,5964.65
13583,2573287,5964.65
13583,2594440,5964.58
13583,2615657,5964.58
13583,2637028,5964.71
13583,2658164,5964.71
13583,2679410,5964.66
13583,2700882,5964.66
13583,2722294,5964.66
13583,2743672,5964.64
13583,2765427,5964.64
13583,2786936,5964.67
13583,2808445,5964.67
13583,2830191,5964.68
13583,2851689,5964.68
13583,2853178,5964.68
13583,2853458,5964.54
13583,2854430,5964.54
13583,2868121,5965.54
13583,2888615,5965.54
13583,2909683,5963.98
13583,2930751,5963.98
13583,2952225,5964.63
13583,2973888,5964.63
13583,2995358,5964.63
13583,3016771,5964.6
13583,3038278,5964.6
13583,3060137,5964.64
13583,3082027,5964.64
13583,3103916,5964.66
13583,3125685,5964.66
13583,3147322,5964.66
13583,3168996,5964.46
13583,3448752,5964.49
13583,3470128,5964.49
13583,3491882,5964.58
13583,3513899,5964.58
13583,3535479,5964.58
13583,3557445,5964.45
13583,3579387,5964.45
13583,3601668,5964.54
13583,3623592,5964.54
13583,3644977,5964.57
13583,3665887,5964.57
13583,3687010,5964.57
13583,3708204,5964.56
13583,3729364,5964.56
13583,3750334,5964.51
13583,3771036,5964.51
13583,3792067,5964.44
13583,3813315,5964.44
13583,3834405,5964.6
13583,3855938,5964.6
13583,3877689,5964.6
13583,3882570,5964.43
13583,3882924,5964.43
13583,3883153,5965.54
13583,3883439,5965.54
13583,3888940,5965.54
13583,3908394,5965.54
13583,3928631,5965.54
13583,3949270,5964.26
13583,3970355,5964.26
13583,3991855,5964.53
13583,4013120,5964.53
13583,4034571,5964.46
13583,4056491,5964.46
13583,4077879,5964.51
13583,4099470,5964.51
13583,4121297,5964.51
13583,4143166,5964.56
13583,4165153,5964.56
13583,4187130,5964.51
13583,4209077,5964.51
13583,4230705,5964.52
13583,4252569,5964.52
13583,4274364,5964.52
13583,4278132,5964.53
13583,4278415,5964.53
13583,4278693,5965.54
13583,4281630,5965.54
13583,4297081,5965.54
13583,4319096,5965.54
13583,4341503,5964.36
13583,4363773,5964.36
13583,4385295,5964.36
13583,4406419,5964.56
13583,4427638,5964.56
13583,4448818,5964.64
13583,4470134,5964.64
13583,4491018,5964.59
13583,4512432,5964.59
13583,4533640,5964.54
13583,4830825,5964.6
13583,4852236,5964.6
13583,4873735,5964.56
13583,4895247,5964.56
13583,4916625,5964.56
13583,4938129,5964.58
13583,4959750,5964.58
13583,4981623,5964.57
13583,5003167,5964.57
13583,5024646,5964.53
13583,5030234,5964.53
13583,5030520,5964.53
13583,5030816,5965.54
13583,5031143,5965.54
13583,5031448,5965.54
13583,5031677,5965.54
13583,5031960,5965.54
13583,5036028,5965.54
13583,5052636,5965.54
13583,5072881,5965.54
13583,5093756,5965.54
13583,5114854,5964.75
13583,5136196,5964.75
13583,5157650,5964.7
13583,5178863,5964.7
13583,5200234,5964.63
13583,5221996,5964.63
13583,5243446,5964.63
13583,5265020,5964.6
13583,5286838,5964.6
13583,5308018,5964.56
13583,5329781,5964.56
13583,5351280,5964.72
13583,5372521,5964.72
13583,5394221,5964.6
13583,5415669,5964.6
13583,5437340,5964.6
13583,5458935,5964.71
13583,5480599,5964.71
13583,5502217,5964.68
13583,5524086,5964.68
13583,5545457,5964.77
13583,5566699,5964.77
13583,5588368,5964.77
13583,5610036,5964.73
13583,5631611,5964.73
13583,5652984,5964.7
13583,5674332,5964.7
13583,5695895,5964.83
13583,5717225,5964.83
13583,5738594,5964.72
13583,5760510,5964.72
13583,5781746,5964.72
13583,5803673,5964.69
13583,5825655,5964.69
13583,5847191,5964.84
13583,5869071,5964.84
13583,5890228,5964.6
13583,5911482,5964.6
13583,5932442,5964.6
13583,5953542,5964.75
13583,5974955,5964.75
13583,5996356,5964.7
13583,6017504,5964.7
13583,6038496,5964.77
13583,6059719,5964.77
13583,6080787,5964.67
13583,6101711,5964.67
13583,6122825,5964.67
13583,6144144,5964.79
13583,6165611,5964.79
13583,6187066,5964.73
13583,6208113,5964.73
13583,6229497,5964.65
13583,6250979,5964.65
13583,6272478,5964.65
13583,6293985,5964.69
13583,6315208,5964.69
13583,6336614,5964.64
13583,6357849,5964.64
13583,6379474,5964.62
13583,6400758,5964.62
13583,6422500,5964.66
13583,6444002,5964.66
13583,6465775,5964.66
13583,6487273,5964.7
13583,6508921,5964.7
13583,6530538,5964.56
13583,6551846,5964.56
13583,6573201,5964.71
13583,6594790,5964.71
13583,6616228,5964.71
13584,48659,5964.52
13584,70392,5964.52
13584,91744,5964.5
13584,112874,5964.5
13584,134371,5964.49
13584,156164,5964.49
13584,177526,5964.6
13584,199032,5964.6
13584,220258,5964.6
13584,241637,5964.47
13584,263021,5964.47
13584,284044,5964.56
13584,304905,5964.56
13584,326135,5964.4
13584,347122,5964.4
13584,368365,5964.56
13584,389621,5964.56
13584,410603,5964.56
13584,432072,5964.58
13584,453104,5964.58
13584,474473,5964.49
13584,496113,5964.49
13584,517743,5964.49
13584,539324,5964.49
13584,561002,5964.49
13584,582708,5964.54
13584,604265,5964.54
13584,625855,5964.58
13584,647608,5964.58
13584,669179,5964.58
13584,6910432,5964.58
13584,6932248,5964.58
13584,6954660,5964.46
13584,6976448,5964.46
13584,6998537,5964.46
13584,7020307,5964.61
13584,7041783,5964.61
13584,7062966,5964.47
13584,7084551,5964.47
13584,7105950,5964.72
13584,7107033,5964.72
13584,7107378,5964.72
13584,7107774,5965.54
13584,7119830,5965.54
13584,7140338,5965.54
13584,7161799,5965.54
13584,7183131,5964.4
13584,7204696,5964.4
13584,7226204,5964.47
13584,7247450,5964.47
13584,7268576,5964.47
13584,7289318,5964.48
13584,7310160,5964.48
13584,7331298,5964.37
13584,7352268,5964.37
13584,7373786,5964.47
13584,7394639,5964.47
13584,7415762,5964.47
13584,7436879,5964.43
13584,7458132,5964.43
13584,7479277,5964.44
13584,7501006,5964.44
13584,7522512,5964.49
13584,7544096,5964.49
13584,7565982,5964.48
13584,7587811,5964.48
13584,690707,5964.58
13584,712280,5964.55
13584,733418,5964.55
13584,755051,5964.55
13584,776310,5964.65
13584,797794,5964.65
13584,819359,5964.49
13584,840803,5964.49
13584,861812,5964.58
13584,883028,5964.58
13584,904565,5964.58
13584,925689,5964.5
13584,947195,5964.5
13584,968815,5964.63
13584,990065,5964.63
13584,1011427,5964.6
13584,1032579,5964.6
13584,1046155,5964.54
13584,1046458,5964.54
13584,1046693,5964.54
13584,1046965,5965.54
13584,1047317,5965.54
13584,1048297,5965.54
13584,1061507,5965.54
13584,1081267,5964.61
13584,1101769,5964.61
13584,1122753,5964.4
13584,1143883,5964.4
13584,1164988,5964.4
13584,1186161,5964.46
13584,1207602,5964.46
13584,1228858,5964.42
13584,1250112,5964.42
13584,1271151,5964.43
13584,1292538,5964.43
13584,1314233,5964.43
13584,1336039,5964.51
13584,1358091,5964.51
13584,1379761,5964.41
13584,7609544,5964.48
13584,7630933,5964.47
13584,7652047,5964.47
13584,7673574,5964.46
13584,7694565,5964.46
13584,7715790,5964.5
13584,7737055,5964.5
13584,7758024,5964.51
13584,7778920,5964.51
13584,7797843,5964.51
13584,7798119,5964.54
13584,7798334,5964.54
13584,7798640,5965.54
13584,7798923,5965.54
13584,7800356,5965.54
13584,7814561,5965.54
13584,7834776,5965.54
13584,7855641,5964.49
13584,7877032,5964.49
13584,7898144,5964.55
13584,7919670,5964.55
13584,7931306,5964.62
13584,7931536,5964.62
13584,7931821,5965.54
13584,7932161,5965.54
13584,7933412,5965.54
13584,7933640,5965.54
13584,7933937,5965.54
13584,7934215,5965.54
13584,7934566,5965.54
13584,7935149,5965.54
13584,7947213,5965.54
13584,7966132,5965.54
13584,7986359,5964.42
13584,8006843,5964.42
13584,8027330,5964.58
13584,8048182,5964.58
13584,8069107,5964.69
13584,8089937,5964.69
13584,8111304,5964.63
13584,8132946,5964.63
13584,8154704,5964.63
13584,8176437,5964.64
13584,8198049,5964.64
13584,8219393,5964.61
13584,8240956,5964.61
13584,8262690,5964.67
13584,8284043,5964.67
13584,8305211,5964.7
13584,8326216,5964.7
13584,8347210,5964.7
13584,8367973,5964.61
13584,8388817,5964.61
13584,8409545,5964.69
13584,8430871,5964.69
13584,8452029,5964.74
13584,8473138,5964.74
13584,8494134,5964.74
13584,8515005,5964.65
13584,8536276,5964.65
13584,8557250,5964.64
13584,8578316,5964.64
13584,8590890,5964.67
13584,8591089,5964.67
13584,8591389,5965.54
13584,8591693,5965.54
13584,8591968,5965.54
13584,8592262,5965.54
13584,8592557,5965.54
13584,8592900,5965.54
13584,8593133,5965.54
13584,8593413,5965.54
13584,8593704,5965.54
13584,8603279,5965.54
13584,8621869,5965.54
13584,8642103,5965.54
13584,8663094,5964.18
13584,8683999,5964.18
13584,8704948,5964.56
13584,8726099,5964.56
13584,8746831,5964.63
13584,8767791,5964.63
13584,8788776,5964.63
13584,8809669,5964.53
13584,8830730,5964.53
13584,8851755,5964.71
13584,8872810,5964.71
13584,8894059,5964.71
13584,8915517,5964.71
13584,8936676,5964.67
13584,8957949,5964.67
13584,8978980,5964.67
13584,9000352,5964.64
13584,9021712,5964.64
13584,9043000,5964.56
13584,9064495,5964.56
13584,9085863,5964.57
13584,9106996,5964.57
13584,9127990,5964.57
13584,9149092,5964.53
13584,9170726,5964.53
13584,9192104,5964.54
13584,9213621,5964.54
13584,9235358,5964.52
13584,9257167,5964.52
13584,9278758,5964.6
13584,9300132,5964.6
13584,9321898,5964.6
13584,9343802,5964.57
13584,9365251,5964.57
13584,9387054,5964.53
13584,9408749,5964.53
13584,9429873,5964.59
13584,9451254,5964.59
13584,9471995,5964.56
13584,9492792,5964.56
13584,9513892,5964.56
13584,9534634,5964.59
13584,9555506,5964.59
13584,9576631,5964.58
13584,9597993,5964.58
13584,9619248,5964.56
13584,9640893,5964.56
13584,9662276,5964.56
13584,9684095,5964.58
13584,9705515,5964.58
13584,9727417,5964.61
13584,9749151,5964.61
13584,9770927,5964.58
13584,9792585,5964.58
13584,9814306,5964.58
13584,9835895,5964.58
13584,9857723,5964.58
13584,9879582,5964.62
13584,9901750,5964.62
13584,9923387,5964.58
13584,9945658,5964.58
13584,9966777,5964.56
13584,9988153,5964.56
13584,10009265,5964.56
13584,10030374,5964.58
13584,10051501,5964.58
13584,10072507,5964.57
13584,10093620,5964.57
13584,10114592,5964.54
13584,10135727,5964.54
13584,10143900,5964.63
13584,10144198,5964.63
13584,10144475,5964.63
13584,10144703,5965.54
13584,10147332,5965.54
13584,10162094,5965.54
13584,10183066,5965.54
13584,10204211,5964.18
13584,10226163,5964.18
13584,10232734,5964.72
13584,1401576,5964.41
13584,1423406,5964.52
13584,1445575,5964.52
13584,1467317,5964.52
13584,1489576,5964.45
13584,1511602,5964.45
13584,1533616,5964.51
13584,1555451,5964.51
13584,1576911,5964.6
13584,1598109,5964.6
13584,1619141,5964.44
13584,1640173,5964.44
13584,1661490,5964.44
13584,1682747,5964.59
13584,1703781,5964.59
13584,1725234,5964.56
13584,1746640,5964.56
13584,1767862,5964.47
13584,1789634,5964.47
13584,1811135,5964.47
13584,1832633,5964.61
13584,1854666,5964.61
13584,1876447,5964.5
13584,1898314,5964.5
13584,1920020,5964.54
13584,1941937,5964.54
13584,1964359,5964.54
13584,1986384,5964.55
13584,2008390,5964.55
13584,2029885,5964.54
13584,2051124,5964.54
13584,2072512,5964.52
13584,2093674,5964.52
13584,2114874,5964.49
13584,2136259,5964.49
13584,2157487,5964.49
13584,2179016,5964.55
13584,2200515,5964.55
13584,2221875,5964.53
13584,2243196,5964.53
13584,2264323,5964.54
13584,2285184,5964.54
13584,2306384,5964.54
13584,2327654,5964.5
13584,2349246,5964.5
13584,2370494,5964.54
13584,2391708,5964.54
13584,2413120,5964.61
13584,2434491,5964.61
13584,2455811,5964.63
13584,2477106,5964.63
13584,2498363,5964.63
13584,2519541,5964.58
13584,2540862,5964.58
13584,2562782,5964.59
13584,2584237,5964.59
13584,2605886,5964.6
13584,2627387,5964.6
13584,2648627,5964.6
13584,2670154,5964.59
13584,2691508,5964.59
13584,2712559,5964.57
13584,2733618,5964.57
13584,2754745,5964.65
13584,2776272,5964.65
13584,2797359,5964.62
13584,2818489,5964.62
13584,2839872,5964.62
13584,2861162,5964.53
13584,2882638,5964.53
13584,2903960,5964.56
13584,2925251,5964.56
13584,2946235,5964.44
13584,2967657,5964.44
13584,2989360,5964.46
13584,3010739,5964.46
13584,3032312,5964.46
13584,3053620,5964.49
13584,3074871,5964.49
13584,3096135,5964.5
13584,3117226,5964.5
13584,3138731,5964.52
13584,3160247,5964.52
13584,3181531,5964.52
13584,3202721,5964.54
13584,3224084,5964.54
13584,3245398,5964.59
13584,3266874,5964.59
13584,3288267,5964.54
13584,3309254,5964.54
13584,3330481,5964.52
13584,3351794,5964.52
13584,3373126,5964.52
13584,3394509,5964.53
13584,3415896,5964.53
13584,3436892,5964.45
13584,3458503,5964.45
13584,3479995,5964.52
13584,3501300,5964.52
13584,3522865,5964.52
13584,3544379,5964.47
13584,3565746,5964.47
13584,3586906,5964.47
13584,3607994,5964.47
13584,3629251,5964.57
13584,3650410,5964.57
13584,3671594,5964.4
13584,3692876,5964.4
13584,3714112,5964.4
13584,3735756,5964.55
13584,3757401,5964.55
13584,3778466,5964.53
13584,3799967,5964.53
13584,3821518,5964.44
13584,3843002,5964.44
13584,3864384,5964.51
13584,3885741,5964.51
13584,3907457,5964.51
13584,3928798,5964.46
13584,3950248,5964.46
13584,3971785,5964.51
13584,3993206,5964.51
13584,4014734,5964.51
13584,4036076,5964.51
13584,4057681,5964.51
13584,4078925,5964.61
13584,4100339,5964.61
13584,4122140,5964.48
13584,4143524,5964.48
13584,4165311,5964.57
13584,4186694,5964.57
13584,4208303,5964.57
13584,4229454,5964.57
13584,4250706,5964.57
13584,4272058,5964.56
13584,4293607,5964.56
13584,4315062,5964.49
13584,4336415,5964.49
13584,4358197,5964.6
13584,4379446,5964.6
13584,4400680,5964.47
13584,4421809,5964.47
13584,4442968,5964.47
13584,4464715,5964.66
13584,4486447,5964.66
13584,4507864,5964.67
13584,4529604,5964.67
13584,4551112,5964.64
13584,4572692,5964.64
13584,4594368,5964.64
13584,4616013,5964.59
13584,4637624,5964.59
13584,4659265,5964.51
13584,4680781,5964.51
13584,4701888,5964.57
13584,4723757,5964.57
13584,4745401,5964.57
13584,4767165,5964.57
13584,4788799,5964.57
13584,4810035,5964.64
13584,4831423,5964.64
13584,4853264,5964.54
13584,4874558,5964.54
13584,4895850,5964.57
13584,4917047,5964.57
13584,4937913,5964.57
13584,4959044,5964.58
13584,4980431,5964.58
13584,5001540,5964.54
13584,5023026,5964.54
13584,5044275,5964.67
13584,5065463,5964.67
13584,5086733,5964.68
13584,5107936,5964.68
13584,5129529,5964.68
13584,5150645,5964.64
13584,5171891,5964.64
13584,5193277,5964.56
13584,5214405,5964.56
13584,5235665,5964.68
13584,5257030,5964.68
13584,5278409,5964.68
13584,5299509,5964.72
13584,5320560,5964.72
13584,5341625,5964.63
13584,5363132,5964.63
13584,5384268,5964.62
13584,5405691,5964.62
13584,5427007,5964.62
13584,5448139,5964.62
13584,5469167,5964.62
13584,5490382,5964.59
13584,5511743,5964.59
13584,5532775,5964.58
13584,5554279,5964.58
13584,5575505,5964.6
13584,5596435,5964.6
13584,5617463,5964.66
13584,5638462,5964.66
13584,5659849,5964.66
13584,5681224,5964.64
13584,5702916,5964.64
13584,5724728,5964.6
13584,5746419,5964.6
13584,5768266,5964.64
13584,5790028,5964.64
13584,5811810,5964.64
13584,5833650,5964.66
13584,5855227,5964.66
13584,5876691,5964.61
13584,5898310,5964.61
13584,5920184,5964.74
13584,5941314,5964.74
13584,5962322,5964.66
13584,5983455,5964.66
13584,6004683,5964.66
13584,6025653,5964.62
13584,6046685,5964.62
13584,6067654,5964.61
13584,6088558,5964.61
13584,6109686,5964.71
13584,6130663,5964.71
13584,6151602,5964.71
13584,6172478,5964.62
13584,6193184,5964.62
13584,6214348,5964.62
13584,6235633,5964.62
13584,6256950,5964.52
13584,6278215,5964.52
13584,6299242,5964.59
13584,6320438,5964.59
13584,6325850,5964.59
13584,6326140,5964.54
13584,6327114,5964.54
13584,6340421,5965.54
13584,6360738,5965.54
13584,6381561,5964.37
13584,6402345,5964.37
13584,6423574,5964.44
13584,6444571,5964.44
13584,6465433,5964.44
13584,6486546,5964.68
13584,6507669,5964.68
13584,6528655,5964.53
13584,6550017,5964.53
13584,6570985,5964.57
13584,6591889,5964.57
13584,6612771,5964.57
13584,6633736,5964.53
13584,6654992,5964.53
13584,6676175,5964.45
13584,6697475,5964.45
13584,6718432,5964.57
13584,6739551,5964.57
13584,6760382,5964.52
13584,6781580,5964.52
13584,6802935,5964.52
13584,6824065,5964.49
13584,6845476,5964.49
13584,6866845,5964.52
13584,6888509,5964.52
13585,54771,5964.71
13585,75759,5964.71
13585,96991,5964.74
13585,118500,5964.74
13585,139878,5964.66
13585,161398,5964.66
13585,183091,5964.69
13585,204655,5964.69
13585,226036,5964.71
13585,247915,5964.71
13585,269680,5964.71
13585,291295,5964.7
13585,312315,5964.7
13585,333566,5964.65
13585,355155,5964.65
13585,376545,5964.68
13585,397928,5964.68
13585,419185,5964.68
13585,440735,5964.65
13585,462228,5964.65
13585,483702,5964.63
13585,505330,5964.63
13585,527019,5964.67
13585,548465,5964.67
13585,570086,5964.68
13585,591675,5964.68
13585,613114,5964.68
13585,634151,5964.68
13585,655346,5964.68
13585,676323,5964.65
13585,6937386,5964.68
13585,6958658,5964.68
13585,6979715,5964.65
13585,7000606,5964.65
13585,7021757,5964.6
13585,7042803,5964.6
13585,7063702,5964.6
13585,7084978,5964.65
13585,7105951,5964.65
13585,7126845,5964.55
13585,7147836,5964.55
13585,7169315,5964.66
13585,7190590,5964.66
13585,7211947,5964.62
13585,7233195,5964.62
13585,7254438,5964.62
13585,7275449,5964.56
13585,7296954,5964.56
13585,7318206,5964.64
13585,7339179,5964.64
13585,7360682,5964.68
13585,7381947,5964.68
13585,7403153,5964.68
13585,7424691,5964.6
13585,7445932,5964.6
13585,7467380,5964.58
13585,7488559,5964.58
13585,7509794,5964.66
13585,7531113,5964.66
13585,7552307,5964.57
13585,7573943,5964.57
13585,7595088,5964.57
13585,7616506,5964.61
13585,697334,5964.65
13585,718444,5964.6
13585,739184,5964.6
13585,760050,5964.69
13585,781076,5964.69
13585,802279,5964.69
13585,823403,5964.62
13585,844675,5964.62
13585,865969,5964.61
13585,887034,5964.61
13585,908265,5964.46
13585,929315,5964.46
13585,950777,5964.46
13585,972273,5964.69
13585,993504,5964.69
13585,1014653,5964.71
13585,1036262,5964.71
13585,1057527,5964.73
13585,1078640,5964.73
13585,1099844,5964.68
13585,1120883,5964.68
13585,1142222,5964.68
13585,1163129,5964.68
13585,1184225,5964.68
13585,1205617,5964.67
13585,1227125,5964.67
13585,1248227,5964.66
13585,1269297,5964.66
13585,1290745,5964.73
13585,1311979,5964.73
13585,1333242,5964.73
13585,1354206,5964.66
13585,1375094,5964.66
13585,7637931,5964.61
13585,7659047,5964.67
13585,7680193,5964.67
13585,7701284,5964.51
13585,7722155,5964.51
13585,7743029,5964.51
13585,7764118,5964.66
13585,7785020,5964.66
13585,7806374,5964.64
13585,7827439,5964.64
13585,7848406,5964.79
13585,7869223,5964.79
13585,7889965,5964.79
13585,7910690,5964.76
13585,7931798,5964.76
13585,7952688,5964.57
13585,7973696,5964.57
13585,7994681,5964.54
13585,8002732,5964.54
13585,8002952,5964.54
13585,8003308,5964.67
13585,8003588,5964.67
13585,8003822,5965.54
13585,8004109,5965.54
13585,8004445,5965.54
13585,8004691,5965.54
13585,8004974,5965.54
13585,8008072,5965.54
13585,8010490,5965.54
13585,8010826,5965.54
13585,8011117,5965.54
13585,8013137,5965.54
13585,8016638,5965.54
13585,8016929,5965.12
13585,8017278,5965.12
13585,8017573,5965.54
13585,8017860,5965.54
13585,8018087,5965.54
13585,8018424,5965.54
13585,8018660,5965.54
13585,8018995,5965.54
13585,8019221,5965.54
13585,8019530,5965.54
13585,8019882,5965.54
13585,8020111,5965.54
13585,8020393,5965.54
13585,8020734,5965.54
13585,8020994,5965.54
13585,8021218,5965.54
13585,8021612,5965.54
13585,8021842,5965.54
13585,8022194,5965.54
13585,8022469,5965.54
13585,8022623,5965.54
13585,8022919,5965.54
13585,8023267,5965.54
13585,8023499,5965.54
13585,8023843,5965.54
13585,8024058,5965.54
13585,8024348,5965.54
13585,8024656,5965.54
13585,8024995,5965.54
13585,8025226,5965.54
13585,8025486,5965.54
13585,8025807,5965.54
13585,8026137,5965.54
13585,8026387,5965.54
13585,8026677,5965.54
13585,8026955,5965.54
13585,8027255,5965.54
13585,8027536,5965.54
13585,8027822,5965.54
13585,8028104,5965.54
13585,8028444,5965.54
13585,8028759,5965.54
13585,8029039,5965.54
13585,8029277,5965.54
13585,8029560,5965.54
13585,8029890,5965.54
13585,8030198,5965.54
13585,8030475,5965.54
13585,8030714,5965.54
13585,8031005,5965.54
13585,8031340,5965.54
13585,8031636,5965.54
13585,8031928,5965.54
13585,8032168,5965.54
13585,8032447,5965.54
13585,8032738,5965.54
13585,8033082,5965.54
13585,8033371,5965.54
13585,8033661,5965.54
13585,8033894,5965.54
13585,8034187,5965.54
13585,8034541,5965.54
13585,8034759,5965.54
13585,8035054,5965.54
13585,8035287,5965.54
13585,8035586,5965.54
13585,8035881,5965.54
13585,8037329,5965.54
13585,8047947,5965.54
13585,8064319,5965.54
13585,8082130,5965.54
13585,8100816,5964.59
13585,8120010,5964.59
13585,8139689,5964.75
13585,8159295,5964.75
13585,8179526,5964.75
13585,8199996,5964.71
13585,8220496,5964.71
13585,8241097,5964.58
13585,8261859,5964.58
13585,8273090,5964.66
13585,8273391,5964.66
13585,8273730,5964.66
13585,8274020,5965.54
13585,8274199,5965.54
13585,8275437,5965.54
13585,8288226,5965.54
13585,8307414,5965.1
13585,8327516,5965.1
13585,8347379,5964.59
13585,8367694,5964.59
13585,8388463,5964.59
13585,8408938,5964.54
13585,8429525,5964.54
13585,8450166,5964.65
13585,8471188,5964.65
13585,8491943,5964.63
13585,8512535,5964.63
13585,8533589,5964.63
13585,8554446,5964.57
13585,8575567,5964.57
13585,8596479,5964.78
13585,8617301,5964.78
13585,8638338,5964.64
13585,8659033,5964.64
13585,8680020,5964.78
13585,8700957,5964.78
13585,8721887,5964.78
13585,8742608,5964.66
13585,8763498,5964.66
13585,8784474,5964.69
13585,8805483,5964.69
13585,8826854,5964.62
13585,8847929,5964.62
13585,8869263,5964.62
13585,8890455,5964.62
13585,8911312,5964.62
13585,8932418,5964.7
13585,8953430,5964.7
13585,8974048,5964.8
13585,8995025,5964.8
13585,9015881,5964.69
13585,9036800,5964.69
13585,9057629,5964.69
13585,9078513,5964.67
13585,9099644,5964.67
13585,9120787,5964.75
13585,9141972,5964.75
13585,9163441,5964.64
13585,9184733,5964.64
13585,9206220,5964.64
13585,9227476,5964.72
13585,9248551,5964.72
13585,9269686,5964.74
13585,9290648,5964.74
13585,9311315,5964.72
13585,9332069,5964.72
13585,9352907,5964.7
13585,9373657,5964.7
13585,9394649,5964.7
13585,9415383,5964.62
13585,9436496,5964.62
13585,9457363,5964.67
13585,9478197,5964.67
13585,9499099,5964.74
13585,9520107,5964.74
13585,9541101,5964.74
13585,9562222,5964.69
13585,9583468,5964.69
13585,9604046,5964.72
13585,9625041,5964.72
13585,9646051,5964.72
13585,9667163,5964.72
13585,9688161,5964.7
13585,9709392,5964.7
13585,9730520,5964.7
13585,9751782,5964.67
13585,9772640,5964.67
13585,9793510,5964.7
13585,9814387,5964.7
13585,9835368,5964.73
13585,9856471,5964.73
13585,9877203,5964.72
13585,9897952,5964.72
13585,9918942,5964.72
13585,9939678,5964.7
13585,9960707,5964.7
13585,9968552,5964.69
13585,9968889,5964.69
13585,9969121,5965.54
13585,9969424,5965.54
13585,9969771,5965.54
13585,9972853,5965.54
13585,9988104,5965.54
13585,10008124,5965.12
13585,10028802,5965.12
13585,10049731,5964.65
13585,10070906,5964.65
13585,10091638,5964.73
13585,10112901,5964.73
13585,10134152,5964.73
13585,10155387,5964.7
13585,10176455,5964.7
13585,10197742,5964.79
13585,10218880,5964.79
13585,10239620,5964.72
13585,10260462,5964.72
13585,10281499,5964.72
13585,10302593,5964.74
13585,10322929,5964.74
13585,10343423,5964.69
13585,10363772,5964.69
13585,10384265,5964.69
13585,10404884,5964.69
13585,10425580,5964.58
13585,10446324,5964.58
13585,10467437,5964.58
13585,10488678,5964.74
13585,10509570,5964.74
13585,10530564,5964.58
13585,10551936,5964.58
13585,10573045,5964.65
13585,10594006,5964.65
13585,10614968,5964.65
13585,10635898,5964.72
13585,10657025,5964.72
13585,10677868,5964.68
13585,10698857,5964.68
13585,10719744,5964.62
13585,10740874,5964.62
13585,10761963,5964.67
13585,10779045,5964.67
13585,10779315,5964.67
13585,10779595,5964.8
13585,10779595,5964.8
13585,1396598,5964.66
13585,1417769,5964.66
13585,1438970,5964.72
13585,1460321,5964.72
13585,1481444,5964.72
13585,1502441,5964.67
13585,1523609,5964.67
13585,1544824,5964.74
13585,1566051,5964.74
13585,1587447,5964.62
13585,1609041,5964.62
13585,1630431,5964.59
13585,1651715,5964.59
13585,1672683,5964.59
13585,1694105,5964.65
13585,1715574,5964.65
13585,1720324,5964.8
13585,1720534,5964.8
13585,1720838,5965.54
13585,1730869,5965.54
13585,1750445,5965.12
13585,1770865,5965.12
13585,1791782,5965.12
13585,1812914,5964.74
13585,1833842,5964.74
13585,1855289,5964.69
13585,1876872,5964.69
13585,1898286,5964.76
13585,1919546,5964.76
13585,1941033,5964.76
13585,1962473,5964.61
13585,1983558,5964.61
13585,2004669,5964.74
13585,2026189,5964.74
13585,2047166,5964.61
13585,2068674,5964.61
13585,2090188,5964.7
13585,2111537,5964.7
13585,2132931,5964.7
13585,2154288,5964.72
13585,2175406,5964.72
13585,2196812,5964.68
13585,2218469,5964.68
13585,2240014,5964.69
13585,2261401,5964.69
13585,2282696,5964.75
13585,2304125,5964.75
13585,2325550,5964.75
13585,2347199,5964.72
13585,2368582,5964.72
13585,2389806,5964.75
13585,2411449,5964.75
13585,2432817,5964.71
13585,2454216,5964.71
13585,2475611,5964.71
13585,2496933,5964.72
13585,2518337,5964.72
13585,2540087,5964.8
13585,2561771,5964.8
13585,2583230,5964.75
13585,2604651,5964.75
13585,2625944,5964.71
13585,2647469,5964.71
13585,2668634,5964.71
13585,2690006,5964.74
13585,2711216,5964.74
13585,2732479,5964.63
13585,2753848,5964.63
13585,2775192,5964.68
13585,2796596,5964.68
13585,2817604,5964.7
13585,2838587,5964.7
13585,2859961,5964.7
13585,2881087,5964.64
13585,2902501,5964.64
13585,2923843,5964.68
13585,2931743,5964.68
13585,2932091,5964.58
13585,2935355,5964.58
13585,2951772,5964.58
13585,2973110,5965.54
13585,2994901,5965.54
13585,3016789,5964.72
13585,3038294,5964.72
13585,3059561,5964.65
13585,3080397,5964.65
13585,3101268,5964.62
13585,3122377,5964.62
13585,3143650,5964.62
13585,3164760,5964.66
13585,3186139,5964.66
13585,3207364,5964.56
13585,3228379,5964.56
13585,3249876,5964.67
13585,3271042,5964.67
13585,3292127,5964.57
13585,3313231,5964.57
13585,3334598,5964.57
13585,3355606,5964.68
13585,3376976,5964.68
13585,3398392,5964.54
13585,3419634,5964.54
13585,3441096,5964.58
13585,3462100,5964.58
13585,3483330,5964.58
13585,3504535,5964.54
13585,3525654,5964.54
13585,3547000,5964.45
13585,3568335,5964.45
13585,3589583,5964.55
13585,3610795,5964.55
13585,3631836,5964.61
13585,3653310,5964.61
13585,3674208,5964.61
13585,3695430,5964.67
13585,3716571,5964.67
13585,3737811,5964.52
13585,3758937,5964.52
13585,3780165,5964.63
13585,3801285,5964.63
13585,3822289,5964.63
13585,3843411,5964.56
13585,3864526,5964.56
13585,3885871,5964.58
13585,3907149,5964.58
13585,3928392,5964.66
13585,3949466,5964.66
13585,3970644,5964.59
13585,3991517,5964.59
13585,4012501,5964.59
13585,4033482,5964.62
13585,4054359,5964.62
13585,4075872,5964.64
13585,4097245,5964.64
13585,4118476,5964.64
13585,4139599,5964.64
13585,4160730,5964.64
13585,4181595,5964.67
13585,4202831,5964.67
13585,4224253,5964.54
13585,4245727,5964.54
13585,4267224,5964.63
13585,4288470,5964.63
13585,4309594,5964.53
13585,4331102,5964.53
13585,4352476,5964.53
13585,4373520,5964.74
13585,4394976,5964.74
13585,4416599,5964.45
13585,4438100,5964.45
13585,4459859,5964.49
13585,4481632,5964.49
13585,4503313,5964.49
13585,4525395,5964.7
13585,4547630,5964.7
13585,4569698,5964.53
13585,4591812,5964.53
13585,4613705,5964.63
13585,4635600,5964.63
13585,4657587,5964.61
13585,4678998,5964.61
13585,4700117,5964.61
13585,4721451,5964.69
13585,4742361,5964.69
13585,4763079,5964.57
13585,4783577,5964.57
13585,4804315,5964.51
13585,4824979,5964.51
13585,4845518,5964.6
13585,4866122,5964.6
13585,4886867,5964.6
13585,4907923,5964.58
13585,4929280,5964.58
13585,4950980,5964.6
13585,4972242,5964.6
13585,4993845,5964.68
13585,5015008,5964.68
13585,5036683,5964.68
13585,5057994,5964.66
13585,5079069,5964.66
13585,5100246,5964.61
13585,5121334,5964.61
13585,5142848,5964.67
13585,5164126,5964.67
13585,5185370,5964.54
13585,5206347,5964.54
13585,5227715,5964.54
13585,5248730,5964.54
13585,5269653,5964.54
13585,5290703,5964.67
13585,5311688,5964.67
13585,5332952,5964.6
13585,5354074,5964.6
13585,5375315,5964.58
13585,5396191,5964.58
13585,5417302,5964.58
13585,5438080,5964.63
13585,5459147,5964.63
13585,5480376,5964.61
13585,5501533,5964.61
13585,5522645,5964.62
13585,5543501,5964.62
13585,5564513,5964.62
13585,5585735,5964.55
13585,5606927,5964.55
13585,5628107,5964.67
13585,5649424,5964.67
13585,5670862,5964.61
13585,5692123,5964.61
13585,5712845,5964.64
13585,5733343,5964.64
13585,5754076,5964.64
13585,5774451,5964.64
13585,5795280,5964.64
13585,5815885,5964.61
13585,5836498,5964.61
13585,5857617,5964.59
13585,5878704,5964.59
13585,5899592,5964.51
13585,5920720,5964.51
13585,5941831,5964.51
13585,5957945,5964.66
13585,5958259,5964.66
13585,5958488,5965.54
13585,5958828,5965.54
13585,5969078,5965.54
13585,5987958,5965.54
13585,6008236,5965.54
13585,6028992,5963.78
13585,6049576,5963.78
13585,6070446,5964.54
13585,6091173,5964.54
13585,6112048,5964.67
13585,6132901,5964.67
13585,6153724,5964.68
13585,6174709,5964.68
13585,6195892,5964.68
13585,6216750,5964.56
13585,6237809,5964.56
13585,6258870,5964.71
13585,6279998,5964.71
13585,6301739,5964.59
13585,6323106,5964.59
13585,6344665,5964.59
13585,6366120,5964.71
13585,6387578,5964.71
13585,6409263,5964.68
13585,6430570,5964.68
13585,6451942,5964.69
13585,6473122,5964.69
13585,6494138,5964.68
13585,6514990,5964.68
13585,6535859,5964.68
13585,6556871,5964.61
13585,6577839,5964.61
13585,6598817,5964.59
13585,6620046,5964.59
13585,6641073,5964.71
13585,6662185,5964.71
13585,6683337,5964.71
13585,6704430,5964.52
13585,6725612,5964.52
13585,6746897,5964.7
13585,6768039,5964.7
13585,6789286,5964.62
13585,6810274,5964.62
13585,6831352,5964.65
13585,6852831,5964.65
13585,6873804,5964.65
13585,6895425,5964.65
13585,6916378,5964.65
13586,50859,5964.7
13586,71799,5964.7
13586,92774,5964.7
13586,113903,5964.78
13586,134859,5964.78
13586,156446,5964.67
13586,178278,5964.67
13586,199800,5964.72
13586,221541,5964.72
13586,242963,5964.71
13586,264028,5964.71
13586,284996,5964.71
13586,305801,5964.67
13586,326766,5964.67
13586,347641,5964.71
13586,368699,5964.71
13586,389367,5964.71
13586,410220,5964.71
13586,431210,5964.71
13586,452007,5964.71
13586,473076,5964.71
13586,493887,5964.71
13586,515086,5964.71
13586,535919,5964.71
13586,556911,5964.71
13586,568903,5964.79
13586,569209,5964.79
13586,570745,5964.79
13586,583932,5965.54
13586,603291,5965.54
13586,623507,5964.39
13586,643845,5964.39
13586,664835,5964.82
13586,685974,5964.82
13586,706926,5964.82
13586,728175,5964.77
13586,749586,5964.77
13586,770762,5964.63
13586,791754,5964.63
13586,812947,5964.78
13586,833995,5964.78
13586,855316,5964.75
13586,876510,5964.75
13586,897687,5964.75
13586,918894,5964.67
13586,939792,5964.67
13586,961081,5964.74
13586,982192,5964.74
13586,1002674,5964.75
13586,1023836,5964.75
13586,1044623,5964.75
13586,1048189,5964.72
13586,1048501,5964.72
13586,1056660,5965.54
13586,1075591,5965.54
13586,1095709,5964.96
13586,1116114,5964.96
13586,1136391,5964.77
13586,1156853,5964.77
13586,1177468,5964.77
13586,1197809,5964.72
13586,1218444,5964.72
13586,1239132,5964.75
13586,1259888,5964.75
13586,1280995,5964.74
13586,1302019,5964.74
13586,1323382,5964.72
13586,1344624,5964.72
13586,1365630,5964.72
13586,1386607,5964.76
13586,1407881,5964.76
13586,1428913,5964.77
13586,1450206,5964.77
13586,1471087,5964.77
13586,1492248,5964.77
13586,1513157,5964.77
13586,1534446,5964.73
13586,1555401,5964.73
13586,1576545,5964.73
13586,1597708,5964.73
13586,1618814,5964.78
13586,1639781,5964.78
13586,1660674,5964.7
13586,1681925,5964.7
13586,1702773,5964.7
13586,1723900,5964.72
13586,1745036,5964.72
13586,1766011,5964.58
13586,1786782,5964.58
13586,1807619,5964.59
13586,1828371,5964.59
13586,1849250,5964.69
13586,1870081,5964.69
13586,1890731,5964.69
13586,1911664,5964.66
13586,1932310,5964.66
13586,1952883,5964.67
13586,1973435,5964.67
13586,1994374,5964.69
13586,2015242,5964.69
13586,2035957,5964.69
13586,2056685,5964.74
13586,2077548,5964.74
13586,2098370,5964.71
13586,2118957,5964.71
13586,2139902,5964.62
13586,2160653,5964.62
13586,2181387,5964.62
13586,2201984,5964.62
13586,2222811,5964.62
13586,2243584,5964.67
13586,2264220,5964.67
13586,2285067,5964.6
13586,2305759,5964.6
13586,2326283,5964.71
13586,2346666,5964.71
13586,2367641,5964.68
13586,2388366,5964.68
13586,2409043,5964.68
13586,2430073,5964.66
13586,2450822,5964.66
13586,2471404,5964.57
13586,2492159,5964.57
13586,2512757,5964.63
13586,2533382,5964.63
13586,2553976,5964.63
13586,2574615,5964.67
13586,2595596,5964.67
13586,2616817,5964.69
13586,2637948,5964.69
13586,2658818,5964.65
13586,2671711,5964.65
13586,2672055,5964.74
13586,2672932,5964.74
13586,2686452,5964.74
13586,2705954,5965.54
13586,2726050,5965.54
13586,2746247,5964.53
13586,2766492,5964.53
13586,2786509,5964.7
13586,2806803,5964.7
13586,2827524,5964.78
13586,2848652,5964.78
13586,2869265,5964.78
13586,2890272,5964.75
13586,2911087,5964.75
13586,2932146,5964.84
13586,2951959,5964.84
13586,2952297,5964.82
13586,2955327,5964.82
13586,2971211,5964.82
13586,2991375,5965.54
13586,3012088,5965.54
13586,3032631,5964.76
13586,3053260,5964.76
13586,3073477,5964.75
13586,3094128,5964.75
13586,3114988,5964.67
13586,3136081,5964.67
13586,3157409,5964.67
13586,3178546,5964.73
13586,3199931,5964.73
13586,3221005,5964.81
13586,3241926,5964.81
13586,3262437,5964.78
13586,3283290,5964.78
13586,3304163,5964.78
13586,3324682,5964.75
13586,3345354,5964.75
13586,3365962,5964.85
13586,3386953,5964.85
13586,3396599,5964.72
13586,3396953,5964.72
13586,3397221,5965.54
13586,3397528,5965.54
13586,3397759,5965.54
13586,3398050,5965.54
13586,3398388,5965.54
13586,3398617,5965.54
13586,3398894,5965.54
13586,3399129,5965.54
13586,3399417,5965.54
13586,3399756,5965.54
13586,3402147,5965.54
13586,3416638,5965.54
13586,3435440,5965.09
13586,3455419,5965.09
13586,3475508,5964.73
13586,3495843,5964.73
13586,3516482,5964.83
13586,3537094,5964.83
13586,3557673,5964.83
13586,3578596,5964.79
13586,3599538,5964.79
13586,3620406,5964.84
13586,3641284,5964.84
13586,3661932,5964.71
13586,3682609,5964.71
13586,3703354,5964.71
13586,3708667,5964.87
13586,3708901,5964.87
13586,3709124,5965.54
13586,3720262,5965.54
13586,3739977,5965.54
13586,3760117,5965.54
13586,3780324,5964.88
13586,3800760,5964.88
13586,3821616,5964.88
13586,3842392,5964.87
13586,3862996,5964.87
13586,3883716,5964.92
13586,3904555,5964.92
13586,3925705,5964.79
13586,3946691,5964.79
13586,3968331,5964.79
13586,3989612,5964.87
13586,4009816,5964.87
13586,4009849,5964.73
13587,56250,5964.77
13587,80678,5964.76
13587,105617,5964.76
13587,130086,5964.69
13587,154839,5964.69
13587,179041,5964.84
13587,203742,5964.84
13587,228339,5964.74
13587,252829,5964.74
13587,277240,5964.74
13587,301810,5964.72
13587,329143,5964.72
13587,357957,5964.83
13587,384856,5964.83
13587,409905,5964.69
13587,435707,5964.69
13587,459081,5964.69
13587,479217,5964.67
13587,499583,5964.67
13587,519412,5964.79
13587,538614,5964.79
13587,557661,5964.79
13587,577118,5964.79
13587,596713,5964.82
13587,616697,5964.82
13587,636517,5964.82
13587,656272,5964.75
13587,675695,5964.75
13587,6936641,5964.75
13587,6957042,5964.71
13587,6977483,5964.71
13587,6998099,5964.74
13587,7018769,5964.74
13587,7039593,5964.77
13587,7060526,5964.77
13587,7080901,5964.77
13587,7101782,5964.67
13587,7122710,5964.67
13587,7143264,5964.76
13587,7164478,5964.76
13587,7185223,5964.56
13587,7204694,5964.56
13587,7205025,5964.56
13587,7205283,5964.67
13587,7211517,5964.67
13587,7226925,5965.54
13587,7247736,5965.54
13587,7268610,5964.48
13587,7289405,5964.48
13587,7309694,5964.8
13587,7330247,5964.8
13587,7350307,5964.8
13587,7370368,5964.62
13587,7390205,5964.62
13587,7410415,5964.66
13587,7430573,5964.66
13587,7450765,5964.68
13587,7471166,5964.68
13587,7475023,5964.68
13587,7475367,5964.6
13587,7483092,5964.6
13587,7502660,5965.54
13587,7523691,5965.54
13587,7544210,5964.73
13587,7565196,5964.73
13587,7586038,5964.73
13587,7606971,5964.59
13587,695028,5964.84
13587,714467,5964.84
13587,733730,5964.88
13587,753049,5964.88
13587,772577,5964.88
13587,792037,5964.82
13587,811765,5964.82
13587,831860,5964.88
13587,852325,5964.88
13587,873065,5964.79
13587,893798,5964.79
13587,914393,5964.79
13587,934926,5964.79
13587,955582,5964.79
13587,976204,5964.72
13587,996774,5964.72
13587,1017050,5964.84
13587,1037779,5964.84
13587,1058156,5964.72
13587,1078371,5964.72
13587,1099080,5964.72
13587,1119355,5964.63
13587,1140074,5964.63
13587,1160727,5964.68
13587,1181299,5964.68
13587,1201504,5964.73
13587,1222108,5964.73
13587,1242446,5964.73
13587,1262943,5964.64
13587,1283704,5964.64
13587,1304052,5964.73
13587,1324559,5964.73
13587,1345027,5964.74
13587,1365477,5964.74
13587,7628145,5964.59
13587,7649261,5964.67
13587,7669998,5964.67
13587,7690722,5964.69
13587,7711354,5964.69
13587,7731886,5964.69
13587,7752216,5964.88
13587,7772786,5964.88
13587,7793207,5964.65
13587,7813672,5964.65
13587,7833844,5964.74
13587,7854186,5964.74
13587,7874524,5964.75
13587,7894850,5964.75
13587,7915249,5964.75
13587,7935933,5964.81
13587,7956333,5964.81
13587,7976433,5964.7
13587,7996786,5964.7
13587,8017339,5964.75
13587,8037858,5964.75
13587,8058215,5964.71
13587,8078736,5964.71
13587,8099054,5964.71
13587,8119263,5964.77
13587,8139516,5964.77
13587,8159864,5964.8
13587,8180080,5964.8
13587,8200361,5964.78
13587,8220357,5964.78
13587,8240351,5964.78
13587,8260446,5964.8
13587,8280398,5964.8
13587,8300400,5964.69
13587,8320345,5964.69
13587,8340463,5964.84
13587,8360812,5964.84
13587,8380897,5964.78
13587,8401016,5964.78
13587,8421248,5964.78
13587,8441825,5964.83
13587,8462193,5964.83
13587,8482340,5964.86
13587,8502770,5964.86
13587,8522510,5964.77
13587,8542573,5964.77
13587,8562808,5964.84
13587,8583162,5964.84
13587,8603242,5964.84
13587,8623592,5964.85
13587,8644024,5964.85
13587,8664548,5964.82
13587,8684896,5964.82
13587,8705637,5965.07
13587,8726226,5965.07
13587,8735590,5965.07
13587,8735885,5964.97
13587,8736090,5964.97
13587,8736441,5965.54
13587,8736670,5965.54
13587,8736969,5965.54
13587,8737259,5965.54
13587,8737602,5965.54
13587,8737901,5965.54
13587,8738131,5965.54
13587,8738419,5965.54
13587,8738750,5965.54
13587,8739050,5965.54
13587,8739264,5965.54
13587,8739499,5965.54
13587,8739785,5965.54
13587,8740135,5965.54
13587,8740430,5965.54
13587,8740646,5965.54
13587,8740944,5965.54
13587,8741285,5965.54
13587,8741571,5965.54
13587,8741808,5965.54
13587,8742097,5965.54
13587,8742431,5965.54
13587,8742729,5965.54
13587,8742964,5965.54
13587,8743301,5965.54
13587,8743589,5965.54
13587,8743805,5965.54
13587,8744121,5965.54
13587,8744384,5965.54
13587,8744746,5965.54
13587,8744974,5965.54
13587,8745309,5965.54
13587,8745610,5965.54
13587,8745830,5965.54
13587,8751229,5965.54
13587,8767482,5965.54
13587,8785157,5965.54
13587,8803959,5964.44
13587,8823163,5964.44
13587,8842690,5964.61
13587,8862468,5964.61
13587,8882409,5964.65
13587,8902842,5964.65
13587,8923116,5964.65
13587,8943424,5964.65
13587,8963746,5964.65
13587,8984314,5964.72
13587,9004761,5964.72
13587,9025484,5964.71
13587,9046013,5964.71
13587,9066520,5964.72
13587,9086968,5964.72
13587,9107195,5964.72
13587,9127400,5964.68
13587,9147849,5964.68
13587,9168178,5964.71
13587,9188372,5964.71
13587,9208452,5964.66
13587,9228676,5964.66
13587,9248683,5964.66
13587,9268992,5964.65
13587,9289084,5964.65
13587,9309164,5964.64
13587,9329138,5964.64
13587,9349249,5964.51
13587,9369318,5964.51
13587,9389298,5964.62
13587,9409746,5964.62
13587,9430527,5964.62
13587,9451495,5964.61
13587,9472372,5964.61
13587,9493214,5964.61
13587,9513842,5964.61
13587,9534312,5964.61
13587,9554608,5964.61
13587,9574717,5964.61
13587,9594745,5964.6
13587,9614978,5964.6
13587,9716349,5964.56
13587,9736581,5964.56
13587,9756716,5964.56
13587,9777147,5964.57
13587,9797294,5964.57
13587,9817470,5964.65
13587,9837608,5964.65
13587,9857853,5964.58
13587,9878000,5964.58
13587,9898116,5964.58
13587,9918153,5964.57
13587,9933934,5964.57
13587,9934270,5964.62
13587,9935775,5964.62
13587,9948694,5965.54
13587,9969824,5965.54
13587,9990441,5964.6
13587,10010657,5964.6
13587,10031009,5964.6
13587,10050957,5964.58
13587,10071203,5964.58
13587,10091152,5964.63
13587,10111159,5964.63
13587,10131302,5964.59
13587,10151391,5964.59
13587,10171198,5964.59
13587,10191389,5964.62
13587,10211341,5964.62
13587,10231551,5964.64
13587,10251734,5964.64
13587,10271901,5964.6
13587,10291945,5964.6
13587,10312086,5964.64
13587,10331844,5964.64
13587,10351640,5964.64
13587,10371260,5964.64
13587,10391064,5964.64
13587,10397661,5964.68
13587,1385613,5964.74
13587,1406062,5964.67
13587,1426489,5964.67
13587,1446430,5964.73
13587,1466728,5964.73
13587,1486995,5964.69
13587,1507302,5964.69
13587,1527403,5964.58
13587,1547735,5964.58
13587,1568224,5964.58
13587,1588289,5964.64
13587,1608653,5964.64
13587,1629014,5964.73
13587,1649524,5964.73
13587,1669741,5964.7
13587,1689979,5964.7
13587,1710439,5964.7
13587,1730980,5964.66
13587,1751160,5964.66
13587,1771752,5964.69
13587,1792060,5964.69
13587,2079636,5964.66
13587,2100397,5964.73
13587,2120918,5964.73
13587,2141643,5964.67
13587,2162415,5964.67
13587,2183015,5964.64
13587,2203490,5964.64
13587,2224248,5964.64
13587,2244962,5964.59
13587,2265580,5964.59
13587,2286453,5964.76
13587,2307332,5964.76
13587,2327996,5964.7
13587,2348667,5964.7
13587,2369098,5964.57
13587,2389837,5964.57
13587,2410490,5964.57
13587,2430830,5964.7
13587,2450928,5964.7
13587,2471269,5964.75
13587,2491376,5964.75
13587,2511333,5964.65
13587,2531807,5964.65
13587,2551949,5964.65
13587,2572530,5964.81
13587,2592710,5964.81
13587,2613082,5964.75
13587,2634081,5964.75
13587,2655226,5964.71
13587,2676209,5964.71
13587,2697400,5964.79
13587,2718309,5964.79
13587,2739544,5964.79
13587,2760417,5964.74
13587,2781682,5964.74
13587,2802912,5964.75
13587,2823915,5964.75
13587,2845155,5964.74
13587,2866168,5964.74
13587,2887265,5964.74
13587,2908288,5964.64
13587,2926522,5964.64
13587,2926764,5964.71
13587,2927194,5964.71
13587,2939402,5965.54
13587,2958872,5965.54
13587,2978755,5964.35
13587,2998883,5964.35
13587,3019120,5964.35
13587,3039707,5964.71
13587,3060167,5964.71
13587,3080393,5964.62
13587,3101002,5964.62
13587,3114471,5964.78
13587,3114782,5964.78
13587,3115021,5965.54
13587,3115302,5965.54
13587,3123325,5965.54
13587,3142045,5965.54
13587,3162581,5965.54
13587,3183202,5964.37
13587,3203942,5964.37
13587,3224620,5964.75
13587,3245709,5964.75
13587,3266361,5964.75
13587,3286949,5964.77
13587,3307883,5964.77
13587,3328172,5964.68
13587,3348908,5964.68
13587,3369565,5964.81
13587,3390360,5964.81
13587,3411053,5964.78
13587,3431460,5964.78
13587,3452324,5964.78
13587,3472939,5964.76
13587,3493638,5964.76
13587,3514402,5964.69
13587,3534898,5964.69
13587,3555198,5964.8
13587,3575347,5964.8
13587,3595816,5964.8
13587,3615928,5964.72
13587,3636276,5964.72
13587,3656241,5964.76
13587,3676455,5964.76
13587,3696371,5964.77
13587,3716500,5964.77
13587,3736776,5964.73
13587,3756948,5964.73
13587,3777165,5964.73
13587,3797426,5964.69
13587,3817637,5964.69
13587,3838084,5964.76
13587,3858358,5964.76
13587,3878585,5964.7
13587,3898803,5964.7
13587,3919287,5964.71
13587,3939871,5964.71
13587,3960501,5964.71
13587,3980974,5964.78
13587,4001801,5964.78
13587,4022059,5964.64
13587,4042591,5964.64
13587,4063394,5964.71
13587,4083827,5964.71
13587,4104146,5964.71
13587,4124854,5964.62
13587,4145183,5964.62
13587,4166085,5964.7
13587,4186288,5964.7
13587,4206522,5964.47
13587,4226849,5964.47
13587,4247277,5964.63
13587,4267734,5964.63
13587,4288453,5964.63
13587,4308838,5964.64
13587,4329339,5964.64
13587,4349864,5964.7
13587,4370279,5964.7
13587,4390586,5964.62
13587,4411036,5964.62
13587,4431557,5964.43
13587,4451815,5964.43
13587,4471841,5964.43
13587,4492209,5964.67
13587,4512759,5964.67
13587,4533691,5964.72
13587,4554264,5964.72
13587,4574637,5964.67
13587,4595073,5964.67
13587,4615994,5964.67
13587,4636715,5964.63
13587,4657487,5964.63
13587,4678329,5964.6
13587,4699452,5964.6
13587,4720656,5964.67
13587,4741695,5964.67
13587,4762738,5964.51
13587,4783388,5964.51
13587,4804002,5964.51
13587,4824691,5964.64
13587,4845341,5964.64
13587,4866093,5964.57
13587,4886793,5964.57
13587,4907418,5964.59
13587,4927880,5964.59
13587,4948385,5964.59
13587,4969395,5964.59
13587,4989983,5964.59
13587,5010604,5964.65
13587,5031233,5964.65
13587,5051831,5964.72
13587,5072437,5964.72
13587,5093037,5964.59
13587,5113636,5964.59
13587,5134249,5964.59
13587,5154865,5964.61
13587,5175373,5964.61
13587,5195839,5964.63
13587,5216442,5964.63
13587,5236840,5964.61
13587,5257512,5964.61
13587,5278135,5964.61
13587,5298467,5964.56
13587,5318839,5964.56
13587,5339328,5964.63
13587,5359903,5964.63
13587,5380535,5964.76
13587,5401004,5964.76
13587,5421662,5964.64
13587,5442122,5964.64
13587,5462710,5964.64
13587,5483069,5964.71
13587,5503581,5964.71
13587,5524252,5964.68
13587,5545196,5964.68
13587,5565658,5964.68
13587,5586224,5964.68
13587,5606879,5964.68
13587,5627436,5964.79
13587,5648059,5964.79
13587,5668661,5964.71
13587,5689392,5964.71
13587,5710162,5964.87
13587,5730753,5964.87
13587,5751459,5964.73
13587,5771677,5964.73
13587,5791941,5964.73
13587,5812150,5964.72
13587,5832721,5964.72
13587,5853005,5964.73
13587,5873314,5964.73
13587,5893463,5964.64
13587,5913885,5964.64
13587,5933754,5964.64
13587,5953801,5964.73
13587,5973840,5964.73
13587,5993889,5964.62
13587,6013814,5964.62
13587,6034035,5964.73
13587,6054078,5964.73
13587,6074583,5964.73
13587,6095515,5964.7
13587,6116395,5964.7
13587,6137256,5964.7
13587,6158180,5964.7
13587,6179065,5964.72
13587,6200234,5964.72
13587,6220844,5964.72
13587,6241495,5964.63
13587,6262187,5964.63
13587,6282594,5964.73
13587,6303027,5964.73
13587,6323119,5964.7
13587,6343262,5964.7
13587,6363505,5964.77
13587,6383724,5964.77
13587,6404010,5964.77
13587,6423975,5964.69
13587,6443931,5964.69
13587,6463731,5964.64
13587,6483639,5964.64
13587,6503720,5964.68
13587,6523451,5964.68
13587,6543548,5964.68
13587,6561575,5964.73
13587,6561901,5964.73
13587,6563088,5964.69
13587,6575766,5964.69
13587,6596221,5965.09
13587,6616991,5965.09
13587,6637823,5964.72
13587,6658771,5964.72
13587,6680251,5964.72
13587,6701498,5964.65
13587,6722308,5964.65
13587,6724763,5964.69
13587,6725046,5964.69
13587,6725328,5965.54
13587,6734549,5965.54
13587,6755117,5965.54
13587,6775504,5965.15
13587,6795734,5965.15
13587,6815573,5964.7
13587,6835539,5964.7
13587,6855488,5964.74
13587,6875891,5964.74
13587,6895879,5964.75
13587,6916189,5964.75
13588,48831,5964.75
13588,69039,5964.8
13588,89099,5964.8
13588,108675,5964.74
13588,128825,5964.74
13588,148934,5964.74
13588,168530,5964.73
13588,188986,5964.73
13588,209062,5964.67
13588,214643,5964.67
13588,214905,5964.74
13588,215210,5964.74
13588,215499,5964.74
13588,215797,5965.54
13588,216075,5965.54
13588,216376,5965.54
13588,216715,5965.54
13588,216927,5965.54
13588,217241,5965.54
13588,217534,5965.54
13588,217827,5965.54
13588,218113,5965.54
13588,218404,5965.54
13588,218695,5965.54
13588,219235,5965.54
13588,228431,5965.54
13588,245335,5964.72
13588,263642,5964.72
13588,282511,5964.72
13588,301997,5964.64
13588,321750,5964.64
13588,341717,5964.77
13588,361467,5964.77
13588,381815,5964.76
13588,402129,5964.76
13588,422236,5964.76
13588,442213,5964.77
13588,462645,5964.77
13588,482800,5964.73
13588,502988,5964.73
13588,523454,5964.8
13588,543483,5964.8
13588,563932,5964.71
13588,584142,5964.71
13588,604770,5964.71
13588,625491,5964.83
13588,645990,5964.83
13588,666458,5964.81
13588,687066,5964.81
13588,7010356,5964.89
13588,7031002,5964.7
13588,7051884,5964.7
13588,7072590,5964.92
13588,7093371,5964.92
13588,7114089,5964.84
13588,7135031,5964.84
13588,7155818,5964.84
13588,7176629,5964.83
13588,7197383,5964.83
13588,7218360,5964.82
13588,7239237,5964.82
13588,7259851,5964.82
13588,7280839,5964.82
13588,7301691,5964.82
13588,7322938,5964.96
13588,7344049,5964.96
13588,7364788,5964.85
13588,7385570,5964.85
13588,7406405,5964.95
13588,7426972,5964.95
13588,7447913,5964.87
13588,7468978,5964.87
13588,7490258,5964.87
13588,7511245,5964.94
13588,7531985,5964.94
13588,7552836,5964.88
13588,7573447,5964.88
13588,7594298,5965.03
13588,7614780,5965.03
13588,7635150,5964.92
13588,7656000,5964.92
13588,7676618,5964.92
13588,707431,5964.74
13588,727630,5964.74
13588,748127,5964.74
13588,768556,5964.82
13588,788590,5964.82
13588,808520,5964.82
13588,828501,5964.82
13588,848351,5964.87
13588,868176,5964.87
13588,887902,5964.87
13588,907989,5964.83
13588,927776,5964.83
13588,947816,5964.83
13588,968140,5964.83
13588,988010,5964.89
13588,1008014,5964.89
13588,1027942,5964.93
13588,1048041,5964.93
13588,1068240,5964.93
13588,1088357,5964.76
13588,1108206,5964.76
13588,1128553,5964.83
13588,1149052,5964.83
13588,1169492,5964.76
13588,1189835,5964.76
13588,1210185,5964.93
13588,1230693,5964.93
13588,1251337,5964.93
13588,1271770,5964.74
13588,1292365,5964.74
13588,1312594,5964.71
13588,1332826,5964.71
13588,1353174,5964.75
13588,1373357,5964.75
13588,7697347,5964.96
13588,7717939,5964.96
13588,7738832,5964.92
13588,7759326,5964.92
13588,7780044,5964.87
13588,7786776,5964.87
13588,7787051,5964.87
13588,7787358,5965.54
13588,7787705,5965.54
13588,7787916,5965.54
13588,7788229,5965.54
13588,7788506,5965.54
13588,7788851,5965.54
13588,7789064,5965.54
13588,7789432,5965.54
13588,7789724,5965.54
13588,7790019,5965.54
13588,7790311,5965.54
13588,7790534,5965.54
13588,7790881,5965.54
13588,7791108,5965.54
13588,7791455,5965.54
13588,7791689,5965.54
13588,7791975,5965.54
13588,7792331,5965.54
13588,7792548,5965.54
13588,7792844,5965.54
13588,7793188,5965.54
13588,7793482,5965.54
13588,7793765,5965.54
13588,7793990,5965.54
13588,7794284,5965.54
13588,7794580,5965.54
13588,7794870,5965.54
13588,7795214,5965.54
13588,7795449,5965.54
13588,7795753,5965.54
13588,7795994,5965.54
13588,7796296,5965.54
13588,7796596,5965.54
13588,7797199,5965.54
13588,7806564,5965.54
13588,7823448,5965.54
13588,7842140,5965.07
13588,7861472,5965.07
13588,7880942,5965.07
13588,7901146,5965.02
13588,7921231,5965.02
13588,7941707,5964.89
13588,7952487,5964.89
13588,7952768,5965.22
13588,7953122,5965.22
13588,7953414,5965.54
13588,7953634,5965.54
13588,7953925,5965.54
13588,7954221,5965.54
13588,7963750,5965.54
13588,7972803,5965.54
13588,7973161,5965.54
13588,7973454,5965.54
13588,7973747,5965.54
13588,7973968,5965.54
13588,7984419,5965.54
13588,8002522,5965.54
13588,8021779,5964.84
13588,8041348,5964.84
13588,8061484,5964.92
13588,8081862,5964.92
13588,8102297,5964.95
13588,8122637,5964.95
13588,8143128,5964.95
13588,8163370,5964.91
13588,8183825,5964.91
13588,8204187,5964.86
13588,8224532,5964.86
13588,8245249,5965.01
13588,8265735,5965.01
13588,8286113,5965.01
13588,8306836,5964.91
13588,8327423,5964.91
13588,8347917,5964.95
13588,8368407,5964.95
13588,8388955,5964.91
13588,8409609,5964.91
13588,8430367,5964.98
13588,8451176,5964.98
13588,8472050,5964.98
13588,8481582,5964.96
13588,8481883,5964.96
13588,8482168,5965.54
13588,8482409,5965.54
13588,8482755,5965.54
13588,8483042,5965.54
13588,8483271,5965.54
13588,8483558,5965.54
13588,8483838,5965.54
13588,8484143,5965.54
13588,8484423,5965.54
13588,8484772,5965.54
13588,8484999,5965.54
13588,8485336,5965.54
13588,8485568,5965.54
13588,8485931,5965.54
13588,8486142,5965.54
13588,8486442,5965.54
13588,8488507,5965.54
13588,8501416,5965.54
13588,8519450,5965.27
13588,8538098,5965.27
13588,8557516,5965.27
13588,8575311,5965.08
13588,8575597,5965.08
13588,8575813,5964.98
13588,8576146,5964.98
13588,8576446,5965.54
13588,8576734,5965.54
13588,8576962,5965.54
13588,8577262,5965.54
13588,8577541,5965.54
13588,8580002,5965.54
13588,8594322,5965.54
13588,8613025,5965
13588,8632077,5965
13588,8651922,5965.15
13588,8671661,5965.15
13588,8691760,5965.15
13588,8711875,5964.9
13588,8731918,5964.9
13588,8752174,5965.01
13588,8772766,5965.01
13588,8793112,5964.97
13588,8813603,5964.97
13588,8834093,5964.91
13588,8854562,5964.91
13588,8875260,5964.91
13588,8895649,5964.93
13588,8916247,5964.93
13588,8936639,5964.98
13588,8957163,5964.98
13588,8977694,5965.02
13588,8998421,5965.02
13588,9019179,5965.01
13588,9039766,5965.01
13588,9060397,5965.01
13588,9080820,5964.98
13588,9101588,5964.98
13588,9122053,5964.93
13588,9142682,5964.93
13588,9163305,5965.03
13588,9183771,5965.03
13588,9204246,5965.03
13588,9224486,5964.87
13588,9244959,5964.87
13588,9265166,5965.01
13588,9285400,5965.01
13588,9305768,5965.08
13588,9326117,5965.08
13588,9346320,5965.08
13588,9366551,5964.99
13588,9387095,5964.99
13588,9407529,5965.12
13588,9427868,5965.12
13588,9448434,5965.03
13588,9468967,5965.03
13588,9489837,5965.14
13588,9510425,5965.14
13588,9531023,5965.14
13588,9551646,5965.05
13588,9572568,5965.05
13588,9593629,5965.01
13588,9614234,5965.01
13588,9634801,5964.89
13588,9655401,5964.89
13588,9676063,5964.89
13588,9696941,5965.02
13588,9717397,5965.02
13588,9738273,5965.05
13588,9759160,5965.05
13588,9780214,5964.93
13588,9800900,5964.93
13588,9821720,5964.94
13588,9842392,5964.94
13588,9863184,5964.94
13588,9883943,5965.01
13588,9904339,5965.01
13588,9925026,5964.98
13588,9945896,5964.98
13588,9966750,5964.93
13588,9987347,5964.93
13588,10007961,5964.93
13588,10028586,5964.93
13588,10049261,5964.93
13588,10070047,5964.94
13588,10091174,5964.94
13588,10099487,5964.95
13588,1393361,5964.81
13588,1413478,5964.81
13588,1433508,5964.81
13588,1453783,5964.73
13588,1473997,5964.73
13588,1494123,5964.81
13588,1514203,5964.81
13588,1534394,5964.76
13588,1554395,5964.76
13588,1574436,5964.76
13588,1594703,5964.86
13588,1614798,5964.86
13588,1634984,5964.82
13588,1654999,5964.82
13588,1674836,5964.9
13588,1694912,5964.9
13588,1714918,5964.83
13588,1735114,5964.83
13588,1755227,5964.83
13588,1775461,5964.87
13588,1795570,5964.87
13588,2098509,5964.8
13588,2119129,5964.8
13588,2139482,5964.74
13588,2159946,5964.74
13588,2180370,5964.81
13588,2200813,5964.81
13588,2221231,5964.81
13588,2241747,5964.71
13588,2261932,5964.71
13588,2282057,5964.82
13588,2302293,5964.82
13588,2322652,5964.84
13588,2342875,5964.84
13588,2363222,5964.91
13588,2383810,5964.91
13588,2403819,5964.91
13588,2423931,5964.88
13588,2444005,5964.88
13588,2464419,5964.81
13588,2484814,5964.81
13588,2781217,5964.83
13588,2781439,5964.83
13588,2781732,5965.54
13588,2782012,5965.54
13588,2789868,5965.54
13588,2809158,5965.54
13588,2830635,5965.54
13588,2851694,5964.36
13588,2872058,5964.36
13588,2890606,5964.78
13588,2890911,5964.78
13588,2891131,5965.54
13588,2891420,5965.54
13588,2896656,5965.54
13588,2914338,5965.54
13588,2934355,5965.54
13588,2954543,5964.18
13588,2974875,5964.18
13588,2995110,5964.69
13588,3014835,5964.69
13588,3022112,5964.76
13588,3022403,5964.76
13588,3032472,5964.76
13588,3052701,5965.54
13588,3072636,5965.54
13588,3092864,5964.71
13588,3113115,5964.71
13588,3133334,5964.83
13588,3153818,5964.83
13588,3174145,5964.83
13588,3194137,5964.76
13588,3214355,5964.76
13588,3234181,5964.72
13588,3254168,5964.72
13588,3274253,5964.8
13588,3294619,5964.8
13588,3314701,5964.68
13588,3334758,5964.68
13588,3354823,5964.68
13588,3375260,5964.67
13588,3395732,5964.67
13588,3416088,5964.77
13588,3436289,5964.77
13588,3456265,5964.91
13588,3476294,5964.91
13588,3496579,5964.91
13588,3516765,5964.87
13588,3536652,5964.87
13588,3557058,5964.7
13588,3577432,5964.7
13588,3597443,5964.79
13588,3617663,5964.79
13588,3638031,5964.75
13588,3658917,5964.75
13588,3679374,5964.75
13588,3700232,5964.79
13588,3720837,5964.79
13588,3741455,5964.8
13588,3761804,5964.8
13588,3781522,5964.74
13588,3801268,5964.74
13588,3821132,5964.74
13588,3841178,5964.81
13588,3861542,5964.81
13588,3864150,5964.84
13588,3864376,5964.84
13588,3874490,5965.54
13588,3893192,5965.54
13588,3912759,5964.3
13588,3933097,5964.3
13588,3953218,5964.3
13588,3973168,5964.84
13588,3993516,5964.84
13588,4014018,5964.74
13588,4034359,5964.74
13588,4054870,5964.74
13588,4075461,5964.74
13588,4095660,5964.74
13588,4115969,5964.73
13588,4135886,5964.73
13588,4155849,5964.69
13588,4175798,5964.69
13588,4195522,5964.74
13588,4215619,5964.74
13588,4235457,5964.72
13588,4255533,5964.72
13588,4275520,5964.72
13588,4290884,5964.86
13588,4291085,5964.86
13588,4291444,5965.54
13588,4291678,5965.54
13588,4295022,5965.54
13588,4311790,5965.54
13588,4331891,5965.54
13588,4352205,5965.08
13588,4372301,5965.08
13588,4391664,5964.83
13588,4411235,5964.83
13588,4431078,5964.86
13588,4451001,5964.86
13588,4470591,5964.8
13588,4490615,5964.8
13588,4510511,5964.8
13588,4530025,5964.8
13588,4549862,5964.8
13588,4569467,5964.79
13588,4589116,5964.79
13588,4609149,5964.83
13588,4629616,5964.83
13588,4650369,5964.83
13588,4670456,5964.88
13588,4690330,5964.88
13588,4710763,5964.8
13588,4731273,5964.8
13588,4751734,5964.93
13588,4771950,5964.93
13588,4792449,5964.78
13588,4812621,5964.78
13588,4832868,5964.78
13588,4841908,5964.88
13588,4842184,5964.88
13588,4842545,5965.54
13588,4842834,5965.54
13588,4843106,5965.54
13588,4846067,5965.54
13588,4860657,5965.54
13588,4879219,5965.54
13588,4898297,5965.54
13588,4917391,5964.87
13588,4936724,5964.87
13588,4956278,5964.78
13588,4975757,5964.78
13588,4996091,5964.74
13588,5016460,5964.74
13588,5036299,5964.74
13588,5056252,5964.85
13588,5076470,5964.85
13588,5096629,5964.7
13588,5116927,5964.7
13588,5137307,5964.77
13588,5157641,5964.77
13588,5178127,5964.84
13588,5198333,5964.84
13588,5218573,5964.84
13588,5238764,5964.79
13588,5239374,5964.79
13588,5239609,5964.76
13588,5239897,5964.76
13588,5240189,5965.54
13588,5240465,5965.54
13588,5240763,5965.54
13588,5241113,5965.54
13588,5241346,5965.54
13588,5241628,5965.54
13588,5241978,5965.54
13588,5242196,5965.54
13588,5242484,5965.54
13588,5242714,5965.54
13588,5243059,5965.54
13588,5243346,5965.54
13588,5243587,5965.54
13588,5243866,5965.54
13588,5244141,5965.54
13588,5244489,5965.54
13588,5244742,5965.54
13588,5245082,5965.54
13588,5245376,5965.54
13588,5245599,5965.54
13588,5245893,5965.54
13588,5246164,5965.54
13588,5246476,5965.54
13588,5246817,5965.54
13588,5247051,5965.54
13588,5247341,5965.54
13588,5247682,5965.54
13588,5247966,5965.54
13588,5248204,5965.54
13588,5248493,5965.54
13588,5248823,5965.54
13588,5249051,5965.54
13588,5249353,5965.54
13588,5249698,5965.54
13588,5249930,5965.54
13588,5250227,5965.54
13588,5250575,5965.54
13588,5250788,5965.54
13588,5251091,5965.54
13588,5251434,5965.54
13588,5251657,5965.54
13588,5252012,5965.54
13588,5252224,5965.54
13588,5252515,5965.54
13588,5252887,5965.54
13588,5253102,5965.54
13588,5253404,5965.54
13588,5253685,5965.54
13588,5253962,5965.54
13588,5254243,5965.54
13588,5254617,5965.54
13588,5254884,5965.54
13588,5255196,5965.54
13588,5255421,5965.54
13588,5255759,5965.54
13588,5256053,5965.54
13588,5256342,5965.54
13588,5256575,5965.54
13588,5256847,5965.54
13588,5257145,5965.54
13588,5257408,5965.54
13588,5257662,5965.54
13588,5257949,5965.54
13588,5258293,5965.54
13588,5258580,5965.54
13588,5258817,5965.54
13588,5259099,5965.54
13588,5259391,5965.54
13588,5259675,5965.54
13588,5259973,5965.54
13588,5260313,5965.54
13588,5260600,5965.54
13588,5260841,5965.54
13588,5261189,5965.54
13588,5261403,5965.54
13588,5261701,5965.54
13588,5262046,5965.54
13588,5262336,5965.54
13588,5262625,5965.54
13588,5262917,5965.54
13588,5263203,5965.54
13588,5263439,5965.54
13588,5263717,5965.54
13588,5264066,5965.54
13588,5264361,5965.54
13588,5264590,5965.54
13588,5264882,5965.54
13588,5265230,5965.54
13588,5265462,5965.54
13588,5265813,5965.54
13588,5266038,5965.54
13588,5266328,5965.54
13588,5266669,5965.54
13588,5266900,5965.54
13588,5267250,5965.54
13588,5267524,5965.54
13588,5267755,5965.54
13588,5268065,5965.54
13588,5268352,5965.54
13588,5268694,5965.54
13588,5268908,5965.54
13588,5269197,5965.54
13588,5269503,5965.54
13588,5269775,5965.54
13588,5270144,5965.54
13588,5270428,5965.54
13588,5270656,5965.54
13588,5270933,5965.54
13588,5271211,5965.54
13588,5271434,5965.54
13588,5271737,5965.54
13588,5272014,5965.54
13588,5272384,5965.54
13588,5272610,5965.54
13588,5272949,5965.54
13588,5273247,5965.54
13588,5273478,5965.54
13588,5273769,5965.54
13588,5274118,5965.54
13588,5274406,5965.54
13588,5274671,5965.54
13588,5274972,5965.54
13588,5275262,5965.54
13588,5275498,5965.54
13588,5275789,5965.54
13588,5276078,5965.54
13588,5276429,5965.54
13588,5276705,5965.54
13588,5276936,5965.54
13588,5277268,5965.54
13588,5277514,5965.54
13588,5277855,5965.54
13588,5278134,5965.54
13588,5278440,5965.54
13588,5278670,5965.54
13588,5278958,5965.54
13588,5279293,5965.54
13588,5279594,5965.54
13588,5279875,5965.54
13588,5280116,5965.54
13588,5280450,5965.54
13588,5280685,5965.54
13588,5280973,5965.54
13588,5281318,5965.54
13588,5281606,5965.54
13588,5281834,5965.54
13588,5282127,5965.54
13588,5282419,5965.54
13588,5282710,5965.54
13588,5283043,5965.54
13588,5283334,5965.54
13588,5283578,5965.54
13588,5283865,5965.54
13588,5284147,5965.54
13588,5284426,5965.54
13588,5284715,5965.54
13588,5285006,5965.54
13588,5285276,5965.54
13588,5285520,5965.54
13588,5285800,5965.54
13588,5286148,5965.54
13588,5286450,5965.54
13588,5286735,5965.54
13588,5286963,5965.54
13588,5287255,5965.54
13588,5287590,5965.54
13588,5287884,5965.54
13588,5288072,5965.54
13588,5288465,5965.54
13588,5288763,5965.54
13588,5289047,5965.54
13588,5289268,5965.54
13588,5289635,5965.54
13588,5289913,5965.54
13588,5290197,5965.54
13588,5290429,5965.54
13588,5290702,5965.54
13588,5291004,5965.54
13588,5291356,5965.54
13588,5291640,5965.54
13588,5291856,5965.54
13588,5292160,5965.54
13588,5292450,5965.54
13588,5292803,5965.54
13588,5293024,5965.54
13588,5293315,5965.54
13588,5293598,5965.54
13588,5293934,5965.54
13588,5294240,5965.54
13588,5294474,5965.54
13588,5294804,5965.54
13588,5295105,5965.54
13588,5295328,5965.54
13588,5295622,5965.54
13588,5295913,5965.54
13588,5296258,5965.54
13588,5296544,5965.54
13588,5296773,5965.54
13588,5297079,5965.54
13588,5297366,5965.54
13588,5297644,5965.54
13588,5297853,5965.54
13588,5298225,5965.54
13588,5298501,5965.54
13588,5298727,5965.54
13588,5299019,5965.54
13588,5299317,5965.54
13588,5299663,5965.54
13588,5299892,5965.54
13588,5300180,5965.54
13588,5300527,5965.54
13588,5300813,5965.54
13588,5301027,5965.54
13588,5301333,5965.54
13588,5301691,5965.54
13588,5301972,5965.54
13588,5302189,5965.54
13588,5302484,5965.54
13588,5302774,5965.54
13588,5309143,5965.54
13588,5324268,5965.24
13588,5341441,5965.24
13588,5359477,5965.24
13588,5378183,5964.93
13588,5384883,5964.93
13588,5385174,5964.94
13588,5385521,5964.94
13588,5390641,5965.54
13588,5405764,5965.54
13588,5427282,5965.54
13588,5448515,5964.62
13588,5468862,5964.62
13588,5485904,5964.91
13588,5486218,5964.91
13588,5486469,5965.54
13588,5486767,5965.54
13588,5487033,5965.54
13588,5488276,5965.54
13588,5501207,5965.54
13588,5520864,5965.54
13588,5541020,5965.54
13588,5561400,5964.72
13588,5581656,5964.72
13588,5601949,5964.94
13588,5622374,5964.94
13588,5642885,5964.94
13588,5663646,5964.86
13588,5684518,5964.86
13588,5705038,5964.81
13588,5725797,5964.81
13588,5746589,5964.82
13588,5767174,5964.82
13588,5787910,5964.86
13588,5808783,5964.86
13588,5829295,5964.86
13588,5850259,5964.78
13588,5871384,5964.78
13588,5892544,5964.86
13588,5893451,5964.86
13588,5893760,5964.81
13588,5894092,5964.81
13588,5894326,5965.54
13588,5894617,5965.54
13588,5894970,5965.54
13588,5904296,5965.54
13588,5923233,5965.54
13588,5943095,5965.05
13588,5963462,5965.05
13588,5984381,5964.71
13588,6005571,5964.71
13588,6026943,5964.71
13588,6048092,5964.74
13588,6069548,5964.74
13588,6090977,5964.79
13588,6112372,5964.79
13588,6133480,5964.84
13588,6154931,5964.84
13588,6176459,5964.68
13588,6198215,5964.68
13588,6219120,5964.68
13588,6240190,5964.72
13588,6261570,5964.72
13588,6283566,5964.71
13588,6305208,5964.71
13588,6327273,5964.72
13588,6348739,5964.72
13588,6369456,5964.72
13588,6390342,5964.72
13588,6411330,5964.72
13588,6412092,5964.78
13588,6412372,5964.78
13588,6412599,5965.54
13588,6412935,5965.54
13588,6413233,5965.54
13588,6417438,5965.54
13588,6435167,5965.54
13588,6455612,5965.54
13588,6476269,5965.54
13588,6496734,5964.62
13588,6517567,5964.62
13588,6538562,5965.2
13588,6559859,5965.2
13588,6580758,5965.2
13588,6601721,5964.92
13588,6615218,5964.92
13588,6615526,5964.86
13588,6615857,5964.86
13588,6616095,5965.54
13588,6616382,5965.54
13588,6616732,5965.54
13588,6616963,5965.54
13588,6617989,5965.54
13588,6630411,5965.54
13588,6648627,5965.54
13588,6667840,5964.88
13588,6687658,5964.88
13588,6707976,5964.75
13588,6728332,5964.75
13588,6738311,5964.75
13588,6738640,5964.8
13588,6738939,5964.8
13588,6739234,5965.54
13588,6739457,5965.54
13588,6748110,5965.54
13588,6766491,5965.54
13588,6785739,5964.28
13588,6805354,5964.28
13588,6825550,5964.28
13588,6845506,5964.87
13588,6865797,5964.87
13588,6886459,5964.83
13588,6907064,5964.83
13588,6927568,5964.87
13588,6948284,5964.87
13588,6968893,5964.87
13588,6989773,5964.89
13589,48192,5964.87
13589,69048,5965.01
13589,89446,5965.01
13589,109934,5964.92
13589,130292,5964.92
13589,150920,5964.92
13589,171494,5964.97
13589,192195,5964.97
13589,213109,5965
13589,234344,5965
13589,255334,5964.95
13589,276342,5964.95
13589,297421,5964.95
13589,318440,5964.97
13589,339677,5964.97
13589,361060,5964.93
13589,382148,5964.93
13589,403448,5965
13589,424262,5965
13589,445150,5964.98
13589,466041,5964.98
13589,486886,5964.98
13589,508010,5965.15
13589,529276,5965.15
13589,550254,5964.9
13589,571106,5964.9
13589,592228,5964.98
13589,613057,5964.98
13589,634085,5964.98
13589,654969,5960.53
13589,676016,5960.53
13589,6948344,5964.98
13589,6968926,5964.98
13589,6989543,5965.07
13589,7010038,5965.07
13589,7030508,5965.05
13589,7051027,5965.05
13589,7071480,5965.05
13589,7091646,5964.93
13589,7112383,5964.93
13589,7132566,5965.04
13589,7152886,5965.04
13589,7173229,5965.04
13589,7193689,5965.04
13589,7214459,5965.04
13589,7234935,5965.04
13589,7255418,5965.04
13589,7275761,5965.11
13589,7296222,5965.11
13589,7316713,5965.04
13589,7337718,5965.04
13589,7358560,5965.04
13589,7379436,5965.04
13589,7400309,5965.04
13589,7421166,5965
13589,7442109,5965
13589,7463003,5964.92
13589,7483740,5964.92
13589,7504892,5965.02
13589,7525877,5965.02
13589,7546844,5965.02
13589,7567709,5965
13589,7588575,5965
13589,7609512,5964.98
13589,7630240,5964.98
13589,697351,5965.91
13589,718445,5965.91
13589,739570,5965.75
13589,760686,5965.75
13589,782049,5964.84
13589,802938,5964.84
13589,824055,5964.84
13589,845170,5965.03
13589,866286,5965.03
13589,887025,5964.95
13589,907751,5964.95
13589,928388,5964.98
13589,949216,5964.98
13589,969838,5964.98
13589,990663,5964.96
13589,1011513,5964.96
13589,1032285,5965.05
13589,1053037,5965.05
13589,1073998,5965.04
13589,1094522,5965.04
13589,1115077,5965.1
13589,1136108,5965.1
13589,1157370,5965.1
13589,1178237,5965.11
13589,1199124,5965.11
13589,1220325,5965.03
13589,1241058,5965.03
13589,1261744,5965.05
13589,1282402,5965.05
13589,1303391,5964.73
13589,1324422,5964.73
13589,1345274,5964.73
13589,1366267,5965.02
13589,7650913,5965.11
13589,7671713,5965.11
13589,7692450,5964.97
13589,7712991,5964.97
13589,7733730,5964.97
13589,7754231,5965.06
13589,7774853,5965.06
13589,7795562,5965
13589,7816329,5965
13589,7837285,5965.04
13589,7858242,5965.04
13589,7878967,5965.04
13589,7899999,5964.92
13589,7920983,5964.92
13589,7941814,5964.99
13589,7962842,5964.99
13589,7983762,5964.92
13589,8004465,5964.92
13589,8025597,5965.06
13589,8046826,5965.06
13589,8068205,5965.06
13589,8089238,5965.02
13589,8109844,5965.02
13589,8130427,5965.02
13589,8151068,5965.02
13589,8171633,5964.99
13589,8191838,5964.99
13589,8212177,5964.99
13589,8231913,5965.08
13589,8251878,5965.08
13589,8271915,5965.13
13589,8292342,5965.13
13589,8312471,5965.02
13589,8332774,5965.02
13589,8353276,5965.12
13589,8374369,5965.12
13589,8395101,5965.12
13589,8415991,5965.03
13589,8436966,5965.03
13589,8458099,5965.06
13589,8479092,5965.06
13589,8499703,5965.03
13589,8520421,5965.03
13589,8541457,5965.03
13589,8562054,5965.03
13589,8582777,5965.03
13589,8603633,5965.06
13589,8624603,5965.06
13589,8645479,5964.97
13589,8666483,5964.97
13589,8687645,5965.05
13589,8708513,5965.05
13589,8729339,5965.05
13589,8750314,5965
13589,8771243,5965
13589,8792149,5965.05
13589,8812910,5965.05
13589,8833658,5965.03
13589,8854391,5965.03
13589,8874959,5965.02
13589,8896070,5965.02
13589,8916714,5965.02
13589,8937739,5965.02
13589,8958470,5965.02
13589,8979552,5965.07
13589,8999535,5965.07
13589,8999733,5964.96
13589,9000097,5964.96
13589,9000765,5965.54
13589,9012006,5965.54
13589,9033537,5965.54
13589,9055481,5965.13
13589,9077672,5965.13
13589,9098929,5964.98
13589,9119916,5964.98
13589,9141036,5965.02
13589,9162053,5965.02
13589,9183040,5965.02
13589,9204288,5965.07
13589,9225236,5965.07
13589,9246659,5964.96
13589,9267714,5964.96
13589,9288935,5965.09
13589,9309982,5965.09
13589,9331096,5965
13589,9352114,5965
13589,9373244,5965
13589,9393891,5965.05
13589,9414597,5965.05
13589,9435334,5965.05
13589,9455938,5965.05
13589,9476807,5965.07
13589,9497315,5965.07
13589,9517870,5965.07
13589,9538489,5965.14
13589,9559270,5965.14
13589,9580014,5965.02
13589,9600825,5965.02
13589,9621426,5964.99
13589,9642031,5964.99
13589,9662528,5965.08
13589,9683136,5965.08
13589,9703869,5965.08
13589,9724675,5965.07
13589,9745471,5965.07
13589,9766140,5964.98
13589,9786541,5964.98
13589,9807049,5964.94
13589,9827936,5964.94
13589,9848614,5964.96
13589,9869228,5964.96
13589,9889732,5964.96
13589,9910215,5964.98
13589,9931086,5964.98
13589,9951914,5964.99
13589,9972651,5964.99
13589,9993290,5964.93
13589,10013997,5964.93
13589,10034731,5964.93
13589,10055133,5965
13589,10075576,5965
13589,10096321,5965
13589,10107498,5965
13589,10107744,5964.95
13589,10108086,5964.95
13589,10110209,5965.54
13589,10110209,5965.54
13589,1387261,5965.02
13589,1408097,5965.07
13589,1429214,5965.07
13589,1450357,5965.14
13589,1471069,5965.14
13589,1491815,5965.14
13589,1507956,5965.05
13589,1508132,5965.05
13589,1508441,5963.39
13589,1508740,5963.39
13589,1509077,5965.54
13589,1509344,5965.54
13589,1509656,5965.54
13589,1509890,5965.54
13589,1510165,5965.54
13589,1510523,5965.54
13589,1510749,5965.54
13589,1511096,5965.54
13589,1511329,5965.54
13589,1511601,5965.54
13589,1514628,5965.54
13589,1528321,5965.54
13589,1546443,5965.54
13589,1565452,5965.54
13589,1585302,5965.14
13589,1605156,5965.14
13589,1625488,5965.06
13589,1645581,5965.06
13589,1666070,5965.06
13589,1686324,5965
13589,1706964,5965
13589,1727503,5965
13589,1748234,5965
13589,1769114,5965.13
13589,1789844,5965.13
13589,1810373,5965.04
13589,1830970,5965.04
13589,1851265,5965.04
13589,1871999,5964.98
13589,1892490,5964.98
13589,1912851,5965.06
13589,1933324,5965.06
13589,1953824,5965.09
13589,1974296,5965.09
13589,1994697,5965.09
13589,2015500,5964.98
13589,2036105,5964.98
13589,2056843,5965.06
13589,2077451,5965.06
13589,2097911,5965.06
13589,2118651,5965.06
13589,2139391,5965.02
13589,2160015,5965.02
13589,2180614,5965.02
13589,2201505,5965.03
13589,2222206,5965.03
13589,2242704,5964.95
13589,2263573,5964.95
13589,2284696,5965.07
13589,2305559,5965.07
13589,2326332,5965.07
13589,2346896,5965.02
13589,2367495,5965.02
13589,2388121,5964.96
13589,2408855,5964.96
13589,2429711,5964.95
13589,2450504,5964.95
13589,2471209,5964.95
13589,2491955,5964.96
13589,2512794,5964.96
13589,2533531,5964.95
13589,2554131,5964.95
13589,2574737,5964.87
13589,2595494,5964.87
13589,2616063,5964.93
13589,2636901,5964.93
13589,2657762,5964.93
13589,2678661,5964.99
13589,2699522,5964.99
13589,2720027,5964.89
13589,2740667,5964.89
13589,2761498,5965.05
13589,2781975,5965.05
13589,2802816,5964.88
13589,2823648,5964.88
13589,2844050,5964.88
13589,2864657,5965.03
13589,2885008,5965.03
13589,2905643,5965.06
13589,2926216,5965.06
13589,2946825,5964.98
13589,2967562,5964.98
13589,2988301,5964.98
13589,3009035,5965.03
13589,3029510,5965.03
13589,3050242,5965.06
13589,3071008,5965.06
13589,3091607,5965.01
13589,3112718,5965.01
13589,3134190,5965.05
13589,3155095,5965.05
13589,3175956,5965.05
13589,3196823,5965.05
13589,3217937,5965.05
13589,3238960,5965.25
13589,3260051,5965.25
13589,3281289,5965.01
13589,3302016,5965.01
13589,3323101,5965.01
13589,3343905,5964.91
13589,3364743,5964.91
13589,3385348,5964.92
13589,3406217,5964.92
13589,3426822,5965.1
13589,3447617,5965.1
13589,3468241,5965.04
13589,3489044,5965.04
13589,3510016,5965.04
13589,3530704,5965.03
13589,3551470,5965.03
13589,3572213,5964.96
13589,3593112,5964.96
13589,3613706,5964.9
13589,3634439,5964.9
13589,3655304,5964.9
13589,3675807,5965.05
13589,3696412,5965.05
13589,3717003,5965.03
13589,3737501,5965.03
13589,3758130,5965.01
13589,3778835,5965.01
13589,3799665,5964.98
13589,3820306,5964.98
13589,3840773,5964.98
13589,3861646,5964.91
13589,3882184,5964.91
13589,3902780,5964.89
13589,3923474,5964.89
13589,3944602,5964.94
13589,3965330,5964.94
13589,3986204,5964.94
13589,4006813,5965.01
13589,4027458,5965.01
13589,4048264,5964.9
13589,4068993,5964.9
13589,4089863,5965.01
13589,4110356,5965.01
13589,4131349,5964.91
13589,4151987,5964.91
13589,4172825,5964.91
13589,4193499,5965.08
13589,4214400,5965.08
13589,4235141,5965.07
13589,4255743,5965.07
13589,4276433,5964.98
13589,4297234,5964.98
13589,4318362,5965.1
13589,4338835,5965.1
13589,4359574,5965.1
13589,4380047,5965.09
13589,4400552,5965.09
13589,4421520,5965.13
13589,4442389,5965.13
13589,4463151,5964.98
13589,4483718,5964.98
13589,4504455,5964.98
13589,4525325,5965.05
13589,4545922,5965.05
13589,4566166,5965.08
13589,4586644,5965.08
13589,4607363,5965.04
13589,4628239,5965.04
13589,4649093,5965.16
13589,4669800,5965.16
13589,4690369,5965.16
13589,4711075,5965.01
13589,4732046,5965.01
13589,4752516,5965.19
13589,4772917,5965.19
13589,4777147,5965.08
13589,4777512,5965.08
13589,4779973,5965.08
13589,4795391,5965.54
13589,4815229,5965.54
13589,4835467,5964.71
13589,4855774,5964.71
13589,4876294,5965.18
13589,4897031,5965.18
13589,4917233,5965.06
13589,4937737,5965.06
13589,4958076,5965.06
13589,4978473,5965.18
13589,4998977,5965.18
13589,5019614,5965.1
13589,5040248,5965.1
13589,5060659,5965.04
13589,5080968,5965.04
13589,5101452,5965.04
13589,5121933,5965.06
13589,5142412,5965.06
13589,5162765,5965.07
13589,5183504,5965.07
13589,5204242,5965.09
13589,5224830,5965.09
13589,5245297,5965.05
13589,5265806,5965.05
13589,5286388,5965.05
13589,5307127,5965.14
13589,5327735,5965.14
13589,5348319,5965.06
13589,5368955,5965.06
13589,5389563,5965.06
13589,5410043,5965.06
13589,5431024,5965.06
13589,5452158,5965.05
13589,5473378,5965.05
13589,5494674,5964.97
13589,5515919,5964.97
13589,5537040,5965.07
13589,5558130,5965.07
13589,5579258,5965.15
13589,5600248,5965.15
13589,5621241,5965.15
13589,5642236,5965.06
13589,5663099,5965.06
13589,5683708,5965.04
13589,5704209,5965.04
13589,5724530,5965.06
13589,5744761,5965.06
13589,5764900,5965.09
13589,5785344,5965.09
13589,5806329,5965.09
13589,5827326,5964.96
13589,5848414,5964.96
13589,5869470,5965.06
13589,5890429,5965.06
13589,5911427,5964.92
13589,5932355,5964.92
13589,5953280,5964.92
13589,5974031,5965.06
13589,5994741,5965.06
13589,6015473,5964.99
13589,6036108,5964.99
13589,6056694,5965.03
13589,6077101,5965.03
13589,6097284,5965.04
13589,6117518,5965.04
13589,6137736,5965.04
13589,6158098,5965.02
13589,6178422,5965.02
13589,6198773,5965.01
13589,6219013,5965.01
13589,6239358,5965.11
13589,6259675,5965.11
13589,6279845,5965.11
13589,6300597,5965.03
13589,6321682,5965.03
13589,6342773,5964.94
13589,6363765,5964.94
13589,6384726,5964.97
13589,6405917,5964.97
13589,6427302,5965.05
13589,6448137,5965.05
13589,6469128,5965.05
13589,6490255,5965.01
13589,6510728,5965.01
13589,6531315,5964.99
13589,6551805,5964.99
13589,6572108,5964.93
13589,6592402,5964.93
13589,6612687,5964.93
13589,6632978,5965.01
13589,6653306,5965.01
13589,6673658,5964.98
13589,6693875,5964.98
13589,6698117,5964.99
13589,6698408,5964.99
13589,6706067,5965.54
13589,6724851,5965.54
13589,6744818,5965.54
13589,6764662,5964.9
13589,6785383,5964.9
13589,6805532,5964.94
13589,6825981,5964.94
13589,6846334,5965
13589,6867003,5965
13589,6887273,5965.07
13589,6907528,5965.07
13589,6927994,5965.07
13590,50288,5965.05
13590,71147,5965.05
13590,91877,5965.05
13590,112900,5964.98
13590,133857,5964.98
13590,154855,5964.98
13590,175612,5964.95
13590,196700,5964.95
13590,217956,5964.99
13590,238967,5964.99
13590,260233,5965.09
13590,281092,5965.09
13590,302277,5965.09
13590,323170,5965.02
13590,344030,5965.02
13590,365180,5965.04
13590,386218,5965.04
13590,407276,5965.05
13590,428133,5965.05
13590,448899,5965.02
13590,469506,5965.02
13590,489969,5965.02
13590,510182,5965.04
13590,530465,5965.04
13590,550504,5965
13590,570644,5965
13590,590696,5965.06
13590,610922,5965.06
13590,630892,5965.06
13590,651034,5965.04
13590,670987,5965.04
13590,690923,5965.06
13590,711406,5965.06
13590,732197,5965.04
13590,753031,5965.04
13590,773604,5965.02
13590,794476,5965.02
13590,815096,5965.02
13590,835810,5965.1
13590,856445,5965.1
13590,877306,5965.05
13590,898222,5965.05
13590,919113,5965.07
13590,939914,5965.07
13590,960880,5965.07
13590,981636,5965.12
13590,1002473,5965.12
13590,1023076,5965.04
13590,1043942,5965.04
13590,1064571,5965.02
13590,1085418,5965.02
13590,1106098,5965.08
13590,1127031,5965.08
13590,1147634,5965.08
13590,1168164,5964.95
13590,1188969,5964.95
13590,1203245,5965.08
13590,1203533,5965.08
13590,1203772,5965.54
13590,1204053,5965.54
13590,1204342,5965.54
13590,1204624,5965.54
13590,1204930,5965.54
13590,1205213,5965.54
13590,1205558,5965.54
13590,1205791,5965.54
13590,1206141,5965.54
13590,1206374,5965.54
13590,1206725,5965.54
13590,1207004,5965.54
13590,1207290,5965.54
13590,1207444,5965.54
13590,1207793,5965.54
13590,1208086,5965.54
13590,1208373,5965.54
13590,1208568,5965.54
13590,1208898,5965.54
13590,1209178,5965.54
13590,1209507,5965.54
13590,1209811,5965.54
13590,1210105,5965.54
13590,1210395,5965.54
13590,1210628,5965.54
13590,1210907,5965.54
13590,1211183,5965.54
13590,1211484,5965.54
13590,1211774,5965.54
13590,1212118,5965.54
13590,1212411,5965.54
13590,1212706,5965.54
13590,1212982,5965.54
13590,1213211,5965.54
13590,1213515,5965.54
13590,1213801,5965.54
13590,1213987,5965.54
13591,45552,5965.04
13591,64130,5965.01
13591,82564,5965.01
13591,101239,5965.05
13591,119420,5965.05
13591,137967,5965.05
13591,156532,5964.97
13591,174981,5964.97
13591,193420,5964.89
13591,211975,5964.89
13591,230664,5964.96
13591,248980,5964.96
13591,267761,5964.92
13591,286446,5964.92
13591,304895,5964.92
13591,323444,5964.93
13591,342069,5964.93
13591,360680,5964.88
13591,379160,5964.88
13591,397944,5964.92
13591,416654,5964.92
13591,435340,5964.92
13591,454023,5964.93
13591,472575,5964.93
13591,491019,5964.95
13591,510098,5964.95
13591,528982,5964.99
13591,547637,5964.99
13591,566159,5964.9
13591,584846,5964.9
13591,603520,5964.9
13591,622404,5964.93
13591,641147,5964.93
13591,659830,5964.9
13591,678638,5964.9
13591,6964318,5964.86
13591,6982900,5964.83
13591,7001884,5964.83
13591,7020632,5964.92
13591,7039642,5964.92
13591,7058658,5964.84
13591,7063651,5964.84
13591,7064021,5964.84
13591,7064232,5965.54
13591,7073154,5965.54
13591,7090788,5965.54
13591,7109379,5965.54
13591,7128349,5964.74
13591,7147246,5964.74
13591,7166592,5964.94
13591,7185759,5964.94
13591,7204963,5964.94
13591,7223968,5964.87
13591,7243110,5964.87
13591,7262508,5964.86
13591,7282029,5964.86
13591,7301039,5964.91
13591,7320044,5964.91
13591,7338861,5964.91
13591,7357941,5964.81
13591,7376793,5964.81
13591,7395706,5964.93
13591,7414425,5964.93
13591,7433077,5964.95
13591,7451627,5964.95
13591,7469922,5964.95
13591,7488308,5964.88
13591,7506724,5964.88
13591,7525222,5964.92
13591,7544036,5964.92
13591,7563015,5964.91
13591,7582202,5964.91
13591,7601404,5964.88
13591,7620843,5964.88
13591,7640033,5964.88
13591,697460,5964.98
13591,716361,5964.98
13591,734983,5964.95
13591,753664,5964.95
13591,772413,5964.95
13591,791290,5964.93
13591,809985,5964.93
13591,828669,5964.83
13591,847367,5964.83
13591,865920,5964.92
13591,884471,5964.92
13591,903292,5964.92
13591,922375,5964.9
13591,941325,5964.9
13591,960399,5964.88
13591,979456,5964.88
13591,998408,5964.93
13591,1017078,5964.93
13591,1036296,5964.93
13591,1055341,5964.87
13591,1074316,5964.87
13591,1093452,5964.99
13591,1112132,5964.99
13591,1131510,5965.01
13591,1150714,5965.01
13591,1170054,5964.88
13591,1189196,5964.88
13591,1208550,5964.88
13591,1227531,5964.93
13591,1246106,5964.93
13591,1264628,5964.93
13591,1283261,5964.93
13591,1301902,5965.02
13591,1320303,5965.02
13591,1338971,5965.02
13591,1357307,5964.99
13591,1375619,5964.99
13591,7659362,5964.8
13591,7678434,5964.8
13591,7697512,5964.86
13591,7716583,5964.86
13591,7735872,5964.87
13591,7755011,5964.87
13591,7774204,5964.84
13591,7793633,5964.84
13591,7803310,5964.84
13591,7803605,5964.87
13591,7804120,5964.87
13591,7814974,5965.54
13591,7832783,5965.54
13591,7851097,5964.56
13591,7869674,5964.56
13591,7888216,5964.56
13591,7906961,5964.95
13591,7925720,5964.95
13591,7944671,5964.97
13591,7963221,5964.97
13591,7982160,5964.96
13591,8000733,5964.96
13591,8019779,5965.04
13591,8038755,5965.04
13591,8058348,5965.04
13591,8077547,5965
13591,8097114,5965
13591,8116449,5965.04
13591,8135524,5965.04
13591,8154375,5964.94
13591,8173487,5964.94
13591,8192366,5964.94
13591,8211437,5964.87
13591,8230358,5964.87
13591,8249710,5965.01
13591,8268758,5965.01
13591,8287678,5964.92
13591,8306528,5964.92
13591,8325735,5964.92
13591,8344782,5964.92
13591,8363720,5964.92
13591,8382183,5964.9
13591,8400874,5964.9
13591,8419439,5964.95
13591,8437863,5964.95
13591,8456291,5964.94
13591,8474857,5964.94
13591,8493677,5964.88
13591,8512363,5964.88
13591,8530913,5964.88
13591,8549463,5964.92
13591,8567980,5964.92
13591,8586699,5964.96
13591,8605518,5964.96
13591,8623972,5964.92
13591,8642670,5964.92
13591,8661354,5964.92
13591,8680166,5964.82
13591,8698989,5964.82
13591,8717800,5964.86
13591,8736751,5964.86
13591,8755561,5964.76
13591,8774280,5964.76
13591,8793311,5964.92
13591,8812392,5964.92
13591,8830984,5964.92
13591,8849869,5964.94
13591,8868616,5964.94
13591,8887405,5964.88
13591,8904674,5964.88
13591,8904959,5964.88
13591,8905250,5964.88
13591,8905479,5964.88
13591,8905821,5965.54
13591,8913320,5965.54
13591,8930585,5965.54
13591,8948914,5965.54
13591,8967850,5964.82
13591,8986779,5964.82
13591,9005866,5964.82
13591,9025061,5964.94
13591,9044627,5964.94
13591,9063720,5964.88
13591,9082926,5964.88
13591,9102253,5964.9
13591,9121561,5964.9
13591,9140773,5964.88
13591,9159455,5964.88
13591,9178040,5964.88
13591,9196971,5964.88
13591,9215755,5964.88
13591,9234476,5964.92
13591,9253430,5964.92
13591,9265222,5964.89
13591,9265463,5964.89
13591,9265820,5965.54
13591,9266109,5965.54
13591,9270491,5965.54
13591,9285574,5965.54
13591,9303491,5965.54
13591,9321966,5964.68
13591,9340742,5964.68
13591,9359752,5964.91
13591,9378496,5964.91
13591,9397573,5964.91
13591,9416779,5964.78
13591,9435839,5964.78
13591,9454806,5964.9
13591,9473881,5964.9
13591,9493083,5964.8
13591,9512289,5964.8
13591,9531431,5964.84
13591,9550568,5964.84
13591,9569834,5964.84
13591,9588797,5964.98
13591,9608120,5964.98
13591,9626941,5964.72
13591,9645811,5964.72
13591,9664725,5965.02
13591,9683772,5965.02
13591,9702943,5965.02
13591,9722181,5964.81
13591,9740994,5964.81
13591,9759811,5964.71
13591,9778792,5964.71
13591,9797446,5964.78
13591,9816300,5964.78
13591,9832893,5964.93
13591,9833192,5964.93
13591,9833426,5964.93
13591,9836136,5965.54
13591,9836462,5965.54
13591,9836695,5965.54
13591,9836979,5965.54
13591,9837327,5965.54
13591,9838431,5965.54
13591,9849433,5965.54
13591,9866344,5965.54
13591,9884121,5965.54
13591,9901922,5964.97
13591,9920092,5964.97
13591,9938901,5964.97
13591,9957605,5964.97
13591,9976555,5964.97
13591,9995494,5964.93
13591,10014691,5964.93
13591,10034130,5964.85
13591,10053230,5964.85
13591,10072427,5964.86
13591,10091750,5964.86
13591,10111081,5964.91
13591,10130307,5964.91
13591,10149680,5964.91
13591,10169003,5965.03
13591,10188043,5965.03
13591,10207205,5964.8
13591,10226271,5964.8
13591,10245742,5965.01
13591,10264818,5965.01
13591,10276305,5964.95
13591,10276519,5964.95
13591,10276519,5964.95
13591,1394320,5965.09
13591,1413004,5965.09
13591,1431992,5965.05
13591,1450744,5965.05
13591,1469464,5965.04
13591,1476732,5965.04
13591,1476966,5965.04
13591,1477255,5965.54
13591,1478547,5965.54
13591,1489175,5965.54
13591,1508413,5965.54
13591,1528089,5964.58
13591,1547809,5964.58
13591,1566974,5964.58
13591,1585829,5964.92
13591,1604648,5964.92
13591,1623823,5964.98
13591,1642531,5964.98
13591,1661341,5964.92
13591,1680295,5964.92
13591,1699087,5964.91
13591,1717906,5964.91
13591,1736859,5964.91
13591,1755682,5965
13591,1774471,5965
13591,1793319,5964.94
13591,1812240,5964.94
13591,1830668,5964.85
13591,1849322,5964.85
13591,1868178,5964.85
13591,1886757,5964.95
13591,1905809,5964.95
13591,1924519,5964.84
13591,1943305,5964.84
13591,1962387,5964.89
13591,1981364,5964.89
13591,2000403,5964.89
13591,2019443,5964.88
13591,2038226,5964.88
13591,2057264,5964.86
13591,2076322,5964.86
13591,2095242,5964.91
13591,2114057,5964.91
13591,2132815,5964.92
13591,2151702,5964.92
13591,2170520,5964.92
13591,2189472,5964.94
13591,2208358,5964.94
13591,2227621,5964.97
13591,2246436,5964.97
13591,2265227,5964.94
13591,2283927,5964.94
13591,2302742,5964.98
13591,2321466,5964.98
13591,2339981,5964.98
13591,2358938,5964.92
13591,2377752,5964.92
13591,2396273,5964.88
13591,2414993,5964.88
13591,2433605,5964.94
13591,2452364,5964.94
13591,2471181,5964.94
13591,2490135,5965.01
13591,2509222,5965.01
13591,2528162,5964.93
13591,2547101,5964.93
13591,2565814,5965.05
13591,2584504,5965.05
13591,2603525,5964.94
13591,2622615,5964.94
13591,2641299,5964.94
13591,2660247,5964.91
13591,2679319,5964.91
13591,2698529,5965.01
13591,2717585,5965.01
13591,2736421,5964.93
13591,2755368,5964.93
13591,2774282,5964.95
13591,2793128,5964.95
13591,2812248,5964.95
13591,2831331,5964.99
13591,2850445,5964.99
13591,2869669,5964.99
13591,2887067,5964.99
13591,2887337,5964.97
13591,2887683,5964.97
13591,2887911,5964.97
13591,2888197,5965.54
13591,2888543,5965.54
13591,2888826,5965.54
13591,2889047,5965.54
13591,2889349,5965.54
13591,2889639,5965.54
13591,2889993,5965.54
13591,2890284,5965.54
13591,2890503,5965.54
13591,2894865,5965.54
13591,2910470,5965.54
13591,2928184,5965.4
13591,2946314,5965.4
13591,2965020,5965.02
13591,2983690,5965.02
13591,3002517,5965.02
13591,3021327,5964.97
13591,3040133,5964.97
13591,3058750,5965.02
13591,3077145,5965.02
13591,3095564,5965.04
13591,3113911,5965.04
13591,3132328,5965.04
13591,3150811,5964.97
13591,3169293,5964.97
13591,3187840,5965.01
13591,3206528,5965.01
13591,3225107,5964.96
13591,3243865,5964.96
13591,3262786,5965.02
13591,3281433,5965.02
13591,3300120,5965.02
13591,3319044,5964.84
13591,3337628,5964.84
13591,3355907,5965.09
13591,3374488,5965.09
13591,3393405,5965.04
13591,3412247,5965.04
13591,3431440,5965.04
13591,3450449,5965.04
13591,3469436,5965.04
13591,3488444,5964.97
13591,3507593,5964.97
13591,3526408,5964.94
13591,3545088,5964.94
13591,3563999,5965.06
13591,3582871,5965.06
13591,3601917,5965.06
13591,3620761,5964.8
13591,3639746,5964.8
13591,3658496,5964.91
13591,3677484,5964.91
13591,3696316,5964.91
13591,3715332,5964.91
13591,3734282,5964.91
13591,3753101,5964.89
13591,3772020,5964.89
13591,3790930,5964.93
13591,3810144,5964.93
13591,3829255,5964.94
13591,3848711,5964.94
13591,3868179,5964.92
13591,3887516,5964.92
13591,3906688,5964.92
13591,3926154,5964.92
13591,3945991,5964.92
13591,3965458,5964.94
13591,3984691,5964.94
13591,4004126,5964.89
13591,4023335,5964.89
13591,4042383,5964.89
13591,4061435,5964.88
13591,4080406,5964.88
13591,4099583,5964.84
13591,4118281,5964.84
13591,4136915,5964.97
13591,4155677,5964.97
13591,4174362,5964.95
13591,4193094,5964.95
13591,4211480,5964.95
13591,4229675,5964.87
13591,4248479,5964.87
13591,4267073,5964.87
13591,4285715,5964.87
13591,4304527,5964.83
13591,4323354,5964.83
13591,4327108,5964.83
13591,4327457,5964.9
13591,4331676,5964.9
13591,4347964,5965.54
13591,4365623,5965.54
13591,4383761,5964.62
13591,4402341,5964.62
13591,4420925,5964.88
13591,4439936,5964.88
13591,4458791,5964.88
13591,4477602,5964.99
13591,4496418,5964.99
13591,4515370,5964.97
13591,4534053,5964.97
13591,4552888,5964.95
13591,4571574,5964.95
13591,4590125,5964.91
13591,4609074,5964.91
13591,4627819,5964.91
13591,4646568,5964.95
13591,4665230,5964.95
13591,4683887,5964.95
13591,4702642,5964.95
13591,4721983,5964.93
13591,4741098,5964.93
13591,4760374,5964.93
13591,4779819,5965.14
13591,4799154,5965.14
13591,4818462,5964.93
13591,4837995,5964.93
13591,4857405,5964.98
13591,4876653,5964.98
13591,4895929,5964.9
13591,4914997,5964.9
13591,4934073,5964.9
13591,4953144,5964.89
13591,4971962,5964.89
13591,4991013,5964.91
13591,5010086,5964.91
13591,5028793,5964.9
13591,5047675,5964.9
13591,5066756,5964.9
13591,5085598,5965.01
13591,5104679,5965.01
13591,5123625,5965
13591,5142697,5965
13591,5161900,5964.94
13591,5180966,5964.94
13591,5200045,5964.94
13591,5218959,5964.93
13591,5237942,5964.93
13591,5256883,5964.91
13591,5275836,5964.91
13591,5294652,5964.99
13591,5313330,5964.99
13591,5331884,5965.1
13591,5350706,5965.1
13591,5369131,5965.1
13591,5387557,5964.94
13591,5406139,5964.94
13591,5424759,5964.96
13591,5443125,5964.96
13591,5461804,5964.93
13591,5480121,5964.93
13591,5498941,5964.93
13591,5517655,5964.93
13591,5536435,5964.93
13591,5555516,5964.98
13591,5574306,5964.98
13591,5593261,5964.9
13591,5612070,5964.9
13591,5630910,5964.95
13591,5649949,5964.95
13591,5668652,5964.95
13591,5687595,5964.92
13591,5706280,5964.92
13591,5725228,5964.95
13591,5743780,5964.95
13591,5762492,5964.91
13591,5781306,5964.91
13591,5800504,5964.91
13591,5819975,5964.99
13591,5839341,5964.99
13591,5858822,5964.95
13591,5877789,5964.95
13591,5895716,5964.93
13591,5896041,5964.93
13591,5896323,5965.54
13591,5896616,5965.54
13591,5896847,5965.54
13591,5897130,5965.54
13591,5897420,5965.54
13591,5897774,5965.54
13591,5898064,5965.54
13591,5898295,5965.54
13591,5898638,5965.54
13591,5900407,5965.54
13591,5911541,5965.54
13591,5928663,5965.54
13591,5946590,5964.63
13591,5964923,5964.63
13591,5983787,5964.83
13591,6002680,5964.83
13591,6021491,5964.93
13591,6040823,5964.93
13591,6059890,5964.93
13591,6078953,5964.93
13591,6097330,5964.93
13591,6116323,5964.95
13591,6134876,5964.95
13591,6153339,5965
13591,6171855,5965
13591,6190181,5965
13591,6208766,5964.93
13591,6227385,5964.93
13591,6246243,5964.92
13591,6264961,5964.92
13591,6283613,5964.91
13591,6302191,5964.91
13591,6320999,5964.94
13591,6339815,5964.94
13591,6358275,5964.94
13591,6376801,5964.93
13591,6395621,5964.93
13591,6414437,5964.8
13591,6433243,5964.8
13591,6452081,5964.97
13591,6471136,5964.97
13591,6490350,5964.97
13591,6509321,5964.94
13591,6528247,5964.94
13591,6547422,5964.91
13591,6566401,5964.91
13591,6585309,5964.9
13591,6604254,5964.9
13591,6623066,5964.86
13591,6642016,5964.86
13591,6660958,5964.86
13591,6679973,5964.82
13591,6699251,5964.82
13591,6718061,5964.87
13591,6736747,5964.87
13591,6755771,5964.89
13591,6774686,5964.89
13591,6793695,5964.95
13591,6812641,5964.95
13591,6831853,5964.95
13591,6851028,5964.81
13591,6869869,5964.81
13591,6888678,5964.85
13591,6907637,5964.85
13591,6926455,5964.86
13591,6945271,5964.86
13592,44534,5964.92
13592,63504,5964.87
13592,82843,5964.87
13592,102181,5964.96
13592,121593,5964.96
13592,140825,5964.93
13592,159984,5964.93
13592,179179,5964.93
13592,198623,5964.96
13592,218130,5964.96
13592,237435,5965.02
13592,256600,5965.02
13592,275450,5965.01
13592,294135,5965.01
13592,312786,5965.08
13592,331259,5965.08
13592,346208,5965.08
13592,346489,5964.97
13592,346786,5964.97
13592,347128,5965.54
13592,347419,5965.54
13592,347643,5965.54
13592,347936,5965.54
13592,348224,5965.54
13592,348575,5965.54
13592,348862,5965.54
13592,349104,5965.54
13592,349389,5965.54
13592,349679,5965.54
13592,349969,5965.54
13592,350248,5965.54
13592,350539,5965.54
13592,350886,5965.54
13592,351176,5965.54
13592,351409,5965.54
13592,351700,5965.54
13592,351989,5965.54
13592,352329,5965.54
13592,352559,5965.54
13592,352847,5965.54
13592,353117,5965.54
13592,353431,5965.54
13592,353716,5965.54
13592,354011,5965.54
13592,354283,5965.54
13592,354634,5965.54
13592,354931,5965.54
13592,355223,5965.54
13592,355432,5965.54
13592,355740,5965.54
13592,356087,5965.54
13592,356373,5965.54
13592,356606,5965.54
13592,356894,5965.54
13592,357233,5965.54
13592,357530,5965.54
13592,357819,5965.54
13592,358109,5965.54
13592,358336,5965.54
13592,358684,5965.54
13592,358912,5965.54
13592,359256,5965.54
13592,359537,5965.54
13592,359761,5965.54
13592,360043,5965.54
13592,360280,5965.54
13592,360572,5965.54
13592,360917,5965.54
13592,361209,5965.54
13592,361435,5965.54
13592,361723,5965.54
13592,362066,5965.54
13592,362367,5965.54
13592,362666,5965.54
13592,362893,5965.54
13592,363185,5965.54
13592,363453,5965.54
13592,363780,5965.54
13592,364106,5965.54
13592,364342,5965.54
13592,364609,5965.54
13592,364919,5965.54
13592,365207,5965.54
13592,365543,5965.54
13592,365840,5965.54
13592,366056,5965.54
13592,366359,5965.54
13592,366709,5965.54
13592,366939,5965.54
13592,367215,5965.54
13592,367572,5965.54
13592,367860,5965.54
13592,368137,5965.54
13592,368439,5965.54
13592,368730,5965.54
13592,368944,5965.54
13592,369284,5965.54
13592,369527,5965.54
13592,369878,5965.54
13592,370101,5965.54
13592,370396,5965.54
13592,370690,5965.54
13592,371036,5965.54
13592,371325,5965.54
13592,371613,5965.54
13592,371847,5965.54
13592,372195,5965.54
13592,372426,5965.54
13592,372705,5965.54
13592,372975,5965.54
13592,373276,5965.54
13592,373488,5965.54
13592,373853,5965.54
13592,374081,5965.54
13592,374406,5965.54
13592,374702,5965.54
13592,374954,5965.54
13592,375242,5965.54
13592,375524,5965.54
13592,375812,5965.54
13592,376097,5965.54
13592,376374,5965.54
13592,376731,5965.54
13592,377032,5965.54
13592,377315,5965.54
13592,377593,5965.54
13592,377832,5965.54
13592,378110,5965.54
13592,378466,5965.54
13592,378755,5965.54
13592,379052,5965.54
13592,379337,5965.54
13592,379614,5965.54
13592,379861,5965.54
13592,380187,5965.54
13592,380489,5965.54
13592,380721,5965.54
13592,381072,5965.54
13592,381308,5965.54
13592,381658,5965.54
13592,381945,5965.54
13592,382175,5965.54
13592,382455,5965.54
13592,382751,5965.54
13592,383092,5965.54
13592,383386,5965.54
13592,383605,5965.54
13592,383907,5965.54
13592,384190,5965.54
13592,384536,5965.54
13592,384822,5965.54
13592,385054,5965.54
13592,385408,5965.54
13592,385623,5965.54
13592,385831,5965.54
13592,386204,5965.54
13592,386432,5965.54
13592,386713,5965.54
13592,387003,5965.54
13592,387334,5965.54
13592,387637,5965.54
13592,387860,5965.54
13592,388161,5965.54
13592,388515,5965.54
13592,388787,5965.54
13592,389085,5965.54
13592,389314,5965.54
13592,389610,5965.54
13592,389939,5965.54
13592,390181,5965.54
13592,390469,5965.54
13592,390813,5965.54
13592,391101,5965.54
13592,391337,5965.54
13592,391631,5965.54
13592,391972,5965.54
13592,392250,5965.54
13592,392554,5965.54
13592,392776,5965.54
13592,393071,5965.54
13592,393359,5965.54
13592,393697,5965.54
13592,393933,5965.54
13592,394283,5965.54
13592,394512,5965.54
13592,394842,5965.54
13592,395074,5965.54
13592,395381,5965.54
13592,395709,5965.54
13592,395950,5965.54
13592,396310,5965.54
13592,396593,5965.54
13592,396877,5965.54
13592,397109,5965.54
13592,397402,5965.54
13592,397691,5965.54
13592,398038,5965.54
13592,398334,5965.54
13592,398545,5965.54
13592,398768,5965.54
13592,399068,5965.54
13592,399344,5965.54
13592,399688,5965.54
13592,399985,5965.54
13592,400204,5965.54
13592,400571,5965.54
13592,400860,5965.54
13592,401152,5965.54
13592,401380,5965.54
13592,401662,5965.54
13592,401947,5965.54
13592,402248,5965.54
13592,402593,5965.54
13592,402877,5965.54
13592,403171,5965.54
13592,403400,5965.54
13592,403727,5965.54
13592,404036,5965.54
13592,404322,5965.54
13592,404556,5965.54
13592,404838,5965.54
13592,405165,5965.54
13592,405482,5965.54
13592,405656,5965.54
13592,406056,5965.54
13592,406281,5965.54
13592,406631,5965.54
13592,406860,5965.54
13592,407207,5965.54
13592,407434,5965.54
13592,407723,5965.54
13592,408011,5965.54
13592,408342,5965.54
13592,408645,5965.54
13592,408860,5965.54
13592,409232,5965.54
13592,409460,5965.54
13592,409788,5965.54
13592,410095,5965.54
13592,410321,5965.54
13592,410669,5965.54
13592,410960,5965.54
13592,411250,5965.54
13592,411539,5965.54
13592,411820,5965.54
13592,412046,5965.54
13592,412337,5965.54
13592,412554,5965.54
13592,412899,5965.54
13592,413191,5965.54
13592,413467,5965.54
13592,413773,5965.54
13592,413977,5965.54
13592,414291,5965.54
13592,414578,5965.54
13592,414917,5965.54
13592,415149,5965.54
13592,415506,5965.54
13592,415734,5965.54
13592,416019,5965.54
13592,416303,5965.54
13592,416590,5965.54
13592,416927,5965.54
13592,417230,5965.54
13592,417462,5965.54
13592,417742,5965.54
13592,418091,5965.54
13592,418382,5965.54
13592,418672,5965.54
13592,418903,5965.54
13592,419192,5965.54
13592,419482,5965.54
13592,419831,5965.54
13592,420121,5965.54
13592,420339,5965.54
13592,420632,5965.54
13592,420978,5965.54
13592,421270,5965.54
13592,421491,5965.54
13592,421844,5965.54
13592,422128,5965.54
13592,422349,5965.54
13592,422650,5965.54
13592,422930,5965.54
13592,423227,5965.54
13592,423501,5965.54
13592,423786,5965.54
13592,424083,5965.54
13592,424369,5965.54
13592,424653,5965.54
13592,425016,5965.54
13592,425291,5965.54
13592,425542,5965.54
13592,425870,5965.54
13592,426181,5965.54
13592,426465,5965.54
13592,426638,5965.54
13592,426918,5965.54
13592,427241,5965.54
13592,427486,5965.54
13592,427835,5965.54
13592,428056,5965.54
13592,428347,5965.54
13592,428641,5965.54
13592,428983,5965.54
13592,429270,5965.54
13592,429555,5965.54
13592,429855,5965.54
13592,430151,5965.54
13592,430379,5965.54
13592,430664,5965.54
13592,430953,5965.54
13592,431236,5965.54
13592,431572,5965.54
13592,431875,5965.54
13592,432171,5965.54
13592,432443,5965.54
13592,432687,5965.54
13592,432975,5965.54
13592,433256,5965.54
13592,433602,5965.54
13592,433878,5965.54
13592,434189,5965.54
13592,434482,5965.54
13592,434704,5965.54
13592,434991,5965.54
13592,435285,5965.54
13592,435613,5965.54
13592,435915,5965.54
13592,436148,5965.54
13592,436439,5965.54
13592,436711,5965.54
13592,437009,5965.54
13592,437361,5965.54
13592,437592,5965.54
13592,437884,5965.54
13592,438222,5965.54
13592,438520,5965.54
13592,438812,5965.54
13592,439090,5965.54
13592,439329,5965.54
13592,439617,5965.54
13592,439959,5965.54
13592,440162,5965.54
13592,440395,5965.54
13592,440702,5965.54
13592,440983,5965.54
13592,441337,5965.54
13592,441618,5965.54
13592,441906,5965.54
13592,442142,5965.54
13592,442433,5965.54
13592,442765,5965.54
13592,443016,5965.54
13592,443295,5965.54
13592,443645,5965.54
13592,443930,5965.54
13592,444220,5965.54
13592,444439,5965.54
13592,444746,5965.54
13592,445023,5965.54
13592,445376,5965.54
13592,445674,5965.54
13592,445955,5965.54
13592,446188,5965.54
13592,446491,5965.54
13592,446764,5965.54
13592,447046,5965.54
13592,447404,5965.54
13592,447698,5965.54
13592,447923,5965.54
13592,448265,5965.54
13592,448551,5965.54
13592,448843,5965.54
13592,449076,5965.54
13592,449367,5965.54
13592,449653,5965.54
13592,449920,5965.54
13592,450279,5965.54
13592,450514,5965.54
13592,450792,5965.54
13592,451159,5965.54
13592,451386,5965.54
13592,451726,5965.54
13592,451959,5965.54
13592,452245,5965.54
13592,452580,5965.54
13592,452809,5965.54
13592,453117,5965.54
13592,453394,5965.54
13592,453748,5965.54
13592,454029,5965.54
13592,454262,5965.54
13592,454479,5965.54
13592,454769,5965.54
13592,455115,5965.54
13592,455351,5965.54
13592,455628,5965.54
13592,455919,5965.54
13592,456208,5965.54
13592,456497,5965.54
13592,456845,5965.54
13592,457135,5965.54
13592,457365,5965.54
13592,457649,5965.54
13592,457940,5965.54
13592,458288,5965.54
13592,458572,5965.54
13592,458796,5965.54
13592,459137,5965.54
13592,459439,5965.54
13592,459665,5965.54
13592,459960,5965.54
13592,460292,5965.54
13592,460593,5965.54
13592,460882,5965.54
13592,461118,5965.54
13592,461406,5965.54
13592,461689,5965.54
13592,462042,5965.54
13592,462323,5965.54
13592,462545,5965.54
13592,462902,5965.54
13592,463194,5965.54
13592,463431,5965.54
13592,463709,5965.54
13592,464007,5965.54
13592,464352,5965.54
13592,464631,5965.54
13592,464852,5965.54
13592,465158,5965.54
13592,465508,5965.54
13592,465802,5965.54
13592,466069,5965.54
13592,466368,5965.54
13592,466586,5965.54
13592,466911,5965.54
13592,467235,5965.54
13592,467523,5965.54
13592,467823,5965.54
13592,468040,5965.54
13592,468383,5965.54
13592,468680,5965.54
13592,468910,5965.54
13592,469257,5965.54
13592,469548,5965.54
13592,469844,5965.54
13592,469992,5965.54
13592,470347,5965.54
13592,470637,5965.54
13592,470868,5965.54
13592,471156,5965.54
13592,471491,5965.54
13592,471718,5965.54
13592,472083,5965.54
13592,472376,5965.54
13592,472587,5965.54
13592,472889,5965.54
13592,473228,5965.54
13592,473525,5965.54
13592,473756,5965.54
13592,474046,5965.54
13592,474386,5965.54
13592,474588,5965.54
13592,474906,5965.54
13592,475182,5965.54
13592,475489,5965.54
13592,475835,5965.54
13592,476107,5965.54
13592,476411,5965.54
13592,476625,5965.54
13592,476978,5965.54
13592,477273,5965.54
13592,477561,5965.54
13592,477854,5965.54
13592,478082,5965.54
13592,478376,5965.54
13592,478707,5965.54
13592,478941,5965.54
13592,479245,5965.54
13592,479528,5965.54
13592,479820,5965.54
13592,480163,5965.54
13592,480456,5965.54
13592,480668,5965.54
13592,480966,5965.54
13592,481260,5965.54
13592,481548,5965.54
13592,481836,5965.54
13592,482177,5965.54
13592,482477,5965.54
13592,482770,5965.54
13592,482973,5965.54
13592,483284,5965.54
13592,483624,5965.54
13592,483853,5965.54
13592,484082,5965.54
13592,484411,5965.54
13592,484709,5965.54
13592,484943,5965.54
13592,485283,5965.54
13592,485512,5965.54
13592,485816,5965.54
13592,486155,5965.54
13592,486338,5965.54
13592,486737,5965.54
13592,486966,5965.54
13592,487316,5965.54
13592,487595,5965.54
13592,487836,5965.54
13592,488120,5965.54
13592,488410,5965.54
13592,488740,5965.54
13592,488992,5965.54
13592,489274,5965.54
13592,489636,5965.54
13592,489856,5965.54
13592,490189,5965.54
13592,490432,5965.54
13592,490726,5965.54
13592,491055,5965.54
13592,491364,5965.54
13592,491647,5965.54
13592,491874,5965.54
13592,492173,5965.54
13592,492455,5965.54
13592,492801,5965.54
13592,493093,5965.54
13592,493302,5965.54
13592,493605,5965.54
13592,493896,5965.54
13592,494240,5965.54
13592,494533,5965.54
13592,494818,5965.54
13592,495044,5965.54
13592,495342,5965.54
13592,495606,5965.54
13592,495916,5965.54
13592,496255,5965.54
13592,496483,5965.54
13592,496707,5965.54
13592,497049,5965.54
13592,497289,5965.54
13592,497568,5965.54
13592,497908,5965.54
13592,498211,5965.54
13592,498500,5965.54
13592,498782,5965.54
13592,499012,5965.54
13592,499302,5965.54
13592,499591,5965.54
13592,499948,5965.54
13592,500230,5965.54
13592,500454,5965.54
13592,500747,5965.54
13592,501033,5965.54
13592,501379,5965.54
13592,501674,5965.54
13592,501888,5965.54
13592,502192,5965.54
13592,502488,5965.54
13592,502828,5965.54
13592,503062,5965.54
13592,503391,5965.54
13592,503694,5965.54
13592,503919,5965.54
13592,504272,5965.54
13592,504558,5965.54
13592,504789,5965.54
13592,505079,5965.54
13592,505375,5965.54
13592,505716,5965.54
13592,506009,5965.54
13592,506290,5965.54
13592,506520,5965.54
13592,506859,5965.54
13592,507158,5965.54
13592,507386,5965.54
13592,507737,5965.54
13592,508029,5965.54
13592,508262,5965.54
13592,508553,5965.54
13592,508829,5965.54
13592,509058,5965.54
13592,509347,5965.54
13592,509636,5965.54
13592,509923,5965.54
13592,510251,5965.54
13592,510496,5965.54
13592,510783,5965.54
13592,511128,5965.54
13592,511358,5965.54
13592,511703,5965.54
13592,511937,5965.54
13592,512229,5965.54
13592,512574,5965.54
13592,512869,5965.54
13592,513098,5965.54
13592,513384,5965.54
13592,513665,5965.54
13592,514016,5965.54
13592,514245,5965.54
13592,514594,5965.54
13592,514808,5965.54
13592,515106,5965.54
13592,515403,5965.54
13592,515742,5965.54
13592,516030,5965.54
13592,516247,5965.54
13592,516614,5965.54
13592,516844,5965.54
13592,517119,5965.54
13592,517423,5965.54
13592,517760,5965.54
13592,518059,5965.54
13592,518268,5965.54
13592,518634,5965.54
13592,518929,5965.54
13592,519158,5965.54
13592,519445,5965.54
13592,519792,5965.54
13592,520080,5965.54
13592,520307,5965.54
13592,520654,5965.54
13592,520865,5965.54
13592,521164,5965.54
13592,521442,5965.54
13592,521671,5965.54
13592,521973,5965.54
13592,522256,5965.54
13592,522601,5965.54
13592,522891,5965.54
13592,523187,5965.54
13592,523419,5965.54
13592,523699,5965.54
13592,524056,5965.54
13592,524335,5965.54
13592,524560,5965.54
13592,524878,5965.54
13592,525153,5965.54
13592,525501,5965.54
13592,525785,5965.54
13592,526013,5965.54
13592,526299,5965.54
13592,526591,5965.54
13592,526933,5965.54
13592,527221,5965.54
13592,527453,5965.54
13592,527743,5965.54
13592,528034,5965.54
13592,528380,5965.54
13592,528670,5965.54
13592,528901,5965.54
13592,529169,5965.54
13592,529470,5965.54
13592,529821,5965.54
13592,530040,5965.54
13592,530339,5965.54
13592,530686,5965.54
13592,530979,5965.54
13592,531194,5965.54
13592,531504,5965.54
13592,531855,5965.54
13592,532136,5965.54
13592,532433,5965.54
13592,532642,5965.54
13592,532943,5965.54
13592,533220,5965.54
13592,533444,5965.54
13592,533738,5965.54
13592,534009,5965.54
13592,534320,5965.54
13592,534610,5965.54
13592,534896,5965.54
13592,535179,5965.54
13592,535450,5965.54
13592,535814,5965.54
13592,536048,5965.54
13592,536338,5965.54
13592,536612,5965.54
13592,536952,5965.54
13592,537253,5965.54
13592,537486,5965.54
13592,537777,5965.54
13592,538122,5965.54
13592,538419,5965.54
13592,538636,5965.54
13592,538925,5965.54
13592,539267,5965.54
13592,539547,5965.54
13592,539796,5965.54
13592,540078,5965.54
13592,540430,5965.54
13592,540721,5965.54
13592,540943,5965.54
13592,541291,5965.54
13592,541506,5965.54
13592,541817,5965.54
13592,542162,5965.54
13592,542438,5965.54
13592,542740,5965.54
13592,542976,5965.54
13592,543265,5965.54
13592,543601,5965.54
13592,543897,5965.54
13592,544120,5965.54
13592,544408,5965.54
13592,544742,5965.54
13592,544955,5965.54
13592,545253,5965.54
13592,545481,5965.54
13592,545835,5965.54
13592,546128,5965.54
13592,546422,5965.54
13592,546653,5965.54
13592,546933,5965.54
13592,547293,5965.54
13592,547512,5965.54
13592,547863,5965.54
13592,548093,5965.54
13592,548427,5965.54
13592,548732,5965.54
13592,548980,5965.54
13592,549251,5965.54
13592,549594,5965.54
13592,549879,5965.54
13592,550107,5965.54
13592,550394,5965.54
13592,550752,5965.54
13592,550973,5965.54
13592,551264,5965.54
13592,551606,5965.54
13592,551897,5965.54
13592,552125,5965.54
13592,552421,5965.54
13592,552711,5965.54
13592,553052,5965.54
13592,553345,5965.54
13592,553569,5965.54
13592,553865,5965.54
13592,554154,5965.54
13592,554497,5965.54
13592,554712,5965.54
13592,555013,5965.54
13592,555353,5965.54
13592,555646,5965.54
13592,555858,5965.54
13592,556219,5965.54
13592,556509,5965.54
13592,556739,5965.54
13592,557095,5965.54
13592,557366,5965.54
13592,557611,5965.54
13592,557812,5965.54
13592,558176,5965.54
13592,558384,5965.54
13592,558697,5965.54
13592,559034,5965.54
13592,559267,5965.54
13592,559595,5965.54
13592,559911,5965.54
13592,560133,5965.54
13592,560423,5965.54
13592,560773,5965.54
13592,561057,5965.54
13592,561287,5965.54
13592,561578,5965.54
13592,561931,5965.54
13592,562209,5965.54
13592,562435,5965.54
13592,562798,5965.54
13592,563083,5965.54
13592,563372,5965.54
13592,563598,5965.54
13592,563889,5965.54
13592,564237,5965.54
13592,564466,5965.54
13592,564757,5965.54
13592,565094,5965.54
13592,565389,5965.54
13592,565608,5965.54
13592,565894,5965.54
13592,566251,5965.54
13592,566544,5965.54
13592,566778,5965.54
13592,567059,5965.54
13592,567355,5965.54
13592,567637,5965.54
13592,567924,5965.54
13592,568280,5965.54
13592,568504,5965.54
13592,568795,5965.54
13592,569144,5965.54
13592,569437,5965.54
13592,569732,5965.54
13592,569943,5965.54
13592,570245,5965.54
13592,570529,5965.54
13592,570858,5965.54
13592,571089,5965.54
13592,571378,5965.54
13592,571595,5965.54
13592,571905,5965.54
13592,572195,5965.54
13592,572481,5965.54
13592,572771,5965.54
13592,573112,5965.54
13592,573401,5965.54
13592,573679,5965.54
13592,573982,5965.54
13592,574278,5965.54
13592,574506,5965.54
13592,574838,5965.54
13592,575136,5965.54
13592,575370,5965.54
13592,575653,5965.54
13592,576010,5965.54
13592,576292,5965.54
13592,576515,5965.54
13592,576817,5965.54
13592,577149,5965.54
13592,577384,5965.54
13592,577682,5965.54
13592,577966,5965.54
13592,578317,5965.54
13592,578546,5965.54
13592,578877,5965.54
13592,579186,5965.54
13592,579474,5965.54
13592,579705,5965.54
13592,579974,5965.54
13592,580275,5965.54
13592,580566,5965.54
13592,580853,5965.54
13592,581147,5965.54
13592,581476,5965.54
13592,581777,5965.54
13592,582062,5965.54
13592,582293,5965.54
13592,582582,5965.54
13592,582877,5965.54
13592,583221,5965.54
13592,583507,5965.54
13592,583795,5965.54
13592,584033,5965.54
13592,584377,5965.54
13592,584665,5965.54
13592,584897,5965.54
13592,585108,5965.54
13592,585412,5965.54
13592,585705,5965.54
13592,585979,5965.54
13592,586330,5965.54
13592,586607,5965.54
13592,586900,5965.54
13592,587131,5965.54
13592,587422,5965.54
13592,587716,5965.54
13592,588061,5965.54
13592,588345,5965.54
13592,588634,5965.54
13592,588872,5965.54
13592,589152,5965.54
13592,589491,5965.54
13592,589730,5965.54
13592,590021,5965.54
13592,590371,5965.54
13592,590657,5965.54
13592,590950,5965.54
13592,591182,5965.54
13592,591462,5965.54
13592,591808,5965.54
13592,592098,5965.54
13592,592388,5965.54
13592,592602,5965.54
13592,592911,5965.54
13592,593202,5965.54
13592,593545,5965.54
13592,593842,5965.54
13592,594122,5965.54
13592,594350,5965.54
13592,594643,5965.54
13592,594932,5965.54
13592,595285,5965.54
13592,595565,5965.54
13592,595854,5965.54
13592,596090,5965.54
13592,596372,5965.54
13592,596716,5965.54
13592,596952,5965.54
13592,597243,5965.54
13592,597571,5965.54
13592,597883,5965.54
13592,598100,5965.54
13592,598386,5965.54
13592,598610,5965.54
13592,598953,5965.54
13592,599188,5965.54
13592,599535,5965.54
13592,599831,5965.54
13592,600059,5965.54
13592,600347,5965.54
13592,600682,5965.54
13592,600979,5965.54
13592,601203,5965.54
13592,601547,5965.54
13592,601850,5965.54
13592,602128,5965.54
13592,602360,5965.54
13592,602644,5965.54
13592,602980,5965.54
13592,603225,5965.54
13592,603516,5965.54
13592,603852,5965.54
13592,604149,5965.54
13592,604434,5965.54
13592,604662,5965.54
13592,604959,5965.54
13592,605235,5965.54
13592,605575,5965.54
13592,605813,5965.54
13592,606173,5965.54
13592,606390,5965.54
13592,606684,5965.54
13592,607030,5965.54
13592,607262,5965.54
13592,607540,5965.54
13592,607897,5965.54
13592,608189,5965.54
13592,608421,5965.54
13592,608699,5965.54
13592,608997,5965.54
13592,609340,5965.54
13592,609626,5965.54
13592,609920,5965.54
13592,610147,5965.54
13592,610490,5965.54
13592,610652,5965.54
13592,610990,5965.54
13592,611282,5965.54
13592,611578,5965.54
13592,611809,5965.54
13592,612102,5965.54
13592,612438,5965.54
13592,612731,5965.54
13592,612969,5965.54
13592,613306,5965.54
13592,613596,5965.54
13592,613887,5965.54
13592,614122,5965.54
13592,614473,5965.54
13592,614754,5965.54
13592,614985,5965.54
13592,615274,5965.54
13592,615602,5965.54
13592,615906,5965.54
13592,616200,5965.54
13592,616421,5965.54
13592,616774,5965.54
13592,617071,5965.54
13592,617292,5965.54
13592,617582,5965.54
13592,617855,5965.54
13592,618220,5965.54
13592,618432,5965.54
13592,618732,5965.54
13592,619074,5965.54
13592,619360,5965.54
13592,619579,5965.54
13592,619891,5965.54
13592,620178,5965.54
13592,620526,5965.54
13592,620745,5965.54
13592,621049,5965.54
13592,621388,5965.54
13592,621678,5965.54
13592,621908,5965.54
13592,622202,5965.54
13592,622493,5965.54
13592,622833,5965.54
13592,623057,5965.54
13592,623276,5965.54
13592,623626,5965.54
13592,623844,5965.54
13592,624144,5965.54
13592,624406,5965.54
13592,624727,5965.54
13592,625071,5965.54
13592,625293,5965.54
13592,625600,5965.54
13592,625944,5965.54
13592,626172,5965.54
13592,626456,5965.54
13592,626805,5965.54
13592,627038,5965.54
13592,627310,5965.54
13592,627682,5965.54
13592,627959,5965.54
13592,628251,5965.54
13592,628478,5965.54
13592,628765,5965.54
13592,629101,5965.54
13592,629410,5965.54
13592,629702,5965.54
13592,629926,5965.54
13592,630263,5965.54
13592,630485,5965.54
13592,630846,5965.54
13592,631138,5965.54
13592,631365,5965.54
13592,631660,5965.54
13592,632004,5965.54
13592,632243,5965.54
13592,632585,5965.54
13592,632807,5965.54
13592,633147,5965.54
13592,633377,5965.54
13592,633687,5965.54
13592,633977,5965.54
13592,634257,5965.54
13592,634548,5965.54
13592,634764,5965.54
13592,635111,5965.54
13592,635400,5965.54
13592,635686,5965.54
13592,635923,5965.54
13592,636205,5965.54
13592,636558,5965.54
13592,636840,5965.54
13592,637127,5965.54
13592,637361,5965.54
13592,637714,5965.54
13592,638005,5965.54
13592,638225,5965.54
13592,638566,5965.54
13592,638804,5965.54
13592,639091,5965.54
13592,639385,5965.54
13592,639733,5965.54
13592,640016,5965.54
13592,640229,5965.54
13592,640541,5965.54
13592,640827,5965.54
13592,641173,5965.54
13592,641463,5965.54
13592,641723,5965.54
13592,642046,5965.54
13592,642327,5965.54
13592,642563,5965.54
13592,642848,5965.54
13592,643134,5965.54
13592,643480,5965.54
13592,643776,5965.54
13592,644006,5965.54
13592,644285,5965.54
13592,644567,5965.54
13592,644867,5965.54
13592,645205,5965.54
13592,645449,5965.54
13592,645793,5965.54
13592,646026,5965.54
13592,646380,5965.54
13592,646650,5965.54
13592,646938,5965.54
13592,647173,5965.54
13592,647447,5965.54
13592,647733,5965.54
13592,647964,5965.54
13592,648248,5965.54
13592,648550,5965.54
13592,648892,5965.54
13592,649124,5965.54
13592,649453,5965.54
13592,649754,5965.54
13592,650047,5965.54
13592,650279,5965.54
13592,650560,5965.54
13592,650912,5965.54
13592,651193,5965.54
13592,651416,5965.54
13592,651714,5965.54
13592,652005,5965.54
13592,652358,5965.54
13592,652651,5965.54
13592,652863,5965.54
13592,653197,5965.54
13592,653502,5965.54
13592,653735,5965.54
13592,654020,5965.54
13592,654318,5965.54
13592,654660,5965.54
13592,654952,5965.54
13592,655234,5965.54
13592,655463,5965.54
13592,655807,5965.54
13592,656101,5965.54
13592,656326,5965.54
13592,656621,5965.54
13592,656959,5965.54
13592,657258,5965.54
13592,657540,5965.54
13592,657775,5965.54
13592,658068,5965.54
13592,658418,5965.54
13592,658626,5965.54
13592,658930,5965.54
13592,659227,5965.54
13592,659435,5965.54
13592,659794,5965.54
13592,660077,5965.54
13592,660358,5965.54
13592,660597,5965.54
13592,660887,5965.54
13592,661174,5965.54
13592,661517,5965.54
13592,661799,5965.54
13592,662087,5965.54
13592,662326,5965.54
13592,662614,5965.54
13592,662904,5965.54
13592,663246,5965.54
13592,663536,5965.54
13592,663764,5965.54
13592,664105,5965.54
13592,664323,5965.54
13592,664633,5965.54
13592,664925,5965.54
13592,665204,5965.54
13592,665495,5965.54
13592,665845,5965.54
13592,666134,5965.54
13592,666366,5965.54
13592,666654,5965.54
13592,666945,5965.54
13592,667238,5965.54
13592,667585,5965.54
13592,667874,5965.54
13592,668156,5965.54
13592,668442,5965.54
13592,668731,5965.54
13592,668953,5965.54
13592,669319,5965.54
13592,669609,5965.54
13592,669803,5965.54
13592,670119,5965.54
13592,670457,5965.54
13592,670705,5965.54
13592,670985,5965.54
13592,671343,5965.54
13592,671533,5965.54
13592,671840,5965.54
13592,672134,5965.54
13592,672424,5965.54
13592,672649,5965.54
13592,672936,5965.54
13592,673228,5965.54
13592,673569,5965.54
13592,673871,5965.54
13592,674091,5965.54
13592,674443,5965.54
13592,674727,5965.54
13592,675014,5965.54
13592,675241,5965.54
13592,675539,5965.54
13592,675821,5965.54
13592,676171,5965.54
13592,676465,5965.54
13592,676691,5965.54
13592,677034,5965.54
13592,677320,5965.54
13592,677618,5965.54
13592,677841,5965.54
13592,678130,5965.54
13592,678423,5965.54
13592,678765,5965.54
13592,679052,5965.54
13592,679280,5965.54
13592,679570,5965.54
13592,679873,5965.54
13592,680205,5965.54
13592,680505,5965.54
13592,680802,5965.54
13592,681023,5965.54
13592,681315,5965.54
13592,681656,5965.54
13592,681894,5965.54
13592,682184,5965.54
13592,682475,5965.54
13592,682828,5965.54
13592,683105,5965.54
13592,683340,5965.54
13592,683627,5965.54
13592,683834,5965.54
13592,684192,5965.54
13592,684409,5965.54
13592,684770,5965.54
13592,685000,5965.54
13592,685352,5965.54
13592,685575,5965.54
13592,685913,5965.54
13592,686141,5965.54
13592,686448,5965.54
13592,686790,5965.54
13592,687082,5965.54
13592,687374,5965.54
13592,687657,5965.54
13592,687878,5965.54
13592,688213,5965.54
13592,688520,5965.54
13592,688809,5965.54
13592,689092,5965.54
13592,689393,5965.54
13592,689668,5965.54
13592,689901,5965.54
13592,690199,5965.54
13592,690478,5965.54
13592,690830,5965.54
13592,691121,5965.54
13592,691339,5965.54
13592,691634,5965.54
13592,691926,5965.54
13592,692253,5965.54
13592,692565,5965.54
13592,692851,5965.54
13592,693077,5965.54
13592,693371,5965.54
13592,693700,5965.54
13592,694003,5965.54
13592,694293,5965.54
13592,694530,5965.54
13592,694809,5965.54
13592,695112,5965.54
13592,695465,5965.54
13592,695750,5965.54
13592,695965,5965.54
13592,696196,5965.54
13592,696477,5965.54
13592,696767,5965.54
13592,697113,5965.54
13592,697404,5965.54
13592,697637,5965.54
13592,697964,5965.54
13592,698275,5965.54
13592,698484,5965.54
13592,698783,5965.54
13592,699076,5965.54
13592,699424,5965.54
13592,699706,5965.54
13592,699935,5965.54
13592,700234,5965.54
13592,700576,5965.54
13592,700860,5965.54
13592,701077,5965.54
13592,701441,5965.54
13592,701738,5965.54
13592,701968,5965.54
13592,702253,5965.54
13592,702600,5965.54
13592,702883,5965.54
13592,703172,5965.54
13592,703403,5965.54
13592,703697,5965.54
13592,704025,5965.54
13592,704235,5965.54
13592,704550,5965.54
13592,704900,5965.54
13592,705180,5965.54
13592,705484,5965.54
13592,705712,5965.54
13592,706070,5965.54
13592,706361,5965.54
13592,706640,5965.54
13592,706929,5965.54
13592,707219,5965.54
13592,707446,5965.54
13592,707747,5965.54
13592,708020,5965.54
13592,708312,5965.54
13592,708536,5965.54
13592,708822,5965.54
13592,709168,5965.54
13592,709402,5965.54
13592,709672,5965.54
13592,710041,5965.54
13592,710332,5965.54
13592,710562,5965.54
13592,710918,5965.54
13592,711145,5965.54
13592,711423,5965.54
13592,711723,5965.54
13592,712072,5965.54
13592,712359,5965.54
13592,712655,5965.54
13592,712958,5965.54
13592,713160,5965.54
13592,713518,5965.54
13592,713832,5965.54
13592,714123,5965.54
13592,714351,5965.54
13592,714644,5965.54
13592,714995,5965.54
13592,715290,5965.54
13592,715591,5965.54
13592,715828,5965.54
13592,716188,5965.54
13592,716519,5965.54
13592,716846,5965.54
13592,717290,5965.54
13592,717769,5964.33
13592,718170,5964.33
13592,718664,5964.33
13592,718936,5964.4
13592,719289,5964.4
13592,719566,5965.54
13592,720030,5965.54
13592,720483,5964.67
13592,720900,5964.67
13592,721420,5964.67
13592,721839,5964.38
13592,722186,5964.38
13592,722485,5964.42
13592,722702,5964.42
13592,723012,5965.54
13592,723301,5965.54
13592,730936,5965.54
13592,743091,5965.54
13592,743188,5965.54
13593,44280,5964.61
13593,62664,5964.61
13593,81002,5964.59
13593,99488,5964.59
13593,117855,5964.59
13593,136426,5964.67
13593,147394,5964.67
13593,147696,5964.71
13593,147928,5964.71
13593,148211,5965.54
13593,154860,5965.54
13593,171098,5964.68
13593,188553,5964.68
13593,205961,5964.68
13593,223612,5964.76
13593,233711,5964.76
13593,234057,5964.75
13593,234334,5964.75
13593,237248,5965.54
13593,251149,5965.54
13593,268243,5965.54
13593,286161,5964.87
13593,304211,5964.87
13593,317816,5964.67
13593,318158,5964.67
13593,318393,5965.54
13593,318673,5965.54
13593,318888,5965.54
13593,319248,5965.54
13593,323469,5965.54
13593,338149,5965.54
13593,354963,5965.54
13593,372255,5964.35
13593,390419,5964.35
13593,409124,5964.52
13593,427300,5964.52
13593,446227,5964.52
13593,465553,5964.61
13593,484538,5964.61
13593,495837,5964.62
13593,496125,5964.62
13593,496356,5965.54
13593,497189,5965.54
13593,508464,5965.54
13593,525372,5965.54
13593,542777,5965.54
13593,560840,5964.69
13593,579265,5964.69
13593,597438,5964.83
13593,616003,5964.83
13593,634754,5964.72
13593,653641,5964.72
13593,673057,5964.72
13593,692426,5964.74
13593,711750,5964.74
13593,726100,5964.85
13593,726359,5964.85
13593,726650,5965.54
13593,726939,5965.54
13593,727208,5965.54
13593,727517,5965.54
13593,727868,5965.54
13593,728089,5965.54
13593,731607,5965.54
13593,746076,5965.54
13593,764110,5965.54
13593,782397,5964.52
13593,800999,5964.52
13593,819826,5964.52
13593,838523,5964.67
13593,857424,5964.67
13593,876522,5964.79
13593,895713,5964.79
13593,914395,5964.64
13593,933445,5964.64
13593,952671,5964.75
13593,971633,5964.75
13593,990952,5964.75
13593,1010147,5964.82
13593,1029346,5964.82
13593,1048292,5964.65
13593,1067387,5964.65
13593,1086561,5964.71
13593,1105778,5964.71
13593,1125087,5964.71
13593,1144452,5964.78
13593,1163840,5964.78
13593,1183214,5964.75
13593,1202824,5964.75
13593,1222258,5964.78
13593,1242099,5964.78
13593,1261421,5964.77
13593,1280877,5964.77
13593,1300337,5964.77
13593,1319931,5964.81
13593,1339482,5964.81
13593,1359077,5964.73
13593,1378711,5964.73
13593,1397998,5964.79
13593,1417840,5964.79
13593,1437265,5964.79
13593,1437838,5964.7
13593,1438068,5964.7
13593,1438420,5965.54
13593,1438706,5965.54
13593,1438924,5965.54
13593,1442445,5965.54
13593,1457426,5965.54
13593,1475091,5965.54
13593,1493545,5965.54
13593,1512471,5964.79
13593,1531565,5964.79
13593,1550760,5964.65
13593,1564723,5964.65
13593,1564973,5964.7
13593,1565197,5964.7
13593,1565529,5964.7
13593,1565827,5965.54
13593,1570077,5965.54
13593,1586461,5965.54
13593,1605019,5965.54
13593,1623568,5964.48
13593,1642155,5964.48
13593,1661607,5964.63
13593,1681062,5964.63
13593,1700643,5964.63
13593,1720214,5964.71
13593,1739768,5964.71
13593,1759534,5964.73
13593,1779362,5964.73
13593,1798690,5964.61
13593,1817869,5964.61
13593,1836941,5964.61
13593,1855897,5964.69
13593,1874690,5964.69
13593,1892878,5964.68
13593,1911190,5964.68
13593,1929754,5964.7
13593,1948194,5964.7
13593,1967010,5964.7
13593,1986073,5964.7
13593,2004673,5964.7
13593,2008586,5964.79
13593,2008863,5964.79
13593,2009101,5965.54
13593,2009458,5965.54
13593,2009735,5965.54
13593,2009968,5965.54
13593,2012431,5965.54
13593,2021533,5965.54
13593,2040559,5965.54
13593,2060023,5964.56
13593,2079084,5964.56
13593,2098438,5964.52
13593,2117956,5964.52
13593,2136721,5964.63
13593,2156155,5964.63
13593,2175375,5964.63
13593,2194332,5964.67
13593,2213648,5964.67
13593,2232912,5964.67
13593,2252318,5964.67
13593,2271562,5964.55
13593,2290987,5964.55
13593,2310392,5964.69
13593,2329503,5964.69
13593,2349054,5964.69
13593,2368514,5964.62
13593,2388241,5964.62
13593,2407708,5964.66
13593,2427511,5964.66
13593,2447082,5964.62
13593,2466806,5964.62
13593,2486547,5964.62
13593,2506128,5964.68
13593,2525318,5964.68
13593,2544389,5964.63
13593,2563986,5964.63
13593,2583433,5964.65
13593,2602632,5964.65
13593,2621840,5964.65
13593,2640787,5964.53
13593,2659734,5964.53
13593,2679187,5964.67
13593,2698207,5964.67
13593,2717688,5964.64
13593,2736405,5964.64
13593,2755368,5964.61
13593,2774675,5964.61
13593,2793490,5964.61
13593,2812546,5964.56
13593,2831246,5964.56
13593,2850296,5964.59
13593,2869503,5964.59
13593,2888875,5964.56
13593,2908415,5964.56
13593,2927782,5964.53
13593,2946946,5964.53
13593,2956602,5964.53
13593,2956896,5964.53
13593,2957185,5964.53
13593,2957422,5965.54
13593,2957764,5965.54
13593,2958051,5965.54
13593,2958281,5965.54
13593,2958569,5965.54
13593,2958913,5965.54
13593,2959199,5965.54
13593,2959501,5965.54
13593,2959722,5965.54
13593,2960020,5965.54
13593,2960330,5965.54
13593,2960566,5965.54
13593,2960880,5965.54
13593,2961148,5965.54
13593,2961451,5965.54
13593,2961780,5965.54
13593,2962096,5965.54
13593,2962314,5965.54
13593,2962659,5965.54
13593,2962901,5965.54
13593,2963190,5965.54
13593,2963530,5965.54
13593,2963822,5965.54
13593,2964044,5965.54
13593,2964267,5965.54
13593,2964558,5965.54
13593,2964897,5965.54
13593,2965124,5965.54
13593,2965475,5965.54
13593,2971704,5965.54
13593,2986912,5965.54
13593,3003762,5965.54
13593,3020991,5964.64
13593,3038881,5964.64
13593,3057318,5964.69
13593,3076143,5964.69
13593,3095076,5964.69
13593,3113783,5964.73
13593,3132214,5964.73
13593,3151162,5964.53
13593,3170477,5964.53
13593,3189705,5964.63
13593,3209148,5964.63
13593,3228829,5964.64
13593,3248394,5964.64
13593,3267895,5964.64
13593,3287083,5964.62
13593,3307361,5964.62
13593,3327015,5964.53
13593,3346888,5964.53
13593,3366837,5964.7
13593,3386803,5964.7
13593,3406628,5964.7
13593,3426977,5964.76
13593,3447182,5964.76
13593,3466919,5964.67
13593,3486785,5964.67
13593,3487823,5964.74
13593,3488162,5964.74
13593,3488392,5964.74
13593,3488684,5965.54
13593,3488974,5965.54
13593,3489256,5965.54
13593,3489550,5965.54
13593,3489894,5965.54
13593,3490184,5965.54
13593,3490402,5965.54
13593,3490762,5965.54
13593,3490995,5965.54
13593,3491347,5965.54
13593,3491564,5965.54
13593,3491908,5965.54
13593,3492203,5965.54
13593,3492478,5965.54
13593,3492721,5965.54
13593,3493009,5965.54
13593,3493366,5965.54
13593,3493570,5965.54
13593,3493883,5965.54
13593,3494174,5965.54
13593,3494463,5965.54
13593,3494743,5965.54
13593,3495034,5965.54
13593,3495326,5965.54
13593,3495677,5965.54
13593,3495899,5965.54
13593,3496238,5965.54
13593,3496533,5965.54
13593,3496821,5965.54
13593,3497109,5965.54
13593,3497326,5965.54
13593,3497556,5965.54
13593,3497852,5965.54
13593,3498065,5965.54
13593,3498266,5965.54
13593,3498545,5965.54
13593,3498783,5965.54
13593,3499076,5965.54
13593,3499422,5965.54
13593,3499640,5965.54
13593,3499996,5965.54
13593,3500224,5965.54
13593,3500558,5965.54
13593,3500861,5965.54
13593,3501156,5965.54
13593,3501377,5965.54
13593,3501676,5965.54
13593,3501959,5965.54
13593,3502311,5965.54
13593,3502599,5965.54
13593,3502893,5965.54
13593,3503124,5965.54
13593,3503474,5965.54
13593,3503759,5965.54
13593,3503982,5965.54
13593,3504271,5965.54
13593,3504600,5965.54
13593,3504910,5965.54
13593,3505143,5965.54
13593,3505477,5965.54
13593,3505778,5965.54
13593,3506064,5965.54
13593,3506349,5965.54
13593,3506586,5965.54
13593,3506875,5965.54
13593,3507224,5965.54
13593,3507506,5965.54
13593,3507797,5965.54
13593,3508023,5965.54
13593,3508370,5965.54
13593,3508650,5965.54
13593,3508890,5965.54
13593,3509109,5965.54
13593,3509397,5965.54
13593,3509738,5965.54
13593,3510030,5965.54
13593,3510324,5965.54
13593,3510545,5965.54
13593,3510844,5965.54
13593,3510980,5965.54
13596,40185,5964.48
13596,57318,5964.61
13596,74530,5964.61
13596,91892,5964.61
13596,109428,5964.47
13596,126584,5964.47
13596,144135,5964.58
13596,161649,5964.58
13596,179047,5964.56
13596,196331,5964.56
13596,213864,5964.56
13596,231277,5964.51
13596,248743,5964.51
13596,266469,5964.55
13596,284085,5964.55
13596,301948,5964.52
13596,319870,5964.52
13596,337578,5964.52
13596,355312,5964.76
13596,372970,5964.76
13596,391160,5964.65
13596,409334,5964.65
13596,427289,5964.59
13596,445293,5964.59
13596,463716,5964.59
13596,481898,5964.59
13596,499985,5964.59
13596,518028,5964.46
13596,536302,5964.46
13596,554357,5964.64
13596,572537,5964.64
13596,590816,5964.67
13596,608741,5964.67
13596,626831,5964.67
13596,645104,5964.46
13596,663408,5964.46
13596,6815818,5964.44
13596,6834389,5964.44
13596,6852969,5964.46
13596,6871769,5964.46
13596,6890692,5964.66
13596,6909640,5964.66
13596,6928855,5964.51
13596,6947670,5964.51
13596,6966615,5964.51
13596,6985559,5964.62
13596,7004508,5964.62
13596,7021506,5964.41
13596,7021727,5964.41
13596,7022070,5965.54
13596,7023952,5965.54
13596,7035573,5965.54
13596,7052735,5965.54
13596,7070682,5965.54
13596,7088778,5964.38
13596,7107096,5964.38
13596,7125192,5964.38
13596,7143328,5964.38
13596,7161301,5964.4
13596,7179602,5964.4
13596,7198204,5964.4
13596,7216968,5964.47
13596,7235775,5964.47
13596,7254662,5964.32
13596,7273541,5964.32
13596,7292455,5964.58
13596,7311450,5964.58
13596,7320155,5964.58
13596,7320385,5964.48
13596,7320716,5964.48
13596,7325504,5965.54
13596,7341738,5965.54
13596,7359972,5964.88
13596,7378283,5964.88
13596,7396643,5964.38
13596,7415223,5964.38
13596,7433779,5964.38
13596,7452197,5964.54
13596,7470958,5964.54
13596,681833,5964.58
13596,700000,5964.58
13596,718199,5964.57
13596,736360,5964.57
13596,754853,5964.57
13596,773339,5964.5
13596,791920,5964.5
13596,810796,5964.65
13596,829304,5964.65
13596,847824,5964.53
13596,866298,5964.53
13596,884848,5964.29
13596,903377,5964.29
13596,922236,5964.29
13596,940777,5964.54
13596,959412,5964.54
13596,977951,5964.61
13596,996582,5964.61
13596,1015389,5964.56
13596,1033649,5964.56
13596,1052156,5964.56
13596,1070567,5964.56
13596,1089006,5964.56
13596,1107426,5964.46
13596,1125812,5964.46
13596,1144487,5964.52
13596,1162626,5964.52
13596,1181302,5964.52
13596,1199560,5964.58
13596,1217927,5964.58
13596,1236338,5964.48
13596,1254984,5964.48
13596,1273465,5964.49
13596,1291832,5964.49
13596,1309880,5964.49
13596,1327975,5964.63
13596,1346419,5964.63
13596,7489442,5964.47
13596,7508153,5964.47
13596,7526674,5964.54
13596,7545182,5964.54
13596,7563316,5964.54
13596,7582064,5964.48
13596,7600809,5964.48
13596,7619487,5964.51
13596,7637950,5964.51
13596,7641396,5964.37
13596,1364719,5964.53
13596,1382820,5964.53
13596,1401233,5964.53
13596,1419635,5964.53
13596,1437949,5964.63
13596,1456876,5964.63
13596,1475481,5964.63
13596,1493961,5964.48
13596,1512441,5964.48
13596,1530870,5964.56
13596,1549560,5964.56
13596,1568449,5964.55
13596,1587944,5964.55
13596,1606910,5964.55
13596,1625724,5964.54
13596,1644265,5964.54
13596,1662440,5964.6
13596,1680626,5964.6
13596,1698877,5964.54
13596,1717095,5964.54
13596,1735144,5964.54
13596,1753424,5964.56
13596,1771376,5964.56
13596,1789514,5964.58
13596,1807490,5964.58
13596,1826157,5964.62
13596,1845103,5964.62
13596,1863932,5964.62
13596,1882972,5964.61
13596,1901620,5964.61
13596,1920222,5964.54
13596,1938897,5964.54
13596,1957413,5964.49
13596,1976037,5964.49
13596,1994990,5964.48
13596,2013713,5964.48
13596,2032341,5964.48
13596,2050954,5964.53
13596,2069549,5964.53
13596,2087896,5964.58
13596,2106050,5964.58
13596,2124030,5964.54
13596,2142309,5964.54
13596,2160611,5964.54
13596,2179446,5964.58
13596,2198380,5964.58
13596,2217454,5964.56
13596,2236533,5964.56
13596,2255182,5964.6
13596,2274071,5964.6
13596,2292858,5964.6
13596,2312056,5964.55
13596,2330484,5964.55
13596,2349063,5964.42
13596,2367715,5964.42
13596,2386447,5964.44
13596,2404896,5964.44
13596,2423547,5964.44
13596,2442349,5964.73
13596,2460924,5964.73
13596,2479603,5964.39
13596,2498174,5964.39
13596,2516634,5964.52
13596,2535135,5964.52
13596,2553965,5964.42
13596,2572871,5964.42
13596,2591455,5964.42
13596,2610135,5964.6
13596,2628833,5964.6
13596,2647205,5964.33
13596,2665407,5964.33
13596,2683466,5964.59
13596,2701535,5964.59
13596,2719737,5964.59
13596,2738068,5964.61
13596,2756821,5964.61
13596,2775098,5964.57
13596,2793975,5964.57
13596,2812540,5964.55
13596,2830977,5964.55
13596,2849512,5964.45
13596,2868092,5964.45
13596,2886511,5964.45
13596,2905331,5964.49
13596,2924009,5964.49
13596,2942831,5964.5
13596,2961501,5964.5
13596,2980465,5964.48
13596,2999290,5964.48
13596,3017960,5964.48
13596,3036745,5964.56
13596,3055299,5964.56
13596,3073646,5964.55
13596,3091944,5964.55
13596,3110263,5964.38
13596,3117091,5964.38
13596,3117384,5964.64
13596,3117668,5964.64
13596,3118006,5964.64
13596,3118304,5965.54
13596,3118534,5965.54
13596,3118879,5965.54
13596,3128779,5965.54
13596,3145553,5964.98
13596,3163173,5964.98
13596,3181459,5964.98
13596,3199665,5964.39
13596,3217951,5964.39
13596,3236268,5964.42
13596,3254823,5964.42
13596,3273328,5964.56
13596,3291689,5964.56
13596,3310358,5964.56
13596,3328297,5964.48
13596,3346534,5964.48
13596,3364897,5964.49
13596,3383209,5964.49
13596,3401566,5964.49
13596,3419679,5964.49
13596,3437962,5964.67
13596,3456166,5964.67
13596,3474348,5964.67
13596,3492609,5964.57
13596,3510944,5964.57
13596,3529257,5964.55
13596,3548062,5964.55
13596,3566741,5964.46
13596,3585826,5964.46
13596,3604800,5964.46
13596,3623826,5964.66
13596,3642642,5964.66
13596,3661200,5964.55
13596,3680177,5964.55
13596,3698846,5964.56
13596,3717411,5964.56
13596,3736022,5964.56
13596,3755309,5964.43
13596,3774353,5964.43
13596,3793300,5964.51
13596,3812320,5964.51
13596,3831293,5964.59
13596,3849881,5964.59
13596,3868973,5964.65
13596,3888043,5964.65
13596,3907079,5964.65
13596,3926176,5964.45
13596,3945106,5964.45
13596,3964208,5964.43
13596,3983019,5964.43
13596,4001627,5964.52
13596,4020560,5964.52
13596,4039599,5964.52
13596,4058514,5964.62
13596,4077305,5964.62
13596,4096235,5964.39
13596,4115306,5964.39
13596,4134423,5964.5
13596,4152739,5964.5
13596,4171044,5964.6
13596,4189612,5964.6
13596,4208038,5964.6
13596,4226450,5964.44
13596,4245412,5964.44
13596,4264151,5964.48
13596,4283289,5964.48
13596,4291981,5964.35
13596,4292289,5964.35
13596,4292558,5964.35
13596,4292903,5965.54
13596,4293155,5965.54
13596,4293440,5965.54
13596,4293793,5965.54
13596,4294084,5965.54
13596,4294367,5965.54
13596,4294599,5965.54
13596,4294875,5965.54
13596,4295226,5965.54
13596,4295529,5965.54
13596,4295742,5965.54
13596,4296048,5965.54
13596,4296401,5965.54
13596,4296610,5965.54
13596,4296914,5965.54
13596,4297200,5965.54
13596,4297421,5965.54
13596,4300943,5965.54
13596,4314445,5965.54
13596,4330658,5965.54
13596,4347522,5964.15
13596,4364837,5964.15
13596,4382236,5964.15
13596,4400264,5964.48
13596,4418067,5964.48
13596,4436417,5964.59
13596,4454556,5964.59
13596,4472710,5964.57
13596,4490896,5964.57
13596,4509201,5964.54
13596,4527767,5964.54
13596,4546052,5964.54
13596,4564994,5964.46
13596,4583831,5964.46
13596,4602588,5964.43
13596,4621444,5964.43
13596,4640260,5964.52
13596,4659106,5964.52
13596,4678420,5964.52
13596,4697506,5964.6
13596,4716425,5964.6
13596,4735286,5964.53
13596,4754330,5964.53
13596,4773652,5964.53
13596,4792705,5964.53
13596,4811275,5964.53
13596,4829855,5964.52
13596,4848467,5964.52
13596,4866745,5964.59
13596,4885533,5964.59
13596,4903989,5964.53
13596,4922199,5964.53
13596,4940762,5964.53
13596,4959134,5964.53
13596,4977828,5964.53
13596,4996488,5964.57
13596,5015061,5964.57
13596,5033630,5964.44
13596,5052319,5964.44
13596,5070879,5964.44
13596,5089284,5964.53
13596,5107686,5964.53
13596,5126122,5964.51
13596,5144475,5964.51
13596,5162767,5964.58
13596,5181483,5964.58
13596,5200025,5964.52
13596,5218693,5964.52
13596,5237275,5964.52
13596,5255815,5964.39
13596,5274295,5964.39
13596,5292569,5964.56
13596,5310911,5964.56
13596,5329564,5964.45
13596,5348089,5964.45
13596,5366661,5964.45
13596,5385240,5964.51
13596,5403933,5964.51
13596,5422367,5964.55
13596,5441103,5964.55
13596,5459781,5964.54
13596,5478441,5964.54
13596,5496961,5964.52
13596,5515265,5964.52
13596,5534188,5964.52
13596,5553325,5964.65
13596,5572499,5964.65
13596,5591572,5964.52
13596,5610637,5964.52
13596,5629699,5964.55
13596,5648533,5964.55
13596,5667371,5964.55
13596,5686306,5964.55
13596,5705243,5964.55
13596,5724047,5964.43
13596,5743120,5964.43
13596,5761929,5964.52
13596,5780662,5964.52
13596,5799729,5964.52
13596,5818784,5964.47
13596,5837582,5964.47
13596,5856363,5964.61
13596,5875224,5964.61
13596,5893410,5964.5
13596,5911639,5964.5
13596,5930239,5964.46
13596,5948938,5964.46
13596,5967245,5964.46
13596,5985819,5964.57
13596,6004170,5964.57
13596,6022552,5964.5
13596,6040862,5964.5
13596,6059184,5964.51
13596,6077459,5964.51
13596,6095965,5964.51
13596,6114319,5964.52
13596,6132533,5964.52
13596,6150930,5964.55
13596,6169607,5964.55
13596,6187818,5964.56
13596,6206497,5964.56
13596,6225178,5964.56
13596,6243738,5964.49
13596,6262309,5964.49
13596,6280715,5964.4
13596,6299162,5964.4
13596,6317968,5964.4
13596,6336347,5964.4
13596,6354818,5964.4
13596,6373517,5964.5
13596,6392118,5964.5
13596,6410835,5964.62
13596,6429859,5964.62
13596,6448799,5964.47
13596,6467615,5964.47
13596,6486675,5964.54
13596,6506267,5964.54
13596,6525716,5964.54
13596,6544843,5964.58
13596,6564257,5964.58
13596,6583444,5964.43
13596,6602905,5964.43
13596,6621703,5964.44
13596,6640399,5964.44
13596,6659229,5964.44
13596,6670363,5964.51
13596,6670601,5964.51
13596,6670890,5965.54
13596,6671169,5965.54
13596,6671530,5965.54
13596,6671740,5965.54
13596,6674756,5965.54
13596,6688580,5965.54
13596,6704863,5965.54
13596,6721862,5964.15
13596,6740170,5964.15
13596,6759125,5964.6
13596,6777830,5964.6
13596,6796624,5964.44
13597,45048,5964.54
13597,63842,5964.56
13597,82657,5964.56
13597,100988,5964.53
13597,119041,5964.53
13597,137196,5964.6
13597,155769,5964.6
13597,174319,5964.6
13597,192738,5964.46
13597,211173,5964.46
13597,229731,5964.48
13597,248178,5964.48
13597,266469,5964.64
13597,284906,5964.64
13597,303354,5964.47
13597,321647,5964.47
13597,340080,5964.47
13597,358748,5964.45
13597,376940,5964.45
13597,395123,5964.47
13597,413421,5964.47
13597,431848,5964.54
13597,449858,5964.54
13597,468094,5964.54
13597,486014,5964.5
13597,504059,5964.5
13597,522095,5964.47
13597,540775,5964.47
13597,559480,5964.51
13597,578033,5964.51
13597,597114,5964.44
13597,615942,5964.44
13597,634859,5964.44
13597,653725,5964.58
13597,673126,5964.58
13597,692430,5964.49
13597,711423,5964.49
13597,730336,5964.39
13597,749578,5964.39
13597,768487,5964.5
13597,787567,5964.5
13597,806374,5964.5
13597,824945,5964.48
13597,844024,5964.48
13597,862399,5964.6
13597,881125,5964.6
13597,899832,5964.48
13597,918582,5964.48
13597,937084,5964.48
13597,955747,5964.59
13597,973946,5964.59
13597,992633,5964.51
13597,1010806,5964.51
13597,1029217,5964.49
13597,1047795,5964.49
13597,1066217,5964.45
13597,1084778,5964.45
13597,1103326,5964.45
13597,1121786,5964.51
13597,1140212,5964.51
13597,1159131,5964.5
13597,1177706,5964.5
13597,1196017,5964.51
13597,1214705,5964.51
13597,1233276,5964.51
13597,1251681,5964.52
13597,1270212,5964.52
13597,1288736,5964.53
13597,1307488,5964.53
13597,1326130,5964.53
13597,1344311,5964.53
13597,1363038,5964.66
13597,1381745,5964.66
13597,1400417,5964.66
13597,1419006,5964.54
13597,1437561,5964.54
13597,1456181,5964.5
13597,1474740,5964.5
13597,1493083,5964.48
13597,1511661,5964.48
13597,1529979,5964.43
13597,1548549,5964.43
13597,1567329,5964.43
13597,1585890,5964.43
13597,1604321,5964.43
13597,1623137,5964.5
13597,1641849,5964.5
13597,1660659,5964.48
13597,1679130,5964.48
13597,1697563,5964.48
13597,1716587,5964.59
13597,1735047,5964.59
13597,1753384,5964.4
13597,1772143,5964.4
13597,1790783,5964.49
13597,1809118,5964.49
13597,1827574,5964.5
13597,1845806,5964.5
13597,1864094,5964.5
13597,1882482,5964.48
13597,1900898,5964.48
13597,1919594,5964.44
13597,1938329,5964.44
13597,1956957,5964.52
13597,1975522,5964.52
13597,1994103,5964.52
13597,2012904,5964.52
13597,2031732,5964.52
13597,2050752,5964.46
13597,2069532,5964.46
13597,2088427,5964.49
13597,2107291,5964.49
13597,2125750,5964.5
13597,2144383,5964.5
13597,2162787,5964.5
13597,2181764,5964.53
13597,2200556,5964.53
13597,2219507,5964.59
13597,2238305,5964.59
13597,2257120,5964.47
13597,2275809,5964.47
13597,2294872,5964.56
13597,2313961,5964.56
13597,2333039,5964.56
13597,2352370,5964.5
13597,2371574,5964.5
13597,2390633,5964.57
13597,2409468,5964.57
13597,2428644,5964.53
13597,2447353,5964.53
13597,2466028,5964.53
13597,2484975,5964.63
13597,2503542,5964.63
13597,2521522,5964.52
13597,2539251,5964.52
13597,2556776,5964.38
13597,2574973,5964.38
13597,2593252,5964.65
13597,2611710,5964.65
13597,2630389,5964.65
13597,2649233,5964.49
13597,2668132,5964.49
13597,2686690,5964.54
13597,2705638,5964.54
13597,2724465,5964.51
13597,2743145,5964.51
13597,2762363,5964.51
13597,2781831,5964.55
13597,2796907,5964.55
13597,2797132,5964.84
13597,2797422,5964.84
13597,2797707,5965.54
13597,2797991,5965.54
13597,2798284,5965.54
13597,2798573,5965.54
13597,2800628,5965.54
13597,2812942,5965.54
13597,2830096,5965.54
13597,2848130,5964.33
13597,2866042,5964.33
13597,2884496,5964.3
13597,2902898,5964.3
13597,2920970,5964.3
13597,2939638,5964.3
13597,2958090,5964.3
13597,2976375,5964.34
13597,2994812,5964.34
13597,3012980,5964.26
13597,3031490,5964.26
13597,3049863,5964.3
13597,3067898,5964.3
13597,3086279,5964.3
13597,3104881,5964.32
13597,3123521,5964.32
13597,3142282,5964.25
13597,3160719,5964.25
13597,3179273,5964.24
13597,3197742,5964.24
13597,3216132,5964.24
13597,3234674,5964.35
13597,3253687,5964.35
13597,3272900,5964.32
13597,3292177,5964.32
13597,3311245,5964.32
13597,3330290,5964.32
13597,3349174,5964.32
13597,3368447,5964.22
13597,3387359,5964.22
13597,3406209,5964.31
13597,3425268,5964.31
13597,3443967,5964.23
13597,3462394,5964.23
13597,3480968,5964.32
13597,3499662,5964.32
13597,3518223,5964.32
13597,3536779,5964.22
13597,3555588,5964.22
13597,3574149,5964.28
13597,3592628,5964.28
13597,3611429,5964.3
13597,3629438,5964.3
13597,3647970,5964.3
13597,3666446,5964.24
13597,3685123,5964.24
13597,3703797,5964.28
13597,3722141,5964.28
13597,3740444,5964.2
13597,3741636,5964.2
13597,3741933,5965.54
13597,3742215,5965.54
13597,3750085,5965.54
13597,3768915,5965.54
13597,3788086,5965.54
13597,3806778,5964.24
13597,3825332,5964.24
13597,3844030,5964.42
13597,3862891,5964.42
13597,3881789,5964.42
13597,3900603,5964.53
13597,3919684,5964.53
13597,3938243,5964.41
13597,3956553,5964.41
13597,3974733,5964.53
13597,3993003,5964.53
13597,4011195,5964.48
13597,4029375,5964.48
13597,4047624,5964.48
13597,4065730,5964.38
13597,4084049,5964.38
13597,4102594,5964.49
13597,4120896,5964.49
13597,4139080,5964.4
13597,4157372,5964.4
13597,4175799,5964.4
13597,4194362,5964.38
13597,4212578,5964.38
13597,4230861,5964.46
13597,4249294,5964.46
13597,4267296,5964.45
13597,4286023,5964.45
13597,4304710,5964.45
13597,4323259,5964.45
13597,4341835,5964.45
13597,4359996,5964.5
13597,4378315,5964.5
13597,4396858,5964.42
13597,4415311,5964.42
13597,4433594,5964.57
13597,4452044,5964.57
13597,4470723,5964.57
13597,4489235,5964.44
13597,4507487,5964.44
13597,4526018,5964.46
13597,4544434,5964.46
13597,4562894,5964.45
13597,4581471,5964.45
13597,4600637,5964.46
13597,4619447,5964.46
13597,4630594,5964.46
13597,4630938,5964.52
13597,4631244,5964.52
13597,4640451,5965.54
13597,4657604,5965.54
13597,4676363,5963.99
13597,4694863,5963.99
13597,4713532,5963.99
13597,4732229,5964.48
13597,4751161,5964.48
13597,4769851,5964.44
13597,4788546,5964.44
13597,4807733,5964.52
13597,4826549,5964.52
13597,4845134,5964.54
13597,4863746,5964.54
13597,4882879,5964.54
13597,4901696,5964.51
13597,4920383,5964.51
13597,4939200,5964.35
13597,4957984,5964.35
13597,4976811,5964.46
13597,4995414,5964.46
13597,5014412,5964.46
13597,5033279,5964.52
13597,5052105,5964.52
13597,5070911,5964.53
13597,5089722,5964.53
13597,5108864,5964.43
13597,5127749,5964.43
13597,5146287,5964.39
13597,5165011,5964.39
13597,5183567,5964.39
13597,5201916,5964.42
13597,5220285,5964.42
13597,5238279,5964.48
13597,5256374,5964.48
13597,5274558,5964.47
13597,5292741,5964.47
13597,5310790,5964.35
13597,5328832,5964.35
13597,5347102,5964.35
13597,5365119,5964.45
13597,5383383,5964.45
13597,5402040,5964.5
13597,5420578,5964.5
13597,5439176,5964.49
13597,5457384,5964.49
13597,5476000,5964.35
13597,5494483,5964.35
13597,5512894,5964.35
13597,5531333,5964.45
13597,5549880,5964.45
13597,5568463,5964.42
13597,5586888,5964.42
13597,5605430,5964.44
13597,5624147,5964.44
13597,5642462,5964.44
13597,5660633,5964.44
13597,5679184,5964.44
13597,5697873,5964.48
13597,5716285,5964.48
13597,5734756,5964.44
13597,5753402,5964.44
13597,5772245,5964.41
13597,5790657,5964.41
13597,5808976,5964.41
13597,5827539,5964.42
13597,5846151,5964.42
13597,5864763,5964.49
13597,5883092,5964.49
13597,5901211,5964.44
13597,5919561,5964.44
13597,5938362,5964.5
13597,5957309,5964.5
13597,5976178,5964.5
13597,5994895,5964.4
13597,6013756,5964.4
13597,6032583,5964.52
13597,6039102,5964.52
13597,6039397,5964.51
13597,6039737,5964.51
13597,6039967,5964.51
13597,6040259,5965.54
13597,6040596,5965.54
13597,6040903,5965.54
13597,6041130,5965.54
13597,6041334,5965.54
13608,53006,5964.48
13608,74901,5964.48
13608,96810,5964.49
13608,118184,5964.49
13608,139777,5964.49
13608,161354,5964.29
13608,182906,5964.29
13608,204539,5964.43
13608,226160,5964.43
13608,247688,5964.32
13608,269301,5964.32
13608,290684,5964.4
13608,312426,5964.4
13608,333028,5964.4
13608,353519,5964.47
13608,374123,5964.47
13608,394993,5964.34
13608,416228,5964.34
13608,437482,5964.47
13608,458844,5964.47
13608,480249,5964.47
13608,501925,5964.3
13608,522992,5964.3
13608,544488,5964.4
13608,565700,5964.4
13608,586848,5964.45
13608,608354,5964.45
13608,629750,5964.45
13608,651495,5964.33
13608,6724708,5965.54
13608,6745212,5964.34
13608,6766542,5964.34
13608,6787821,5964.62
13608,6809197,5964.62
13608,6830345,5964.46
13608,6851317,5964.46
13608,6872283,5964.46
13608,6893307,5964.56
13608,6914017,5964.56
13608,6934508,5964.49
13608,6955326,5964.49
13608,6976021,5964.51
13608,6996843,5964.51
13608,7017317,5964.51
13608,7038307,5964.5
13608,7059106,5964.5
13608,7079680,5964.53
13608,7100029,5964.53
13608,7120625,5964.6
13608,7141359,5964.6
13608,7162243,5964.6
13608,7183359,5964.44
13608,7204859,5964.44
13608,7226114,5964.5
13608,7247698,5964.5
13608,7269118,5964.51
13608,7290364,5964.51
13608,7312009,5964.51
13608,7333543,5964.46
13608,7354607,5964.46
13608,7375990,5964.48
13608,673132,5964.33
13608,694651,5964.46
13608,715900,5964.46
13608,737555,5964.44
13608,759675,5964.44
13608,781408,5964.44
13608,802921,5964.45
13608,824553,5964.45
13608,845938,5964.34
13608,867297,5964.34
13608,888568,5964.42
13608,910051,5964.42
13608,930796,5964.48
13608,951794,5964.48
13608,972266,5964.48
13608,993395,5964.37
13608,1014397,5964.37
13608,1033333,5964.4
13608,1033524,5964.4
13608,1033880,5965.54
13608,1034167,5965.54
13608,1034466,5965.54
13608,1034738,5965.54
13608,1035022,5965.54
13608,1035306,5965.54
13608,1035559,5965.54
13608,1035847,5965.54
13608,1036122,5965.54
13608,1038057,5965.54
13608,1050244,5965.54
13608,1069165,5965.54
13608,1089004,5964.35
13608,1109448,5964.35
13608,1129981,5964.37
13608,1150957,5964.37
13608,1172363,5964.51
13608,1193791,5964.51
13608,1215411,5964.51
13608,1237346,5964.31
13608,1258364,5964.31
13608,1279158,5964.31
13608,1299823,5964.31
13608,1320810,5964.45
13608,7396969,5964.48
13608,7417983,5964.42
13608,7438838,5964.42
13608,7459556,5964.52
13608,7479779,5964.52
13608,7500516,5964.52
13608,7521145,5964.48
13608,7541842,5964.48
13608,7562752,5964.43
13608,7583977,5964.43
13608,7605193,5964.43
13608,7626232,5964.55
13608,7647471,5964.55
13608,7668760,5964.43
13608,7689804,5964.43
13608,7696634,5964.54
13608,1341700,5964.45
13608,1362570,5964.45
13608,1383542,5964.37
13608,1404551,5964.37
13608,1425262,5964.41
13608,1446538,5964.41
13608,1467759,5964.47
13608,1488628,5964.47
13608,1509885,5964.47
13608,1530989,5964.33
13608,1552007,5964.33
13608,1573105,5964.42
13608,1594299,5964.42
13608,1615615,5964.16
13608,1636740,5964.16
13608,1657732,5964.16
13608,1678469,5964.29
13608,1699421,5964.29
13608,1720330,5964.42
13608,1741434,5964.42
13608,1762299,5964.44
13608,1783672,5964.44
13608,1804404,5964.37
13608,1825162,5964.37
13608,1845874,5964.37
13608,1867123,5964.44
13608,1888113,5964.44
13608,1909331,5964.47
13608,1930136,5964.47
13608,1951251,5964.38
13608,1972231,5964.38
13608,1993209,5964.38
13608,2014022,5964.34
13608,2034809,5964.34
13608,2055800,5964.33
13608,2076670,5964.33
13608,2097797,5964.31
13608,2118415,5964.31
13608,2139527,5964.31
13608,2160520,5964.27
13608,2181764,5964.27
13608,2203268,5964.44
13608,2225138,5964.44
13608,2247039,5964.41
13608,2268793,5964.41
13608,2290692,5964.3
13608,2312951,5964.3
13608,2334973,5964.3
13608,2356848,5964.37
13608,2378497,5964.37
13608,2399870,5964.58
13608,2421167,5964.58
13608,2441975,5964.55
13608,2462446,5964.55
13608,2483062,5964.55
13608,2503596,5964.43
13608,2525046,5964.43
13608,2546418,5964.38
13608,2567822,5964.38
13608,2588913,5964.44
13608,2609923,5964.44
13608,2631413,5964.44
13608,2652724,5964.42
13608,2673996,5964.42
13608,2695177,5964.47
13608,2716265,5964.47
13608,2737688,5964.38
13608,2758764,5964.38
13608,2780026,5964.43
13608,2801788,5964.43
13608,2822909,5964.43
13608,2844120,5964.29
13608,2865381,5964.29
13608,2886790,5964.67
13608,2907722,5964.67
13608,2929052,5964.33
13608,2949718,5964.33
13608,2970302,5964.33
13608,2990716,5964.19
13608,3011189,5964.19
13608,3031959,5964.42
13608,3052538,5964.42
13608,3073415,5964.46
13608,3094513,5964.46
13608,3115517,5964.46
13608,3136581,5964.45
13608,3157242,5964.45
13608,3178879,5964.84
13608,3200513,5964.84
13608,3222266,5964.42
13608,3243666,5964.42
13608,3265662,5964.42
13608,3287159,5964.47
13608,3308915,5964.47
13608,3330425,5964.56
13608,3351814,5964.56
13608,3372773,5964.49
13608,3393801,5964.49
13608,3414910,5964.49
13608,3436025,5964.5
13608,3456756,5964.5
13608,3477342,5964.44
13608,3497981,5964.44
13608,3518600,5964.41
13608,3539182,5964.41
13608,3560244,5964.5
13608,3581419,5964.5
13608,3602631,5964.5
13608,3624060,5964.5
13608,3645318,5964.5
13608,3666310,5964.4
13608,3682065,5964.4
13608,3682342,5964.39
13608,3682627,5964.39
13608,3688458,5964.39
13608,3707895,5965.54
13608,3729232,5965.54
13608,3750900,5964.23
13608,3772418,5964.23
13608,3794195,5964.52
13608,3815678,5964.52
13608,3837185,5964.52
13608,3849075,5964.49
13608,3849348,5964.49
13608,3849715,5965.54
13608,3849930,5965.54
13608,3850146,5965.54
13608,3850448,5965.54
13608,3850782,5965.54
13608,3851077,5965.54
13608,3851300,5965.54
13608,3852731,5965.54
13608,3863313,5965.54
13608,3882613,5964.48
13608,3903475,5964.48
13608,3924390,5964.36
13608,3945313,5964.36
13608,3966253,5964.36
13608,3987254,5964.41
13608,4008126,5964.41
13608,4028846,5964.48
13608,4049671,5964.48
13608,4070311,5964.37
13608,4090947,5964.37
13608,4111551,5964.47
13608,4132181,5964.47
13608,4153118,5964.47
13608,4173754,5964.37
13608,4194352,5964.37
13608,4215222,5964.46
13608,4236080,5964.46
13608,4257241,5964.4
13608,4278439,5964.4
13608,4299689,5964.4
13608,4320812,5964.29
13608,4341943,5964.29
13608,4363058,5964.36
13608,4384042,5964.36
13608,4405227,5964.4
13608,4426503,5964.4
13608,4447534,5964.4
13608,4468660,5964.37
13608,4489783,5964.37
13608,4510898,5964.44
13608,4532223,5964.44
13608,4553561,5964.31
13608,4574617,5964.31
13608,4595914,5964.31
13608,4617231,5964.4
13608,4638293,5964.4
13608,4659507,5964.42
13608,4680747,5964.42
13608,4701604,5964.31
13608,4722919,5964.31
13608,4743721,5964.31
13608,4764994,5964.27
13608,4786242,5964.27
13608,4807576,5964.43
13608,4828944,5964.43
13608,4850140,5964.29
13608,4871734,5964.29
13608,4893429,5964.37
13608,4915391,5964.37
13608,4937150,5964.37
13608,4958118,5964.59
13608,4958448,5964.59
13608,4958734,5965.54
13608,4959021,5965.54
13608,4959307,5965.54
13608,4959604,5965.54
13608,4959971,5965.54
13608,4960249,5965.54
13608,4960525,5965.54
13608,4960823,5965.54
13608,4962900,5965.54
13608,4975555,5965.54
13608,4995163,5965.54
13608,5015483,5965.54
13608,5036096,5964.32
13608,5056961,5964.32
13608,5078218,5964.6
13608,5099380,5964.6
13608,5120213,5964.52
13608,5141053,5964.52
13608,5161809,5964.51
13608,5182404,5964.51
13608,5203265,5964.51
13608,5224135,5964.48
13608,5245249,5964.48
13608,5265857,5964.39
13608,5286980,5964.39
13608,5307931,5964.41
13608,5328985,5964.41
13608,5349715,5964.41
13608,5370448,5964.47
13608,5391444,5964.47
13608,5412433,5964.49
13608,5433154,5964.49
13608,5454165,5964.54
13608,5474750,5964.54
13608,5495754,5964.47
13608,5517271,5964.47
13608,5538506,5964.47
13608,5559883,5964.52
13608,5581215,5964.52
13608,5598682,5964.64
13608,5598920,5964.64
13608,5599212,5965.54
13608,5599540,5965.54
13608,5599849,5965.54
13608,5600139,5965.54
13608,5600429,5965.54
13608,5600647,5965.54
13608,5600942,5965.54
13608,5601282,5965.54
13608,5601504,5965.54
13608,5601803,5965.54
13608,5602159,5965.54
13608,5602446,5965.54
13608,5602671,5965.54
13608,5602962,5965.54
13608,5603254,5965.54
13608,5603599,5965.54
13608,5603889,5965.54
13608,5604116,5965.54
13608,5604407,5965.54
13608,5605279,5965.54
13608,5614094,5965.54
13608,5632130,5964.85
13608,5634475,5964.85
13608,5634820,5965.54
13608,5635030,5965.54
13608,5635396,5965.54
13608,5635694,5965.54
13608,5635900,5965.54
13608,5636248,5965.54
13608,5636473,5965.54
13608,5636783,5965.54
13608,5637121,5965.54
13608,5637332,5965.54
13608,5637710,5965.54
13608,5637940,5965.54
13608,5638292,5965.54
13608,5641639,5965.54
13608,5656997,5965.54
13608,5675552,5965.54
13608,5695168,5965.54
13608,5714961,5964.36
13608,5735245,5964.36
13608,5755815,5964.55
13608,5776366,5964.55
13608,5796844,5964.44
13608,5817219,5964.44
13608,5837854,5964.44
13608,5858572,5964.55
13608,5878884,5964.55
13608,5899427,5964.63
13608,5919486,5964.63
13608,5939999,5964.58
13608,5960582,5964.58
13608,5981004,5964.58
13608,6001946,5964.43
13608,6022801,5964.43
13608,6043810,5964.51
13608,6065050,5964.51
13608,6085590,5964.56
13608,6106642,5964.56
13608,6127915,5964.34
13608,6149001,5964.34
13608,6170125,5964.34
13608,6191406,5964.51
13608,6212776,5964.51
13608,6233935,5964.43
13608,6255173,5964.43
13608,6275993,5964.49
13608,6297359,5964.49
13608,6318746,5964.49
13608,6340180,5964.59
13608,6361615,5964.59
13608,6382828,5964.54
13608,6404372,5964.54
13608,6425762,5964.65
13608,6447251,5964.65
13608,6468544,5964.65
13608,6489633,5964.47
13608,6510492,5964.47
13608,6531243,5964.44
13608,6552080,5964.44
13608,6572770,5964.57
13608,6593800,5964.57
13608,6614589,5964.57
13608,6635685,5964.46
13608,6656549,5964.46
13608,6659312,5964.57
13608,6659599,5964.57
13608,6659819,5965.54
13608,6665679,5965.54
13608,6684018,5965.54
13608,6704299,5965.54
13609,48307,5964.44
13609,69188,5964.44
13609,90090,5964.54
13609,111059,5964.54
13609,131675,5964.4
13609,152550,5964.4
13609,173413,5964.57
13609,194012,5964.57
13609,214987,5964.52
13609,235606,5964.52
13609,256353,5964.52
13609,276818,5964.59
13609,297806,5964.59
13609,318815,5964.54
13609,340453,5964.54
13609,361952,5964.42
13609,383092,5964.42
13609,404706,5964.42
13609,426263,5964.47
13609,447584,5964.47
13609,469222,5964.62
13609,490210,5964.62
13609,510927,5964.54
13609,531812,5964.54
13609,552564,5964.54
13609,573135,5964.52
13609,594012,5964.52
13609,615136,5964.46
13609,636256,5964.46
13609,657416,5964.52
13609,6747318,5964.61
13609,6768197,5964.61
13609,6788795,5964.47
13609,6809356,5964.47
13609,6830344,5964.52
13609,6851710,5964.52
13609,6873100,5964.51
13609,6894420,5964.51
13609,6915582,5964.51
13609,6937008,5964.51
13609,6958344,5964.51
13609,6979724,5964.45
13609,7000698,5964.45
13609,7022456,5964.62
13609,7043827,5964.62
13609,7065636,5964.44
13609,7086968,5964.44
13609,7108440,5964.44
13609,7129992,5964.52
13609,7151341,5964.52
13609,7172600,5964.69
13609,7193719,5964.69
13609,7214743,5964.54
13609,7235464,5964.54
13609,7256581,5964.31
13609,7277701,5964.31
13609,7298711,5964.31
13609,7319923,5964.46
13609,7341298,5964.46
13609,7362188,5964.49
13609,7383166,5964.49
13609,7403775,5964.39
13609,678318,5964.52
13609,699515,5964.51
13609,720737,5964.51
13609,741597,5964.51
13609,762845,5964.53
13609,784021,5964.53
13609,805732,5964.6
13609,826856,5964.6
13609,848147,5964.51
13609,869477,5964.51
13609,890707,5964.51
13609,912079,5964.51
13609,933331,5964.51
13609,954850,5964.64
13609,975942,5964.64
13609,997233,5964.49
13609,1018207,5964.49
13609,1039065,5964.58
13609,1060430,5964.58
13609,1081828,5964.58
13609,1102856,5964.52
13609,1124060,5964.52
13609,1145302,5964.57
13609,1166362,5964.57
13609,1187423,5964.56
13609,1208425,5964.56
13609,1229414,5964.56
13609,1250659,5964.59
13609,1271266,5964.59
13609,1292371,5964.45
13609,1313241,5964.45
13609,1333968,5964.56
13609,7424628,5964.39
13609,7445649,5964.39
13609,7466376,5964.58
13609,7487180,5964.58
13609,7508346,5964.56
13609,7529023,5964.56
13609,7549819,5964.43
13609,7557899,5964.43
13609,7558195,5964.44
13609,7558468,5964.44
13609,7558761,5964.44
13609,7558839,5965.54
13609,1355110,5964.56
13609,1376018,5964.61
13609,1397080,5964.61
13609,1418070,5964.61
13609,1439327,5964.41
13609,1460438,5964.41
13609,1481833,5964.53
13609,1502960,5964.53
13609,1524003,5964.61
13609,1545177,5964.61
13609,1566569,5964.52
13609,1587795,5964.52
13609,1609475,5964.52
13609,1631202,5964.61
13609,1652692,5964.61
13609,1674083,5964.56
13609,1695575,5964.56
13609,1717043,5964.5
13609,1738473,5964.5
13609,1760090,5964.5
13609,1781474,5964.43
13609,1802599,5964.43
13609,1823566,5964.66
13609,1844712,5964.66
13609,1865718,5964.49
13609,1886560,5964.49
13609,1907557,5964.55
13609,1912585,5964.55
13609,1912904,5964.55
13609,1913134,5965.54
13609,1916237,5965.54
13609,1930832,5965.54
13609,1951414,5965.54
13609,1972934,5964.11
13609,1993668,5964.11
13609,2014592,5964.11
13609,2035194,5964.61
13609,2056193,5964.61
13609,2077132,5964.41
13609,2098243,5964.41
13609,2119666,5964.51
13609,2140733,5964.51
13609,2161718,5964.53
13609,2181478,5964.53
13609,2181815,5964.53
13609,2182039,5964.51
13609,2183260,5964.51
13609,2194390,5965.54
13609,2214354,5965.54
13609,2234860,5964.17
13609,2256201,5964.17
13609,2277589,5964.17
13609,2298787,5964.52
13609,2320097,5964.52
13609,2341091,5964.57
13609,2362084,5964.57
13609,2383128,5964.52
13609,2404304,5964.52
13609,2425422,5964.54
13609,2446558,5964.54
13609,2467792,5964.54
13609,2489101,5964.57
13609,2510168,5964.57
13609,2531420,5964.48
13609,2552495,5964.48
13609,2702311,5964.51
13609,2723920,5964.52
13609,2745280,5964.52
13609,2766040,5964.52
13609,2787146,5964.56
13609,2808264,5964.56
13609,2829018,5964.59
13609,2849878,5964.59
13609,2870745,5964.54
13609,2891654,5964.54
13609,2912786,5964.54
13609,2934091,5964.57
13609,2955603,5964.57
13609,2977300,5964.47
13609,2998942,5964.47
13609,3020661,5964.65
13609,3042515,5964.65
13609,3064343,5964.44
13609,3086040,5964.44
13609,3107547,5964.44
13609,3128004,5964.49
13609,3148234,5964.49
13609,3168734,5964.51
13609,3189350,5964.51
13609,3210572,5964.52
13609,3231952,5964.52
13609,3253475,5964.52
13609,3274699,5964.52
13609,3295953,5964.52
13609,3317198,5964.39
13609,3338272,5964.39
13609,3359816,5964.49
13609,3381335,5964.49
13609,3402764,5964.47
13609,3423942,5964.47
13609,3445193,5964.47
13609,3466192,5964.25
13609,3487560,5964.25
13609,3508813,5964.52
13609,3529990,5964.52
13609,3551305,5964.43
13609,3572474,5964.43
13609,3593691,5964.38
13609,3614940,5964.38
13609,3636021,5964.38
13609,3656932,5964.31
13609,3677628,5964.31
13609,3698253,5964.37
13609,3718872,5964.37
13609,3739844,5964.48
13609,3750727,5964.48
13609,3751032,5964.48
13609,3751363,5964.52
13609,3759709,5964.52
13609,3778877,5965.54
13609,3799497,5965.54
13609,3820953,5964.5
13609,3842292,5964.5
13609,3863875,5964.46
13609,3885627,5964.46
13609,3906910,5964.46
13609,3928466,5964.46
13609,3949642,5964.46
13609,3970374,5964.45
13609,3991033,5964.45
13609,4011980,5964.4
13609,4032824,5964.4
13609,4054169,5964.4
13609,4075768,5964.58
13609,4097372,5964.58
13609,4118981,5964.45
13609,4140363,5964.45
13609,4162123,5964.46
13609,4183875,5964.46
13609,4205385,5964.59
13609,4226530,5964.59
13609,4248114,5964.59
13609,4269510,5964.5
13609,4278541,5964.5
13609,4278758,5964.51
13609,4279107,5964.51
13609,4279343,5965.54
13609,4279683,5965.54
13609,4279980,5965.54
13609,4280270,5965.54
13609,4280499,5965.54
13609,4280849,5965.54
13609,4281132,5965.54
13609,4281357,5965.54
13609,4281646,5965.54
13609,4285041,5965.54
13609,4299865,5965.54
13609,4320126,5965.54
13609,4341278,5963.99
13609,4363019,5963.99
13609,4384185,5964.51
13609,4405394,5964.51
13609,4425860,5964.32
13609,4446532,5964.32
13609,4467003,5964.32
13609,4487910,5964.58
13609,4509169,5964.58
13609,4530807,5964.67
13609,4552475,5964.67
13609,4574073,5964.47
13609,4595360,5964.47
13609,4615160,5964.5
13609,4636802,5964.5
13609,4658182,5964.5
13609,4679705,5964.52
13609,4701188,5964.52
13609,4723077,5964.55
13609,4744688,5964.55
13609,4766584,5964.61
13609,4788340,5964.61
13609,4810113,5964.7
13609,4831601,5964.7
13609,4852741,5964.7
13609,4874108,5964.48
13609,4895489,5964.48
13609,4916985,5964.58
13609,4938403,5964.58
13609,4959747,5964.55
13609,4981249,5964.55
13609,5002608,5964.55
13609,5024132,5964.57
13609,5045697,5964.57
13609,5066864,5964.54
13609,5088181,5964.54
13609,5109386,5964.47
13609,5130784,5964.47
13609,5152131,5964.52
13609,5173485,5964.52
13609,5194629,5964.52
13609,5216006,5964.45
13609,5236726,5964.45
13609,5257461,5964.59
13609,5278468,5964.59
13609,5295352,5964.62
13609,5295561,5964.62
13609,5295929,5964.62
13609,5297540,5965.54
13609,5309831,5965.54
13609,5329918,5965.54
13609,5350760,5965.54
13609,5371909,5964.65
13609,5392914,5964.65
13609,5414172,5964.5
13609,5435555,5964.5
13609,5456783,5964.5
13609,5478279,5964.54
13609,5499821,5964.54
13609,5521574,5964.55
13609,5542796,5964.55
13609,5564282,5964.42
13609,5585599,5964.42
13609,5606908,5964.42
13609,5628182,5964.49
13609,5649529,5964.49
13609,5670892,5964.48
13609,5692371,5964.48
13609,5714055,5964.44
13609,5735094,5964.44
13609,5756347,5964.49
13609,5777464,5964.49
13609,5798537,5964.49
13609,5819393,5964.54
13609,5840122,5964.54
13609,5860999,5964.42
13609,5881519,5964.42
13609,5902340,5964.53
13609,5923339,5964.53
13609,5944476,5964.53
13609,5965972,5964.42
13609,5986958,5964.42
13609,6008071,5964.48
13609,6029030,5964.48
13609,6050403,5964.39
13609,6071578,5964.39
13609,6092667,5964.54
13609,6100939,5964.54
13609,6101225,5964.54
13609,6101465,5965.54
13609,6101743,5965.54
13609,6102042,5965.54
13609,6102374,5965.54
13609,6102611,5965.54
13609,6102900,5965.54
13609,6103249,5965.54
13609,6103460,5965.54
13609,6103772,5965.54
13609,6104055,5965.54
13609,6104338,5965.54
13609,6104634,5965.54
13609,6104921,5965.54
13609,6105211,5965.54
13609,6105562,5965.54
13609,6105853,5965.54
13609,6106055,5965.54
13609,6106362,5965.54
13609,6106654,5965.54
13609,6106997,5965.54
13609,6107290,5965.54
13609,6107579,5965.54
13609,6107815,5965.54
13609,6108168,5965.54
13609,6108395,5965.54
13609,6108682,5965.54
13609,6108969,5965.54
13609,6109321,5965.54
13609,6109601,5965.54
13609,6109835,5965.54
13609,6110126,5965.54
13609,6110411,5965.54
13609,6110771,5965.54
13609,6111046,5965.54
13609,6111282,5965.54
13609,6111625,5965.54
13609,6111858,5965.54
13609,6112140,5965.54
13609,6112487,5965.54
13609,6112720,5965.54
13609,6113013,5965.54
13609,6113358,5965.54
13609,6113653,5965.54
13609,6113933,5965.54
13609,6114937,5965.54
13609,6124261,5965.54
13609,6142421,5965.54
13609,6162292,5965.54
13609,6182894,5964.44
13609,6203409,5964.44
13609,6224098,5964.49
13609,6244723,5964.49
13609,6265454,5964.49
13609,6267731,5964.38
13609,6267960,5964.38
13609,6268243,5965.54
13609,6268531,5965.54
13609,6268860,5965.54
13609,6269170,5965.54
13609,6269463,5965.54
13609,6269670,5965.54
13609,6270031,5965.54
13609,6270316,5965.54
13609,6270547,5965.54
13609,6270836,5965.54
13609,6271185,5965.54
13609,6271402,5965.54
13609,6271762,5965.54
13609,6272062,5965.54
13609,6275598,5965.54
13609,6290318,5965.54
13609,6310267,5964.49
13609,6330682,5964.49
13609,6351478,5964.5
13609,6372225,5964.5
13609,6392840,5964.59
13609,6413325,5964.59
13609,6433928,5964.59
13609,6454524,5964.56
13609,6475163,5964.56
13609,6495957,5964.54
13609,6516343,5964.54
13609,6536583,5964.41
13609,6557424,5964.41
13609,6578037,5964.41
13609,6598919,5964.51
13609,6619912,5964.51
13609,6641264,5964.52
13609,6663282,5964.52
13609,6684692,5964.55
13609,6705666,5964.55
13609,6726641,5964.61
13610,49666,5964.43
13610,70659,5964.47
13610,91927,5964.47
13610,113033,5964.47
13610,134112,5964.47
13610,155115,5964.56
13610,176098,5964.56
13610,196964,5964.5
13610,200250,5964.5
13610,200543,5964.5
13610,200888,5965.54
13610,201182,5965.54
13610,201475,5965.54
13610,201740,5965.54
13610,202049,5965.54
13610,202334,5965.54
13610,202569,5965.54
13610,202858,5965.54
13610,203140,5965.54
13610,203432,5965.54
13610,203723,5965.54
13610,204056,5965.54
13610,209579,5965.54
13610,227256,5964.53
13610,246815,5964.53
13610,267153,5964.53
13610,287714,5964.43
13610,308523,5964.43
13610,329078,5964.45
13610,349906,5964.45
13610,370851,5964.54
13610,391670,5964.54
13610,412227,5964.54
13610,432823,5964.5
13610,453292,5964.5
13610,474022,5964.52
13610,494523,5964.52
13610,515928,5964.6
13610,537259,5964.6
13610,558752,5964.6
13610,580352,5964.52
13610,602319,5964.52
13610,624126,5964.52
13610,645889,5964.52
13610,666930,5964.55
13610,6739322,5964.46
13610,6760580,5964.46
13610,6781644,5964.46
13610,6802768,5964.45
13610,6823929,5964.45
13610,6845072,5964.5
13610,6866275,5964.5
13610,6887544,5964.5
13610,6908824,5964.5
13610,6930278,5964.5
13610,6951839,5964.48
13610,6973547,5964.48
13610,6995097,5964.54
13610,7016572,5964.54
13610,7037424,5964.44
13610,7058422,5964.44
13610,7079433,5964.44
13610,7100149,5964.49
13610,7121121,5964.49
13610,688140,5964.55
13610,709370,5964.44
13610,730275,5964.44
13610,751388,5964.44
13610,772500,5964.53
13610,793318,5964.53
13610,814107,5964.61
13610,835452,5964.61
13610,856743,5964.5
13610,878126,5964.5
13610,899127,5964.5
13610,920342,5964.55
13610,941621,5964.55
13610,962975,5964.48
13610,984241,5964.48
13610,1005470,5964.5
13610,7419413,5964.51
13610,7440539,5964.67
13610,7461540,5964.67
13610,7482854,5964.67
13610,7503830,5964.57
13610,7524645,5964.57
13610,7545556,5964.45
13610,7566507,5964.45
13610,7587476,5964.56
13610,7608105,5964.56
13610,7628965,5964.52
13610,7649939,5964.52
13610,7651173,5964.52
13610,7651456,5964.59
13610,7651743,5964.59
13610,7652037,5965.54
13610,7652037,5965.54
13610,1355193,5964.53
13610,1376430,5964.53
13610,1398177,5964.52
13610,1419661,5964.52
13610,1441075,5964.53
13610,1462561,5964.53
13610,1484073,5964.53
13610,1505982,5964.44
13610,1527861,5964.44
13610,1549514,5964.58
13610,1571017,5964.58
13610,1576735,5964.56
13610,1576969,5964.56
13610,1577304,5964.56
13610,1577548,5965.54
13610,1577817,5965.54
13610,1578115,5965.54
13610,1578345,5965.54
13610,1578630,5965.54
13610,1578971,5965.54
13610,1579260,5965.54
13610,1579491,5965.54
13610,1583014,5965.54
13610,1598135,5965.54
13610,1617748,5965.54
13610,1638111,5964.1
13610,1658530,5964.1
13610,1679278,5964.57
13610,1680008,5964.57
13610,1680300,5964.57
13610,1680582,5965.54
13610,1682213,5965.54
13610,1694617,5965.54
13610,1714726,5965.54
13610,1735457,5964.33
13610,1756269,5964.33
13610,1777071,5964.48
13610,1798418,5964.48
13610,1819419,5964.48
13610,1840811,5964.49
13610,1861927,5964.49
13610,1883198,5964.48
13610,1904750,5964.48
13610,1925975,5964.53
13610,1947172,5964.53
13610,1968405,5964.53
13610,1989543,5964.58
13610,2010924,5964.58
13610,2032307,5964.58
13610,2053563,5964.58
13610,2074662,5964.58
13610,2095659,5964.58
13610,2117293,5964.45
13610,2138906,5964.45
13610,2160408,5964.45
13610,2181884,5964.58
13610,2203055,5964.58
13610,2224544,5964.43
13610,2246167,5964.43
13610,2268177,5964.54
13610,2289946,5964.54
13610,2311628,5964.44
13610,2333589,5964.44
13610,2355542,5964.44
13610,2377522,5964.44
13610,2399251,5964.44
13610,2420625,5964.52
13610,2442026,5964.52
13610,2463260,5964.44
13610,2484633,5964.44
13610,2506119,5964.44
13610,2527398,5964.4
13610,2548535,5964.4
13610,2569893,5964.44
13610,2591398,5964.44
13610,2593202,5964.47
13610,2593421,5964.47
13610,2593744,5964.47
13610,2594084,5965.54
13610,2594377,5965.54
13610,2594605,5965.54
13610,2594905,5965.54
13610,2595178,5965.54
13610,2595476,5965.54
13610,2595750,5965.54
13610,2595980,5965.54
13610,2596275,5965.54
13610,2597389,5965.54
13610,2605545,5965.54
13610,2605861,5964.4
13610,2606144,5964.4
13610,2606383,5965.54
13610,2606708,5965.54
13610,2606964,5965.54
13610,2607264,5965.54
13610,2607617,5965.54
13610,2611539,5965.54
13610,2627272,5965.54
13610,2647020,5964.44
13610,2667855,5964.44
13610,2688557,5964.56
13610,2709064,5964.56
13610,2730333,5964.56
13610,2751631,5964.34
13610,2772828,5964.34
13610,2793918,5964.43
13610,2814793,5964.43
13610,2835549,5964.45
13610,2856845,5964.45
13610,2878019,5964.45
13610,2899148,5964.41
13610,2920524,5964.41
13610,2941864,5964.44
13610,2963181,5964.44
13610,2984535,5964.43
13610,3005756,5964.43
13610,3027029,5964.38
13610,3048406,5964.38
13610,3069894,5964.38
13610,3091550,5964.47
13610,3372673,5964.42
13610,3394243,5964.42
13610,3415757,5964.42
13610,3436643,5964.44
13610,3457602,5964.44
13610,3478740,5964.41
13610,3499417,5964.41
13610,3520343,5964.38
13610,3541003,5964.38
13610,3561966,5964.38
13610,3583597,5964.4
13610,3605205,5964.4
13610,3626832,5964.43
13610,3648467,5964.43
13610,3669964,5964.39
13610,3691756,5964.39
13610,3713759,5964.38
13610,3735293,5964.38
13610,3757274,5964.38
13610,3778898,5964.44
13610,3800360,5964.44
13610,3822243,5964.42
13610,3843909,5964.42
13610,3865707,5964.46
13610,3887311,5964.46
13610,3908712,5964.46
13610,3930065,5964.63
13610,3951696,5964.63
13610,3973015,5964.41
13610,3986854,5964.41
13610,3987102,5964.39
13610,3987389,5964.39
13610,3987681,5965.54
13610,3987953,5965.54
13610,3988326,5965.54
13610,3988618,5965.54
13610,3988901,5965.54
13610,3989198,5965.54
13610,3989478,5965.54
13610,3989758,5965.54
13610,3990052,5965.54
13610,3990345,5965.54
13610,3990585,5965.54
13610,3990878,5965.54
13610,3994648,5965.54
13610,4010264,5965.54
13610,4030056,5964.69
13610,4050841,5964.69
13610,4071444,5964.38
13610,4092565,5964.38
13610,4113441,5964.38
13610,4134357,5964.57
13610,4155331,5964.57
13610,4176048,5964.52
13610,4196374,5964.52
13610,4217134,5964.45
13610,4237929,5964.45
13610,4258393,5964.45
13610,4278937,5964.51
13610,4299671,5964.51
13610,4320235,5964.52
13610,4340640,5964.52
13610,4361749,5964.47
13610,4382635,5964.47
13610,4403493,5964.47
13610,4424548,5964.51
13610,4445880,5964.51
13610,4467658,5964.56
13610,4489255,5964.56
13610,4510757,5964.57
13610,4532988,5964.57
13610,4554287,5964.59
13610,4575257,5964.59
13610,4596264,5964.59
13610,4610601,5964.44
13610,4610925,5964.44
13610,4611211,5965.54
13610,4611492,5965.54
13610,4611785,5965.54
13610,4612032,5965.54
13610,4612319,5965.54
13610,4612611,5965.54
13610,4612905,5965.54
13610,4613193,5965.54
13610,4613478,5965.54
13610,4613761,5965.54
13610,4614051,5965.54
13610,4618021,5965.54
13610,4628192,5965.54
13610,4628437,5965.54
13610,4630911,5964.5
13610,4644863,5964.5
13610,4663800,5964.72
13610,4683655,5964.72
13610,4704070,5964.64
13610,4724354,5964.64
13610,4744580,5964.54
13610,4765170,5964.54
13610,4785646,5964.54
13610,4806250,5964.51
13610,4826735,5964.51
13610,4847111,5964.55
13610,4867758,5964.55
13610,4888303,5964.41
13610,4909168,5964.41
13610,4929821,5964.41
13610,4950663,5964.59
13610,4971487,5964.59
13610,4992259,5964.56
13610,5013628,5964.56
13610,5035136,5964.46
13610,5056620,5964.46
13610,5078209,5964.46
13610,5099980,5964.61
13610,5121787,5964.61
13610,5142916,5964.53
13610,5164657,5964.53
13610,5186034,5964.41
13610,5206892,5964.41
13610,5228025,5964.41
13610,5249262,5964.44
13610,5270598,5964.44
13610,5291141,5964.48
13610,5312358,5964.48
13610,5333358,5964.45
13610,5354570,5964.45
13610,5375495,5964.56
13610,5396595,5964.56
13610,5418099,5964.56
13610,5439491,5964.43
13610,5461178,5964.43
13610,5483082,5964.48
13610,5505160,5964.48
13610,5527029,5964.41
13610,5548654,5964.41
13610,5570413,5964.41
13610,5592069,5964.45
13610,5613680,5964.45
13610,5635542,5964.45
13610,5657243,5964.45
13610,5679259,5964.41
13610,5700981,5964.41
13610,5722630,5964.41
13610,5744494,5964.44
13610,5766349,5964.44
13610,5788166,5964.37
13610,5809774,5964.37
13610,5831037,5964.47
13610,5852045,5964.47
13610,5873144,5964.48
13610,5894426,5964.48
13610,5915386,5964.48
13610,5935991,5964.4
13610,5956973,5964.4
13610,5978353,5964.43
13610,5999500,5964.43
13610,6020721,5964.47
13610,6041981,5964.47
13610,6063243,5964.47
13610,6084420,5964.43
13610,6105621,5964.43
13610,6126635,5964.44
13610,6147788,5964.44
13610,6168846,5964.35
13610,6190062,5964.35
13610,6211061,5964.48
13610,6231927,5964.48
13610,6253320,5964.48
13610,6274526,5964.42
13610,6295915,5964.42
13610,6317566,5964.52
13610,6339075,5964.52
13610,6360695,5964.47
13610,6381721,5964.47
13610,6403007,5964.47
13610,6423916,5964.47
13610,6444698,5964.47
13610,6465640,5964.47
13610,6486514,5964.47
13610,6507399,5964.46
13610,6528375,5964.46
13610,6549735,5964.46
13610,6570605,5964.43
13610,6591372,5964.43
13610,6612231,5964.36
13610,6633432,5964.36
13610,6654569,5964.4
13610,6675818,5964.4
13610,6697072,5964.46
13610,6718376,5964.46
13612,32733,5964.47
13612,33026,5964.38
13612,35159,5964.38
13612,48093,5965.54
13612,67925,5965.54
13612,88410,5964.42
13612,109200,5964.42
13612,129735,5964.42
13612,151125,5964.55
13612,172336,5964.55
13612,193477,5964.41
13612,214755,5964.41
13612,236130,5964.5
13612,257626,5964.5
13612,278962,5964.5
13612,300377,5964.52
13612,321531,5964.52
13612,342492,5964.45
13612,363610,5964.45
13612,384745,5964.44
13612,406092,5964.44
13612,427493,5964.44
13612,448330,5964.53
13612,469598,5964.53
13612,490853,5964.57
13612,511815,5964.57
13612,533090,5964.53
13612,554205,5964.53
13612,575307,5964.54
13612,596692,5964.54
13612,618076,5964.54
13612,639264,5964.43
13612,660193,5964.43
13612,6746437,5964.45
13612,6767400,5964.45
13612,6788300,5964.54
13612,6809028,5964.54
13612,6830099,5964.54
13612,6851380,5964.46
13612,6872239,5964.46
13612,6893120,5964.54
13612,6914618,5964.54
13612,6935865,5964.52
13612,6957227,5964.52
13612,6978563,5964.49
13612,6999725,5964.49
13612,7020969,5964.49
13612,7042354,5964.59
13612,681173,5964.44
13612,702026,5964.44
13612,723202,5964.41
13612,744383,5964.41
13612,765282,5964.53
13612,786521,5964.53
13612,807526,5964.53
13612,829004,5964.51
13612,850450,5964.51
13612,872137,5964.49
13612,893641,5964.49
13612,914976,5964.55
13612,936421,5964.55
13612,957801,5964.55
13612,979176,5964.48
13612,1000655,5964.48
13612,1022047,5964.68
13612,1044019,5964.68
13612,1065306,5964.44
13612,1086426,5964.44
13612,1107530,5964.46
13612,1128671,5964.46
13612,1150056,5964.46
13612,1171286,5964.55
13612,1192312,5964.55
13612,1213635,5964.44
13612,1234904,5964.44
13612,1256022,5964.57
13612,1277407,5964.57
13612,1298643,5964.57
13612,1320291,5964.1
13612,1342050,5964.1
13612,7415611,5964.52
13612,7436839,5964.52
13612,7458217,5964.52
13612,7479354,5964.52
13612,7500455,5964.52
13612,7521841,5964.5
13612,7542980,5964.5
13612,7564237,5964.34
13612,7585128,5964.34
13612,7606595,5964.46
13612,7627809,5964.46
13612,7649208,5964.44
13612,7662935,5964.44
13612,7663278,5964.44
13612,7664378,5964.54
13612,7676407,5964.54
13612,7696992,5965.54
13612,7718015,5965.54
13612,7738896,5964.38
13612,7760006,5964.38
13612,7780728,5964.38
13612,7801856,5964.46
13612,7823112,5964.46
13612,7843959,5964.36
13612,7865211,5964.36
13612,7886180,5964.4
13612,7906945,5964.4
13612,7927413,5964.55
13612,7947779,5964.55
13612,7968366,5964.55
13612,7989195,5964.48
13612,8009864,5964.48
13612,8030467,5964.48
13612,8051337,5964.48
13612,8071996,5964.53
13612,8092800,5964.53
13612,8113603,5964.44
13612,8135178,5964.44
13612,8156558,5964.44
13612,8177926,5964.49
13612,8199173,5964.49
13612,8220281,5964.45
13612,8241544,5964.45
13612,8262405,5964.48
13612,8283283,5964.48
13612,8304142,5964.48
13612,8324941,5964.54
13612,8345992,5964.54
13612,8366766,5964.54
13612,8387328,5964.54
13612,8407441,5964.4
13612,8428161,5964.4
13612,8449162,5964.53
13612,8470410,5964.53
13612,8491261,5964.53
13612,8511795,5964.51
13612,8532866,5964.51
13612,8554259,5964.59
13612,8575591,5964.59
13612,8596797,5964.52
13612,8618108,5964.52
13612,8639220,5964.52
13612,8660350,5964.53
13612,8681341,5964.53
13612,8702347,5964.55
13612,8723486,5964.55
13612,8744466,5964.63
13612,8765721,5964.63
13612,8786945,5964.53
13612,8807828,5964.53
13612,8828807,5964.53
13612,8850091,5964.55
13612,8871047,5964.55
13612,8892282,5964.44
13612,8913256,5964.44
13612,8934419,5964.54
13612,8955385,5964.54
13612,8976632,5964.57
13612,8997704,5964.57
13612,9018983,5964.57
13612,9039881,5964.55
13612,9061237,5964.55
13612,9082516,5964.67
13612,9440746,5964.58
13612,9462158,5964.56
13612,9483534,5964.56
13612,9487191,5964.55
13612,1363674,5964.41
13612,1385808,5964.41
13612,1407590,5964.59
13612,1429347,5964.59
13612,1451352,5964.45
13612,1473246,5964.45
13612,1494861,5964.45
13612,1516114,5964.49
13612,1536951,5964.49
13612,1557854,5964.47
13612,1578852,5964.47
13612,1599825,5964.62
13612,1620812,5964.62
13612,1641935,5964.62
13612,1663061,5964.53
13612,1684271,5964.53
13612,1704920,5964.5
13612,1725600,5964.5
13612,1746393,5964.57
13612,1767520,5964.57
13612,1788361,5964.57
13612,1808870,5964.55
13612,1829612,5964.55
13612,1850846,5964.58
13612,1871891,5964.58
13612,1893256,5964.51
13612,1914811,5964.51
13612,1936213,5964.58
13612,1957799,5964.58
13612,1979299,5964.58
13612,2000479,5964.49
13612,2021811,5964.49
13612,2042976,5964.49
13612,2064219,5964.49
13612,2085249,5964.43
13612,2106446,5964.43
13612,2127516,5964.59
13612,2148450,5964.59
13612,2169413,5964.59
13612,2190066,5964.46
13612,2211071,5964.46
13612,2231973,5964.56
13612,2252761,5964.56
13612,2273762,5964.44
13612,2294791,5964.44
13612,2315597,5964.44
13612,2336411,5964.42
13612,2357173,5964.42
13612,2377794,5964.3
13612,2398662,5964.3
13612,2419569,5964.59
13612,2440686,5964.59
13612,2461919,5964.52
13612,2483468,5964.52
13612,2505036,5964.52
13612,2526436,5964.55
13612,2547684,5964.55
13612,2569288,5964.56
13612,2590704,5964.56
13612,2612301,5964.22
13612,2633936,5964.22
13612,2655203,5964.48
13612,2676223,5964.48
13612,2697153,5964.48
13612,2718302,5964.58
13612,2739424,5964.58
13612,2760404,5964.49
13612,2781398,5964.49
13612,2802775,5964.41
13612,2823608,5964.41
13612,2844386,5964.41
13612,2864923,5964.38
13612,2885679,5964.38
13612,2906326,5964.43
13612,2927317,5964.43
13612,2947293,5964.42
13612,2968116,5964.42
13612,2988487,5964.49
13612,3009224,5964.49
13612,3030094,5964.49
13612,3050697,5964.46
13612,3071306,5964.46
13612,3092692,5964.63
13612,3113955,5964.63
13612,3134687,5964.46
13612,3155669,5964.46
13612,3176670,5964.75
13612,3197882,5964.75
13612,3219107,5964.75
13612,3240084,5964.47
13612,3261285,5964.47
13612,3282382,5964.46
13612,3303393,5964.46
13612,3324503,5964.5
13612,3345493,5964.5
13612,3366523,5964.5
13612,3387736,5964.49
13612,3408729,5964.49
13612,3429711,5964.48
13612,3450585,5964.48
13612,3471784,5964.52
13612,3493387,5964.52
13612,3515064,5964.4
13612,3536469,5964.4
13612,3557576,5964.4
13612,3578955,5964.47
13612,3600351,5964.47
13612,3621331,5964.48
13612,3642506,5964.48
13612,3663457,5964.5
13612,3684413,5964.5
13612,3705641,5964.45
13612,3726723,5964.45
13612,3747808,5964.45
13612,3768919,5964.51
13612,3790037,5964.51
13612,3811032,5964.43
13612,3832546,5964.43
13612,3853850,5964.43
13612,3877079,5964.43
13612,3899096,5964.43
13612,3920466,5964.49
13612,3941675,5964.49
13612,3963084,5964.51
13612,3984093,5964.51
13612,4005574,5964.5
13612,4026445,5964.5
13612,4047635,5964.54
13612,4071447,5964.54
13612,4092382,5964.54
13612,4097996,5964.6
13612,4098289,5964.6
13612,4098512,5965.54
13612,4098873,5965.54
13612,4099122,5965.54
13612,4099450,5965.54
13612,4099716,5965.54
13612,4099948,5965.54
13612,4100246,5965.54
13612,4100599,5965.54
13612,4100812,5965.54
13612,4101186,5965.54
13612,4101394,5965.54
13612,4102585,5965.54
13612,4113330,5965.54
13612,4132520,5965.54
13612,4153119,5964.02
13612,4174260,5964.02
13612,4195507,5964.52
13612,4216005,5964.52
13612,4236576,5964.69
13612,4261032,5964.69
13612,4281899,5964.69
13612,4301991,5964.44
13612,4322353,5964.44
13612,4343073,5964.4
13612,4363586,5964.4
13612,4384695,5964.5
13612,4405842,5964.5
13612,4426693,5964.53
13612,4447444,5964.53
13612,4468578,5964.53
13612,4489643,5964.44
13612,4510760,5964.44
13612,4531792,5964.55
13612,4553007,5964.55
13612,4574020,5964.48
13612,4594912,5964.48
13612,4615847,5964.58
13612,4637226,5964.58
13612,4658351,5964.58
13612,4679374,5964.57
13612,4700337,5964.57
13612,4720905,5964.53
13612,4741951,5964.53
13612,4762554,5964.57
13612,4784051,5964.57
13612,4804907,5964.57
13612,4826377,5964.56
13612,4847923,5964.56
13612,4869169,5964.45
13612,4890675,5964.45
13612,4912049,5964.41
13612,4933298,5964.41
13612,4954024,5964.55
13612,4974746,5964.55
13612,4995122,5964.55
13612,5015850,5964.42
13612,5036374,5964.42
13612,5057090,5964.6
13612,5077950,5964.6
13612,5098687,5964.61
13612,5119370,5964.61
13612,5140003,5964.61
13612,5161157,5964.53
13612,5182261,5964.53
13612,5203134,5964.53
13612,5224503,5964.53
13612,5246771,5964.48
13612,5268104,5964.48
13612,5289272,5964.52
13612,5310125,5964.52
13612,5330863,5964.52
13612,5352133,5964.52
13612,5373414,5964.52
13612,5395096,5964.52
13612,5416244,5964.52
13612,5437793,5964.6
13612,5459302,5964.6
13612,5481029,5964.57
13612,5502909,5964.57
13612,5524648,5964.57
13612,5546037,5964.57
13612,5567529,5964.57
13612,5588525,5964.49
13612,5609279,5964.49
13612,5629752,5964.55
13612,5650472,5964.55
13612,5671340,5964.55
13612,5691970,5964.58
13612,5713068,5964.58
13612,6069459,5964.53
13612,6090424,5964.53
13612,6111794,5964.59
13612,6132798,5964.59
13612,6153894,5964.59
13612,6175020,5964.63
13612,6196143,5964.63
13612,6217273,5964.58
13612,6238767,5964.58
13612,6259946,5964.62
13612,6281402,5964.62
13612,6303178,5964.71
13612,6325042,5964.71
13612,6346934,5964.71
13612,6368882,5964.56
13612,6390199,5964.56
13613,50918,5964.61
13613,71429,5964.53
13613,92130,5964.53
13613,112494,5964.5
13613,133114,5964.5
13613,153647,5964.57
13613,174199,5964.57
13613,195192,5964.57
13613,215546,5964.41
13613,235897,5964.41
13613,256765,5964.52
13613,277085,5964.52
13613,297336,5964.49
13613,317717,5964.49
13613,338508,5964.46
13613,358940,5964.46
13613,379896,5964.46
13613,400742,5964.52
13613,421535,5964.52
13613,442487,5964.59
13613,463593,5964.59
13613,484622,5964.59
13613,505697,5964.59
13613,527116,5964.59
13613,548345,5964.44
13613,569625,5964.44
13613,590960,5964.53
13613,612293,5964.53
13613,633579,5964.43
13613,654972,5964.43
13613,6758234,5964.56
13613,6778448,5964.52
13613,6799190,5964.52
13613,6819798,5964.52
13613,6840921,5964.48
13613,6861509,5964.48
13613,6882248,5964.48
13613,6902980,5964.48
13613,6923856,5964.5
13613,6944264,5964.5
13613,6964573,5964.5
13613,6985023,5964.51
13613,7005763,5964.51
13613,7026136,5964.5
13613,7047001,5964.5
13613,7067737,5964.63
13613,7088348,5964.63
13613,7109082,5964.63
13613,7130064,5964.59
13613,7151038,5964.59
13613,7171912,5964.4
13613,7193063,5964.4
13613,7213629,5964.57
13613,7234140,5964.57
13613,7255113,5964.5
13613,7275991,5964.5
13613,7297097,5964.5
13613,7317928,5964.6
13613,7338784,5964.6
13613,7359956,5964.49
13613,7380802,5964.49
13613,7402058,5964.51
13613,7422428,5964.51
13613,676231,5964.51
13613,697569,5964.51
13613,718823,5964.51
13613,740201,5964.6
13613,761345,5964.6
13613,782318,5964.55
13613,803317,5964.55
13613,824036,5964.5
13613,844666,5964.5
13613,865266,5964.5
13613,886102,5964.45
13613,907104,5964.45
13613,927861,5964.57
13613,948595,5964.57
13613,969447,5964.58
13613,990241,5964.58
13613,1010996,5964.58
13613,1032091,5964.4
13613,1053280,5964.4
13613,1074681,5964.56
13613,1095923,5964.56
13613,1117297,5964.5
13613,1138790,5964.5
13613,1159839,5964.51
13613,1180515,5964.51
13613,1201142,5964.51
13613,1221446,5964.45
13613,1241755,5964.45
13613,1262188,5964.28
13613,1282393,5964.28
13613,1303302,5964.63
13613,1324174,5964.63
13613,1345248,5964.63
13613,7443298,5964.51
13613,7464117,5964.49
13613,7484773,5964.49
13613,7505486,5964.5
13613,7526236,5964.5
13613,7546939,5964.49
13613,7567296,5964.49
13613,7588295,5964.47
13613,7609269,5964.47
13613,7630509,5964.47
13613,7651782,5964.51
13613,7673287,5964.51
13613,7694525,5964.37
13613,7715781,5964.37
13613,7737313,5964.45
13613,7758700,5964.45
13613,7779905,5964.45
13613,7801160,5964.47
13613,7822541,5964.47
13613,7843910,5964.47
13613,7864905,5964.47
13613,7886025,5964.53
13613,7907012,5964.53
13613,7928148,5964.45
13613,7948502,5964.45
13613,7969184,5964.45
13613,7989831,5964.53
13613,8010787,5964.53
13613,8031307,5964.56
13613,8051798,5964.56
13613,8052285,5964.48
13613,1366508,5964.56
13613,1387798,5964.56
13613,1408736,5964.61
13613,1430125,5964.61
13613,1451626,5964.59
13613,1472246,5964.59
13613,1493096,5964.54
13613,1514101,5964.54
13613,1534922,5964.54
13613,1555831,5964.52
13613,1576697,5964.52
13613,1597552,5964.56
13613,1618067,5964.56
13613,1639152,5964.58
13613,1660007,5964.58
13613,1681151,5964.6
13613,2032380,5964.52
13613,2052898,5964.52
13613,2074080,5964.52
13613,2095328,5964.52
13613,2116459,5964.6
13613,2137712,5964.6
13613,2159088,5964.51
13613,2180358,5964.51
13613,2201725,5964.51
13613,2222935,5964.6
13613,2243551,5964.6
13613,2264938,5964.57
13613,2286343,5964.57
13613,2307566,5964.61
13613,2328947,5964.61
13613,2350056,5964.49
13613,2371288,5964.49
13613,2392563,5964.49
13613,2413451,5964.5
13613,2434649,5964.5
13613,2455651,5964.56
13613,2476573,5964.56
13613,2497829,5964.5
13613,2518597,5964.5
13613,2539252,5964.5
13613,2560125,5964.46
13613,2580297,5964.46
13613,2600824,5964.65
13613,2622055,5964.65
13613,2643552,5964.45
13613,2664685,5964.45
13613,2685947,5964.43
13613,2694348,5964.43
13613,2694691,5964.43
13613,2694982,5965.54
13613,2695191,5965.54
13613,2695504,5965.54
13613,2695857,5965.54
13613,2696061,5965.54
13613,2696419,5965.54
13613,2696712,5965.54
13613,2697002,5965.54
13613,2697236,5965.54
13613,2697508,5965.54
13613,2697811,5965.54
13613,2698153,5965.54
13613,2698448,5965.54
13613,2698671,5965.54
13613,2699030,5965.54
13613,2699256,5965.54
13613,2702713,5965.54
13613,2716924,5965.54
13613,2735620,5964.46
13613,2755236,5964.46
13613,2775094,5964.49
13613,2789254,5964.49
13613,2789511,5964.49
13613,2790823,5964.47
13613,2802804,5964.47
13613,2822820,5965.54
13613,2843313,5965.54
13613,2863556,5964.56
13613,2884264,5964.56
13613,2905252,5964.59
13613,2926383,5964.59
13613,2947374,5964.59
13613,2968235,5964.68
13613,2988892,5964.68
13613,3009692,5964.59
13613,3030432,5964.59
13613,3051311,5964.52
13613,3072146,5964.52
13613,3092883,5964.52
13613,3113668,5964.53
13613,3134778,5964.53
13613,3155756,5964.53
13613,3176618,5964.53
13613,3197864,5964.48
13613,3219124,5964.48
13613,3240291,5964.52
13613,3261450,5964.52
13613,3282951,5964.52
13613,3304393,5964.55
13613,3326137,5964.55
13613,3347617,5964.52
13613,3368891,5964.52
13613,3389868,5964.63
13613,3410610,5964.63
13613,3431471,5964.63
13613,3452493,5964.54
13613,3473789,5964.54
13613,3495069,5964.49
13613,3515941,5964.49
13613,3536817,5964.45
13613,3557722,5964.45
13613,3578544,5964.52
13613,3599209,5964.52
13613,3620177,5964.52
13613,3641386,5964.59
13613,3662769,5964.59
13613,3684087,5964.54
13613,3705695,5964.54
13613,3726884,5964.51
13613,3748381,5964.51
13613,3770169,5964.51
13613,3791655,5964.49
13613,3813173,5964.49
13613,3834922,5964.52
13613,3855875,5964.52
13613,3876899,5964.56
13613,3897777,5964.56
13613,3918761,5964.48
13613,3939494,5964.48
13613,3960102,5964.48
13613,3980769,5964.51
13613,4001406,5964.51
13613,4022232,5964.5
13613,4043174,5964.5
13613,4064181,5964.54
13613,4084654,5964.54
13613,4105282,5964.54
13613,4125949,5964.49
13613,4146720,5964.49
13613,4167564,5964.48
13613,4188197,5964.48
13613,4208700,5964.53
13613,4229837,5964.53
13613,4250790,5964.54
13613,4271791,5964.54
13613,4288507,5964.54
13613,4288696,5964.52
13613,4289003,5964.52
13613,4289305,5965.54
13613,4291431,5965.54
13613,4304632,5965.54
13613,4324376,5965.54
13613,4344836,5964.44
13613,4365684,5964.44
13613,4386274,5964.44
13613,4407277,5964.59
13613,4427822,5964.59
13613,4448624,5964.55
13613,4469269,5964.55
13613,4490087,5964.56
13613,4510603,5964.56
13613,4531355,5964.56
13613,4552177,5964.58
13613,4573222,5964.58
13613,4593754,5964.52
13613,4614181,5964.52
13613,4634841,5964.55
13613,4655708,5964.55
13613,4675823,5964.51
13613,4696029,5964.51
13613,4716602,5964.51
13613,4736879,5964.59
13613,4756849,5964.59
13613,4777058,5964.58
13613,4797259,5964.58
13613,4817890,5964.53
13613,4838387,5964.53
13613,4858989,5964.53
13613,4879717,5964.52
13613,4900593,5964.52
13613,4921325,5964.47
13613,4942197,5964.47
13613,4963314,5964.51
13613,4984160,5964.51
13613,5005333,5964.47
13613,5026249,5964.47
13613,5047401,5964.47
13613,5068673,5964.44
13613,5090093,5964.44
13613,5111650,5964.57
13613,5132603,5964.57
13613,5153515,5964.59
13613,5174509,5964.59
13613,5195728,5964.59
13613,5216744,5964.51
13613,5237887,5964.51
13613,5258213,5964.57
13613,5258430,5964.57
13613,5258721,5965.54
13613,5261174,5965.54
13613,5275674,5965.54
13613,5295855,5965.54
13613,5316603,5965.54
13613,5337583,5964.49
13613,5358834,5964.49
13613,5379804,5964.46
13613,5400583,5964.46
13613,5421019,5964.46
13613,5442065,5964.46
13613,5463154,5964.5
13613,5483524,5964.5
13613,5503939,5964.5
13613,5523584,5964.56
13613,5523905,5964.56
13613,5524194,5965.54
13613,5524415,5965.54
13613,5524708,5965.54
13613,5525009,5965.54
13613,5525349,5965.54
13613,5525622,5965.54
13613,5525849,5965.54
13613,5526214,5965.54
13613,5526446,5965.54
13613,5526801,5965.54
13613,5527029,5965.54
13613,5527311,5965.54
13613,5527597,5965.54
13613,5527816,5965.54
13613,5528107,5965.54
13613,5528455,5965.54
13613,5528749,5965.54
13613,5531171,5965.54
13613,5543792,5965.54
13613,5562181,5965.54
13613,5581538,5965.54
13613,5601861,5964.53
13613,5622103,5964.53
13613,5642568,5964.36
13613,5663124,5964.36
13613,5683655,5964.51
13613,5704263,5964.51
13613,5724860,5964.51
13613,5744986,5964.47
13613,5765209,5964.47
13613,5785107,5964.51
13613,5805383,5964.51
13613,5825734,5964.46
13613,5846217,5964.46
13613,5866882,5964.52
13613,5887945,5964.52
13613,5908544,5964.52
13613,5929407,5964.45
13613,5950310,5964.45
13613,5971327,5964.55
13613,5992126,5964.55
13613,6012726,5964.51
13613,6033328,5964.51
13613,6054430,5964.51
13613,6075163,5964.55
13613,6096032,5964.55
13613,6116911,5964.52
13613,6137650,5964.52
13613,6158494,5964.5
13613,6179026,5964.5
13613,6199780,5964.5
13613,6220728,5964.5
13613,6241585,5964.5
13613,6262581,5964.53
13613,6283348,5964.53
13613,6303723,5964.57
13613,6312820,5964.57
13613,6313112,5964.21
13613,6313460,5964.21
13613,6314551,5965.54
13613,6325579,5965.54
13613,6345670,5965.54
13613,6366029,5964.38
13613,6386627,5964.38
13613,6407363,5964.52
13613,6427475,5964.52
13613,6447835,5964.48
13613,6468310,5964.48
13613,6488886,5964.48
13613,6509522,5964.6
13613,6530388,5964.6
13613,6551306,5964.72
13613,6572482,5964.72
13613,6593755,5964.56
13613,6614861,5964.56
13613,6635990,5964.56
13613,6656857,5964.5
13613,6677317,5964.5
13613,6697754,5964.57
13613,6718034,5964.57
13613,6738128,5964.56
13614,537,5965.54
13614,886,5965.54
13614,1180,5965.54
13614,1405,5965.54
13614,1689,5965.54
13614,1967,5965.54
13614,2322,5965.54
13614,2562,5965.54
13614,2845,5965.54
13614,3198,5965.54
13614,4542,5965.54
13614,14943,5965.54
13614,33504,5965.54
13614,52939,5965.54
13614,73299,5964.6
13614,94034,5964.6
13614,115016,5964.52
13614,135892,5964.52
13614,157017,5964.52
13614,178143,5964.52
13614,198232,5964.52
13614,218067,5964.51
13614,238678,5964.51
13614,258777,5964.41
13614,259550,5964.41
13614,259841,5964.41
13614,260186,5965.54
13614,260473,5965.54
13614,260709,5965.54
13614,261039,5965.54
13614,261351,5965.54
13614,261572,5965.54
13614,261921,5965.54
13614,262149,5965.54
13614,262488,5965.54
13614,262795,5965.54
13614,263085,5965.54
13614,263313,5965.54
13614,263641,5965.54
13614,266075,5965.54
13614,278711,5965.54
13614,297696,5965.54
13614,317702,5964.46
13614,338043,5964.46
13614,358721,5964.47
13614,379134,5964.47
13614,400023,5964.44
13614,420485,5964.44
13614,440983,5964.6
13614,461958,5964.6
13614,482931,5964.6
13614,503787,5964.55
13614,524403,5964.55
13614,544899,5964.56
13614,566134,5964.56
13614,586481,5964.63
13614,606708,5964.63
13614,627204,5964.63
13614,647427,5964.49
13614,667784,5964.49
13614,688265,5964.61
13614,708988,5964.61
13614,729454,5964.5
13614,750328,5964.5
13614,770924,5964.5
13614,791731,5964.52
13614,812526,5964.52
13614,833405,5964.56
13614,854400,5964.56
13614,875678,5964.63
13614,896870,5964.63
13614,898798,5964.58
13614,899102,5964.58
13614,900097,5964.58
13614,910327,5965.54
13614,929269,5965.54
13614,949759,5964.45
13614,970422,5964.45
13614,991599,5964.56
13614,1012726,5964.56
13614,1033617,5964.56
13614,1054603,5964.58
13614,1075525,5964.58
13614,1103341,5964.47
13614,1124105,5964.47
13614,1145730,5964.57
13614,1166741,5964.57
13614,1187438,5964.51
13614,1208319,5964.51
13614,1228798,5964.51
13614,1249257,5964.53
13614,1269884,5964.53
13614,1290367,5964.55
13614,1317644,5964.55
13614,1338350,5964.51
13614,1359441,5964.51
13614,1380606,5964.51
13614,1401595,5964.52
13614,1422978,5964.52
13614,1444344,5964.61
13614,1465709,5964.61
13614,1487098,5964.59
13614,1508440,5964.59
13614,1529301,5964.59
13614,1550127,5964.52
13614,1570691,5964.52
13614,1591276,5964.41
13614,1611825,5964.41
13614,1632763,5964.56
13614,1653140,5964.56
13614,1673466,5964.48
13614,1694085,5964.48
13614,1714832,5964.48
13614,1735482,5964.55
13614,1756289,5964.55
13614,1776884,5964.42
13614,1797529,5964.42
13614,1818448,5964.43
13614,1839603,5964.43
13614,1860650,5964.52
13614,1881537,5964.52
13614,1902238,5964.52
13614,1923213,5964.36
13614,1944188,5964.36
13614,1964653,5964.53
13614,1985242,5964.53
13614,2005757,5964.54
13614,2026221,5964.54
13614,2029711,5964.46
13614,2030008,5964.46
13614,2031059,5964.46
13614,2042451,5965.54
13614,2063295,5965.54
13614,2076862,5964.46
13615,603,5965.54
13615,935,5965.54
13615,1236,5965.54
13615,6995,5965.54
13615,24394,5965.54
13615,44108,5965.54
13615,64232,5964.43
13615,84561,5964.43
13615,104806,5964.43
13615,124894,5964.45
13615,144846,5964.45
13615,164934,5964.51
13615,185515,5964.51
13615,206039,5964.5
13615,226659,5964.5
13615,247107,5964.5
13615,267732,5964.45
13615,288719,5964.45
13615,310233,5964.5
13615,331778,5964.5
13615,353250,5964.52
13615,374395,5964.52
13615,395728,5964.54
13615,417122,5964.54
13615,437601,5964.54
13615,457789,5964.5
13615,478538,5964.5
13615,498822,5964.48
13615,519010,5964.48
13615,539494,5964.45
13615,541403,5964.45
13615,543713,5964.45
13615,557789,5965.54
13615,578659,5965.54
13615,599663,5964.59
13615,620495,5964.59
13615,641456,5964.43
13615,662129,5964.43
13615,6767340,5964.56
13615,6788165,5964.56
13615,6808653,5964.56
13615,6829149,5964.56
13615,6849510,5964.56
13615,6869989,5964.48
13615,6890458,5964.48
13615,6911141,5964.56
13615,6931938,5964.56
13615,6953048,5964.56
13615,6973924,5964.51
13615,6994769,5964.51
13615,7015706,5964.55
13615,7036635,5964.55
13615,7057506,5964.55
13615,7065668,5964.55
13615,7065959,5964.55
13615,7066254,5965.54
13615,7066521,5965.54
13615,7066831,5965.54
13615,7069906,5965.54
13615,7083601,5965.54
13615,7102950,5965.54
13615,7122910,5964.47
13615,7143263,5964.47
13615,7163613,5964.47
13615,7184208,5964.54
13615,7204980,5964.54
13615,7226260,5964.49
13615,7247445,5964.49
13615,7268438,5964.5
13615,7289438,5964.5
13615,7310418,5964.5
13615,7331053,5964.6
13615,7351528,5964.6
13615,7372125,5964.49
13615,7392079,5964.49
13615,7411916,5964.53
13615,682622,5964.43
13615,702666,5964.44
13615,722722,5964.44
13615,743282,5964.56
13615,764564,5964.56
13615,785877,5964.52
13615,807140,5964.52
13615,827760,5964.52
13615,848165,5964.47
13615,868854,5964.47
13615,889342,5964.45
13615,909766,5964.45
13615,930264,5964.41
13615,950497,5964.41
13615,971104,5964.41
13615,991460,5964.5
13615,1011972,5964.5
13615,1032434,5964.5
13615,1053022,5964.5
13615,1073628,5964.52
13615,1094365,5964.52
13615,1114945,5964.59
13615,1135424,5964.59
13615,1155814,5964.59
13615,1176258,5964.53
13615,1196658,5964.53
13615,1217166,5964.49
13615,1237752,5964.49
13615,1258508,5964.56
13615,1279300,5964.56
13615,1300195,5964.56
13615,1320810,5964.58
13615,1341786,5964.58
13615,7431883,5964.53
13615,7451843,5964.53
13615,7472183,5964.53
13615,7492568,5964.53
13615,7513304,5964.45
13615,7533860,5964.45
13615,7554854,5964.57
13615,7575963,5964.57
13615,7596773,5964.57
13615,7615429,5964.55
13615,7615703,5964.55
13615,7616569,5964.51
13615,7622455,5964.51
13615,7622754,5964.56
13615,7624752,5964.56
13615,7637576,5965.54
13615,7657511,5965.54
13615,7677173,5965.54
13615,7697342,5964.51
13615,7717671,5964.51
13615,7738029,5964.5
13615,7758529,5964.5
13615,7778854,5964.48
13615,7799465,5964.48
13615,7819980,5964.48
13615,7840306,5964.43
13615,7860901,5964.43
13615,7881905,5964.54
13615,7902611,5964.54
13615,7923622,5964.56
13615,7944614,5964.56
13615,7966010,5964.52
13615,7986993,5964.52
13615,8007989,5964.52
13615,8028840,5964.46
13615,8049513,5964.46
13615,8070180,5964.65
13615,8090935,5964.65
13615,8112051,5964.43
13615,8132968,5964.43
13615,8146103,5964.43
13615,8146357,5964.55
13615,8146660,5964.55
13615,8147006,5965.54
13615,8147233,5965.54
13615,8147504,5965.54
13615,8147873,5965.54
13615,8148162,5965.54
13615,8148395,5965.54
13615,8148680,5965.54
13615,8148974,5965.54
13615,8149312,5965.54
13615,8149600,5965.54
13615,8150692,5965.54
13615,8161566,5965.54
13615,8179913,5965.54
13615,8185837,5965.54
13615,8186145,5964.52
13615,8186371,5964.52
13615,8186662,5965.54
13615,8191788,5965.54
13615,8208535,5965.54
13615,8228480,5965.54
13615,8248992,5964.46
13615,8269496,5964.46
13615,8289547,5964.46
13615,8310299,5964.44
13615,8330657,5964.44
13615,8351271,5964.47
13615,8371775,5964.47
13615,8392345,5964.49
13615,8412844,5964.49
13615,8432943,5964.49
13615,8453048,5964.47
13615,8473498,5964.47
13615,8493761,5964.55
13615,8514891,5964.55
13615,8535838,5964.61
13615,8556966,5964.61
13615,8578085,5964.52
13615,8599195,5964.52
13615,8620339,5964.52
13615,8641188,5964.43
13615,8662169,5964.43
13615,8682928,5964.46
13615,8703482,5964.46
13615,8723767,5964.54
13615,8744060,5964.54
13615,8764578,5964.54
13615,8785023,5964.51
13615,8805678,5964.51
13615,8826048,5964.66
13615,8846770,5964.66
13615,8867503,5964.46
13615,8888249,5964.46
13615,8908909,5964.46
13615,8929579,5964.49
13615,8950195,5964.49
13615,8970811,5964.43
13615,8991599,5964.43
13615,9012223,5964.45
13615,9032740,5964.45
13615,9053107,5964.52
13615,9074101,5964.52
13615,9094700,5964.52
13615,9115549,5964.41
13615,9136389,5964.41
13615,9157127,5964.6
13615,9177769,5964.6
13615,9198257,5964.5
13615,9219162,5964.5
13615,9240357,5964.5
13615,9261354,5964.44
13615,9282264,5964.44
13615,9303192,5964.45
13615,9324316,5964.45
13615,9345689,5964.43
13615,9367107,5964.43
13615,9389086,5964.43
13615,9410727,5964.46
13615,9431964,5964.46
13615,9452594,5964.52
13615,9473188,5964.52
13615,9493809,5964.4
13615,9514153,5964.4
13615,9534823,5964.52
13615,9555382,5964.52
13615,9575889,5964.52
13615,9596576,5964.48
13615,9616949,5964.48
13615,9637814,5964.57
13615,9658548,5964.57
13615,9679066,5964.56
13615,9699632,5964.56
13615,9720236,5964.56
13615,9740923,5964.47
13615,9761355,5964.47
13615,9782033,5964.54
13615,9802412,5964.54
13615,9823077,5964.43
13615,9843871,5964.43
13615,9864701,5964.43
13615,9885823,5964.47
13615,9906531,5964.47
13615,9927459,5964.34
13615,9948339,5964.34
13615,9969078,5964.49
13615,9984352,5964.49
13615,9984621,5964.44
13615,1362270,5964.46
13615,1383146,5964.46
13615,1403879,5964.59
13615,1424451,5964.59
13615,1445223,5964.59
13615,1465718,5964.48
13615,1479000,5964.48
13615,1479343,5964.58
13615,1479638,5964.58
13615,1487942,5965.54
13615,1507379,5965.54
13615,1528721,5965.54
13615,1550184,5964.61
13615,1571897,5964.61
13615,1593227,5964.56
13615,1614038,5964.56
13615,1634855,5964.52
13615,1655464,5964.52
13615,1675967,5964.61
13615,1696185,5964.61
13615,1716448,5964.61
13615,1736806,5964.47
13615,1757516,5964.47
13615,1778397,5964.54
13615,1799384,5964.54
13615,1820235,5964.54
13615,1841138,5964.54
13615,1862396,5964.54
13615,1883852,5964.5
13615,1905239,5964.5
13615,1926646,5964.55
13615,1947737,5964.55
13615,1968762,5964.53
13615,1989846,5964.53
13615,2010758,5964.53
13615,2031832,5964.51
13615,2052709,5964.51
13615,2073608,5964.48
13615,2094185,5964.48
13615,2114328,5964.6
13615,2134478,5964.6
13615,2154979,5964.62
13615,2175178,5964.62
13615,2195552,5964.62
13615,2215912,5964.46
13615,2236055,5964.46
13615,2257097,5964.5
13615,2278197,5964.5
13615,2299264,5964.5
13615,2320510,5964.5
13615,2342099,5964.5
13615,2363302,5964.51
13615,2384554,5964.51
13615,2405580,5964.48
13615,2427219,5964.48
13615,2448717,5964.49
13615,2469707,5964.49
13615,2490318,5964.49
13615,2510811,5964.37
13615,2531428,5964.37
13615,2551501,5964.47
13615,2572148,5964.47
13615,2592869,5964.45
13615,2613202,5964.45
13615,2633436,5964.45
13615,2653788,5964.44
13615,2673847,5964.44
13615,2693963,5964.39
13615,2714359,5964.39
13615,2735200,5964.52
13615,2755684,5964.52
13615,2776657,5964.52
13615,2797526,5964.47
13615,2808948,5964.47
13615,2809293,5964.46
13615,2813801,5964.46
13615,2831451,5965.54
13615,2851692,5965.54
13615,2872324,5964.36
13615,2893419,5964.36
13615,2914227,5964.36
13615,2934985,5964.38
13615,2956248,5964.38
13615,2977120,5964.46
13615,2998164,5964.46
13615,3019495,5964.41
13615,3039977,5964.41
13615,3060322,5964.41
13615,3080495,5964.44
13615,3100931,5964.44
13615,3121112,5964.39
13615,3141608,5964.39
13615,3162069,5964.44
13615,3182289,5964.44
13615,3202649,5964.44
13615,3223378,5964.5
13615,3243757,5964.5
13615,3264343,5964.56
13615,3284897,5964.56
13615,3306033,5964.39
13615,3326814,5964.39
13615,3347671,5964.39
13615,3350562,5964.47
13615,3351095,5964.47
13615,3360588,5965.54
13615,3380425,5965.54
13615,3401274,5964.38
13615,3422000,5964.38
13615,3443005,5964.5
13615,3463725,5964.5
13615,3484550,5964.5
13615,3505325,5964.53
13615,3525847,5964.53
13615,3546552,5964.43
13615,3567036,5964.43
13615,3587166,5964.53
13615,3607378,5964.53
13615,3627561,5964.53
13615,3648015,5964.45
13615,3668630,5964.45
13615,3689153,5964.46
13615,3709508,5964.46
13615,3730373,5964.51
13615,3750723,5964.51
13615,3771204,5964.51
13615,3791728,5964.45
13615,3812428,5964.45
13615,3832635,5964.47
13615,3852978,5964.47
13615,3874164,5964.59
13615,3895470,5964.59
13615,3916873,5964.59
13615,3938112,5964.59
13615,3958461,5964.59
13615,3978951,5964.59
13615,3999424,5964.59
13615,4019646,5964.52
13615,4039664,5964.52
13615,4059956,5964.58
13615,4080460,5964.58
13615,4100920,5964.58
13615,4121293,5964.47
13615,4141569,5964.47
13615,4162228,5964.45
13615,4182799,5964.45
13615,4202944,5964.56
13615,4223417,5964.56
13615,4243766,5964.56
13615,4264251,5964.51
13615,4284694,5964.51
13615,4305480,5964.46
13615,4326063,5964.46
13615,4346947,5964.55
13615,4368366,5964.55
13615,4389713,5964.55
13615,4410939,5964.54
13615,4432091,5964.54
13615,4453433,5964.54
13615,4474683,5964.54
13615,4495783,5964.5
13615,4516821,5964.5
13615,4537812,5964.5
13615,4558763,5964.5
13615,4579401,5964.5
13615,4599984,5964.45
13615,4621114,5964.45
13615,4641590,5964.52
13615,4662391,5964.52
13615,4683085,5964.52
13615,4703984,5964.52
13615,4725441,5964.52
13615,4746554,5964.51
13615,4767760,5964.51
13615,4788903,5964.52
13615,4809986,5964.52
13615,4818832,5964.55
13615,4819139,5964.55
13615,4821153,5964.55
13615,4834479,5965.54
13615,4855140,5965.54
13615,4876224,5964.51
13615,4896948,5964.51
13615,4917905,5964.49
13615,4938653,5964.49
13615,4959071,5964.49
13615,4979743,5964.51
13615,5000396,5964.51
13615,5020840,5964.43
13615,5041313,5964.43
13615,5061816,5964.48
13615,5081798,5964.48
13615,5102231,5964.48
13615,5122958,5964.49
13615,5143112,5964.49
13615,5163419,5964.61
13615,5183710,5964.61
13615,5204280,5964.53
13615,5224739,5964.53
13615,5246096,5964.4
13615,5267384,5964.4
13615,5288210,5964.4
13615,5309084,5964.43
13615,5330454,5964.43
13615,5351409,5964.53
13615,5372203,5964.53
13615,5393030,5964.4
13615,5414249,5964.4
13615,5435253,5964.4
13615,5456029,5964.47
13615,5476661,5964.47
13615,5497371,5964.5
13615,5517870,5964.5
13615,5537969,5964.35
13615,5558442,5964.35
13615,5578953,5964.52
13615,5599566,5964.52
13615,5620117,5964.52
13615,5631274,5964.48
13615,5631557,5964.48
13615,5631860,5965.54
13615,5632082,5965.54
13615,5632435,5965.54
13615,5632717,5965.54
13615,5632950,5965.54
13615,5633236,5965.54
13615,5633579,5965.54
13615,5633874,5965.54
13615,5634096,5965.54
13615,5634391,5965.54
13615,5634677,5965.54
13615,5634893,5965.54
13615,5635181,5965.54
13615,5635475,5965.54
13615,5635744,5965.54
13615,5636045,5965.54
13615,5636335,5965.54
13615,5643007,5965.54
13615,5659776,5964.7
13615,5678976,5964.7
13615,5698543,5964.7
13615,5718225,5964.31
13615,5738109,5964.31
13615,5758445,5964.46
13615,5779054,5964.46
13615,5799532,5964.41
13615,5819783,5964.41
13615,5839978,5964.41
13615,5860390,5964.51
13615,5880769,5964.51
13615,5901199,5964.53
13615,5921599,5964.53
13615,5941821,5964.52
13615,5962010,5964.52
13615,5982477,5964.52
13615,6002966,5964.51
13615,6023446,5964.51
13615,6044024,5964.56
13615,6059041,5964.56
13615,6059374,5964.54
13615,6059602,5964.54
13615,6063557,5964.54
13615,6078945,5965.54
13615,6100263,5965.54
13615,6120910,5964.49
13615,6141126,5964.49
13615,6161102,5964.52
13615,6181337,5964.52
13615,6201537,5964.48
13615,6221391,5964.48
13615,6221619,5964.48
13615,6221969,5964.47
13615,6222260,5964.47
13615,6222494,5965.54
13615,6222835,5965.54
13615,6223070,5965.54
13615,6223360,5965.54
13615,6223709,5965.54
13615,6223990,5965.54
13615,6224226,5965.54
13615,6224511,5965.54
13615,6224839,5965.54
13615,6225135,5965.54
13615,6225439,5965.54
13615,6225669,5965.54
13615,6225959,5965.54
13615,6226301,5965.54
13615,6226778,5965.54
13615,6236112,5965.54
13615,6254535,5964.72
13615,6274204,5964.72
13615,6293915,5964.55
13615,6314196,5964.55
13615,6334416,5964.55
13615,6354389,5964.51
13615,6374751,5964.51
13615,6395328,5964.46
13615,6415871,5964.46
13615,6436446,5964.54
13615,6457175,5964.54
13615,6477922,5964.54
13615,6498932,5964.55
13615,6519516,5964.55
13615,6540196,5964.51
13615,6561165,5964.51
13615,6582552,5964.54
13615,6603356,5964.54
13615,6624082,5964.54
13615,6644436,5964.56
13615,6664865,5964.56
13615,6685401,5964.55
13615,6705536,5964.55
13615,6725988,5964.53
13615,6746877,5964.53
13616,48077,5964.51
13616,68974,5964.51
13616,89976,5964.58
13616,110845,5964.58
13616,132027,5964.58
13616,153336,5964.54
13616,174454,5964.54
13616,195551,5964.54
13616,216563,5964.54
13616,237163,5964.64
13616,257566,5964.64
13616,277727,5964.64
13616,297691,5964.54
13616,318062,5964.54
13616,338216,5964.53
13616,358264,5964.53
13616,378360,5964.61
13616,398671,5964.61
13616,419190,5964.3
13616,440427,5964.3
13616,461104,5964.3
13616,482277,5964.67
13616,503179,5964.67
13616,523857,5964.55
13616,544986,5964.55
13616,566533,5964.61
13616,587879,5964.61
13616,609051,5964.61
13616,630062,5964.51
13616,651051,5964.51
13616,6746225,5964.53
13616,6767302,5964.53
13616,6788388,5964.53
13616,6809364,5964.52
13616,6829744,5964.52
13616,6850613,5964.57
13616,6871593,5964.57
13616,6892075,5964.6
13616,6912941,5964.6
13616,6933926,5964.52
13616,6954527,5964.52
13616,6975261,5964.52
13616,6996089,5964.36
13616,7017235,5964.36
13616,7037856,5964.5
13616,7058454,5964.5
13616,7078831,5964.61
13616,7099182,5964.61
13616,7119310,5964.61
13616,7139874,5964.54
13616,7161124,5964.54
13616,7182377,5964.56
13616,7203508,5964.56
13616,7224613,5964.5
13616,7245459,5964.5
13616,7266840,5964.57
13616,7288105,5964.57
13616,7309477,5964.57
13616,7330378,5964.49
13616,7351311,5964.49
13616,7372434,5964.59
13616,7393440,5964.59
13616,672244,5964.58
13616,692451,5964.58
13616,712805,5964.5
13616,733306,5964.5
13616,753524,5964.54
13616,774137,5964.54
13616,794671,5964.54
13616,815167,5964.48
13616,835454,5964.48
13616,855339,5964.53
13616,875404,5964.53
13616,895783,5964.44
13616,916603,5964.44
13616,937204,5964.44
13616,957927,5964.57
13616,978532,5964.57
13616,999163,5964.51
13616,1020060,5964.51
13616,1040640,5964.53
13616,1061230,5964.53
13616,1082472,5964.4
13616,1103855,5964.4
13616,1125107,5964.4
13616,1146571,5964.46
13616,1167987,5964.46
13616,1189216,5964.43
13616,1210670,5964.43
13616,1231330,5964.48
13616,1252183,5964.48
13616,1272812,5964.48
13616,1293155,5964.53
13616,1313685,5964.53
13616,1333980,5964.53
13616,7414402,5964.52
13616,7435537,5964.52
13616,7456574,5964.55
13616,7477358,5964.55
13616,7498202,5964.55
13616,7519005,5964.61
13616,7539758,5964.61
13616,7560377,5964.57
13616,7580953,5964.57
13616,7601559,5964.5
13616,7622048,5964.5
13616,7642541,5964.53
13616,7663515,5964.53
13616,7684262,5964.53
13616,7704855,5964.53
13616,7725723,5964.53
13616,7746767,5964.6
13616,7767705,5964.6
13616,7788450,5964.53
13616,7809155,5964.53
13616,7830040,5964.53
13616,7851298,5964.57
13616,7871878,5964.57
13616,7892374,5964.53
13616,7913299,5964.53
13616,7933968,5964.58
13616,7954770,5964.58
13616,7975846,5964.46
13616,7996720,5964.46
13616,8017565,5964.46
13616,8038564,5964.55
13616,8059774,5964.55
13616,8080859,5964.47
13616,8101806,5964.47
13616,8122776,5964.5
13616,8143544,5964.5
13616,8164784,5964.5
13616,8185454,5964.52
13616,8206503,5964.52
13616,8226963,5964.5
13616,8247510,5964.5
13616,8268690,5964.47
13616,8289404,5964.47
13616,8310047,5964.48
13616,8330902,5964.48
13616,8351879,5964.48
13616,8372544,5964.48
13616,8393367,5964.48
13616,8413948,5964.48
13616,8434735,5964.48
13616,8455466,5964.54
13616,8476309,5964.54
13616,8497225,5964.54
13616,8517916,5964.59
13616,8538671,5964.59
13616,8559287,5964.52
13616,8571869,5964.52
13616,8572175,5964.52
13616,8572406,5964.52
13616,8579687,5965.54
13616,8598529,5965.54
13616,8618616,5965.54
13616,8638972,5964.56
13616,8659706,5964.56
13616,8680562,5964.49
13616,8701054,5964.49
13616,8721529,5964.57
13616,8742276,5964.57
13616,8763243,5964.57
13616,8783742,5964.52
13616,8804483,5964.52
13616,8825201,5964.52
13616,8845809,5964.52
13616,8866430,5964.59
13616,8886786,5964.59
13616,8907389,5964.54
13616,8927729,5964.54
13616,8948228,5964.54
13616,8968696,5964.66
13616,8989270,5964.66
13616,9009806,5964.59
13616,9030037,5964.59
13616,9050609,5964.63
13616,9071349,5964.63
13616,9092338,5964.58
13616,9113324,5964.58
13616,9133835,5964.58
13616,9154437,5964.58
13616,9175277,5964.58
13616,9195896,5964.53
13616,9216880,5964.53
13616,9238123,5964.51
13616,9259346,5964.51
13616,9280437,5964.52
13616,9301610,5964.52
13616,9322837,5964.52
13616,9343863,5964.55
13616,9364980,5964.55
13616,9385940,5964.55
13616,9406705,5964.55
13616,9427818,5964.58
13616,9449191,5964.58
13616,9470223,5964.58
13616,9491193,5964.59
13616,9511933,5964.59
13616,9533293,5964.52
13616,9554409,5964.52
13616,9575273,5964.53
13616,9595516,5964.53
13616,9616113,5964.51
13616,9636823,5964.51
13616,9657139,5964.51
13616,9677431,5964.57
13616,9697762,5964.57
13616,9717747,5964.52
13616,9738095,5964.52
13616,9758185,5964.51
13616,9779069,5964.51
13616,9799540,5964.51
13616,9805483,5964.54
13616,9805716,5964.54
13616,9806053,5965.54
13616,9806360,5965.54
13616,9806576,5965.54
13616,9806576,5965.54
13616,1354167,5964.53
13616,1374314,5964.39
13616,1394542,5964.39
13616,1414651,5964.49
13616,1434861,5964.49
13616,1455609,5964.49
13616,1476590,5964.52
13616,1497695,5964.52
13616,1518825,5964.52
13616,1539953,5964.52
13616,1561056,5964.47
13616,1582125,5964.47
13616,1603429,5964.47
13616,1624056,5964.51
13616,1644770,5964.51
13616,1665283,5964.62
13616,1685934,5964.62
13616,1706598,5964.61
13616,1726954,5964.61
13616,1747689,5964.54
13616,1768067,5964.54
13616,1788888,5964.54
13616,1809776,5964.62
13616,1830501,5964.62
13616,1851255,5964.56
13616,1872025,5964.56
13616,1892603,5964.54
13616,1913082,5964.54
13616,1933724,5964.54
13616,1954426,5964.56
13616,1975275,5964.56
13616,1995783,5964.6
13616,2016605,5964.6
13616,2037613,5964.58
13616,2058746,5964.58
13616,2079603,5964.6
13616,2100727,5964.6
13616,2122137,5964.6
13616,2143720,5964.61
13616,2165237,5964.61
13616,2186864,5964.59
13616,2208113,5964.59
13616,2228584,5964.66
13616,2248179,5964.66
13616,2248507,5964.64
13616,2248745,5964.64
13616,2249022,5964.64
13616,2249360,5965.54
13616,2249666,5965.54
13616,2249894,5965.54
13616,2250185,5965.54
13616,2250400,5965.54
13616,2250741,5965.54
13616,2251030,5965.54
13616,2251267,5965.54
13616,2251549,5965.54
13616,2251896,5965.54
13616,2252112,5965.54
13616,2252464,5965.54
13616,2252697,5965.54
13616,2252997,5965.54
13616,2253342,5965.54
13616,2253581,5965.54
13616,2253868,5965.54
13616,2254151,5965.54
13616,2255325,5965.54
13616,2265035,5965.54
13616,2283111,5964.61
13616,2302682,5964.61
13616,2322989,5964.61
13616,2343693,5964.47
13616,2363969,5964.47
13616,2383990,5964.56
13616,2404414,5964.56
13616,2424813,5964.59
13616,2445398,5964.59
13616,2466137,5964.53
13616,2487011,5964.53
13616,2507855,5964.53
13616,2528541,5964.59
13616,2549351,5964.59
13616,2570574,5964.41
13616,2591644,5964.41
13616,2612453,5964.45
13616,2633325,5964.45
13616,2654049,5964.54
13616,2674775,5964.54
13616,2695902,5964.54
13616,2716623,5964.44
13616,2737376,5964.44
13616,2758106,5964.64
13616,2778758,5964.64
13616,2799458,5964.53
13616,2820447,5964.53
13616,2841175,5964.51
13616,2861941,5964.51
13616,2883031,5964.51
13616,2904142,5964.53
13616,2925389,5964.53
13616,2946521,5964.49
13616,2967528,5964.49
13616,2988628,5964.55
13616,3009644,5964.55
13616,3030779,5964.55
13616,3051883,5964.42
13616,3056428,5964.42
13616,3056764,5964.58
13616,3057311,5964.58
13616,3066896,5965.54
13616,3086215,5965.54
13616,3106647,5964.57
13616,3127727,5964.57
13616,3148575,5964.57
13616,3170070,5964.51
13616,3191462,5964.51
13616,3212585,5964.41
13616,3233717,5964.41
13616,3255345,5964.59
13616,3276961,5964.59
13616,3298729,5964.41
13616,3319996,5964.41
13616,3341080,5964.41
13616,3362215,5964.53
13616,3383193,5964.53
13616,3404426,5964.47
13616,3425552,5964.47
13616,3446462,5964.53
13616,3467669,5964.53
13616,3488872,5964.53
13616,3505923,5964.51
13616,3506174,5964.51
13616,3506467,5964.55
13616,3516445,5964.55
13616,3536127,5964.53
13616,3556866,5964.53
13616,3578212,5964.4
13616,3599460,5964.4
13616,3620713,5964.4
13616,3642190,5964.52
13616,3663672,5964.52
13616,3685361,5964.43
13616,3706961,5964.43
13616,3728353,5964.45
13616,3749454,5964.45
13616,3770195,5964.45
13616,3791309,5964.48
13616,3812193,5964.48
13616,3833311,5964.52
13616,3854133,5964.52
13616,3875058,5964.53
13616,3896046,5964.53
13616,3916768,5964.42
13616,3937563,5964.42
13616,3958343,5964.42
13616,3979689,5964.5
13616,4001254,5964.5
13616,4022607,5964.61
13616,4043744,5964.61
13616,4064951,5964.52
13616,4085990,5964.52
13616,4107232,5964.52
13616,4128356,5964.52
13616,4149366,5964.52
13616,4170197,5964.56
13616,4191038,5964.56
13616,4211944,5964.52
13616,4232533,5964.52
13616,4253468,5964.53
13616,4274661,5964.53
13616,4295639,5964.57
13616,4316903,5964.57
13616,4338018,5964.57
13616,4359125,5964.56
13616,4380242,5964.56
13616,4397539,5964.58
13616,4397810,5964.58
13616,4398108,5965.54
13616,4398383,5965.54
13616,4398615,5965.54
13616,4398953,5965.54
13616,4399184,5965.54
13616,4399551,5965.54
13616,4399810,5965.54
13616,4400127,5965.54
13616,4400348,5965.54
13616,4400636,5965.54
13616,4400861,5965.54
13616,4401200,5965.54
13616,4401420,5965.54
13616,4401723,5965.54
13616,4402078,5965.54
13616,4402354,5965.54
13616,4402646,5965.54
13616,4402871,5965.54
13616,4403216,5965.54
13616,4403451,5965.54
13616,4403801,5965.54
13616,4404075,5965.54
13616,4407839,5965.54
13616,4424101,5965.54
13616,4444576,5965.54
13616,4465556,5964.56
13616,4486435,5964.56
13616,4507562,5964.56
13616,4527828,5964.55
13616,4548642,5964.55
13616,4569136,5964.58
13616,4590129,5964.58
13616,4611099,5964.55
13616,4632366,5964.55
13616,4653229,5964.34
13616,4674468,5964.34
13616,4695698,5964.34
13616,4716286,5964.6
13616,4737425,5964.6
13616,4758261,5964.74
13616,4778773,5964.74
13616,4799770,5964.61
13616,4820481,5964.61
13616,4841264,5964.61
13616,4861975,5964.45
13616,4882582,5964.45
13616,4903059,5964.55
13616,4923541,5964.55
13616,4944279,5964.75
13616,4964754,5964.75
13616,4985244,5964.69
13616,5006238,5964.69
13616,5027216,5964.69
13616,5048363,5964.58
13616,5069534,5964.58
13616,5091105,5964.59
13616,5112126,5964.59
13616,5133205,5964.56
13616,5154219,5964.56
13616,5175571,5964.66
13616,5197031,5964.66
13616,5218451,5964.66
13616,5239716,5964.59
13616,5260740,5964.59
13616,5282198,5964.61
13616,5303295,5964.61
13616,5324402,5964.57
13616,5345433,5964.57
13616,5366552,5964.57
13616,5387430,5964.58
13616,5408414,5964.58
13616,5429736,5964.54
13616,5450404,5964.54
13616,5470760,5964.54
13616,5491313,5964.54
13616,5511833,5964.58
13616,5532569,5964.58
13616,5553314,5964.58
13616,5573681,5964.41
13616,5594088,5964.41
13616,5614233,5964.57
13616,5634869,5964.57
13616,5655462,5964.03
13616,5676327,5964.03
13616,5696689,5964.58
13616,5717796,5964.58
13616,5739332,5964.58
13616,5760453,5964.54
13616,5781694,5964.54
13616,5802665,5964.51
13616,5823779,5964.51
13616,5844640,5964.56
13616,5865887,5964.56
13616,5886640,5964.56
13616,5907727,5964.55
13616,5928769,5964.55
13616,5949972,5964.53
13616,5971187,5964.53
13616,5992026,5964.58
13616,6012740,5964.58
13616,6033684,5964.51
13616,6054448,5964.51
13616,6075557,5964.51
13616,6096928,5964.51
13616,6118120,5964.51
13616,6138915,5964.57
13616,6160168,5964.57
13616,6181016,5964.6
13616,6202146,5964.6
13616,6223158,5964.61
13616,6244119,5964.61
13616,6264864,5964.61
13616,6285871,5964.53
13616,6306823,5964.53
13616,6327965,5964.43
13616,6348828,5964.43
13616,6369958,5964.38
13616,6391203,5964.38
13616,6412437,5964.38
13616,6433184,5964.55
13616,6454054,5964.55
13616,6474525,5964.45
13616,6494808,5964.45
13616,6515360,5964.66
13616,6536305,5964.66
13616,6557099,5964.61
13616,6578190,5964.61
13616,6598859,5964.61
13616,6619944,5964.51
13616,6640919,5964.51
13616,6662057,5964.67
13616,6683279,5964.67
13616,6704408,5964.48
13616,6725142,5964.48
13617,50599,5964.48
13617,71927,5964.48
13617,92295,5964.4
13617,113123,5964.4
13617,133665,5964.4
13617,154480,5964.4
13617,175084,5964.4
13617,195934,5964.42
13617,217022,5964.42
13617,238053,5964.51
13617,258718,5964.51
13617,279531,5964.44
13617,300658,5964.44
13617,321655,5964.44
13617,342636,5964.44
13617,363646,5964.44
13617,385120,5964.44
13617,406414,5964.44
13617,427725,5964.49
13617,449140,5964.49
13617,464203,5964.47
13617,464416,5964.47
13617,464781,5965.54
13617,465010,5965.54
13617,465293,5965.54
13617,465582,5965.54
13617,465875,5965.54
13617,466223,5965.54
13617,466437,5965.54
13617,466739,5965.54
13617,467093,5965.54
13617,468696,5965.54
13617,480311,5965.54
13617,499525,5965.54
13617,519585,5964.61
13617,539996,5964.61
13617,560739,5964.2
13617,581860,5964.2
13617,602604,5964.63
13617,623643,5964.63
13617,644458,5964.63
13617,665315,5964.52
13617,6735623,5964.67
13617,6755992,5964.67
13617,6776364,5964.57
13617,6797330,5964.57
13617,6818359,5964.61
13617,6839963,5964.61
13617,6861573,5964.62
13617,6882944,5964.62
13617,6904460,5964.62
13617,6925841,5964.56
13617,6947071,5964.56
13617,6968043,5964.57
13617,6989012,5964.57
13617,7009851,5964.59
13617,7030293,5964.59
13617,7051406,5964.55
13617,7072190,5964.55
13617,7092997,5964.55
13617,7113644,5964.57
13617,7134478,5964.57
13617,7155109,5964.59
13617,7176185,5964.59
13617,7197202,5964.63
13617,7218067,5964.63
13617,7238677,5964.55
13617,7259282,5964.55
13617,7279645,5964.55
13617,7300254,5964.59
13617,7321119,5964.59
13617,7341962,5964.5
13617,7363214,5964.5
13617,7383986,5964.42
13617,686039,5964.52
13617,707048,5964.71
13617,727677,5964.71
13617,748402,5964.63
13617,769241,5964.63
13617,790373,5964.63
13617,811100,5964.61
13617,832114,5964.61
13617,852718,5964.55
13617,873336,5964.55
13617,894039,5964.61
13617,914571,5964.61
13617,935407,5964.61
13617,956532,5964.57
13617,977637,5964.57
13617,998722,5964.61
13617,1019616,5964.61
13617,1040477,5964.68
13617,1061280,5964.68
13617,1082360,5964.69
13617,1103220,5964.69
13617,1124081,5964.69
13617,1145460,5964.64
13617,1166680,5964.64
13617,1187692,5964.59
13617,1208791,5964.59
13617,1230136,5964.69
13617,1251233,5964.69
13617,1272475,5964.69
13617,1293487,5964.63
13617,1314396,5964.63
13617,1335385,5964.64
13617,7404880,5964.42
13617,7425677,5964.42
13617,7446555,5964.56
13617,7467672,5964.56
13617,7488538,5964.55
13617,7509232,5964.55
13617,7530121,5964.46
13617,7550678,5964.46
13617,7571483,5964.53
13617,7592463,5964.53
13617,7612862,5964.53
13617,7633811,5964.47
13617,7654719,5964.47
13617,7675949,5964.57
13617,7696896,5964.57
13617,7717654,5964.53
13617,7738835,5964.53
13617,7759629,5964.55
13617,7780492,5964.55
13617,7801251,5964.55
13617,7822593,5964.41
13617,7843480,5964.41
13617,7864555,5964.58
13617,7885709,5964.58
13617,7906443,5964.54
13617,7927830,5964.54
13617,7948938,5964.54
13617,7969790,5964.62
13617,7990535,5964.62
13617,8011663,5964.5
13617,8032331,5964.5
13617,8053403,5964.54
13617,8074758,5964.54
13617,8095900,5964.61
13617,8117194,5964.61
13617,8138248,5964.61
13617,8159624,5964.46
13617,8180883,5964.46
13617,8201631,5964.58
13617,8222473,5964.58
13617,8243217,5964.66
13617,8264091,5964.66
13617,8284930,5964.66
13617,8305804,5964.48
13617,8326790,5964.48
13617,8347793,5964.57
13617,8369029,5964.57
13617,8390088,5964.53
13617,8410942,5964.53
13617,8432029,5964.58
13617,8452635,5964.58
13617,8473636,5964.58
13617,8494464,5964.63
13617,8515853,5964.63
13617,8536960,5964.66
13617,8558099,5964.66
13617,8579248,5964.5
13617,8600336,5964.5
13617,8621326,5964.49
13617,8642436,5964.49
13617,8663176,5964.49
13617,8684295,5964.53
13617,8705671,5964.53
13617,8726770,5964.58
13617,8747897,5964.58
13617,8768921,5964.39
13617,8790054,5964.39
13617,8811014,5964.39
13617,8831893,5964.56
13617,8852750,5964.56
13617,8873524,5964.52
13617,8894684,5964.52
13617,8915840,5964.59
13617,8936707,5964.59
13617,8957461,5964.59
13617,8978078,5964.53
13617,8998759,5964.53
13617,9019678,5964.39
13617,9040594,5964.39
13617,9062077,5964.39
13617,9083303,5964.39
13617,9104465,5964.52
13617,9125655,5964.52
13617,9146486,5964.52
13617,9167244,5964.5
13617,9187728,5964.5
13617,9207987,5964.5
13617,9228426,5964.5
13617,9248840,5964.54
13617,9269295,5964.54
13617,9289616,5964.54
13617,9310289,5964.64
13617,9330818,5964.64
13617,9351325,5964.57
13617,9371492,5964.57
13617,9391889,5964.5
13617,9412480,5964.5
13617,9433357,5964.51
13617,9454362,5964.51
13617,9474973,5964.51
13617,9495830,5964.44
13617,9516383,5964.44
13617,9537154,5964.46
13617,9557784,5964.46
13617,9578890,5964.72
13617,9600158,5964.72
13617,9602201,5964.72
13617,9602473,5964.55
13617,9602839,5964.55
13617,9604445,5965.54
13617,9616750,5965.54
13617,9636335,5964.99
13617,9656919,5964.99
13617,9677672,5964.45
13617,9698799,5964.45
13617,9720024,5964.45
13617,9741167,5964.65
13617,9762345,5964.65
13617,9783390,5964.62
13617,9804780,5964.62
13617,9826037,5964.62
13617,9847161,5964.62
13617,9867747,5964.62
13617,9888257,5964.67
13617,9909337,5964.67
13617,9930207,5964.51
13617,9950962,5964.51
13617,9972083,5964.62
13617,9992795,5964.62
13617,10007340,5964.69
13617,10007340,5964.69
13617,1356634,5964.64
13617,1378069,5964.57
13617,1399257,5964.57
13617,1420538,5964.67
13617,1441378,5964.67
13617,1462373,5964.67
13617,1483442,5964.54
13617,1503908,5964.54
13617,1524619,5964.59
13617,1545513,5964.59
13617,1566154,5964.63
13617,1586847,5964.63
13617,1607791,5964.63
13617,1628643,5964.63
13617,1649879,5964.63
13617,1670878,5964.69
13617,1691695,5964.69
13617,1712449,5964.74
13617,1733516,5964.74
13617,1754695,5964.65
13617,1775681,5964.65
13617,1796708,5964.65
13617,1817448,5964.72
13617,1838097,5964.72
13617,1859056,5964.76
13617,1879792,5964.76
13617,1900457,5964.7
13617,1920640,5964.7
13617,1941330,5964.7
13617,1962126,5964.61
13617,1983119,5964.61
13617,2004325,5964.67
13617,2025457,5964.67
13617,2046424,5964.59
13617,2068025,5964.59
13617,2089587,5964.64
13617,2111349,5964.64
13617,2132595,5964.64
13617,2154342,5964.6
13617,2175954,5964.6
13617,2197402,5964.58
13617,2218858,5964.58
13617,2240103,5964.69
13617,2261211,5964.69
13617,2282342,5964.69
13617,2303524,5964.57
13617,2324959,5964.57
13617,2346328,5964.68
13617,2367729,5964.68
13617,2388589,5964.61
13617,2409458,5964.61
13617,2430062,5964.62
13617,2451319,5964.62
13617,2471770,5964.62
13617,2492402,5964.52
13617,2512988,5964.52
13617,2524016,5964.64
13617,2524299,5964.64
13617,2527629,5965.54
13617,2543690,5965.54
13617,2564189,5965.54
13617,2585114,5964.57
13617,2596538,5964.57
13617,2596810,5964.54
13617,2602718,5964.54
13617,2621400,5965.54
13617,2642125,5965.54
13617,2662512,5964.51
13617,2682955,5964.51
13617,2703408,5964.51
13617,2723944,5964.59
13617,2744300,5964.59
13617,2764889,5964.57
13617,2785882,5964.57
13617,2806383,5964.61
13617,2826985,5964.61
13617,2847709,5964.61
13617,2868209,5964.49
13617,2888971,5964.49
13617,2909545,5964.52
13617,2930791,5964.52
13617,2951922,5964.54
13617,2973237,5964.54
13617,2994543,5964.55
13617,3015526,5964.55
13617,3036837,5964.55
13617,3057521,5964.49
13617,3078629,5964.49
13617,3099516,5964.54
13617,3120230,5964.54
13617,3141008,5964.61
13617,3161950,5964.61
13617,3182702,5964.5
13617,3203421,5964.5
13617,3223873,5964.5
13617,3244395,5964.49
13617,3265347,5964.49
13617,3286236,5964.65
13617,3307089,5964.65
13617,3327849,5964.5
13617,3348689,5964.5
13617,3369585,5964.5
13617,3390308,5964.51
13617,3411239,5964.51
13617,3432296,5964.55
13617,3453485,5964.55
13617,3474613,5964.48
13617,3495900,5964.48
13617,3517276,5964.58
13617,3538664,5964.58
13617,3560228,5964.58
13617,3581422,5964.56
13617,3582975,5964.56
13617,3584118,5964.63
13617,3595695,5964.63
13617,3616645,5964.79
13617,3638037,5964.79
13617,3659498,5964.79
13617,3680912,5964.54
13617,3701973,5964.54
13617,3722881,5964.48
13617,3743643,5964.48
13617,3764417,5964.63
13617,3784713,5964.63
13617,3805823,5964.54
13617,3826441,5964.54
13617,3847188,5964.54
13617,3868035,5964.63
13617,3888399,5964.63
13617,3909119,5964.57
13617,3929597,5964.57
13617,3949569,5964.58
13617,3970078,5964.58
13617,3990302,5964.58
13617,4010628,5964.55
13617,4030945,5964.55
13617,4051548,5964.61
13617,4071977,5964.61
13617,4092630,5964.55
13617,4113410,5964.55
13617,4134405,5964.53
13617,4155415,5964.53
13617,4176526,5964.53
13617,4197654,5964.59
13617,4218772,5964.59
13617,4239642,5964.51
13617,4260752,5964.51
13617,4281539,5964.59
13617,4302596,5964.59
13617,4323716,5964.68
13617,4344709,5964.68
13617,4365446,5964.68
13617,4386619,5964.62
13617,4407683,5964.62
13617,4428313,5964.58
13617,4449182,5964.58
13617,4470281,5964.64
13617,4491701,5964.64
13617,4512615,5964.64
13617,4533385,5964.63
13617,4553899,5964.63
13617,4574383,5964.56
13617,4595106,5964.56
13617,4615818,5964.65
13617,4636678,5964.65
13617,4657182,5964.65
13617,4678160,5964.67
13617,4699022,5964.67
13617,4720019,5964.56
13617,4740927,5964.56
13617,4762083,5964.47
13617,4782872,5964.47
13617,4803727,5964.55
13617,4825112,5964.55
13617,4846549,5964.55
13617,4867595,5964.68
13617,4888963,5964.68
13617,4910475,5964.61
13617,4931998,5964.61
13617,4953619,5964.59
13617,4975007,5964.59
13617,4996108,5964.6
13617,5017217,5964.6
13617,5038191,5964.6
13617,5059328,5964.58
13617,5080004,5964.58
13617,5100681,5964.54
13617,5121785,5964.54
13617,5142781,5964.69
13617,5163293,5964.69
13617,5184021,5964.45
13617,5205120,5964.45
13617,5225882,5964.45
13617,5246516,5964.63
13617,5267359,5964.63
13617,5287826,5964.67
13617,5308482,5964.67
13617,5329172,5964.54
13617,5349912,5964.54
13617,5370986,5964.54
13617,5391667,5964.63
13617,5412373,5964.63
13617,5433226,5964.5
13617,5453961,5964.5
13617,5475053,5964.64
13617,5496325,5964.64
13617,5518091,5964.5
13617,5539332,5964.5
13617,5560754,5964.5
13617,5582235,5964.55
13617,5603339,5964.55
13617,5623956,5964.56
13617,5643948,5964.56
13617,5664648,5964.54
13617,5685134,5964.54
13617,5705875,5964.54
13617,5726851,5964.57
13617,5747714,5964.57
13617,5768733,5964.6
13617,5789447,5964.6
13617,5810330,5964.58
13617,5831055,5964.58
13617,5851861,5964.59
13617,5872855,5964.59
13617,5893783,5964.59
13617,5914893,5964.61
13617,5936366,5964.61
13617,5957634,5964.53
13617,5979028,5964.53
13617,6000203,5964.61
13617,6021661,5964.61
13617,6043031,5964.61
13617,6064153,5964.58
13617,6085249,5964.58
13617,6106391,5964.55
13617,6127488,5964.55
13617,6148679,5964.65
13617,6169537,5964.65
13617,6190339,5964.63
13617,6211224,5964.63
13617,6232369,5964.63
13617,6253227,5964.88
13617,6273966,5964.88
13617,6294677,5964.53
13617,6315662,5964.53
13617,6336386,5964.61
13617,6357159,5964.61
13617,6377940,5964.48
13617,6398606,5964.48
13617,6420358,5964.48
13617,6441875,5964.61
13617,6463245,5964.61
13617,6484487,5964.65
13617,6505894,5964.65
13617,6527076,5964.56
13617,6548232,5964.56
13617,6569472,5964.56
13617,6590999,5964.57
13617,6611976,5964.57
13617,6633018,5964.56
13617,6653921,5964.56
13617,6674635,5964.64
13617,6695158,5964.64
13617,6715315,5964.67
13618,52843,5964.65
13618,73586,5964.61
13618,93798,5964.61
13618,114421,5964.61
13618,134785,5964.69
13618,154981,5964.69
13618,175447,5964.52
13618,196581,5964.52
13618,217351,5964.68
13618,238322,5964.68
13618,259449,5964.64
13618,280228,5964.64
13618,301282,5964.64
13618,322540,5964.72
13618,343536,5964.72
13618,364270,5964.53
13618,385021,5964.53
13618,405736,5964.47
13618,426605,5964.47
13618,447334,5964.47
13618,468451,5964.72
13618,489439,5964.72
13618,510526,5964.66
13618,531066,5964.66
13618,552026,5964.6
13618,572924,5964.6
13618,593889,5964.6
13618,614902,5964.67
13618,635506,5964.67
13618,656051,5964.61
13618,6725547,5964.56
13618,6746257,5964.56
13618,6766995,5964.64
13618,6787927,5964.64
13618,6809170,5964.56
13618,6830119,5964.56
13618,6850964,5964.56
13618,6871692,5964.55
13618,6892440,5964.55
13618,6913690,5964.64
13618,6934577,5964.64
13618,6955665,5964.58
13618,6976536,5964.58
13618,6997620,5964.58
13618,7018363,5964.56
13618,7038899,5964.56
13618,7059368,5964.62
13618,7079819,5964.62
13618,7100443,5964.62
13618,7120934,5964.62
13618,7141260,5964.62
13618,7161257,5964.53
13618,7181469,5964.53
13618,7201447,5964.56
13618,7221762,5964.56
13618,7242280,5964.6
13618,7263286,5964.6
13618,7284260,5964.58
13618,7305063,5964.58
13618,7326238,5964.58
13618,7347056,5964.63
13618,7368872,5964.63
13618,7390636,5964.7
13618,676659,5964.61
13618,697176,5964.65
13618,699518,5964.65
13618,699734,5965.54
13618,704227,5965.54
13618,720928,5965.54
13618,742196,5964.89
13618,763428,5964.89
13618,784800,5964.57
13618,806443,5964.57
13618,828309,5964.66
13618,849594,5964.66
13618,870992,5964.51
13618,892288,5964.51
13618,913330,5964.51
13618,933791,5964.65
13618,954719,5964.65
13618,975639,5964.61
13618,996377,5964.61
13618,1017299,5964.66
13618,1038319,5964.66
13618,1059352,5964.66
13618,1080605,5964.5
13618,1102234,5964.5
13618,1123386,5964.59
13618,1144877,5964.59
13618,1166231,5964.6
13618,1187361,5964.6
13618,1208885,5964.64
13618,1229841,5964.64
13618,1250783,5964.64
13618,1271596,5964.55
13618,1292321,5964.55
13618,1313034,5964.52
13618,1333809,5964.52
13618,7412209,5964.7
13618,7434143,5964.54
13618,7455505,5964.54
13618,7476669,5964.54
13618,7497892,5964.64
13618,7518870,5964.64
13618,7540238,5964.61
13618,7561552,5964.61
13618,7582733,5964.65
13618,7603931,5964.65
13618,7625101,5964.63
13618,7646477,5964.63
13618,7667341,5964.63
13618,7688225,5964.68
13618,7708779,5964.68
13618,7729438,5964.57
13618,7750030,5964.57
13618,7770879,5964.71
13618,7791545,5964.71
13618,7812137,5964.66
13618,7832902,5964.66
13618,7853605,5964.66
13618,7874341,5964.62
13618,7894683,5964.62
13618,7915286,5964.53
13618,7926249,5964.53
13618,7926518,5964.65
13618,7926865,5964.65
13618,7927155,5964.65
13618,7928272,5965.54
13618,7938398,5965.54
13618,7957430,5965.54
13618,7977673,5965.54
13618,7998290,5964.72
13618,8019343,5964.72
13618,8040680,5964.67
13618,8061794,5964.67
13618,8083019,5964.67
13618,8103734,5964.7
13618,8124468,5964.7
13618,8145225,5964.68
13618,8165832,5964.68
13618,8186135,5964.65
13618,8206840,5964.65
13618,8228070,5964.65
13618,8248509,5964.63
13618,8269496,5964.63
13618,8290245,5964.62
13618,8311062,5964.62
13618,8331908,5964.61
13618,8352832,5964.61
13618,8374097,5964.61
13618,8395477,5964.68
13618,8416654,5964.68
13618,8437557,5964.72
13618,8458826,5964.72
13618,8480048,5964.69
13618,8501142,5964.69
13618,8522557,5964.64
13618,8544035,5964.64
13618,8565344,5964.64
13618,8586184,5964.72
13618,8607293,5964.72
13618,8627961,5964.64
13618,8648574,5964.64
13618,8669159,5964.73
13618,8689483,5964.73
13618,8709944,5964.66
13618,8730761,5964.66
13618,8751300,5964.66
13618,8771715,5964.68
13618,8792375,5964.68
13618,8812754,5964.59
13618,8833256,5964.59
13618,8853954,5964.71
13618,8874642,5964.71
13618,8895257,5964.65
13618,8915643,5964.65
13618,8936019,5964.65
13618,8956816,5964.65
13618,8977466,5964.65
13618,8998099,5964.61
13618,9018937,5964.61
13618,9039938,5964.72
13618,9060953,5964.72
13618,9081538,5964.72
13618,9102172,5964.58
13618,9122879,5964.58
13618,9143573,5964.7
13618,9164145,5964.7
13618,9185392,5964.59
13618,9206481,5964.59
13618,9227587,5964.65
13618,9248752,5964.65
13618,9269816,5964.65
13618,9290851,5964.68
13618,9311829,5964.68
13618,9333068,5964.54
13618,9354136,5964.54
13618,9375163,5964.6
13618,9395890,5964.6
13618,9417057,5964.6
13618,9438156,5964.62
13618,9459134,5964.62
13618,9480198,5964.68
13618,9500946,5964.68
13618,9522249,5964.65
13618,9543142,5964.65
13618,9564102,5964.62
13618,9584904,5964.62
13618,9605964,5964.62
13618,9626683,5964.68
13618,9647677,5964.68
13618,9668497,5964.79
13618,9689646,5964.79
13618,9710664,5964.57
13618,9731536,5964.57
13618,9752512,5964.57
13618,9773284,5964.6
13618,9794524,5964.6
13618,9815359,5964.71
13618,9836350,5964.71
13618,9856695,5964.63
13618,9877581,5964.63
13618,9898313,5964.63
13618,9919071,5964.62
13618,9940134,5964.62
13618,9961269,5964.69
13618,9982548,5964.69
13618,10003280,5964.67
13618,10007309,5964.67
13618,1354321,5964.49
13618,1375014,5964.49
13618,1395839,5964.49
13618,1416499,5964.55
13618,1437233,5964.55
13618,1458000,5964.61
13618,1478579,5964.61
13618,1499544,5964.69
13618,1520418,5964.69
13618,1541666,5964.63
13618,1563113,5964.63
13618,1584736,5964.63
13618,1606058,5964.62
13618,1627672,5964.62
13618,1649228,5964.73
13618,1670704,5964.73
13618,1692331,5964.69
13618,1713370,5964.69
13618,1734666,5964.69
13618,1755559,5964.63
13618,1777175,5964.63
13618,1798192,5964.63
13618,1819057,5964.63
13618,1839907,5964.64
13618,1860514,5964.64
13618,1881389,5964.64
13618,1902278,0
13618,1922971,0
13618,1943446,5964.57
13618,1964209,5964.57
13618,1984664,5964.57
13618,2004779,5964.57
13618,2025383,5964.62
13618,2045719,5964.62
13618,2066201,5964.62
13618,2086937,5964.58
13618,2107690,5964.58
13618,2128667,5964.64
13618,2150169,5964.64
13618,2171705,5964.62
13618,2193234,5964.62
13618,2214690,5964.66
13618,2236183,5964.66
13618,2257418,5964.66
13618,2278700,5964.65
13618,2300071,5964.65
13618,2321678,5964.65
13618,2343198,5964.65
13618,2364246,5964.62
13618,2385558,5964.62
13618,2406586,5964.62
13618,2427643,5964.59
13618,2448686,5964.59
13618,2469459,5964.63
13618,2490394,5964.63
13618,2511408,5964.59
13618,2532019,5964.59
13618,2552793,5964.59
13618,2573602,5964.62
13618,2594969,5964.62
13618,2616385,5964.6
13618,2638096,5964.6
13618,2659608,5964.63
13618,2681112,5964.63
13618,2702384,5964.64
13618,2723867,5964.64
13618,2745369,5964.64
13618,2766751,5964.6
13618,2787660,5964.6
13618,2808901,5964.66
13618,2830194,5964.66
13618,2850968,5964.6
13618,2871724,5964.6
13618,2892697,5964.6
13618,2913584,5964.6
13618,2934685,5964.6
13618,2955674,5964.64
13618,2976490,5964.64
13618,2997384,5964.69
13618,3018037,5964.69
13618,3032523,5964.54
13618,3032872,5964.54
13618,3033157,5964.54
13618,3033389,5965.54
13618,3033684,5965.54
13618,3034033,5965.54
13618,3034324,5965.54
13618,3034608,5965.54
13618,3034830,5965.54
13618,3035168,5965.54
13618,3035453,5965.54
13618,3041471,5965.54
13618,3059162,5965.54
13618,3078813,5965.54
13618,3098948,5964.13
13618,3119449,5964.13
13618,3140123,5964.56
13618,3160930,5964.56
13618,3181678,5964.56
13618,3202446,5964.61
13618,3223373,5964.61
13618,3244278,5964.56
13618,3265215,5964.56
13618,3285974,5964.64
13618,3306609,5964.64
13618,3327327,5964.66
13618,3348080,5964.66
13618,3368768,5964.66
13618,3389159,5964.61
13618,3410131,5964.61
13618,3431189,5964.6
13618,3451975,5964.6
13618,3472596,5964.99
13618,3493077,5964.99
13618,3513932,5964.99
13618,3534791,5964.74
13618,3555396,5964.74
13618,3576265,5964.64
13618,3597271,5964.64
13618,3618272,5964.67
13618,3639473,5964.67
13618,3660605,5964.74
13618,3681878,5964.74
13618,3703135,5964.74
13618,3723981,5964.69
13618,3744579,5964.69
13618,3765451,5964.67
13618,3786186,5964.67
13618,3807292,5964.71
13618,3828166,5964.71
13618,3849269,5964.65
13618,3870535,5964.65
13618,3891934,5964.65
13618,3913178,5964.69
13618,3934563,5964.69
13618,3956296,5964.72
13618,3977836,5964.72
13618,3999303,5964.69
13618,4020699,5964.69
13618,4042074,5964.69
13618,4063331,5964.65
13618,4084165,5964.65
13618,4104921,5964.76
13618,4125879,5964.76
13618,4146523,5964.71
13618,4167237,5964.71
13618,4187714,5964.71
13618,4208580,5964.69
13618,4229633,5964.69
13618,4250848,5964.71
13618,4271898,5964.71
13618,4293067,5964.62
13618,4314199,5964.62
13618,4335062,5964.8
13618,4356358,5964.8
13618,4377687,5964.8
13618,4399180,5964.7
13618,4420051,5964.7
13618,4441172,5964.71
13618,4462299,5964.71
13618,4483536,5964.71
13618,4504404,5964.71
13618,4525405,5964.71
13618,4546373,5964.62
13618,4567504,5964.62
13618,4588865,5964.71
13618,4610052,5964.71
13618,4630601,5964.63
13618,4651210,5964.63
13618,4672845,5964.64
13618,4694742,5964.64
13618,4716485,5964.64
13618,4738076,5964.66
13618,4759232,5964.66
13618,4779988,5964.68
13618,4800731,5964.68
13618,4821188,5964.61
13618,4841678,5964.61
13618,4861899,5964.74
13618,4882347,5964.74
13618,4902787,5964.74
13618,4923222,5964.7
13618,4944091,5964.7
13618,4965037,5964.71
13618,4986151,5964.71
13618,5007690,5964.77
13618,5029314,5964.77
13618,5050987,5964.77
13618,5072307,5964.63
13618,5093223,5964.63
13618,5114719,5964.71
13618,5135823,5964.71
13618,5156948,5964.62
13618,5178238,5964.62
13618,5199812,5964.5
13618,5220959,5964.5
13618,5242159,5964.5
13618,5263054,5964.7
13618,5284317,5964.7
13618,5305474,5964.67
13618,5327043,5964.67
13618,5349060,5964.74
13618,5370755,5964.74
13618,5392217,5964.74
13618,5413838,5964.59
13618,5435228,5964.59
13618,5456458,5964.8
13618,5477998,5964.8
13618,5499550,5964.58
13618,5520523,5964.58
13618,5541336,5964.58
13618,5562003,5964.6
13618,5582669,5964.6
13618,5603659,5964.77
13618,5624792,5964.77
13618,5645869,5964.53
13618,5667519,5964.53
13618,5689675,5964.53
13618,5711452,5964.55
13618,5733305,5964.55
13618,5754836,5964.69
13618,5776083,5964.69
13618,5797092,5964.46
13618,5818176,5964.46
13618,5839326,5964.56
13618,5860462,5964.56
13618,5881675,5964.56
13618,5902687,5964.57
13618,5923673,5964.57
13618,5944779,5964.56
13618,5965765,5964.56
13618,5979611,5964.69
13618,5979943,5964.69
13618,5980230,5965.54
13618,5982101,5965.54
13618,5994652,5965.54
13618,6013828,5965.54
13618,6033985,5965.54
13618,6054678,5964.5
13618,6075306,5964.5
13618,6096029,5964.51
13618,6117186,5964.51
13618,6138130,5964.51
13618,6159016,5964.56
13618,6180835,5964.56
13618,6202006,5964.62
13618,6223388,5964.62
13618,6244466,5964.66
13618,6265628,5964.66
13618,6286878,5964.62
13618,6307945,5964.62
13618,6328993,5964.62
13618,6350013,5964.69
13618,6370878,5964.69
13618,6392077,5964.66
13618,6413105,5964.66
13618,6434198,5964.72
13618,6454946,5964.72
13618,6475925,5964.67
13618,6496415,5964.67
13618,6517022,5964.67
13618,6537872,5964.59
13618,6558480,5964.59
13618,6579101,5964.47
13618,6599955,5964.47
13618,6620953,5964.7
13618,6641904,5964.7
13618,6662690,5964.7
13618,6683709,5964.63
13618,6704669,5964.63
13619,50614,5964.81
13619,71804,5964.81
13619,92270,5964.64
13619,112765,5964.64
13619,133370,5964.64
13619,154001,5964.68
13619,174628,5964.68
13619,195577,5964.72
13619,215788,5964.72
13619,236790,5964.68
13619,257368,5964.68
13619,278288,5964.75
13619,299371,5964.75
13619,320149,5964.75
13619,340864,5964.67
13619,361834,5964.67
13619,382436,5964.6
13619,402894,5964.6
13619,423566,5964.71
13619,444270,5964.71
13619,465281,5964.71
13619,485986,5964.55
13619,506990,5964.55
13619,528114,5964.66
13619,549221,5964.66
13619,570488,5964.64
13619,591468,5964.64
13619,612856,5964.69
13619,634098,5964.69
13619,655523,5964.69
13619,676705,5964.63
13619,698122,5964.63
13619,719384,5964.65
13619,740720,5964.65
13619,762273,5964.66
13619,783536,5964.66
13619,797485,5964.66
13619,797810,5964.66
13619,798043,5964.66
13619,798315,5965.54
13619,798684,5965.54
13619,798916,5965.54
13619,799201,5965.54
13619,799494,5965.54
13619,799779,5965.54
13619,800051,5965.54
13619,800343,5965.54
13619,800637,5965.54
13619,800930,5965.54
13619,801277,5965.54
13619,801514,5965.54
13619,801785,5965.54
13619,802090,5965.54
13619,802438,5965.54
13619,802738,5965.54
13619,803019,5965.54
13619,803250,5965.54
13619,803581,5965.54
13619,803823,5965.54
13619,804115,5965.54
13619,804453,5965.54
13619,804748,5965.54
13619,804969,5965.54
13619,805275,5965.54
13619,805612,5965.54
13619,805890,5965.54
13619,806119,5965.54
13619,806484,5965.54
13619,806699,5965.54
13619,806912,5965.54
13619,807221,5965.54
13619,807509,5965.54
13619,807861,5965.54
13619,808149,5965.54
13619,808373,5965.54
13619,808707,5965.54
13619,809008,5965.54
13619,809242,5965.54
13619,809533,5965.54
13619,809885,5965.54
13619,810163,5965.54
13619,810398,5965.54
13619,810683,5965.54
13619,811029,5965.54
13619,811262,5965.54
13619,811615,5965.54
13619,811830,5965.54
13619,812131,5965.54
13619,812416,5965.54
13619,812760,5965.54
13619,813049,5965.54
13619,813278,5965.54
13619,813574,5965.54
13619,813928,5965.54
13619,814184,5965.54
13619,814430,5965.54
13619,814727,5965.54
13619,815070,5965.54
13619,815366,5965.54
13619,815581,5965.54
13619,815884,5965.54
13619,816160,5965.54
13619,816458,5965.54
13619,816790,5965.54
13619,817031,5965.54
13619,817381,5965.54
13619,817614,5965.54
13619,817898,5965.54
13619,818183,5965.54
13619,818482,5965.54
13619,818754,5965.54
13619,819111,5965.54
13619,819328,5965.54
13619,819614,5965.54
13619,819910,5965.54
13619,820139,5965.54
13619,820429,5965.54
13619,820773,5965.54
13619,821060,5965.54
13619,821279,5965.54
13619,821587,5965.54
13619,821865,5965.54
13619,822222,5965.54
13619,822444,5965.54
13619,822724,5965.54
13619,823019,5965.54
13619,823370,5965.54
13619,823663,5965.54
13619,823879,5965.54
13619,824239,5965.54
13619,824455,5965.54
13619,824809,5965.54
13619,825098,5965.54
13619,825334,5965.54
13619,825629,5965.54
13619,825954,5965.54
13619,826186,5965.54
13619,826533,5965.54
13619,826836,5965.54
13619,827126,5965.54
13619,827342,5965.54
13619,827703,5965.54
13619,827979,5965.54
13619,828286,5965.54
13619,828509,5965.54
13619,828803,5965.54
13619,829131,5965.54
13619,829435,5965.54
13619,829724,5965.54
13619,830013,5965.54
13619,830302,5965.54
13619,830528,5965.54
13619,830826,5965.54
13619,831170,5965.54
13619,831457,5965.54
13619,831689,5965.54
13619,831910,5965.54
13619,832190,5965.54
13619,832484,5965.54
13619,832764,5965.54
13619,833117,5965.54
13619,833340,5965.54
13619,833696,5965.54
13619,833977,5965.54
13619,834196,5965.54
13619,834503,5965.54
13619,834760,5965.54
13619,835074,5965.54
13619,835371,5965.54
13619,835707,5965.54
13619,835930,5965.54
13619,836295,5965.54
13619,836513,5965.54
13619,836869,5965.54
13619,837157,5965.54
13619,837373,5965.54
13619,837667,5965.54
13619,837999,5965.54
13619,838239,5965.54
13619,838535,5965.54
13619,838897,5965.54
13619,839112,5965.54
13619,839407,5965.54
13619,839748,5965.54
13619,839985,5965.54
13619,840331,5965.54
13619,840554,5965.54
13619,840835,5965.54
13619,841134,5965.54
13619,841484,5965.54
13619,841713,5965.54
13619,842045,5965.54
13619,842351,5965.54
13619,842582,5965.54
13619,842925,5965.54
13619,843152,5965.54
13619,843495,5965.54
13619,843789,5965.54
13619,843951,5965.54
13619,844236,5965.54
13619,844583,5965.54
13619,844797,5965.54
13619,845110,5965.54
13619,845387,5965.54
13619,845741,5965.54
13619,845965,5965.54
13619,846259,5965.54
13619,846548,5965.54
13619,846895,5965.54
13619,847188,5965.54
13619,847420,5965.54
13619,847699,5965.54
13619,848046,5965.54
13619,848275,5965.54
13619,848626,5965.54
13619,848858,5965.54
13619,849207,5965.54
13619,849440,5965.54
13619,849719,5965.54
13619,850070,5965.54
13619,850286,5965.54
13619,850584,5965.54
13619,850847,5965.54
13619,851220,5965.54
13619,851456,5965.54
13619,851736,5965.54
13619,852080,5965.54
13619,852373,5965.54
13619,852596,5965.54
13619,852898,5965.54
13619,853236,5965.54
13619,853519,5965.54
13619,853802,5965.54
13619,854107,5965.54
13619,854343,5965.54
13619,854631,5965.54
13619,854976,5965.54
13619,855191,5965.54
13619,855500,5965.54
13619,855779,5965.54
13619,856068,5965.54
13619,856355,5965.54
13619,856585,5965.54
13619,856922,5965.54
13619,857139,5965.54
13619,857500,5965.54
13619,857794,5965.54
13619,858026,5965.54
13619,858315,5965.54
13619,858655,5965.54
13619,858942,5965.54
13619,859233,5965.54
13619,859509,5965.54
13619,859754,5965.54
13619,860097,5965.54
13619,860336,5965.54
13619,860684,5965.54
13619,860967,5965.54
13619,861191,5965.54
13619,861543,5965.54
13619,861833,5965.54
13619,862128,5965.54
13619,862413,5965.54
13619,862704,5965.54
13619,862922,5965.54
13619,863268,5965.54
13619,863505,5965.54
13619,863782,5965.54
13619,864148,5965.54
13619,864372,5965.54
13619,864667,5965.54
13619,865013,5965.54
13619,865227,5965.54
13619,865593,5965.54
13619,865824,5965.54
13619,866168,5965.54
13619,866469,5965.54
13619,866693,5965.54
13619,866984,5965.54
13619,867263,5965.54
13619,867613,5965.54
13619,867828,5965.54
13619,868064,5965.54
13619,868329,5965.54
13619,868686,5965.54
13619,868984,5965.54
13619,869282,5965.54
13619,869503,5965.54
13619,869789,5965.54
13619,870138,5965.54
13619,870417,5965.54
13619,870720,5965.54
13619,870941,5965.54
13619,871218,5965.54
13619,871527,5965.54
13619,871862,5965.54
13619,872083,5965.54
13619,872380,5965.54
13619,872666,5965.54
13619,872970,5965.54
13619,873313,5965.54
13619,873598,5965.54
13619,873828,5965.54
13619,874106,5965.54
13619,874458,5965.54
13619,874753,5965.54
13619,874977,5965.54
13619,875272,5965.54
13619,875619,5965.54
13619,875853,5965.54
13619,876181,5965.54
13619,876481,5965.54
13619,876770,5965.54
13619,877000,5965.54
13619,877289,5965.54
13619,877633,5965.54
13619,877861,5965.54
13619,878212,5965.54
13619,878495,5965.54
13619,878719,5965.54
13619,879066,5965.54
13619,879314,5965.54
13619,879597,5965.54
13619,879947,5965.54
13619,880172,5965.54
13619,880458,5965.54
13619,880812,5965.54
13619,881035,5965.54
13619,881332,5965.54
13619,881606,5965.54
13619,881827,5965.54
13619,882114,5965.54
13619,882379,5965.54
13619,882750,5965.54
13619,882987,5965.54
13619,883275,5965.54
13619,883604,5965.54
13619,883921,5965.54
13619,884198,5965.54
13619,884482,5965.54
13619,884722,5965.54
13619,885061,5965.54
13619,885279,5965.54
13619,885648,5965.54
13619,885940,5965.54
13619,886170,5965.54
13619,886502,5965.54
13619,886799,5965.54
13619,887094,5965.54
13619,887385,5965.54
13619,887613,5965.54
13619,887897,5965.54
13619,888188,5965.54
13619,888538,5965.54
13619,888753,5965.54
13619,889044,5965.54
13619,889347,5965.54
13619,889626,5965.54
13619,889978,5965.54
13619,890192,5965.54
13619,890493,5965.54
13619,890841,5965.54
13619,891131,5965.54
13619,891425,5965.54
13619,891704,5965.54
13619,891999,5965.54
13619,892226,5965.54
13619,892569,5965.54
13619,892805,5965.54
13619,893084,5965.54
13619,893375,5965.54
13619,893678,5965.54
13619,894016,5965.54
13619,894308,5965.54
13619,894533,5965.54
13619,894826,5965.54
13619,895175,5965.54
13619,895388,5965.54
13619,895601,5965.54
13619,895903,5965.54
13619,896201,5965.54
13619,896481,5965.54
13619,896780,5965.54
13619,897106,5965.54
13619,897407,5965.54
13619,897645,5965.54
13619,897990,5965.54
13619,898219,5965.54
13619,898558,5965.54
13619,898865,5965.54
13619,899070,5965.54
13619,899433,5965.54
13619,899707,5965.54
13619,900010,5965.54
13619,900296,5965.54
13619,900538,5965.54
13619,900809,5965.54
13619,901099,5965.54
13619,901175,5965.54
13620,43637,5964.71
13620,63218,5964.71
13620,83175,5964.64
13620,103152,5964.64
13620,122931,5964.78
13620,142950,5964.78
13620,163150,5964.74
13620,183372,5964.74
13620,203615,5964.74
13620,224178,5964.56
13620,244198,5964.56
13620,263921,5964.68
13620,283621,5964.68
13620,303713,5964.61
13620,323460,5964.61
13620,343576,5964.61
13620,363444,5964.71
13620,383354,5964.71
13620,403293,5964.6
13620,423263,5964.6
13620,442738,5964.67
13620,462777,5964.67
13620,483078,5964.67
13620,503269,5964.66
13620,523522,5964.66
13620,543721,5964.58
13620,564379,5964.58
13620,584385,5964.57
13620,604781,5964.57
13620,625013,5964.57
13620,645334,5964.74
13620,665854,5964.74
13620,6825545,5964.78
13620,6845578,5964.78
13620,6865280,5964.69
13620,6884957,5964.69
13620,6905095,5964.72
13620,6925187,5964.72
13620,6945167,5964.68
13620,6965264,5964.68
13620,6986474,5964.68
13620,7007573,5964.82
13620,7028877,5964.82
13620,7050259,5964.72
13620,7071649,5964.72
13620,7093013,5964.69
13620,7113948,5964.69
13620,7134976,5964.78
13620,7155398,5964.78
13620,7175679,5964.78
13620,7195927,5964.71
13620,7216026,5964.71
13620,7236228,5964.66
13620,7256730,5964.66
13620,7277469,5964.8
13620,7298326,5964.8
13620,7319331,5964.8
13620,7340160,5964.89
13620,7361253,5964.89
13620,7382164,5964.68
13620,7403184,5964.68
13620,7424154,5964.7
13620,7445002,5964.7
13620,7466000,5964.64
13620,686129,5964.62
13620,706736,5964.62
13620,727212,5964.61
13620,747890,5964.61
13620,768765,5964.73
13620,789246,5964.73
13620,809461,5964.73
13620,829679,5964.72
13620,849770,5964.72
13620,869858,5964.59
13620,890134,5964.59
13620,910833,5964.78
13620,931293,5964.78
13620,951899,5964.78
13620,972400,5964.68
13620,992889,5964.68
13620,1013231,5964.76
13620,1033714,5964.76
13620,1052380,5964.71
13620,1052673,5964.71
13620,1058010,5964.71
13620,1076209,5965.54
13620,1096784,5965.54
13620,1117641,5964.35
13620,1138245,5964.35
13620,1158995,5964.74
13620,1179294,5964.74
13620,1199852,5964.7
13620,1220293,5964.7
13620,1240895,5964.7
13620,1261660,5964.84
13620,1282097,5964.84
13620,1302614,5964.7
13620,1323239,5964.7
13620,1343491,5964.68
13620,7487086,5964.64
13620,7507848,5964.64
13620,7528411,5964.85
13620,7548832,5964.85
13620,7569290,5964.65
13620,7589894,5964.65
13620,7610431,5964.64
13620,7631129,5964.64
13620,7651737,5964.64
13620,7672333,5964.64
13620,7692693,5964.64
13620,7713179,5964.77
13620,7733380,5964.77
13620,7753703,5964.72
13620,7773695,5964.72
13620,7793695,5964.72
13620,7814033,5964.72
13620,7834002,5964.72
13620,7854605,5964.7
13620,7875127,5964.7
13620,7895584,5964.65
13620,7916160,5964.65
13620,7936901,5964.65
13620,7957977,5964.66
13620,7978457,5964.66
13620,7999692,5964.69
13620,8020973,5964.69
13620,8042634,5964.84
13620,8063870,5964.84
13620,8085201,5964.7
13620,8106643,5964.7
13620,8128021,5964.7
13620,8149188,5964.61
13620,8170045,5964.61
13620,8190979,5964.62
13620,8211742,5964.62
13620,8232578,5964.81
13620,8253581,5964.81
13620,8274307,5964.81
13620,8295061,5964.76
13620,8316003,5964.76
13620,8336405,5964.77
13620,8357140,5964.77
13620,8377886,5964.78
13620,8398622,5964.78
13620,8419299,5964.78
13620,8439814,5964.7
13620,8460413,5964.7
13620,8480789,5964.68
13620,8501057,5964.68
13620,8521504,5964.65
13620,8541928,5964.65
13620,8562579,5964.74
13620,8582929,5964.74
13620,8603718,5964.74
13620,8624594,5964.69
13620,8645148,5964.69
13620,8666127,5964.69
13620,8686750,5964.69
13620,8707503,5964.7
13620,8728185,5964.7
13620,8748850,5964.7
13620,8769311,5964.7
13620,8790173,5964.7
13620,8798442,5964.76
13620,8798734,5964.76
13620,8800788,5965.54
13620,8813981,5965.54
13620,8834675,5964.88
13620,8855599,5964.88
13620,8876851,5964.88
13620,8895913,5964.81
13620,8896160,5964.81
13620,8896450,5964.72
13620,8896724,5964.72
13620,8897020,5965.54
13620,8897308,5965.54
13620,8897594,5965.54
13620,8897895,5965.54
13620,8898182,5965.54
13620,8898494,5965.54
13620,8898812,5965.54
13620,8899011,5965.54
13620,8899336,5965.54
13620,8899628,5965.54
13620,8899909,5965.54
13620,8900201,5965.54
13620,8900493,5965.54
13620,8900762,5965.54
13620,8901064,5965.54
13620,8901355,5965.54
13620,8901649,5965.54
13620,8901937,5965.54
13620,8902017,5965.54
13620,1363916,5964.68
13620,1384391,5964.68
13620,1404367,5964.69
13620,1424710,5964.69
13620,1444832,5964.68
13620,1464904,5964.68
13620,1485263,5964.68
13620,1505626,5964.68
13620,1525724,5964.68
13620,1546349,5964.68
13620,1566825,5964.68
13620,1572169,5964.67
13620,1572506,5964.67
13620,1572741,5965.54
13620,1572974,5965.54
13620,1573322,5965.54
13620,1573550,5965.54
13620,1573815,5965.54
13620,1574129,5965.54
13620,1574482,5965.54
13620,1574775,5965.54
13620,1575061,5965.54
13620,1575253,5965.54
13620,1575624,5965.54
13620,1575903,5965.54
13620,1576199,5965.54
13620,1583729,5965.54
13620,1601182,5965.54
13620,1620496,5965.54
13620,1640350,5964.7
13620,1660303,5964.7
13620,1680639,5964.74
13620,1700876,5964.74
13620,1721618,5964.74
13620,1742169,5964.7
13620,1762814,5964.7
13620,1783295,5964.73
13620,1803608,5964.73
13620,1824031,5964.66
13620,1844252,5964.66
13620,1864839,5964.66
13620,1885222,5964.76
13620,1890011,5964.76
13620,1890294,5964.75
13620,1893494,5964.75
13620,1909311,5965.54
13620,1929195,5965.54
13620,1948853,5965.54
13620,1968308,5964.69
13620,1988238,5964.69
13620,2007956,5964.82
13620,2028151,5964.82
13620,2048469,5964.62
13620,2068537,5964.62
13620,2088848,5964.62
13620,2109155,5964.74
13620,2129551,5964.74
13620,2132234,5964.65
13620,2132448,5964.65
13620,2132816,5965.54
13620,2142410,5965.54
13620,2161038,5964.93
13620,2180823,5964.93
13620,2200905,5964.93
13620,2221379,5964.61
13620,2241603,5964.61
13620,2261924,5964.81
13620,2282447,5964.81
13620,2303181,5964.72
13620,2323930,5964.72
13620,2344772,5964.72
13620,2365401,5964.68
13620,2386127,5964.68
13620,2406737,5964.73
13620,2427588,5964.73
13620,2448604,5964.72
13620,2469061,5964.72
13620,2490060,5964.72
13620,2510698,5964.69
13620,2531652,5964.69
13620,2552810,5964.72
13620,2574229,5964.72
13620,2595154,5964.64
13620,2616137,5964.64
13620,2637253,5964.68
13620,2657986,5964.68
13620,2678599,5964.68
13620,2699076,5964.67
13620,2719437,5964.67
13620,2739913,5964.68
13620,2760456,5964.68
13620,2780891,5964.62
13620,2800878,5964.62
13620,2821262,5964.62
13620,2841627,5964.64
13620,2861831,5964.64
13620,2882117,5964.72
13620,2902425,5964.72
13620,2902988,5964.6
13620,2903264,5964.6
13620,2903514,5965.54
13620,2903801,5965.54
13620,2904094,5965.54
13620,2904438,5965.54
13620,2904654,5965.54
13620,2904890,5965.54
13620,2905160,5965.54
13620,2905530,5965.54
13620,2905917,5965.54
13620,2914126,5965.54
13620,2931916,5965.54
13620,2951364,5965.54
13620,2971600,5964.69
13620,2991953,5964.69
13620,3012445,5964.67
13620,3032793,5964.67
13620,3053524,5964.67
13620,3074005,5964.68
13620,3094495,5964.68
13620,3115080,5964.84
13620,3135851,5964.84
13620,3156562,5964.66
13620,3177419,5964.66
13620,3198020,5964.6
13620,3218908,5964.6
13620,3239545,5964.6
13620,3260176,5964.67
13620,3280988,5964.67
13620,3301569,5964.72
13620,3322462,5964.72
13620,3343437,5964.77
13620,3364565,5964.77
13620,3385489,5964.77
13620,3406761,5964.63
13620,3428419,5964.63
13620,3449759,5964.69
13620,3471209,5964.69
13620,3491913,5964.63
13620,3512530,5964.63
13620,3533125,5964.92
13620,3553905,5964.92
13620,3574672,5964.92
13620,3595472,5964.69
13620,3616205,5964.69
13620,3637281,5964.76
13620,3658071,5964.76
13620,3678685,5964.76
13620,3699420,5964.76
13620,3720142,5964.76
13620,3738322,5964.7
13620,3738578,5964.7
13620,3738887,5964.91
13620,3739229,5964.91
13620,3739524,5965.54
13620,3739784,5965.54
13620,3741433,5965.54
13620,3754618,5965.54
13620,3774337,5965.54
13620,3794108,5964.57
13620,3814569,5964.57
13620,3834794,5964.65
13620,3855347,5964.65
13620,3876003,5964.65
13620,3896316,5964.69
13620,3907458,5964.69
13620,3907813,5964.64
13620,3908096,5964.64
13620,3908390,5965.54
13620,3908680,5965.54
13620,3917131,5965.54
13620,3936581,5965.54
13620,3956477,5965.54
13620,3976392,5964.52
13620,3996732,5964.52
13620,4016855,5964.84
13620,4037053,5964.84
13620,4057124,5964.8
13620,4062339,5964.8
13620,4062630,5964.8
13620,4070299,5965.54
13620,4088878,5965.54
13620,4109350,5964.95
13620,4130083,5964.95
13620,4150808,5964.7
13620,4171674,5964.7
13620,4192469,5964.84
13620,4212792,5964.84
13620,4233524,5964.84
13620,4254179,5964.81
13620,4274619,5964.81
13620,4294950,5964.69
13620,4315698,5964.69
13620,4336002,5964.71
13620,4356504,5964.71
13620,4377107,5964.71
13620,4397345,5964.8
13620,4417584,5964.8
13620,4438176,5964.69
13620,4459178,5964.69
13620,4479752,5964.67
13620,4500522,5964.67
13620,4520955,5964.67
13620,4536288,5964.74
13620,4536597,5964.74
13620,4536825,5964.79
13620,4543218,5964.79
13620,4561817,5965.54
13620,4582330,5965.54
13620,4602991,5964.73
13620,4624134,5964.73
13620,4644844,5964.73
13620,4665843,5964.76
13620,4686559,5964.76
13620,4706932,5964.74
13620,4727893,5964.74
13620,4748653,5964.77
13620,4768882,5964.77
13620,4789834,5964.77
13620,4810502,5964.71
13620,4830728,5964.71
13620,4850823,5964.8
13620,4870916,5964.8
13620,4890809,5964.76
13620,4910719,5964.76
13620,4931435,5964.64
13620,4951674,5964.64
13620,4972431,5964.64
13620,4993063,5964.7
13620,5013883,5964.7
13620,5034669,5964.66
13620,5055579,5964.66
13620,5076738,5964.71
13620,5097337,5964.71
13620,5117620,5964.71
13620,5138552,5964.68
13620,5159168,5964.68
13620,5179523,5964.7
13620,5199593,5964.7
13620,5219833,5964.7
13620,5240044,5964.7
13620,5260250,5964.7
13620,5280617,5964.65
13620,5300738,5964.65
13620,5321342,5964.75
13620,5341794,5964.75
13620,5362055,5964.65
13620,5382394,5964.65
13620,5402871,5964.81
13620,5423477,5964.81
13620,5444323,5964.81
13620,5464960,5964.68
13620,5486072,5964.68
13620,5507406,5964.56
13620,5528439,5964.56
13620,5549556,5964.95
13620,5570644,5964.95
13620,5591767,5964.95
13620,5613026,5964.61
13620,5633836,5964.61
13620,5654794,5964.73
13620,5667451,5964.73
13620,5667746,5964.69
13620,5668099,5964.69
13620,5668386,5965.54
13620,5668613,5965.54
13620,5668948,5965.54
13620,5669244,5965.54
13620,5669478,5965.54
13620,5669766,5965.54
13620,5670121,5965.54
13620,5670336,5965.54
13620,5670629,5965.54
13620,5670974,5965.54
13620,5671262,5965.54
13620,5671496,5965.54
13620,5671829,5965.54
13620,5672142,5965.54
13620,5672368,5965.54
13620,5672656,5965.54
13620,5672997,5965.54
13620,5673283,5965.54
13620,5673516,5965.54
13620,5673849,5965.54
13620,5674159,5965.54
13620,5674382,5965.54
13620,5674723,5965.54
13620,5674963,5965.54
13620,5675177,5965.54
13620,5675473,5965.54
13620,5675752,5965.54
13620,5676098,5965.54
13620,5676395,5965.54
13620,5676622,5965.54
13620,5676972,5965.54
13620,5677262,5965.54
13620,5677481,5965.54
13620,5677774,5965.54
13620,5678072,5965.54
13620,5678417,5965.54
13620,5678705,5965.54
13620,5678933,5965.54
13620,5679274,5965.54
13620,5679571,5965.54
13620,5679802,5965.54
13620,5680089,5965.54
13620,5680429,5965.54
13620,5680661,5965.54
13620,5680950,5965.54
13620,5681307,5965.54
13620,5681519,5965.54
13620,5681821,5965.54
13620,5682114,5965.54
13620,5682456,5965.54
13620,5682754,5965.54
13620,5682973,5965.54
13620,5683307,5965.54
13620,5683608,5965.54
13620,5683838,5965.54
13620,5684130,5965.54
13620,5684412,5965.54
13620,5684765,5965.54
13620,5684986,5965.54
13620,5685340,5965.54
13620,5685573,5965.54
13620,5685919,5965.54
13620,5686136,5965.54
13620,5686441,5965.54
13620,5686785,5965.54
13620,5687073,5965.54
13620,5687302,5965.54
13620,5687518,5965.54
13620,5687865,5965.54
13620,5688087,5965.54
13620,5688380,5965.54
13620,5688738,5965.54
13620,5688947,5965.54
13620,5689247,5965.54
13620,5689530,5965.54
13620,5689873,5965.54
13620,5690174,5965.54
13620,5690405,5965.54
13620,5690700,5965.54
13620,5691042,5965.54
13620,5691278,5965.54
13620,5691558,5965.54
13620,5691918,5965.54
13620,5692140,5965.54
13620,5692430,5965.54
13620,5692718,5965.54
13620,5693053,5965.54
13620,5693351,5965.54
13620,5693572,5965.54
13620,5693865,5965.54
13620,5694215,5965.54
13620,5694444,5965.54
13620,5694723,5965.54
13620,5695086,5965.54
13620,5695370,5965.54
13620,5695583,5965.54
13620,5695890,5965.54
13620,5696234,5965.54
13620,5696526,5965.54
13620,5696758,5965.54
13620,5697033,5965.54
13620,5697378,5965.54
13620,5697627,5965.54
13620,5697969,5965.54
13620,5698251,5965.54
13620,5698520,5965.54
13620,5698835,5965.54
13620,5699058,5965.54
13620,5699399,5965.54
13620,5699699,5965.54
13620,5699936,5965.54
13620,5700205,5965.54
13620,5700437,5965.54
13620,5700770,5965.54
13620,5701069,5965.54
13620,5701304,5965.54
13620,5701593,5965.54
13620,5701948,5965.54
13620,5702171,5965.54
13620,5702460,5965.54
13620,5702806,5965.54
13620,5703373,5965.54
13620,5711057,5965.54
13620,5726040,5965.54
13620,5742791,5964.72
13620,5760481,5964.72
13620,5778699,5964.72
13620,5797434,5964.56
13620,5816376,5964.56
13620,5835650,5964.64
13620,5855029,5964.64
13620,5874506,5964.69
13620,5894520,5964.69
13620,5913918,5964.67
13620,5933647,5964.67
13620,5953988,5964.67
13620,5974332,5964.63
13620,5994566,5964.63
13620,6014880,5964.66
13620,6035274,5964.66
13620,6055762,5964.64
13620,6076114,5964.64
13620,6096317,5964.64
13620,6116687,5964.72
13620,6137018,5964.72
13620,6157396,5964.6
13620,6177564,5964.6
13620,6197814,5964.64
13620,6218328,5964.64
13620,6238737,5964.64
13620,6242439,5964.67
13620,6242735,5964.67
13620,6242954,5965.54
13620,6243255,5965.54
13620,6243597,5965.54
13620,6243825,5965.54
13620,6244114,5965.54
13620,6244460,5965.54
13620,6244751,5965.54
13620,6252422,5965.54
13620,6270090,5965.54
13620,6289405,5964.66
13620,6309148,5964.66
13620,6329091,5964.71
13620,6349477,5964.71
13620,6370579,5964.71
13620,6390927,5964.63
13620,6411940,5964.63
13620,6433034,5964.7
13620,6453893,5964.7
13620,6474647,5964.73
13620,6495423,5964.73
13620,6516254,5964.61
13620,6537359,5964.61
13620,6558278,5964.61
13620,6579225,5964.74
13620,6600446,5964.74
13620,6621441,5964.56
13620,6642134,5964.56
13620,6662755,5964.64
13620,6683412,5964.64
13620,6704206,5964.64
13620,6725055,5964.71
13620,6745493,5964.71
13620,6765320,5964.65
13620,6785155,5964.65
13620,6805182,5964.78
