runnum,evnum,HALLA_p
13660,643,4014.53
13660,945,4014.53
13660,1242,4014.53
13660,1515,4014.53
13660,1817,4014.53
13660,2121,4014.53
13660,2423,4014.53
13660,2721,4014.53
13660,3009,4014.53
13660,3314,4014.53
13660,3614,4014.53
13660,3910,4014.53
13660,4196,4014.53
13660,4413,4014.53
13660,4781,4014.53
13660,5081,4014.53
13660,5370,4014.53
13660,5670,4014.53
13660,5958,4014.53
13660,6162,4014.53
13660,6465,4014.53
13660,6770,4014.53
13660,7068,4014.53
13660,7356,4014.53
13660,7648,4014.53
13660,7857,4014.53
13660,8248,4014.53
13660,8530,4014.53
13660,8818,4014.53
13660,9118,4014.53
13660,9407,4014.53
13660,9699,4014.53
13660,9994,4014.53
13660,10297,4014.53
13660,10497,4014.53
13660,10878,4014.53
13660,11090,4014.53
13660,11382,4014.53
13660,11781,4014.53
13660,11996,4014.53
13660,12299,4014.53
13660,12602,4014.53
13660,12908,4014.53
13660,13220,4014.53
13660,13521,4014.53
13660,22513,4014.53
13660,38378,4014.53
13660,55010,4014.53
13660,72120,4014.81
13660,89439,4014.81
13660,107757,4014.87
13660,125643,4014.87
13660,143700,4014.83
13660,162133,4014.83
13660,180670,4014.86
13660,199390,4014.86
13660,217948,4014.86
13660,236984,4014.77
13660,256067,4014.77
13660,274877,4014.84
13660,293837,4014.84
13660,312931,4014.77
13660,332015,4014.77
13660,351283,4014.82
13660,370655,4014.82
13660,389623,4014.82
13660,408765,4014.8
13660,428366,4014.8
13660,447812,4014.85
13660,467250,4014.85
13660,486765,4014.81
13660,506039,4014.81
13660,525538,4014.81
13660,545374,4014.82
13660,564565,4014.82
13660,583771,4014.83
13660,603119,4014.83
13660,622684,4014.87
13660,642257,4014.87
13660,662115,4014.79
13660,681555,4014.79
13660,701245,4014.79
13660,720562,4014.84
13660,740165,4014.84
13660,759913,4014.76
13660,779377,4014.76
13660,798908,4014.81
13660,818504,4014.81
13660,838323,4014.81
13660,857679,4014.8
13660,877083,4014.8
13660,896918,4014.86
13660,916818,4014.86
13660,936614,4014.87
13660,956522,4014.87
13660,976097,4014.84
13660,996061,4014.84
13660,1015637,4014.84
13660,1035221,4014.8
13660,1054797,4014.8
13660,1074409,4014.8
13660,1094235,4014.8
13660,1114130,4014.79
13660,1134017,4014.79
13660,1153654,4014.77
13660,1163519,4014.77
13660,1163736,4014.77
13660,1164057,4014.53
13660,1182544,4014.53
13660,1201748,4014.53
13660,1221313,4014.53
13660,1240614,4014.87
13660,1260230,4014.87
13660,1279965,4014.84
13660,1299655,4014.84
13660,1319372,4014.84
13660,1339188,4014.82
13660,1358804,4014.82
13660,1378608,4014.8
13660,1398233,4014.8
13660,1418152,4014.87
13660,1437861,4014.87
13660,1457750,4014.87
13660,1477574,4014.84
13660,1497281,4014.84
13660,1517009,4014.8
13660,1536697,4014.8
13660,1556537,4014.82
13660,1576169,4014.82
13660,1596455,4014.86
13660,1616302,4014.86
13660,1636054,4014.86
13660,1655862,4014.89
13660,1675976,4014.89
13660,1695815,4014.88
13660,1715503,4014.88
13660,1735238,4014.87
13660,1755278,4014.87
13660,1775032,4014.86
13660,1794990,4014.86
13660,1814979,4014.86
13660,1834799,4014.81
13660,1854669,4014.81
13660,1874385,4014.88
13660,1894439,4014.88
13660,1914305,4014.84
13660,1924029,4014.84
13660,1924323,4014.84
13660,1927257,4014.86
13660,1946115,4014.86
13660,1965469,4014.53
13660,1985322,4014.53
13660,2004971,4014.77
13660,2024630,4014.77
13660,2044514,4014.87
13660,2064356,4014.87
13660,2084093,4014.87
13660,2103679,4014.8
13660,2123528,4014.8
13660,2143257,4014.85
13660,2163151,4014.85
13660,2183026,4014.84
13660,2203112,4014.84
13660,2223080,4014.77
13660,2243044,4014.77
13660,2262873,4014.77
13660,2282843,4014.86
13660,2302801,4014.86
13660,2322668,4014.8
13660,2342787,4014.8
13660,2362722,4014.79
13660,2382424,4014.79
13660,2402312,4014.83
13660,2422412,4014.83
13660,2442092,4014.83
13660,2462386,4014.81
13660,2482288,4014.81
13660,2502272,4014.77
13660,2522247,4014.77
13660,2542199,4014.83
13660,2562313,4014.83
13660,2582148,4014.83
13660,2602230,4014.91
13660,2622034,4014.91
13660,2641899,4014.82
13660,2661759,4014.82
13660,2681701,4014.82
13660,2701951,4014.82
13660,2721777,4014.86
13660,2741914,4014.86
13660,2761971,4014.86
13660,2781957,4014.83
13660,2801922,4014.83
13660,2822135,4014.79
13660,2841977,4014.79
13660,2862192,4014.84
13660,2882253,4014.84
13660,2901983,4014.84
13660,2922238,4014.84
13660,2942280,4014.84
13660,2962004,4014.78
13660,2981903,4014.78
13660,3001717,4014.85
13660,3021784,4014.85
13660,3042172,4014.79
13660,3062117,4014.79
13660,3075931,4014.79
13660,3076222,4014.81
13660,3076538,4014.81
13660,3076832,4014.53
13660,3077134,4014.53
13660,3077435,4014.53
13660,3077726,4014.53
13660,3077973,4014.53
13660,3078266,4014.53
13660,3078565,4014.53
13660,3078863,4014.53
13660,3079168,4014.53
13660,3079447,4014.53
13660,3079752,4014.53
13660,3080039,4014.53
13660,3080334,4014.53
13660,3080633,4014.53
13660,3080935,4014.53
13660,3086942,4014.53
13660,3105266,4014.53
13660,3124122,4014.53
13660,3144533,4014.84
13660,3165145,4014.84
13660,3184607,4014.79
13660,3203708,4014.79
13660,3222907,4014.79
13660,3242082,4014.8
13660,3261632,4014.8
13660,3280811,4014.91
13660,3300219,4014.91
13660,3319736,4014.86
13660,3339020,4014.86
13660,3358363,4014.8
13660,3377788,4014.8
13660,3396938,4014.8
13660,3416424,4014.8
13660,3435985,4014.8
13660,3455598,4014.82
13660,3474932,4014.82
13660,3494232,4014.85
13660,3513714,4014.85
13660,3528302,4014.85
13660,3528607,4014.83
13660,3528912,4014.83
13660,3529206,4014.53
13660,3541180,4014.53
13660,3559609,4014.53
13660,3578920,4014.53
13660,3598242,4014.83
13660,3617316,4014.83
13660,3636785,4014.83
13660,3656087,4014.82
13660,3675456,4014.82
13660,3694932,4014.81
13660,3714314,4014.81
13660,3733785,4014.78
13660,3753269,4014.78
13660,3772455,4014.8
13660,3792163,4014.8
13660,3811887,4014.8
13660,3831235,4014.83
13660,3850659,4014.83
13660,3869985,4014.83
13660,3889455,4014.83
13660,3909133,4014.83
13660,3928882,4014.83
13660,3948354,4014.81
13660,3967576,4014.81
13660,3986981,4014.81
13660,4006595,4014.76
13660,4026172,4014.76
13660,4045709,4014.79
13660,4065295,4014.79
13660,4084787,4014.87
13660,4104485,4014.87
13660,4123818,4014.8
13660,4143277,4014.8
13660,4162613,4014.8
13660,4181973,4014.82
13660,4201363,4014.82
13660,4220733,4014.98
13660,4239770,4014.98
13660,4259257,4014.86
13660,4278579,4014.86
13660,4298030,4014.86
13660,4317481,4014.84
13660,4337198,4014.84
13660,4356587,4014.85
13660,4375711,4014.85
13660,4395164,4014.81
13660,4414777,4014.81
13660,4433937,4014.75
13660,4453401,4014.75
13660,4463343,4014.75
13661,72299,4014.78
13661,102876,4014.82
13661,132209,4014.82
13661,141761,4014.75
13661,142121,4014.75
13661,142406,4014.75
13661,142644,4014.53
13661,142996,4014.53
13661,143222,4014.53
13661,162927,4014.53
13661,191089,4014.53
13661,220289,4014.53
13661,249922,4014.86
13661,279062,4014.86
13661,302833,4014.86
13661,323635,4014.76
13661,344435,4014.76
13661,365586,4014.85
13661,386511,4014.85
13661,407387,4014.81
13661,428125,4014.81
13661,449013,4014.83
13661,469964,4014.83
13661,490762,4014.83
13661,511732,4014.84
13661,532852,4014.84
13661,554117,4014.79
13661,575300,4014.79
13661,596361,4014.84
13661,617725,4014.84
13661,638697,4014.84
13661,659822,4014.84
13661,681208,4014.84
13661,702136,4014.81
13661,723274,4014.81
13661,744644,4014.87
13661,765721,4014.87
13661,786952,4014.83
13661,807967,4014.83
13661,8579876,4014.81
13661,8600823,4014.81
13661,8607790,4014.81
13661,8608082,4014.79
13661,8608372,4014.79
13661,8608665,4014.53
13661,8608956,4014.53
13661,8618549,4014.53
13661,8638470,4014.53
13661,8659130,4014.76
13661,8680462,4014.76
13661,8701737,4014.76
13661,8722717,4014.85
13661,8743439,4014.85
13661,8764444,4014.86
13661,8785476,4014.86
13661,8806021,4014.82
13661,8826977,4014.82
13661,8848147,4014.78
13661,8869496,4014.78
13661,8890652,4014.78
13661,8912158,4014.83
13661,8933026,4014.83
13661,8954293,4014.8
13661,8975899,4014.8
13661,8997386,4014.81
13661,9019565,4014.81
13661,9041312,4014.81
13661,9062933,4014.82
13661,9084827,4014.82
13661,9106682,4014.82
13661,9127443,4014.82
13661,9148054,4014.91
13661,9168790,4014.91
13661,9189407,4014.81
13661,9210153,4014.81
13661,9231510,4014.81
13661,9253033,4014.81
13661,9274264,4014.81
13661,9295622,4014.82
13661,9317023,4014.82
13661,9338412,4014.81
13661,9359654,4014.81
13661,9380642,4014.81
13661,9395246,4014.81
13661,9395606,4014.81
13661,9395877,4014.77
13661,9396196,4014.77
13661,9396482,4014.53
13661,9414125,4014.53
13661,9434129,4014.53
13661,829154,4014.83
13661,850050,4014.84
13661,871271,4014.84
13661,892141,4014.86
13661,913264,4014.86
13661,934404,4014.77
13661,955270,4014.77
13661,976266,4014.88
13661,997747,4014.88
13661,1018852,4014.88
13661,1039990,4014.84
13661,1061258,4014.84
13661,1082379,4014.8
13661,1103520,4014.8
13661,1125094,4014.79
13661,1146623,4014.79
13661,1167636,4014.79
13661,1188510,4014.87
13661,1209719,4014.87
13661,1230860,4014.85
13661,1251946,4014.85
13661,1273331,4014.81
13661,1294566,4014.81
13661,1316079,4014.86
13661,1337190,4014.86
13661,1358285,4014.86
13661,1379313,4014.86
13661,1400431,4014.86
13661,1421676,4014.83
13661,1443051,4014.83
13661,1464175,4014.81
13661,1485429,4014.81
13661,1506294,4014.86
13661,1527422,4014.86
13661,1548524,4014.86
13661,1569920,4014.76
13661,1591260,4014.76
13661,1612294,4014.84
13661,1633398,4014.84
13661,1654156,4014.84
13661,1675237,4014.8
13661,9454772,4014.53
13661,9475450,4014.8
13661,9496556,4014.8
13661,9517185,4014.8
13661,9538298,4014.86
13661,9559152,4014.86
13661,9580158,4014.75
13661,9601291,4014.75
13661,9622394,4014.81
13661,9643141,4014.81
13661,9664626,4014.81
13661,9685869,4014.81
13661,9706632,4014.81
13661,9727354,4014.85
13661,9748147,4014.85
13661,9769218,4014.82
13661,9790246,4014.82
13661,9811474,4014.74
13661,9832449,4014.74
13661,9853427,4014.74
13661,9874372,4014.85
13661,9895610,4014.85
13661,9916655,4014.79
13661,9937919,4014.79
13661,9959057,4014.76
13661,9980540,4014.76
13661,10001649,4014.76
13661,10022799,4014.79
13661,10043517,4014.79
13661,10064392,4014.86
13661,10084761,4014.86
13661,10105597,4014.8
13661,10126577,4014.8
13661,10147728,4014.7
13661,10168556,4014.7
13661,10189437,4014.7
13661,10210311,4014.89
13661,10231159,4014.89
13661,10252046,4014.76
13661,10272511,4014.76
13661,10293283,4014.78
13661,10314607,4014.78
13661,10336113,4014.78
13661,10357492,4014.73
13661,10378893,4014.73
13661,10400266,4014.84
13661,10421868,4014.84
13661,10443147,4014.88
13661,10464240,4014.88
13661,10485362,4014.88
13661,10506369,4014.87
13661,10527298,4014.87
13661,10548631,4014.81
13661,10569728,4014.81
13661,10590944,4014.81
13661,10611979,4014.81
13661,10633081,4014.82
13661,10654170,4014.82
13661,10675702,4014.82
13661,10697091,4014.83
13661,10718353,4014.83
13661,10739839,4014.84
13661,10761349,4014.84
13661,10782891,4014.87
13661,10804276,4014.87
13661,10825204,4014.87
13661,10845962,4014.78
13661,10866794,4014.78
13661,10887789,4014.81
13661,10908554,4014.81
13661,10929538,4014.81
13661,10937158,4014.81
13661,10937446,4014.82
13661,10945825,4014.82
13661,10966396,4014.82
13661,10987886,4014.53
13661,11009630,4014.53
13661,11031267,4014.79
13661,11053281,4014.79
13661,11075063,4014.77
13661,11096965,4014.77
13661,11117950,4014.78
13661,11139191,4014.78
13661,11160311,4014.78
13661,11181827,4014.78
13661,11203162,4014.78
13661,11224355,4014.85
13661,11245757,4014.85
13661,11267109,4014.89
13661,11288188,4014.89
13661,11309057,4014.89
13661,11330031,4014.86
13661,11351228,4014.86
13661,11372288,4014.87
13661,11393644,4014.87
13661,11415145,4014.78
13661,11436256,4014.78
13661,11457234,4014.8
13661,11478128,4014.8
13661,11499136,4014.8
13661,11520628,4014.85
13661,11542111,4014.85
13661,11563259,4014.8
13661,11584369,4014.8
13661,11605350,4014.8
13661,11610121,4014.8
13661,11610410,4014.53
13661,11610749,4014.53
13661,11619484,4014.53
13661,11640158,4014.53
13661,11661400,4014.53
13661,11682700,4014.81
13661,11703814,4014.81
13661,11725451,4014.79
13661,11747227,4014.79
13661,11768494,4014.79
13661,11790038,4014.83
13661,11811485,4014.83
13661,11833226,4014.83
13661,11854893,4014.83
13661,11876495,4014.87
13661,11898135,4014.87
13661,11919489,4014.82
13661,11941245,4014.82
13661,11962910,4014.82
13661,11984678,4014.82
13661,12006445,4014.82
13661,12028052,4014.78
13661,12049675,4014.78
13661,12071137,4014.84
13661,12092706,4014.84
13661,12114538,4014.75
13661,12136028,4014.75
13661,12157729,4014.75
13661,12179226,4014.81
13661,12200716,4014.81
13661,12222514,4014.8
13661,12243878,4014.8
13661,12265459,4014.85
13661,12287015,4014.85
13661,12308631,4014.81
13661,12330390,4014.81
13661,12351986,4014.81
13661,12373528,4014.83
13661,12394924,4014.83
13661,12416999,4014.76
13661,12438814,4014.76
13661,12460161,4014.86
13661,12481516,4014.86
13661,12502672,4014.86
13661,12523925,4014.81
13661,12545557,4014.81
13661,12566721,4014.78
13661,12588026,4014.78
13661,12603020,4014.82
13661,12603020,4014.82
13661,1696249,4014.8
13661,1717379,4014.8
13661,1738877,4014.8
13661,1760140,4014.87
13661,1781132,4014.87
13661,1802725,4014.81
13661,1823985,4014.81
13661,1845255,4014.81
13661,1866384,4014.9
13661,1887771,4014.9
13661,1909263,4014.75
13661,1930521,4014.75
13661,1951497,4014.82
13661,1972743,4014.82
13661,1993452,4014.85
13661,2014470,4014.85
13661,2035994,4014.85
13661,2057200,4014.76
13661,2078221,4014.76
13661,2099692,4014.81
13661,2120826,4014.81
13661,2142061,4014.79
13661,2163304,4014.79
13661,2184295,4014.79
13661,2205807,4014.85
13661,2226822,4014.85
13661,2247927,4014.78
13661,2268906,4014.78
13661,2289957,4014.82
13661,2311160,4014.82
13661,2320795,4014.87
13661,2321026,4014.87
13661,2322829,4014.87
13661,2342076,4014.53
13661,2361878,4014.53
13661,2382221,4014.8
13661,2402957,4014.8
13661,2423626,4014.81
13661,2444305,4014.81
13661,2465168,4014.81
13661,2485669,4014.86
13661,2506154,4014.86
13661,2526735,4014.87
13661,2547546,4014.87
13661,2568212,4014.76
13661,2588969,4014.76
13661,2609560,4014.84
13661,2630558,4014.84
13661,2651565,4014.84
13661,2672298,4014.8
13661,2693016,4014.8
13661,2713852,4014.75
13661,2734984,4014.75
13661,2755766,4014.81
13661,2776716,4014.81
13661,2797588,4014.85
13661,2818751,4014.85
13661,2839819,4014.85
13661,2860811,4014.85
13661,2881948,4014.85
13661,2902674,4014.82
13661,2923536,4014.82
13661,2944943,4014.86
13661,2966560,4014.86
13661,2988072,4014.86
13661,3009284,4014.89
13661,3030643,4014.89
13661,3051944,4014.89
13661,3073288,4014.89
13661,3094682,4014.77
13661,3116184,4014.77
13661,3137452,4014.81
13661,3158951,4014.81
13661,3180317,4014.81
13661,3201807,4014.81
13661,3223201,4014.81
13661,3244665,4014.81
13661,3265944,4014.81
13661,3287177,4014.82
13661,3308448,4014.82
13661,3329569,4014.76
13661,3350664,4014.76
13661,3371644,4014.76
13661,3392523,4014.85
13661,3414020,4014.85
13661,3435148,4014.86
13661,3456777,4014.86
13661,3477635,4014.82
13661,3498528,4014.82
13661,3519528,4014.82
13661,3540636,4014.77
13661,3561238,4014.77
13661,3581843,4014.82
13661,3602715,4014.82
13661,3623475,4014.82
13661,3644414,4014.82
13661,3665193,4014.82
13661,3686148,4014.85
13661,3707297,4014.85
13661,3728626,4014.88
13661,3750185,4014.88
13661,3771273,4014.81
13661,3792408,4014.81
13661,3813380,4014.76
13661,3834161,4014.76
13661,3854966,4014.76
13661,3875617,4014.79
13661,3896140,4014.79
13661,3916962,4014.8
13661,3937746,4014.8
13661,3958714,4014.84
13661,3979565,4014.84
13661,4000397,4014.84
13661,4021115,4014.77
13661,4041871,4014.77
13661,4062613,4014.81
13661,4083651,4014.81
13661,4104740,4014.82
13661,4125727,4014.82
13661,4146876,4014.74
13661,4167850,4014.74
13661,4188940,4014.74
13661,4210116,4014.86
13661,4231321,4014.86
13661,4252482,4014.81
13661,4273539,4014.81
13661,4294710,4014.78
13661,4315654,4014.78
13661,4336674,4014.8
13661,4357651,4014.8
13661,4378757,4014.8
13661,4399750,4014.8
13661,4420766,4014.8
13661,4442242,4014.88
13661,4463119,4014.88
13661,4484617,4014.75
13661,4505877,4014.75
13661,4527400,4014.75
13661,4549021,4014.83
13661,4570406,4014.83
13661,4591766,4014.87
13661,4613002,4014.87
13661,4634267,4014.84
13661,4655383,4014.84
13661,4676194,4014.84
13661,4696847,4014.81
13661,4718239,4014.81
13661,4739491,4014.84
13661,4760450,4014.84
13661,4781556,4014.84
13661,4802421,4014.84
13661,4823347,4014.84
13661,4843810,4014.76
13661,4864781,4014.76
13661,4885655,4014.81
13661,4906516,4014.81
13661,4927452,4014.82
13661,4949131,4014.82
13661,4970765,4014.82
13661,4992156,4014.9
13661,5013538,4014.9
13661,5034667,4014.8
13661,5055935,4014.8
13661,5076808,4014.8
13661,5097991,4014.84
13661,5118756,4014.84
13661,5139361,4014.8
13661,5160463,4014.8
13661,5181328,4014.85
13661,5201943,4014.85
13661,5222570,4014.85
13661,5242909,4014.78
13661,5263634,4014.78
13661,5284504,4014.86
13661,5304856,4014.86
13661,5325729,4014.86
13661,5346310,4014.86
13661,5367183,4014.86
13661,5387932,4014.82
13661,5408675,4014.82
13661,5429398,4014.82
13661,5450383,4014.82
13661,5471771,4014.81
13661,5493277,4014.81
13661,5515013,4014.81
13661,5536776,4014.8
13661,5558420,4014.8
13661,5579827,4014.88
13661,5601249,4014.88
13661,5622474,4014.86
13661,5643767,4014.86
13661,5665325,4014.87
13661,5686441,4014.87
13661,5707676,4014.87
13661,5728874,4014.9
13661,5750042,4014.9
13661,5771421,4014.8
13661,5792534,4014.8
13661,5813645,4014.82
13661,5834740,4014.82
13661,5855778,4014.82
13661,5877019,4014.8
13661,5898247,4014.8
13661,5919386,4014.81
13661,5940110,4014.81
13661,5960744,4014.78
13661,5981119,4014.78
13661,6001941,4014.91
13661,6022803,4014.91
13661,6043807,4014.91
13661,6064808,4014.82
13661,6085645,4014.82
13661,6106379,4014.78
13661,6126997,4014.78
13661,6147596,4014.79
13661,6168459,4014.79
13661,6189221,4014.79
13661,6210067,4014.83
13661,6231429,4014.83
13661,6253068,4014.86
13661,6274461,4014.86
13661,6296187,4014.92
13661,6317492,4014.92
13661,6338963,4014.77
13661,6360364,4014.77
13661,6381956,4014.77
13661,6403301,4014.87
13661,6424753,4014.87
13661,6445928,4014.86
13661,6467233,4014.86
13661,6488745,4014.79
13661,6510096,4014.79
13661,6531588,4014.79
13661,6552999,4014.83
13661,6573984,4014.83
13661,6594584,4014.79
13661,6615331,4014.79
13661,6636069,4014.76
13661,6656546,4014.76
13661,6677538,4014.81
13661,6698118,4014.81
13661,6719010,4014.81
13661,6739845,4014.78
13661,6760518,4014.78
13661,6781726,4014.86
13661,6802841,4014.86
13661,6823961,4014.82
13661,6845173,4014.82
13661,6866366,4014.85
13661,6887189,4014.85
13661,6907924,4014.85
13661,6928681,4014.86
13661,6949781,4014.86
13661,6971246,4014.8
13661,6992559,4014.8
13661,7014159,4014.76
13661,7035533,4014.76
13661,7056874,4014.76
13661,7078187,4014.82
13661,7099408,4014.82
13661,7120655,4014.86
13661,7141659,4014.86
13661,7162594,4014.82
13661,7183275,4014.82
13661,7203928,4014.84
13661,7224358,4014.84
13661,7244820,4014.84
13661,7265219,4014.82
13661,7285784,4014.82
13661,7306204,4014.75
13661,7327132,4014.75
13661,7348610,4014.84
13661,7369808,4014.84
13661,7391024,4014.84
13661,7411973,4014.78
13661,7432981,4014.78
13661,7436111,4014.9
13661,7436403,4014.9
13661,7436700,4014.53
13661,7436993,4014.53
13661,7437276,4014.53
13661,7437573,4014.53
13661,7437861,4014.53
13661,7438144,4014.53
13661,7438439,4014.53
13661,7439821,4014.53
13661,7457367,4014.53
13661,7476940,4014.92
13661,7497290,4014.92
13661,7517881,4014.92
13661,7538133,4014.75
13661,7558590,4014.75
13661,7566040,4014.82
13661,7566364,4014.82
13661,7566659,4014.53
13661,7569537,4014.53
13661,7588536,4014.53
13661,7608435,4014.53
13661,7628408,4014.53
13661,7648752,4014.83
13661,7669950,4014.83
13661,7691238,4014.84
13661,7712345,4014.84
13661,7733155,4014.82
13661,7753934,4014.82
13661,7774837,4014.89
13661,7795572,4014.89
13661,7816032,4014.89
13661,7836369,4014.82
13661,7857349,4014.82
13661,7878617,4014.83
13661,7900175,4014.83
13661,7921662,4014.87
13661,7943385,4014.87
13661,7964528,4014.87
13661,7985877,4014.81
13661,8006840,4014.81
13661,8027748,4014.8
13661,8048760,4014.8
13661,8069608,4014.83
13661,8090708,4014.83
13661,8111535,4014.85
13661,8132471,4014.85
13661,8153472,4014.85
13661,8174054,4014.85
13661,8194137,4014.85
13661,8194371,4014.76
13661,8194661,4014.76
13661,8194947,4014.53
13661,8195240,4014.53
13661,8195543,4014.53
13661,8195843,4014.53
13661,8196133,4014.53
13661,8196504,4014.53
13661,8196796,4014.53
13661,8197087,4014.53
13661,8197378,4014.53
13661,8197669,4014.53
13661,8197971,4014.53
13661,8198266,4014.53
13661,8198552,4014.53
13661,8198846,4014.53
13661,8210647,4014.53
13661,8229618,4014.53
13661,8249451,4014.93
13661,8269581,4014.93
13661,8289951,4014.85
13661,8310895,4014.85
13661,8331940,4014.85
13661,8353397,4014.85
13661,8374280,4014.85
13661,8394751,4014.88
13661,8415292,4014.88
13661,8435955,4014.79
13661,8456551,4014.79
13661,8477066,4014.79
13661,8497552,4014.75
13661,8517773,4014.75
13661,8538356,4014.83
13661,8559092,4014.83
13662,61470,4014.87
13662,87234,4014.8
13662,113010,4014.8
13662,139004,4014.88
13662,165080,4014.88
13662,191319,4014.8
13662,217707,4014.8
13662,243356,4014.8
13662,269549,4014.83
13662,295790,4014.83
13662,321789,4014.8
13662,347611,4014.8
13662,373360,4014.89
13662,399198,4014.89
13662,425319,4014.89
13662,451418,4014.81
13662,477266,4014.81
13662,502912,4014.84
13662,528692,4014.84
13662,554740,4014.81
13662,580841,4014.81
13662,606798,4014.82
13662,632939,4014.82
13662,658928,4014.82
13662,684825,4014.8
13662,711267,4014.8
13662,737269,4014.86
13662,763619,4014.86
13662,789599,4014.83
13662,815577,4014.83
13662,8205998,4014.8
13662,8231141,4014.8
13662,8255872,4014.89
13662,8280939,4014.89
13662,8305865,4014.82
13662,8331403,4014.82
13662,8356795,4014.77
13662,8382074,4014.77
13662,8407264,4014.77
13662,8432715,4014.81
13662,8458201,4014.81
13662,8483267,4014.84
13662,8508882,4014.84
13662,8534501,4014.81
13662,8559858,4014.81
13662,8585468,4014.82
13662,8610549,4014.82
13662,8635829,4014.82
13662,8661205,4014.84
13662,8686670,4014.84
13662,8711801,4014.81
13662,8737030,4014.81
13662,8762471,4014.79
13662,8787812,4014.79
13662,8813057,4014.79
13662,8838498,4014.85
13662,8863677,4014.85
13662,8889194,4014.84
13662,8914284,4014.84
13662,8939388,4014.87
13662,8964479,4014.87
13662,8989852,4014.84
13662,9014926,4014.84
13662,841435,4014.83
13662,867692,4014.87
13662,894025,4014.87
13662,919809,4014.85
13662,946023,4014.85
13662,971910,4014.84
13662,997749,4014.84
13662,1023611,4014.84
13662,1049572,4014.82
13662,1075438,4014.82
13662,1101680,4014.83
13662,1128047,4014.83
13662,1154287,4014.77
13662,1180198,4014.77
13662,1206487,4014.85
13662,1232774,4014.85
13662,1258825,4014.85
13662,1284972,4014.81
13662,1311192,4014.81
13662,1337595,4014.85
13662,1364427,4014.85
13662,1390699,4014.79
13662,1416173,4014.79
13662,1440768,4014.83
13662,1465624,4014.83
13662,1490374,4014.83
13662,1514998,4014.83
13662,1539788,4014.83
13662,1564391,4014.78
13662,1588971,4014.78
13662,1613938,4014.82
13662,9040351,4014.84
13662,9065749,4014.85
13662,9076865,4014.85
13662,9077149,4014.77
13662,9077439,4014.77
13662,9090450,4014.53
13662,9114805,4014.53
13662,9139830,4014.53
13662,9164827,4014.79
13662,9189894,4014.79
13662,9214973,4014.85
13662,9240112,4014.85
13662,9265149,4014.82
13662,9290721,4014.82
13662,9316098,4014.78
13662,9341326,4014.78
13662,9367069,4014.78
13662,9392015,4014.8
13662,9417407,4014.8
13662,9442767,4014.79
13662,9468059,4014.79
13662,9493249,4014.84
13662,9518414,4014.84
13662,9543684,4014.84
13662,9569032,4014.85
13662,9594386,4014.85
13662,9620100,4014.82
13662,9645595,4014.82
13662,9671447,4014.86
13662,9697368,4014.86
13662,9723413,4014.83
13662,9749643,4014.83
13662,9775658,4014.83
13662,9801377,4014.84
13662,9827414,4014.84
13662,9853047,4014.8
13662,9878764,4014.8
13662,9904653,4014.84
13662,9930127,4014.84
13662,9955590,4014.84
13662,9981434,4014.84
13662,10007034,4014.84
13662,10033035,4014.82
13662,10058861,4014.82
13662,10083938,4014.85
13662,10089695,4014.85
13662,10090048,4014.53
13662,10090339,4014.53
13662,10090628,4014.53
13662,10090926,4014.53
13662,10110718,4014.53
13662,10135958,4014.53
13662,10162173,4014.53
13662,10188312,4014.8
13662,10214504,4014.8
13662,10240849,4014.84
13662,10267249,4014.84
13662,10293408,4014.84
13662,10319609,4014.83
13662,10345662,4014.83
13662,10372117,4014.84
13662,10398523,4014.84
13662,10424194,4014.91
13662,10450146,4014.91
13662,10476076,4014.91
13662,10502137,4014.8
13662,10527912,4014.8
13662,10554232,4014.84
13662,10580265,4014.84
13662,10606211,4014.76
13662,10632298,4014.76
13662,10658562,4014.84
13662,10684296,4014.84
13662,10709866,4014.84
13662,10735454,4014.8
13662,10761333,4014.8
13662,10787436,4014.86
13662,10813676,4014.86
13662,10840186,4014.82
13662,10866017,4014.82
13662,10892376,4014.82
13662,10918383,4014.82
13662,10944516,4014.82
13662,10970241,4014.85
13662,10996333,4014.85
13662,11022075,4014.84
13662,11048315,4014.84
13662,11074842,4014.85
13662,11100896,4014.85
13662,11126817,4014.85
13662,11153287,4014.79
13662,11179780,4014.79
13662,11206240,4014.8
13662,11232486,4014.8
13662,11258856,4014.83
13662,11285224,4014.83
13662,11311710,4014.82
13662,11338070,4014.82
13662,11364449,4014.82
13662,11390582,4014.84
13662,11416321,4014.84
13662,11442367,4014.77
13662,11468151,4014.77
13662,11494125,4014.8
13662,11520333,4014.8
13662,11546081,4014.8
13662,11571703,4014.77
13662,11597873,4014.77
13662,11623932,4014.85
13662,11650252,4014.85
13662,11676800,4014.79
13662,11703508,4014.79
13662,11729639,4014.81
13662,11755266,4014.81
13662,11781141,4014.81
13662,11806966,4014.84
13662,11832550,4014.84
13662,11857900,4014.85
13662,11883664,4014.85
13662,11909891,4014.84
13662,11935713,4014.84
13662,11962234,4014.84
13662,11988240,4014.81
13662,12014312,4014.81
13662,12040426,4014.82
13662,12066730,4014.82
13662,12092924,4014.81
13662,12119295,4014.81
13662,12145507,4014.81
13662,12171639,4014.79
13662,12197475,4014.79
13662,12223565,4014.8
13662,12249715,4014.8
13662,12275810,4014.79
13662,12301956,4014.79
13662,12328708,4014.81
13662,12355250,4014.81
13662,12381827,4014.81
13662,12386430,4014.78
13662,12386721,4014.78
13662,12387011,4014.53
13662,12387295,4014.53
13662,12387587,4014.53
13662,12387874,4014.53
13662,12388168,4014.53
13662,12388378,4014.53
13662,12388756,4014.53
13662,12389057,4014.53
13662,12389346,4014.53
13662,12389552,4014.53
13662,12389938,4014.53
13662,12390223,4014.53
13662,12390526,4014.53
13662,12390811,4014.53
13662,12391107,4014.53
13662,12391107,4014.53
13662,1638688,4014.82
13662,1663532,4014.82
13662,1688477,4014.79
13662,1713801,4014.79
13662,1739649,4014.83
13662,1765215,4014.83
13662,1791084,4014.78
13662,1816932,4014.78
13662,1842934,4014.78
13662,1869036,4014.82
13662,1894789,4014.82
13662,1920629,4014.91
13662,1946342,4014.91
13662,1972460,4014.84
13662,1998474,4014.84
13662,2024419,4014.82
13662,2050099,4014.82
13662,2075626,4014.82
13662,2101389,4014.8
13662,2127462,4014.8
13662,2153343,4014.8
13662,2178798,4014.8
13662,2204167,4014.76
13662,2230087,4014.76
13662,2255471,4014.82
13662,2281301,4014.82
13662,2305896,4014.82
13662,2306170,4014.78
13662,2306405,4014.78
13662,2306718,4014.53
13662,2307056,4014.53
13662,2307338,4014.53
13662,2307631,4014.53
13662,2307882,4014.53
13662,2308222,4014.53
13662,2308454,4014.53
13662,2308825,4014.53
13662,2309111,4014.53
13662,2309387,4014.53
13662,2309633,4014.53
13662,2309927,4014.53
13662,2319859,4014.53
13662,2342382,4014.53
13662,2366562,4014.53
13662,2391386,4014.53
13662,2416569,4014.72
13662,2441821,4014.72
13662,2454237,4014.81
13662,2454528,4014.81
13662,2454818,4014.53
13662,2455108,4014.53
13662,2455410,4014.53
13662,2455708,4014.53
13662,2456012,4014.53
13662,2456303,4014.53
13662,2456593,4014.53
13662,2456896,4014.53
13662,2457188,4014.53
13662,2457487,4014.53
13662,2457774,4014.53
13662,2458070,4014.53
13662,2458358,4014.53
13662,2458691,4014.53
13662,2458922,4014.53
13662,2459241,4014.53
13662,2459534,4014.53
13662,2459811,4014.53
13662,2460122,4014.53
13662,2460406,4014.53
13662,2460700,4014.53
13662,2460992,4014.53
13662,2461286,4014.53
13662,2461572,4014.53
13662,2461876,4014.53
13662,2462174,4014.53
13662,2462465,4014.53
13662,2462754,4014.53
13662,2463041,4014.53
13662,2463340,4014.53
13662,2463704,4014.53
13662,2463898,4014.53
13662,2464197,4014.53
13662,2464500,4014.53
13662,2464793,4014.53
13662,2465084,4014.53
13662,2467727,4014.53
13662,2487525,4014.53
13662,2509922,4014.53
13662,2512325,4014.81
13662,2512599,4014.81
13662,2512883,4014.53
13662,2513182,4014.53
13662,2513482,4014.53
13662,2513779,4014.53
13662,2514071,4014.53
13662,2514360,4014.53
13662,2514638,4014.53
13662,2514941,4014.53
13662,2515230,4014.53
13662,2515462,4014.53
13662,2515836,4014.53
13662,2516125,4014.53
13662,2516423,4014.53
13662,2516715,4014.53
13662,2517016,4014.53
13662,2517215,4014.53
13662,2517519,4014.53
13662,2517812,4014.53
13662,2518112,4014.53
13662,2518405,4014.53
13662,2518684,4014.53
13662,2518979,4014.53
13662,2520176,4014.53
13662,2539109,4014.53
13662,2561144,4014.53
13662,2583907,4015.08
13662,2607454,4015.08
13662,2631407,4015.08
13662,2655347,4014.89
13662,2679972,4014.89
13662,2704611,4014.79
13662,2728790,4014.79
13662,2753710,4014.76
13662,2778763,4014.76
13662,2803793,4014.76
13662,2828655,4014.83
13662,2853443,4014.83
13662,2878241,4014.8
13662,2903496,4014.8
13662,2928625,4014.78
13662,2953815,4014.78
13662,2978911,4014.79
13662,3004114,4014.79
13662,3029311,4014.79
13662,3054702,4014.88
13662,3080023,4014.88
13662,3105394,4014.79
13662,3130706,4014.79
13662,3156208,4014.84
13662,3181664,4014.84
13662,3207151,4014.84
13662,3228283,4014.83
13662,3228588,4014.83
13662,3229515,4014.78
13662,3252485,4014.78
13662,3277500,4014.33
13662,3303111,4014.33
13662,3328839,4014.82
13662,3355089,4014.82
13662,3380946,4014.82
13662,3406813,4014.81
13662,3432899,4014.81
13662,3458898,4014.83
13662,3484769,4014.83
13662,3510723,4014.86
13662,3536852,4014.86
13662,3563090,4014.88
13662,3588753,4014.88
13662,3614919,4014.88
13662,3640913,4014.89
13662,3667125,4014.89
13662,3693121,4014.81
13662,3719339,4014.81
13662,3745740,4014.77
13662,3771727,4014.77
13662,3798108,4014.77
13662,3824130,4014.84
13662,3850041,4014.84
13662,3875921,4014.78
13662,3901896,4014.78
13662,3928089,4014.84
13662,3953992,4014.84
13662,3979972,4014.78
13662,4005749,4014.78
13662,4031989,4014.78
13662,4058317,4014.88
13662,4084165,4014.88
13662,4110552,4014.86
13662,4136404,4014.86
13662,4162763,4014.82
13662,4189103,4014.82
13662,4214737,4014.82
13662,4240723,4014.77
13662,4266533,4014.77
13662,4292694,4014.77
13662,4318783,4014.77
13662,4344223,4014.83
13662,4369461,4014.83
13662,4395206,4014.82
13662,4420812,4014.82
13662,4446585,4014.82
13662,4472445,4014.87
13662,4498624,4014.87
13662,4524473,4014.8
13662,4550486,4014.8
13662,4576907,4014.83
13662,4603075,4014.83
13662,4629179,4014.83
13662,4655583,4014.82
13662,4681688,4014.82
13662,4707456,4014.79
13662,4733865,4014.79
13662,4760502,4014.81
13662,4787022,4014.81
13662,4813525,4014.85
13662,4840106,4014.85
13662,4866444,4014.85
13662,4893278,4014.83
13662,4919888,4014.83
13662,4946235,4014.81
13662,4972616,4014.81
13662,4998967,4014.81
13662,5025238,4014.81
13662,5051589,4014.87
13662,5078206,4014.87
13662,5104103,4014.87
13662,5129941,4014.87
13662,5156168,4014.87
13662,5182483,4014.79
13662,5208428,4014.79
13662,5235025,4014.78
13662,5261505,4014.78
13662,5287881,4014.78
13662,5314020,4014.82
13662,5340193,4014.82
13662,5366485,4014.85
13662,5392919,4014.85
13662,5418620,4014.8
13662,5444928,4014.8
13662,5471258,4014.8
13662,5490692,4014.86
13662,5490980,4014.86
13662,5491264,4014.84
13662,5491563,4014.84
13662,5491852,4014.53
13662,5492142,4014.53
13662,5492430,4014.53
13662,5493991,4014.53
13662,5516880,4014.53
13662,5541724,4014.53
13662,5567856,4014.53
13662,5593898,4014.79
13662,5620057,4014.79
13662,5646397,4014.78
13662,5672164,4014.78
13662,5697759,4014.84
13662,5723771,4014.84
13662,5749626,4014.84
13662,5775451,4014.78
13662,5801434,4014.78
13662,5827577,4014.83
13662,5853790,4014.83
13662,5879665,4014.8
13662,5905869,4014.8
13662,5931614,4014.8
13662,5957560,4014.88
13662,5983862,4014.88
13662,6010734,4014.81
13662,6037359,4014.81
13662,6063841,4014.78
13662,6090349,4014.78
13662,6116571,4014.95
13662,6142458,4014.95
13662,6168431,4014.95
13662,6194527,4014.82
13662,6220513,4014.82
13662,6246502,4014.85
13662,6272560,4014.85
13662,6298839,4014.79
13662,6324597,4014.79
13662,6350561,4014.79
13662,6376355,4014.79
13662,6402522,4014.79
13662,6428121,4014.79
13662,6454606,4014.79
13662,6480996,4014.79
13662,6506649,4014.79
13662,6532826,4014.79
13662,6558936,4014.82
13662,6584927,4014.82
13662,6611043,4014.84
13662,6636997,4014.84
13662,6662894,4014.78
13662,6688622,4014.78
13662,6714639,4014.84
13662,6740725,4014.84
13662,6766941,4014.84
13662,6792530,4014.85
13662,6818646,4014.85
13662,6844395,4014.79
13662,6870590,4014.79
13662,6896419,4014.83
13662,6922728,4014.83
13662,6931761,4014.83
13662,6932036,4014.85
13662,6932389,4014.85
13662,6932682,4014.53
13662,6932988,4014.53
13662,6933283,4014.53
13662,6953905,4014.53
13662,6978374,4014.73
13662,7003295,4014.73
13662,7028768,4014.73
13662,7054259,4014.79
13662,7079843,4014.79
13662,7105720,4014.84
13662,7131341,4014.84
13662,7157063,4014.8
13662,7182982,4014.8
13662,7200818,4014.82
13662,7201093,4014.82
13662,7201454,4014.82
13662,7219322,4014.53
13662,7244136,4014.53
13662,7269650,4014.76
13662,7294821,4014.76
13662,7320431,4014.85
13662,7346196,4014.85
13662,7372038,4014.76
13662,7397723,4014.76
13662,7423596,4014.76
13662,7449240,4014.86
13662,7474983,4014.86
13662,7500799,4014.78
13662,7526764,4014.78
13662,7552381,4014.8
13662,7577579,4014.8
13662,7602947,4014.8
13662,7628116,4014.79
13662,7652620,4014.79
13662,7677430,4014.85
13662,7702257,4014.85
13662,7726815,4014.86
13662,7751785,4014.86
13662,7776763,4014.77
13662,7801339,4014.77
13662,7826287,4014.77
13662,7851245,4014.86
13662,7876595,4014.86
13662,7901791,4014.79
13662,7926726,4014.79
13662,7951893,4014.85
13662,7977216,4014.85
13662,8002547,4014.85
13662,8028024,4014.81
13662,8053504,4014.81
13662,8079039,4014.85
13662,8104550,4014.85
13662,8129715,4014.82
13662,8154991,4014.82
13662,8180467,4014.8
13664,545,4014.53
13664,905,4014.53
13664,1189,4014.53
13664,1420,4014.53
13664,11213,4014.53
13664,33666,4014.53
13664,57784,4014.53
13664,82772,4014.78
13664,107982,4014.78
13664,133125,4014.78
13664,158412,4014.85
13664,183559,4014.85
13664,209515,4014.92
13664,235362,4014.92
13664,261714,4014.82
13664,288105,4014.82
13664,314285,4014.85
13664,340556,4014.85
13664,366723,4014.85
13664,392656,4014.79
13664,419042,4014.79
13664,445207,4014.88
13664,471404,4014.88
13664,497499,4014.87
13664,523233,4014.87
13664,549255,4014.92
13664,575709,4014.92
13664,601649,4014.92
13664,627790,4014.8
13664,653931,4014.8
13664,679785,4014.89
13664,706006,4014.89
13664,732194,4014.81
13664,757478,4014.81
13664,782921,4014.81
13664,808398,4014.84
13664,8162914,4014.84
13664,8188264,4014.84
13664,8213479,4014.84
13664,8239210,4014.91
13664,8264793,4014.91
13664,8290626,4014.91
13664,8316241,4014.83
13664,8342027,4014.83
13664,8367743,4014.82
13664,8393366,4014.82
13664,8419031,4014.8
13664,8444638,4014.8
13664,8470195,4014.84
13664,8495844,4014.84
13664,8521555,4014.84
13664,8547696,4014.86
13664,8573799,4014.86
13664,8599906,4014.83
13664,8625848,4014.83
13664,8651530,4014.83
13664,8677332,4014.83
13664,8703338,4014.83
13664,8730093,4014.95
13664,8756848,4014.95
13664,8783699,4014.81
13664,8810722,4014.81
13664,8837451,4014.84
13664,8864101,4014.84
13664,8890987,4014.84
13664,8917862,4014.84
13664,8944434,4014.84
13664,833686,4014.84
13664,859332,4014.85
13664,884643,4014.85
13664,910187,4014.8
13664,936419,4014.8
13664,963022,4014.85
13664,989494,4014.85
13664,1016213,4014.85
13664,1043018,4014.85
13664,1069654,4014.85
13664,1095868,4014.87
13664,1122402,4014.87
13664,1148879,4014.82
13664,1175666,4014.82
13664,1201895,4014.83
13664,1227875,4014.83
13664,1253755,4014.83
13664,1279835,4014.88
13664,1305740,4014.88
13664,1331998,4014.85
13664,1357911,4014.85
13664,1383675,4014.86
13664,1409743,4014.86
13664,1435885,4014.85
13664,1462008,4014.85
13664,1487812,4014.85
13664,1514107,4014.82
13664,1540185,4014.82
13664,1566297,4014.91
13664,1592274,4014.91
13664,1614930,4014.86
13664,1615261,4014.86
13664,1615495,4014.86
13664,1615847,4014.53
13664,1616066,4014.53
13664,1616434,4014.53
13664,1616643,4014.53
13664,1616933,4014.53
13664,1617303,4014.53
13664,1617547,4014.53
13664,1617902,4014.53
13664,8970486,4014.81
13664,8996824,4014.81
13664,9022686,4014.86
13664,9048687,4014.86
13664,9074353,4014.86
13664,9100518,4014.86
13664,9126641,4014.87
13664,9152351,4014.87
13664,9177839,4014.87
13664,9203928,4014.81
13664,9230008,4014.81
13664,9256031,4014.84
13664,9281804,4014.84
13664,9308365,4014.84
13664,9335053,4014.84
13664,9361761,4014.84
13664,9388268,4014.84
13664,9414782,4014.84
13664,9441125,4014.9
13664,9467859,4014.9
13664,9494906,4014.93
13664,9521514,4014.93
13664,9548369,4014.86
13664,9575201,4014.86
13664,9602369,4014.86
13664,9628875,4014.84
13664,9655244,4014.84
13664,9681377,4014.88
13664,9708120,4014.88
13664,9734472,4014.91
13664,9760753,4014.91
13664,9787237,4014.78
13664,9813236,4014.78
13664,9839563,4014.78
13664,9865793,4014.82
13664,9892099,4014.82
13664,9918672,4014.82
13664,9945180,4014.82
13664,9971283,4014.9
13664,9997420,4014.9
13664,10023250,4014.82
13664,10050149,4014.82
13664,10076752,4014.82
13664,10103257,4014.84
13664,10129640,4014.84
13664,10156109,4014.77
13664,10182755,4014.77
13664,10209199,4014.82
13664,10235407,4014.82
13664,10261866,4014.82
13664,10288442,4014.88
13664,10289469,4014.88
13664,1625606,4014.53
13664,1648643,4014.53
13664,1673600,4014.53
13664,1698665,4014.89
13664,1724391,4014.89
13664,1750582,4014.89
13664,1776115,4014.82
13664,1802107,4014.82
13664,1827707,4014.85
13664,1854048,4014.85
13664,1880704,4014.82
13664,1907050,4014.82
13664,1933497,4014.82
13664,1959919,4014.82
13664,1986087,4014.82
13664,2012419,4014.84
13664,2038959,4014.84
13664,2065779,4014.85
13664,2092679,4014.85
13664,2118765,4014.85
13664,2144770,4014.82
13664,2171012,4014.82
13664,2196970,4014.83
13664,2222191,4014.83
13664,2247980,4014.85
13664,2273416,4014.85
13664,2299118,4014.85
13664,2324066,4014.8
13664,2350182,4014.8
13664,2375792,4014.87
13664,2400873,4014.87
13664,2426242,4014.86
13664,2451833,4014.86
13664,2478388,4014.84
13664,2504807,4014.84
13664,2531454,4014.84
13664,2558050,4014.83
13664,2584898,4014.83
13664,2611322,4014.81
13664,2637954,4014.81
13664,2664692,4014.8
13664,2691458,4014.8
13664,2718463,4014.82
13664,2744988,4014.82
13664,2771457,4014.82
13664,2798336,4014.86
13664,2824563,4014.86
13664,2850817,4014.87
13664,2877434,4014.87
13664,2904058,4014.78
13664,2931070,4014.78
13664,2957679,4014.86
13664,2984112,4014.86
13664,3010658,4014.86
13664,3037417,4014.83
13664,3063821,4014.83
13664,3090304,4014.84
13664,3116696,4014.84
13664,3143164,4014.8
13664,3169300,4014.8
13664,3195505,4014.8
13664,3221888,4014.83
13664,3248115,4014.83
13664,3274619,4014.93
13664,3300717,4014.93
13664,3327040,4014.84
13664,3353698,4014.84
13664,3380534,4014.83
13664,3407356,4014.83
13664,3433778,4014.83
13664,3460347,4014.8
13664,3486980,4014.8
13664,3513594,4014.82
13664,3540097,4014.82
13664,3566695,4014.82
13664,3593278,4014.82
13664,3619686,4014.92
13664,3645963,4014.92
13664,3672453,4014.92
13664,3698789,4014.82
13664,3725034,4014.82
13664,3751793,4014.79
13664,3778538,4014.79
13664,3805055,4014.84
13664,3831201,4014.84
13664,3857672,4014.84
13664,3883998,4014.84
13664,3910643,4014.84
13664,3937275,4014.87
13664,3963896,4014.87
13664,3990134,4014.81
13664,4016761,4014.81
13664,4042728,4014.84
13664,4069114,4014.84
13664,4095865,4014.81
13664,4122541,4014.81
13664,4149093,4014.81
13664,4175037,4014.81
13664,4201045,4014.81
13664,4227024,4014.77
13664,4251438,4014.77
13664,4278021,4014.87
13664,4304410,4014.87
13664,4330879,4014.79
13664,4357582,4014.79
13664,4383618,4014.79
13664,4409839,4014.86
13664,4435956,4014.86
13664,4462336,4014.86
13664,4488324,4014.86
13664,4514640,4014.84
13664,4540752,4014.84
13664,4566801,4014.84
13664,4592995,4014.85
13664,4618808,4014.85
13664,4644896,4014.83
13664,4671340,4014.83
13664,4697879,4014.84
13664,4723988,4014.84
13664,4750104,4014.8
13664,4775952,4014.8
13664,4802544,4014.8
13664,4828589,4014.84
13664,4854969,4014.84
13664,4881534,4014.81
13664,4907797,4014.81
13664,4934152,4014.82
13664,4960353,4014.82
13664,4986646,4014.83
13664,5012988,4014.83
13664,5039369,4014.83
13664,5066105,4014.82
13664,5092610,4014.82
13664,5119098,4014.82
13664,5145091,4014.82
13664,5171579,4014.83
13664,5198077,4014.83
13664,5224456,4014.83
13664,5250940,4014.88
13664,5277075,4014.88
13664,5302282,4014.78
13664,5327614,4014.78
13664,5352828,4014.89
13664,5377917,4014.89
13664,5402636,4014.77
13664,5427368,4014.77
13664,5452562,4014.77
13664,5477377,4014.88
13664,5502479,4014.88
13664,5527561,4014.86
13664,5552586,4014.86
13664,5577724,4014.83
13664,5602969,4014.83
13664,5628188,4014.88
13664,5653004,4014.88
13664,5678197,4014.88
13664,5703308,4014.84
13664,5728242,4014.84
13664,5753523,4014.87
13664,5778699,4014.87
13664,5804288,4014.83
13664,5829831,4014.83
13664,5855654,4014.83
13664,5881235,4014.77
13664,5907061,4014.77
13664,5932478,4014.84
13664,5957715,4014.84
13664,5982681,4014.86
13664,6007891,4014.86
13664,6032866,4014.86
13664,6058008,4014.86
13664,6082712,4014.86
13664,6107652,4014.9
13664,6132613,4014.9
13664,6157438,4014.83
13664,6182401,4014.83
13664,6207478,4014.85
13664,6232335,4014.85
13664,6257555,4014.77
13664,6260070,4014.77
13664,6260285,4014.77
13664,6260577,4014.53
13664,6260930,4014.53
13664,6261230,4014.53
13664,6261473,4014.53
13664,6261799,4014.53
13664,6262333,4014.53
13664,6283863,4014.53
13664,6307929,4014.53
13664,6332502,4014.53
13664,6357327,4014.87
13664,6382422,4014.87
13664,6407504,4014.82
13664,6431983,4014.82
13664,6457261,4014.87
13664,6482133,4014.87
13664,6507115,4014.87
13664,6531799,4014.88
13664,6557260,4014.88
13664,6582310,4014.89
13664,6607203,4014.89
13664,6632171,4014.87
13664,6657616,4014.87
13664,6682555,4014.87
13664,6707435,4014.85
13664,6732249,4014.85
13664,6757230,4014.83
13664,6781777,4014.83
13664,6807252,4014.8
13664,6833054,4014.8
13664,6858591,4014.85
13664,6884167,4014.85
13664,6909901,4014.85
13664,6935452,4014.83
13664,6961092,4014.83
13664,6986453,4014.83
13664,7011935,4014.83
13664,7036942,4014.87
13664,7062092,4014.87
13664,7086876,4014.87
13664,7111813,4014.81
13664,7136719,4014.81
13664,7161878,4014.9
13664,7187298,4014.9
13664,7212498,4014.83
13664,7237736,4014.83
13664,7263139,4014.83
13664,7288782,4014.82
13664,7314262,4014.82
13664,7339097,4014.83
13664,7364095,4014.83
13664,7389288,4014.78
13664,7414611,4014.78
13664,7439843,4014.86
13664,7465209,4014.86
13664,7490532,4014.86
13664,7515605,4014.78
13664,7540899,4014.78
13664,7565924,4014.86
13664,7590734,4014.86
13664,7615441,4014.88
13664,7640276,4014.88
13664,7665252,4014.84
13664,7690085,4014.84
13664,7715104,4014.84
13664,7739748,4014.85
13664,7764846,4014.85
13664,7789599,4014.85
13664,7814643,4014.85
13664,7839307,4014.86
13664,7864291,4014.86
13664,7889319,4014.86
13664,7914089,4014.79
13664,7939365,4014.79
13664,7964270,4014.8
13664,7988959,4014.8
13664,8013670,4014.8
13664,8038771,4014.8
13664,8063704,4014.78
13664,8088442,4014.78
13664,8113228,4014.78
13664,8138061,4014.84
13665,59582,4014.85
13665,85661,4014.83
13665,111547,4014.83
13665,137947,4014.83
13665,164730,4014.84
13665,191090,4014.84
13665,217358,4014.88
13665,243931,4014.88
13665,270613,4014.82
13665,297328,4014.82
13665,323836,4014.82
13665,349661,4014.87
13665,375775,4014.87
13665,401751,4014.81
13665,427665,4014.81
13665,453456,4014.86
13665,479211,4014.86
13665,504732,4014.83
13665,530969,4014.83
13665,557153,4014.83
13665,583584,4014.86
13665,609837,4014.86
13665,635777,4014.85
13665,661804,4014.85
13665,688243,4014.83
13665,714593,4014.83
13665,740978,4014.84
13665,767690,4014.84
13665,793749,4014.84
13665,819826,4014.85
13665,846386,4014.85
13665,872984,4014.82
13665,899169,4014.82
13665,925543,4014.89
13665,952056,4014.89
13665,978178,4014.87
13665,1004503,4014.87
13665,1031263,4014.87
13665,1057506,4014.81
13665,1084005,4014.81
13665,1110374,4014.84
13665,1136974,4014.84
13665,1163506,4014.81
13665,1189671,4014.81
13665,1216102,4014.81
13665,1242569,4014.89
13665,1268845,4014.89
13665,1295285,4014.81
13665,1321722,4014.81
13665,1347596,4014.85
13665,1374044,4014.85
13665,1400393,4014.88
13665,1426777,4014.88
13665,1452967,4014.88
13665,1478877,4014.85
13665,1504992,4014.85
13665,1531516,4014.85
13665,1557733,4014.85
13665,1584118,4014.79
13665,1610082,4014.79
13665,1635953,4014.79
13665,1661682,4014.89
13665,1688042,4014.89
13665,1714167,4014.87
13665,1740129,4014.87
13665,1766419,4014.81
13665,1792748,4014.81
13665,1819101,4014.86
13665,1845374,4014.86
13665,1871240,4014.86
13665,1897570,4014.81
13665,1923434,4014.81
13665,1941941,4014.9
13665,1942270,4014.9
13665,1942564,4014.53
13665,1942849,4014.53
13665,1943138,4014.53
13665,1943434,4014.53
13665,1945575,4014.53
13665,1967870,4014.53
13665,1992149,4014.53
13665,2016611,4014.86
13665,2041460,4014.86
13665,2066854,4014.95
13665,2092017,4014.95
13665,2117228,4014.95
13665,2142813,4014.9
13665,2168643,4014.9
13665,2194153,4014.89
13665,2219492,4014.89
13665,2244726,4014.88
13665,2270098,4014.88
13665,2295575,4014.88
13665,2321137,4014.85
13665,2346842,4014.85
13665,2372543,4014.81
13665,2398178,4014.81
13665,2423645,4014.81
13665,2449669,4014.81
13665,2475411,4014.86
13665,2500979,4014.86
13665,2526425,4014.86
13665,2552057,4014.81
13665,2577785,4014.81
13665,2603364,4014.86
13665,2628993,4014.86
13665,2654495,4014.89
13665,2680017,4014.89
13665,2705588,4014.8
13665,2731347,4014.8
13665,2757236,4014.8
13665,2783358,4014.85
13665,2808853,4014.85
13665,2834486,4014.8
13665,2860262,4014.8
13665,2886007,4014.81
13665,2911593,4014.81
13665,2937855,4014.81
13665,2963502,4014.83
13665,2989178,4014.83
13665,3015325,4014.84
13665,3041497,4014.84
13665,3067119,4014.83
13665,3092926,4014.83
13665,3119285,4014.87
13665,3144730,4014.87
13665,3170567,4014.87
13665,3196141,4014.85
13665,3221995,4014.85
13665,3247854,4014.8
13665,3273846,4014.8
13665,3299671,4014.8
13665,3325420,4014.8
13665,3351208,4014.86
13665,3377114,4014.86
13665,3402848,4014.86
13665,3428632,4014.87
13665,3454577,4014.87
13665,3480476,4014.84
13665,3506353,4014.84
13665,3532431,4014.8
13665,3558357,4014.8
13665,3584363,4014.8
13665,3610596,4014.94
13665,3636215,4014.94
13665,3662070,4014.89
13665,3688070,4014.89
13665,3713769,4014.83
13665,3739743,4014.83
13665,3765751,4014.81
13665,3791219,4014.81
13665,3816827,4014.81
13665,3842134,4014.78
13665,3867308,4014.78
13665,3892588,4014.89
13665,3918136,4014.89
13665,3943546,4014.88
13665,3969114,4014.88
13665,3994481,4014.92
13665,4019865,4014.92
13665,4044986,4014.92
13665,4070312,4014.85
13665,4095578,4014.85
13665,4121074,4014.8
13665,4146338,4014.8
13665,4171878,4014.86
13665,4196963,4014.86
13665,4222059,4014.83
13665,4247135,4014.83
13665,4272742,4014.83
13665,4298036,4014.9
13665,4323169,4014.9
13665,4348900,4014.82
13665,4374754,4014.82
13665,4400556,4014.8
13665,4426221,4014.8
13665,4451684,4014.8
13665,4477407,4014.83
13665,4503021,4014.83
13665,4528514,4014.82
13665,4553717,4014.82
13665,4579305,4014.81
13665,4605041,4014.81
13665,4630463,4014.87
13665,4656163,4014.87
13665,4681845,4014.87
13665,4707424,4014.8
13665,4732465,4014.8
13665,4758274,4014.85
13665,4783875,4014.85
13665,4809141,4014.87
13665,4834925,4014.87
13665,4860526,4014.87
13665,4886371,4014.86
13665,4911603,4014.86
13665,4937437,4014.81
13665,4962998,4014.81
13665,4988788,4014.84
13665,5014251,4014.84
13665,5039928,4014.84
13665,5065570,4014.84
13665,5090985,4014.84
13665,5116486,4014.88
13665,5142105,4014.88
13665,5167610,4014.83
13665,5193339,4014.83
13665,5218789,4014.83
13665,5244006,4014.83
13665,5269488,4014.86
13665,5294732,4014.86
13665,5320285,4014.86
13665,5346398,4014.85
13665,5371863,4014.85
13665,5397359,4014.92
13665,5423192,4014.92
13665,5448702,4014.85
13665,5474726,4014.85
13665,5500787,4014.82
13665,5526054,4014.82
13665,5551712,4014.82
13665,5577556,4014.85
13665,5589147,4014.85
13665,5589372,4014.83
13665,5589673,4014.83
13665,5589965,4014.53
13665,5610952,4014.53
13665,5636181,4014.53
13665,5661343,4014.87
13665,5687428,4014.87
13665,5713639,4014.91
13665,5740168,4014.91
13665,5766635,4014.9
13665,5793416,4014.9
13665,5820023,4014.81
13665,5846682,4014.81
13665,5873268,4014.81
13665,5899911,4014.83
13665,5926271,4014.83
13665,5953014,4014.86
13665,5979695,4014.86
13665,6006527,4014.85
13665,6033391,4014.85
13665,6037457,4014.85
13665,6037746,4014.83
13665,6038022,4014.83
13665,6038337,4014.53
13665,6038632,4014.53
13665,6038882,4014.53
13665,6057851,4014.53
13665,6082330,4014.87
13665,6107417,4014.87
13665,6132896,4014.87
13665,6158504,4014.74
13665,6184096,4014.74
13665,6209833,4014.85
13665,6235849,4014.85
13665,6262360,4014.79
13665,6284943,4014.79
13665,6285222,4014.87
13665,6285516,4014.87
13665,6285808,4014.87
13665,6286095,4014.53
13665,6286378,4014.53
13665,6286748,4014.53
13665,6286963,4014.53
13665,6287267,4014.53
13665,6287607,4014.53
13665,6287926,4014.53
13665,6288150,4014.53
13665,6288424,4014.53
13665,6288791,4014.53
13665,6289023,4014.53
13665,6289373,4014.53
13665,6289615,4014.53
13665,6289959,4014.53
13665,6290255,4014.53
13665,6290553,4014.53
13665,6290787,4014.53
13665,6291137,4014.53
13665,6291430,4014.53
13665,6291667,4014.53
13665,6291964,4014.53
13665,6292256,4014.53
13665,6292602,4014.53
13665,6292832,4014.53
13665,6293192,4014.53
13665,6293417,4014.53
13665,6293764,4014.53
13665,6294056,4014.53
13665,6294331,4014.53
13665,6294564,4014.53
13665,6294866,4014.53
13665,6295150,4014.53
13665,6295463,4014.53
13665,6295817,4014.53
13665,6296043,4014.53
13665,6296333,4014.53
13665,6296681,4014.53
13665,6296911,4014.53
13665,6297215,4014.53
13665,6297402,4014.53
13665,6297706,4014.53
13665,6298070,4014.53
13665,6298287,4014.53
13665,6298599,4014.53
13665,6298894,4014.53
13665,6299186,4014.53
13665,6299486,4014.53
13665,6299780,4014.53
13665,6300072,4014.53
13665,6300360,4014.53
13665,6300662,4014.53
13665,6300951,4014.53
13665,6301246,4014.53
13665,6301536,4014.53
13665,6301808,4014.53
13665,6302108,4014.53
13665,6302403,4014.53
13665,6302697,4014.53
13665,6302987,4014.53
13665,6303278,4014.53
13665,6303581,4014.53
13665,6303867,4014.53
13665,6304158,4014.53
13665,6304448,4014.53
13665,6304738,4014.53
13665,6305042,4014.53
13665,6305328,4014.53
13665,6305629,4014.53
13665,6306000,4014.53
13665,6306284,4014.53
13665,6306572,4014.53
13665,6306858,4014.53
13665,6307142,4014.53
13665,6307383,4014.53
13665,6307745,4014.53
13665,6307974,4014.53
13665,6308263,4014.53
13665,6308630,4014.53
13665,6308864,4014.53
13665,6309144,4014.53
13665,6309503,4014.53
13665,6309772,4014.53
13665,6310076,4014.53
13665,6310304,4014.53
13665,6310681,4014.53
13665,6310963,4014.53
13665,6311253,4014.53
13665,6311507,4014.53
13665,6311793,4014.53
13665,6312078,4014.53
13665,6312369,4014.53
13665,6312667,4014.53
13665,6313033,4014.53
13665,6313307,4014.53
13665,6313605,4014.53
13665,6313908,4014.53
13665,6314198,4014.53
13665,6314484,4014.53
13665,6314728,4014.53
13665,6315018,4014.53
13665,6315311,4014.53
13665,6315672,4014.53
13665,6315966,4014.53
13665,6316241,4014.53
13665,6316407,4014.53
13665,6316692,4014.53
13665,6317048,4014.53
13665,6317347,4014.53
13665,6317630,4014.53
13665,6317869,4014.53
13665,6318156,4014.53
13665,6318516,4014.53
13665,6318805,4014.53
13665,6318969,4014.53
13665,6319391,4014.53
13665,6319671,4014.53
13665,6319919,4014.53
13665,6320195,4014.53
13665,6320478,4014.53
13665,6320478,4014.53
13666,60000,4014.85
13666,85057,4014.85
13666,109815,4014.87
13666,135124,4014.87
13666,160348,4014.82
13666,185676,4014.82
13666,211421,4014.82
13666,237212,4014.89
13666,262703,4014.89
13666,288349,4014.85
13666,314158,4014.85
13666,339429,4014.85
13666,365412,4014.85
13666,391268,4014.83
13666,417139,4014.83
13666,443119,4014.83
13666,469415,4014.84
13666,495572,4014.84
13666,521441,4014.89
13666,547705,4014.89
13666,573620,4014.84
13666,599714,4014.84
13666,625582,4014.84
13666,651354,4014.82
13666,677370,4014.82
13666,703343,4014.83
13666,730050,4014.83
13666,756196,4014.82
13666,782654,4014.82
13666,8091357,4014.96
13666,8118051,4014.89
13666,8139167,4014.89
13666,8139490,4014.86
13666,8139719,4014.86
13666,8140077,4014.53
13666,8140351,4014.53
13666,8140671,4014.53
13666,8140896,4014.53
13666,8141112,4014.53
13666,8141458,4014.53
13666,8141680,4014.53
13666,8141979,4014.53
13666,8144007,4014.53
13666,8166160,4014.53
13666,8167624,4014.53
13666,8167986,4014.53
13666,8168201,4014.53
13666,8168512,4014.53
13666,8168794,4014.53
13666,8169136,4014.53
13666,8169380,4014.53
13666,8169735,4014.53
13666,8169958,4014.53
13666,8170266,4014.53
13666,8170615,4014.53
13666,8170904,4014.53
13666,8171146,4014.53
13666,8171497,4014.53
13666,8171790,4014.53
13666,8172091,4014.53
13666,8172380,4014.53
13666,8172665,4014.53
13666,8172959,4014.53
13666,8173247,4014.53
13666,8173543,4014.53
13666,8173824,4014.53
13666,8174132,4014.53
13666,8174418,4014.53
13666,8174709,4014.53
13666,8175008,4014.53
13666,8175218,4014.53
13666,8175600,4014.53
13666,8175800,4014.53
13666,8176177,4014.53
13666,8176470,4014.53
13666,8176760,4014.53
13666,8177054,4014.53
13666,8177262,4014.53
13666,8177638,4014.53
13666,8177923,4014.53
13666,8178155,4014.53
13666,8178516,4014.53
13666,8178800,4014.53
13666,8179095,4014.53
13666,8179397,4014.53
13666,8179682,4014.53
13666,8179917,4014.53
13666,8180204,4014.53
13666,8180475,4014.53
13666,8180807,4014.53
13666,8181165,4014.53
13666,8181392,4014.53
13666,8181676,4014.53
13666,8182015,4014.53
13666,8182268,4014.53
13666,8182618,4014.53
13666,8182846,4014.53
13666,8183127,4014.53
13666,8183490,4014.53
13666,8183775,4014.53
13666,8184022,4014.53
13666,8184317,4014.53
13666,8184600,4014.53
13666,8184882,4014.53
13666,8185170,4014.53
13666,8185469,4014.53
13666,8185705,4014.53
13666,8185995,4014.53
13666,8186281,4014.53
13666,8186653,4014.53
13666,8186877,4014.53
13666,8187163,4014.53
13666,8187532,4014.53
13666,8187815,4014.53
13666,8188097,4014.53
13666,8188397,4014.53
13666,8188690,4014.53
13666,8188978,4014.53
13666,8189227,4014.53
13666,8189515,4014.53
13666,8189788,4014.53
13666,8190173,4014.53
13666,8190464,4014.53
13666,8190745,4014.53
13666,8191029,4014.53
13666,8191276,4014.53
13666,8191604,4014.53
13666,8191859,4014.53
13666,8192137,4014.53
13666,8192507,4014.53
13666,8192786,4014.53
13666,8193072,4014.53
13666,8193315,4014.53
13666,8193603,4014.53
13666,8193951,4014.53
13666,8194238,4014.53
13666,8194491,4014.53
13666,8194780,4014.53
13666,8195050,4014.53
13666,8195373,4014.53
13666,8195651,4014.53
13666,8195942,4014.53
13666,8196234,4014.53
13666,8196619,4014.53
13666,8196839,4014.53
13666,8197144,4014.53
13666,8197479,4014.53
13666,8197715,4014.53
13666,8198071,4014.53
13666,8198363,4014.53
13666,8198671,4014.53
13666,8198955,4014.53
13666,8199195,4014.53
13666,8199474,4014.53
13666,8199836,4014.53
13666,8200070,4014.53
13666,8200422,4014.53
13666,8200422,4014.53
13666,808813,4014.83
13666,835126,4014.83
13666,861658,4014.83
13666,887638,4014.81
13666,913906,4014.81
13666,940250,4014.86
13666,966771,4014.86
13666,993140,4014.8
13666,1019111,4014.8
13666,1045144,4014.81
13666,1071320,4014.81
13666,1097720,4014.81
13666,1123782,4014.87
13666,1150217,4014.87
13666,1176825,4014.92
13666,1203166,4014.92
13666,1229435,4014.89
13666,1255739,4014.89
13666,1282427,4014.89
13666,1309196,4014.83
13666,1335781,4014.83
13666,1361811,4014.79
13666,1388271,4014.79
13666,1414751,4014.85
13666,1441261,4014.85
13666,1467891,4014.87
13666,1494138,4014.87
13666,1520322,4014.87
13666,1546728,4014.85
13666,1572838,4014.85
13666,1598203,4014.92
13666,1624699,4014.92
13666,1650787,4014.9
13666,1677290,4014.9
13666,1703146,4014.9
13666,1728981,4014.88
13666,1755000,4014.88
13666,1780661,4014.96
13666,1806180,4014.96
13666,1831923,4014.84
13666,1857246,4014.84
13666,1882597,4014.94
13666,1908457,4014.94
13666,1934069,4014.94
13666,1959550,4014.85
13666,1965211,4014.85
13666,1965511,4014.87
13666,1981011,4014.87
13666,1981299,4014.28
13666,1981586,4014.28
13666,1988988,4014.28
13666,1989213,4014.53
13666,1989499,4014.53
13666,1989808,4014.53
13666,1990169,4014.53
13666,1990448,4014.53
13666,1990691,4014.53
13666,1991010,4014.53
13666,1991245,4014.53
13666,1991563,4014.53
13666,1992617,4014.53
13666,1996567,4014.53
13666,2000529,4014.53
13666,2004780,4014.53
13666,2013342,4014.8
13666,2035195,4014.8
13666,2058029,4014.85
13666,2058294,4014.85
13666,2058636,4014.85
13666,2058950,4014.53
13666,2059216,4014.53
13666,2072804,4014.53
13666,2073090,4014.53
13666,2073374,4014.53
13666,2073675,4014.53
13666,2073973,4014.53
13666,2074339,4014.53
13666,2074636,4014.53
13666,2074836,4014.53
13666,2075218,4014.53
13666,2075520,4014.53
13666,2075801,4014.53
13666,2076098,4014.53
13666,2076387,4014.53
13666,2076676,4014.53
13666,2076978,4014.53
13666,2077266,4014.53
13666,2077561,4014.53
13666,2077856,4014.53
13666,2090575,4014.53
13666,2090897,4014.53
13666,2091108,4014.53
13666,2091465,4014.53
13666,2091714,4014.53
13666,2091925,4014.53
13666,2092282,4014.53
13666,2092512,4014.53
13666,2092814,4014.53
13666,2093098,4014.53
13666,2093402,4014.53
13666,2093686,4014.53
13666,2093978,4014.53
13666,2094274,4014.53
13666,2094620,4014.53
13666,2094937,4014.53
13666,2095163,4014.53
13666,2095453,4014.53
13666,2095818,4014.53
13666,2096105,4014.53
13666,2096398,4014.53
13666,2096629,4014.53
13666,2096988,4014.53
13666,2097223,4014.53
13666,2097571,4014.53
13666,2097855,4014.53
13666,2098105,4014.53
13666,2098377,4014.53
13666,2098685,4014.53
13666,2099050,4014.53
13666,2099350,4014.53
13666,2099592,4014.53
13666,2099932,4014.53
13666,2100251,4014.53
13666,2100493,4014.53
13666,2100800,4014.53
13666,2101147,4014.53
13666,2101391,4014.53
13666,2101703,4014.53
13666,2102060,4014.53
13666,2102297,4014.53
13666,2102624,4014.53
13666,2102986,4014.53
13666,2103206,4014.53
13666,2103570,4014.53
13666,2104290,4014.53
13666,2112003,4014.53
13666,2131047,4014.53
13666,2152553,4014.86
13666,2175083,4014.86
13666,2198873,4014.84
13666,2222956,4014.84
13666,2247939,4014.86
13666,2273536,4014.86
13666,2299270,4014.86
13666,2325130,4014.83
13666,2351228,4014.83
13666,2377467,4014.85
13666,2403794,4014.85
13666,2428808,4014.83
13666,2429100,4014.83
13666,2429401,4014.53
13666,2429694,4014.53
13666,2446781,4014.53
13666,2471756,4014.53
13666,2497224,4014.53
13666,2523071,4014.55
13666,2548952,4014.55
13666,2575063,4014.9
13666,2601365,4014.9
13666,2627200,4014.87
13666,2653638,4014.87
13666,2679679,4014.87
13666,2706004,4014.85
13666,2732352,4014.85
13666,2758464,4014.87
13666,2784867,4014.87
13666,2811737,4014.86
13666,2838089,4014.86
13666,2864323,4014.86
13666,2890684,4014.86
13666,2916470,4014.86
13666,2942348,4014.88
13666,2968390,4014.88
13666,2994514,4014.81
13666,3020735,4014.81
13666,3046362,4014.88
13666,3072081,4014.88
13666,3098066,4014.88
13666,3123712,4014.91
13666,3149293,4014.91
13666,3175396,4014.79
13666,3201396,4014.79
13666,3227929,4014.89
13666,3253975,4014.89
13666,3279809,4014.9
13666,3306049,4014.9
13666,3332032,4014.9
13666,3358145,4014.82
13666,3384894,4014.82
13666,3411664,4014.89
13666,3438346,4014.89
13666,3465675,4014.86
13666,3492561,4014.86
13666,3519539,4014.83
13666,3545864,4014.83
13666,3572314,4014.83
13666,3597775,4014.85
13666,3623365,4014.85
13666,3648960,4014.81
13666,3674547,4014.81
13666,3700309,4014.88
13666,3726153,4014.88
13666,3751750,4014.88
13666,3777991,4014.85
13666,3804498,4014.85
13666,3830989,4014.8
13666,3857219,4014.8
13666,3883347,4014.86
13666,3909431,4014.86
13666,3936108,4014.89
13666,3962251,4014.89
13666,3988957,4014.89
13666,4015566,4014.9
13666,4041816,4014.9
13666,4067930,4014.82
13666,4094457,4014.82
13666,4120858,4014.86
13666,4147546,4014.86
13666,4174250,4014.84
13666,4200370,4014.84
13666,4226501,4014.84
13666,4252729,4014.88
13666,4279157,4014.88
13666,4305854,4014.84
13666,4332481,4014.84
13666,4359009,4014.9
13666,4386090,4014.9
13666,4412679,4014.9
13666,4433360,4014.88
13666,4433650,4014.88
13666,4433940,4014.86
13666,4453999,4014.86
13666,4480224,4014.53
13666,4506832,4014.53
13666,4533580,4014.84
13666,4560226,4014.84
13666,4586669,4014.84
13666,4613207,4014.84
13666,4639437,4014.84
13666,4666066,4014.86
13666,4692200,4014.86
13666,4718265,4014.94
13666,4744550,4014.94
13666,4770924,4014.92
13666,4797659,4014.92
13666,4823882,4014.92
13666,4850256,4014.89
13666,4877039,4014.89
13666,4903774,4014.88
13666,4930262,4014.88
13666,4956490,4014.87
13666,4982745,4014.87
13666,5008791,4014.81
13666,5034119,4014.81
13666,5059636,4014.81
13666,5085529,4014.86
13666,5111650,4014.86
13666,5137839,4014.81
13666,5164606,4014.81
13666,5191152,4014.87
13666,5218035,4014.87
13666,5244749,4014.87
13666,5271645,4014.96
13666,5298405,4014.96
13666,5324909,4014.84
13666,5351279,4014.84
13666,5377998,4014.9
13666,5404827,4014.9
13666,5431378,4014.98
13666,5458010,4014.98
13666,5484782,4014.98
13666,5511500,4014.84
13666,5538115,4014.84
13666,5564845,4014.82
13666,5592036,4014.82
13666,5618538,4014.86
13666,5644624,4014.86
13666,5670865,4014.86
13666,5696632,4014.86
13666,5722338,4014.86
13666,5747914,4014.92
13666,5773802,4014.92
13666,5800027,4014.82
13666,5825920,4014.82
13666,5851836,4014.85
13666,5877987,4014.85
13666,5904109,4014.91
13666,5930825,4014.91
13666,5957514,4014.91
13666,5984124,4014.85
13666,6010722,4014.85
13666,6037587,4014.95
13666,6064025,4014.95
13666,6090841,4014.88
13666,6117913,4014.88
13666,6145181,4014.88
13666,6171880,4014.92
13666,6198765,4014.92
13666,6225770,4014.81
13666,6252591,4014.81
13666,6279376,4014.83
13666,6305888,4014.83
13666,6331886,4014.84
13666,6357612,4014.84
13666,6383199,4014.84
13666,6409162,4014.85
13666,6435283,4014.85
13666,6462301,4014.81
13666,6489183,4014.81
13666,6515941,4014.9
13666,6542832,4014.9
13666,6569447,4014.9
13666,6579349,4014.86
13666,6579712,4014.86
13666,6579937,4014.53
13666,6580232,4014.53
13666,6589390,4014.53
13666,6613637,4014.53
13666,6638732,4014.93
13666,6664291,4014.93
13666,6690123,4014.93
13666,6716136,4014.87
13666,6742355,4014.87
13666,6768070,4014.82
13666,6794079,4014.82
13666,6820161,4014.83
13666,6845907,4014.83
13666,6871868,4014.88
13666,6897900,4014.88
13666,6924352,4014.88
13666,6950261,4014.85
13666,6976389,4014.85
13666,7002644,4014.85
13666,7029445,4014.85
13666,7056317,4014.84
13666,7082840,4014.84
13666,7109582,4014.84
13666,7110061,4014.84
13666,7110340,4014.84
13666,7110633,4014.53
13666,7120735,4014.53
13666,7145909,4014.53
13666,7171669,4014.53
13666,7197817,4014.8
13666,7223690,4014.8
13666,7249552,4014.8
13666,7275450,4014.92
13666,7300928,4014.92
13666,7326916,4014.84
13666,7352829,4014.84
13666,7378875,4014.93
13666,7404650,4014.93
13666,7430853,4015
13666,7457438,4015
13666,7483612,4015
13666,7509583,4014.87
13666,7535681,4014.87
13666,7562272,4014.88
13666,7588547,4014.88
13666,7614954,4014.85
13666,7641430,4014.85
13666,7667984,4014.85
13666,7694269,4014.87
13666,7720646,4014.87
13666,7746905,4014.84
13666,7773363,4014.84
13666,7799745,4014.83
13666,7826483,4014.83
13666,7853258,4014.83
13666,7879493,4014.82
13666,7905595,4014.82
13666,7932082,4014.83
13666,7958594,4014.83
13666,7985235,4014.84
13666,8011845,4014.84
13666,8038219,4014.96
13666,8064892,4014.96
13677,57829,4014.8
13677,82353,4014.77
13677,106916,4014.77
13677,131038,4014.74
13677,155745,4014.74
13677,179972,4014.73
13677,203812,4014.73
13677,228090,4014.73
13677,252073,4014.76
13677,276472,4014.76
13677,301584,4014.71
13677,326349,4014.71
13677,350836,4014.76
13677,375403,4014.76
13677,399963,4014.76
13677,424229,4014.8
13677,448872,4014.8
13677,473067,4014.77
13677,497528,4014.77
13677,521826,4014.74
13677,546466,4014.74
13677,571143,4014.78
13677,596079,4014.78
13677,620257,4014.78
13677,644850,4014.78
13677,6632077,4014.73
13677,6656665,4014.73
13677,6680837,4014.74
13677,6704747,4014.74
13677,6728710,4014.74
13677,6753290,4014.74
13677,6777742,4014.74
13677,6802641,4014.74
13677,6827779,4014.74
13677,6852752,4014.74
13677,6877789,4014.74
13677,6902907,4014.74
13677,6928267,4014.85
13677,6953605,4014.85
13677,6978417,4014.73
13677,7003018,4014.73
13677,7027420,4014.81
13677,7051482,4014.81
13677,7075697,4014.71
13677,7099634,4014.71
13677,7124017,4014.71
13677,7148316,4014.8
13677,7167879,4014.8
13677,7168162,4014.78
13677,7168457,4014.78
13677,7168755,4014.53
13677,7169044,4014.53
13677,7169270,4014.53
13677,7169625,4014.53
13677,7169852,4014.53
13677,7170146,4014.53
13677,7170505,4014.53
13677,7170721,4014.53
13677,7171029,4014.53
13677,7171384,4014.53
13677,7171676,4014.53
13677,7171909,4014.53
13677,7182826,4014.53
13677,7207935,4014.53
13677,7233062,4014.67
13677,7258517,4014.67
13677,669639,4014.78
13677,694239,4014.76
13677,719235,4014.76
13677,744808,4014.79
13677,769697,4014.79
13677,794383,4014.79
13677,819680,4014.81
13677,844611,4014.81
13677,869735,4014.78
13677,894639,4014.78
13677,919625,4014.76
13677,944613,4014.76
13677,969613,4014.77
13677,994808,4014.77
13677,1020132,4014.77
13677,1045403,4014.78
13677,1069908,4014.78
13677,1094251,4014.76
13677,1118948,4014.76
13677,1143435,4014.75
13677,1167816,4014.75
13677,1192418,4014.81
13677,1216510,4014.81
13677,1241064,4014.81
13677,1265443,4014.77
13677,1290226,4014.77
13677,1314287,4014.76
13677,7283200,4014.71
13677,7307709,4014.71
13677,7332544,4014.71
13677,7357579,4014.8
13677,7382483,4014.8
13677,7407244,4014.74
13677,7431799,4014.74
13677,7456151,4014.77
13677,7480463,4014.77
13677,7505530,4014.78
13677,7530539,4014.78
13677,7555723,4014.78
13677,7580553,4014.76
13677,7605584,4014.76
13677,7629982,4014.74
13677,7654529,4014.74
13677,7679060,4014.81
13677,7703820,4014.81
13677,7728731,4014.81
13677,7753505,4014.81
13677,7778280,4014.81
13677,7802756,4014.77
13677,7827535,4014.77
13677,7852677,4014.75
13677,7878017,4014.75
13677,7902582,4014.71
13677,7926855,4014.71
13677,7950899,4014.71
13677,7975310,4014.68
13677,8000075,4014.68
13677,8024458,4014.72
13677,8049123,4014.72
13677,8074319,4014.68
13677,8099579,4014.68
13677,8124585,4014.68
13677,8150010,4014.74
13677,8175488,4014.74
13677,8201181,4014.7
13677,8226123,4014.7
13677,8251152,4014.84
13677,8275194,4014.84
13677,8299451,4014.74
13677,8323446,4014.74
13677,8347860,4014.74
13677,8373000,4014.76
13677,8397942,4014.76
13677,8423668,4014.76
13677,8449317,4014.76
13677,8474857,4014.73
13677,8484621,4014.73
13677,8484908,4014.73
13677,8486407,4014.53
13677,8504581,4014.53
13677,8529543,4014.22
13677,8553979,4014.22
13677,8554305,4014.71
13677,8554590,4014.71
13677,8554883,4014.71
13677,8559137,4014.53
13677,8581657,4014.53
13677,8606622,4014.83
13677,8631047,4014.83
13677,8655826,4014.77
13677,8681242,4014.77
13677,8706440,4014.8
13677,8731826,4014.8
13677,8757011,4014.8
13677,8782101,4014.77
13677,9279438,4014.8
13677,9303585,4014.8
13677,9327663,4014.75
13677,9352006,4014.75
13677,9376153,4014.71
13677,9400352,4014.71
13677,9424552,4014.77
13677,9449020,4014.77
13677,9474091,4014.77
13677,9499162,4014.76
13677,9524653,4014.76
13677,9539603,4014.74
13677,9539897,4014.74
13677,9540188,4014.53
13677,9548969,4014.53
13677,9572796,4014.41
13677,9597617,4014.41
13677,9622809,4014.41
13677,9647266,4014.81
13677,9671513,4014.81
13677,9695852,4014.76
13677,9720198,4014.76
13677,9745386,4014.81
13677,9770350,4014.81
13677,9795090,4014.81
13677,9819878,4014.73
13677,9844837,4014.73
13677,9869480,4014.75
13677,9894325,4014.75
13677,9919014,4014.78
13677,9943880,4014.78
13677,9968692,4014.8
13677,9993433,4014.8
13677,10018190,4014.8
13677,10042894,4014.74
13677,10067363,4014.74
13677,10092249,4014.8
13677,10117030,4014.8
13677,10141824,4014.81
13677,10153583,4014.81
13677,10153583,4014.81
13677,1338665,4014.76
13677,1362757,4014.76
13677,1369135,4014.76
13677,1369429,4014.76
13677,1371686,4014.53
13677,1392002,4014.53
13677,1416978,4014.91
13677,1442334,4014.91
13677,1467391,4014.78
13677,1484367,4014.78
13677,1484669,4014.73
13677,1484965,4014.73
13677,1485252,4014.73
13677,1485535,4014.53
13677,1485836,4014.53
13677,1486123,4014.53
13677,1486990,4014.53
13677,1503803,4014.53
13677,1528970,4014.53
13677,1553945,4014.53
13677,1578480,4014.76
13677,1602820,4014.76
13677,1627281,4014.71
13677,1651989,4014.71
13677,1676545,4014.74
13677,1701497,4014.74
13677,1726376,4014.74
13677,1751033,4014.74
13677,1775713,4014.74
13677,1799805,4014.77
13677,1823271,4014.77
13677,1847197,4014.8
13677,1871665,4014.8
13677,1896080,4014.74
13677,1920078,4014.74
13677,1944593,4014.74
13677,1969534,4014.63
13677,1993979,4014.63
13677,2018675,4014.74
13677,2043749,4014.74
13677,2068744,4014.77
13677,2093620,4014.77
13677,2118803,4014.72
13677,2143481,4014.72
13677,2168330,4014.72
13677,2193450,4014.73
13677,2218661,4014.73
13677,2243979,4014.75
13677,2268983,4014.75
13677,2293703,4014.74
13677,2318655,4014.74
13677,2343525,4014.74
13677,2368278,4014.72
13677,2392827,4014.72
13677,2417028,4014.72
13677,2441862,4014.72
13677,2466843,4014.69
13677,2491653,4014.69
13677,2516096,4014.8
13677,2541036,4014.8
13677,2566421,4014.8
13677,2591619,4014.76
13677,2616552,4014.76
13677,2641912,4014.73
13677,2667394,4014.73
13677,2692413,4014.76
13677,2717052,4014.76
13677,2742462,4014.7
13677,2767386,4014.7
13677,2792223,4014.7
13677,2817550,4014.72
13677,2842714,4014.72
13677,2867453,4014.67
13677,2891625,4014.67
13677,2915715,4014.75
13677,2940063,4014.75
13677,2965347,4014.75
13677,2989949,4014.73
13677,3014763,4014.73
13677,3039367,4014.74
13677,3064174,4014.74
13677,3089202,4014.77
13677,3114310,4014.77
13677,3139328,4014.77
13677,3164529,4014.73
13677,3190064,4014.73
13677,3214857,4014.81
13677,3239799,4014.81
13677,3264509,4014.73
13677,3289031,4014.73
13677,3313318,4014.77
13677,3337564,4014.77
13677,3361539,4014.77
13677,3385850,4014.76
13677,3410239,4014.76
13677,3434430,4014.72
13677,3458682,4014.72
13677,3483209,4014.77
13677,3485142,4014.77
13677,3485430,4014.77
13677,3497477,4014.53
13677,3523384,4014.53
13677,3548601,4014.66
13677,3573782,4014.66
13677,3598303,4014.72
13677,3623121,4014.72
13677,3648233,4014.72
13677,3673405,4014.76
13677,3698304,4014.76
13677,3723137,4014.78
13677,3747443,4014.78
13677,3771776,4014.74
13677,3796190,4014.74
13677,3820424,4014.81
13677,3844495,4014.81
13677,3869057,4014.81
13677,3893359,4014.77
13677,3918030,4014.77
13677,3942906,4014.74
13677,3967850,4014.74
13677,3992966,4014.77
13677,4017731,4014.77
13677,4042501,4014.77
13677,4067361,4014.76
13677,4092294,4014.76
13677,4117387,4014.68
13677,4142012,4014.68
13677,4167049,4014.76
13677,4191644,4014.76
13677,4216175,4014.75
13677,4239148,4014.75
13677,4262802,4014.75
13677,4286613,4014.74
13677,4310548,4014.74
13677,4334969,4014.82
13677,4359285,4014.82
13677,4384118,4014.75
13677,4408826,4014.75
13677,4433569,4014.75
13677,4458669,4014.72
13677,4483792,4014.72
13677,4509004,4014.74
13677,4533652,4014.74
13677,4558560,4014.75
13677,4583171,4014.75
13677,4607621,4014.8
13677,4631600,4014.8
13677,4635070,4014.8
13677,4635345,4014.8
13677,4635906,4014.8
13677,4649921,4014.53
13677,4675712,4014.53
13677,4701414,4014.7
13677,4726769,4014.7
13677,4751314,4014.72
13677,4775990,4014.72
13677,4800581,4014.72
13677,4824972,4014.72
13677,4849528,4014.72
13677,4874231,4014.74
13677,4898671,4014.74
13677,4923768,4014.77
13677,4948732,4014.77
13677,4974350,4014.77
13677,4999723,4014.7
13677,5025020,4014.7
13677,5049598,4014.79
13677,5074185,4014.79
13677,5099122,4014.77
13677,5123962,4014.77
13677,5149041,4014.77
13677,5174254,4014.76
13677,5199237,4014.76
13677,5223539,4014.78
13677,5248122,4014.78
13677,5272199,4014.74
13677,5296252,4014.74
13677,5320072,4014.78
13677,5344232,4014.78
13677,5368968,4014.78
13677,5393927,4014.78
13677,5419244,4014.78
13677,5444621,4014.74
13677,5470135,4014.74
13677,5495607,4014.78
13677,5520837,4014.78
13677,5546129,4014.78
13677,5571072,4014.77
13677,5596040,4014.77
13677,5621136,4014.73
13677,5646087,4014.73
13677,5671157,4014.85
13677,5695902,4014.85
13677,5720463,4014.85
13677,5744763,4014.79
13677,5768917,4014.79
13677,5793448,4014.67
13677,5818191,4014.67
13677,5842691,4014.78
13677,5867142,4014.78
13677,5891265,4014.76
13677,5915455,4014.76
13677,5939589,4014.76
13677,5963242,4014.7
13677,5987717,4014.7
13677,6012912,4014.78
13677,6037507,4014.78
13677,6062607,4014.73
13677,6087817,4014.73
13677,6112590,4014.73
13677,6137606,4014.76
13677,6162007,4014.76
13677,6186589,4014.72
13677,6210984,4014.72
13677,6235192,4014.75
13677,6260227,4014.75
13677,6285682,4014.77
13677,6310788,4014.77
13677,6336008,4014.77
13677,6361343,4014.71
13677,6386465,4014.71
13677,6411248,4014.73
13677,6435325,4014.73
13677,6459535,4014.72
13677,6483600,4014.72
13677,6507919,4014.72
13677,6532544,4014.73
13677,6557439,4014.73
13677,6582415,4014.78
13677,6607190,4014.78
13678,1456,4014.53
13678,19714,4014.53
13678,45512,4014.53
13678,71485,4014.74
13678,96848,4014.74
13678,122018,4014.75
13678,146827,4014.75
13678,171736,4014.64
13678,196715,4014.64
13678,221373,4014.72
13678,245665,4014.72
13678,270469,4014.72
13678,294713,4014.77
13678,319062,4014.77
13678,343519,4014.76
13678,368589,4014.76
13678,393414,4014.75
13678,418834,4014.75
13678,444422,4014.75
13678,469590,4014.67
13678,494925,4014.67
13678,519756,4014.69
13678,544717,4014.69
13678,569399,4014.79
13678,593540,4014.79
13678,618215,4014.77
13678,642366,4014.77
13678,6666631,4014.82
13678,6691824,4014.82
13678,6716686,4014.7
13678,6741596,4014.7
13678,6766093,4014.71
13678,6790640,4014.71
13678,6815109,4014.71
13678,6839681,4014.79
13678,6864514,4014.79
13678,6889593,4014.75
13678,6915076,4014.75
13678,6940132,4014.77
13678,6965500,4014.77
13678,6990470,4014.77
13678,6998355,4014.72
13678,6998706,4014.72
13678,6998997,4014.53
13678,6999293,4014.53
13678,6999576,4014.53
13678,6999868,4014.53
13678,7011319,4014.53
13678,7035192,4014.53
13678,7059715,4014.53
13678,7085184,4014.65
13678,7110399,4014.65
13678,7135355,4014.72
13678,7160297,4014.72
13678,7185038,4014.78
13678,7209859,4014.78
13678,7234532,4014.82
13678,7259036,4014.82
13678,7283596,4014.82
13678,7308304,4014.67
13678,666724,4014.77
13678,691537,4014.72
13678,716392,4014.72
13678,741575,4014.76
13678,766793,4014.76
13678,792009,4014.76
13678,816739,4014.76
13678,841534,4014.76
13678,866242,4014.79
13678,891067,4014.79
13678,916154,4014.59
13678,940998,4014.59
13678,965711,4014.72
13678,990607,4014.72
13678,1015367,4014.75
13678,1039975,4014.75
13678,1064777,4014.75
13678,1067973,4014.73
13678,1068347,4014.73
13678,1068580,4014.53
13678,1068861,4014.53
13678,1069164,4014.53
13678,1069454,4014.53
13678,1069780,4014.53
13678,1070088,4014.53
13678,1070325,4014.53
13678,1077000,4014.53
13678,1100409,4014.53
13678,1125232,4014.73
13678,1150154,4014.73
13678,1175189,4014.73
13678,1199790,4014.72
13678,1224560,4014.72
13678,1249241,4014.72
13678,1274266,4014.72
13678,1299212,4014.74
13678,1323772,4014.74
13678,7332886,4014.67
13678,7357140,4014.77
13678,7382172,4014.77
13678,7406399,4014.68
13678,7431047,4014.68
13678,7456021,4014.73
13678,7481186,4014.73
13678,7506614,4014.73
13678,7531605,4014.8
13678,7555971,4014.8
13678,7580698,4014.71
13678,7605378,4014.71
13678,7630648,4014.79
13678,7655436,4014.79
13678,7680280,4014.79
13678,7700974,4014.74
13678,7701287,4014.74
13678,7701577,4014.71
13678,7701860,4014.71
13678,7703615,4014.53
13678,7722630,4014.53
13678,7747011,4014.75
13678,7772247,4014.75
13678,7797022,4014.75
13678,7821014,4014.8
13678,7845205,4014.8
13678,7869209,4014.69
13678,7893575,4014.69
13678,7918104,4014.68
13678,7943379,4014.68
13678,7968337,4014.76
13678,7993375,4014.76
13678,8018336,4014.76
13678,8043612,4014.75
13678,8068574,4014.75
13678,8093476,4014.78
13678,8118465,4014.78
13678,8143572,4014.66
13678,8168523,4014.66
13678,8192948,4014.75
13678,8217540,4014.75
13678,8241921,4014.75
13678,8266739,4014.88
13678,8291368,4014.88
13678,8316117,4014.66
13678,8340827,4014.66
13678,8365650,4014.75
13678,8389959,4014.75
13678,8414808,4014.7
13678,8439768,4014.7
13678,8464749,4014.7
13678,8489856,4014.87
13678,8506365,4014.87
13678,8506365,4014.85
13678,1348653,4014.66
13678,1373823,4014.66
13678,1399158,4014.66
13678,1424517,4014.71
13678,1449861,4014.71
13678,1475071,4014.79
13678,1499885,4014.79
13678,1524915,4014.77
13678,1549965,4014.77
13678,1575403,4014.77
13678,1600335,4014.76
13678,1625087,4014.76
13678,1649646,4014.69
13678,1674101,4014.69
13678,1698550,4014.77
13678,1723297,4014.77
13678,1748431,4014.77
13678,1773230,4014.74
13678,1774091,4014.74
13678,1774380,4014.7
13678,1779477,4014.7
13678,1804306,4014.53
13678,1831137,4014.53
13678,1857513,4014.75
13678,1883217,4014.75
13678,1908606,4014.75
13678,1932939,4014.76
13678,1957389,4014.76
13678,1981321,4014.75
13678,2005385,4014.75
13678,2030484,4014.7
13678,2055546,4014.7
13678,2080544,4014.7
13678,2105992,4014.76
13678,2131683,4014.76
13678,2156698,4014.76
13678,2181783,4014.76
13678,2206509,4014.73
13678,2231175,4014.73
13678,2255767,4014.76
13678,2280581,4014.76
13678,2305223,4014.76
13678,2329600,4014.78
13678,2354484,4014.78
13678,2379268,4014.66
13678,2403914,4014.66
13678,2429113,4014.7
13678,2454423,4014.7
13678,2479981,4014.7
13678,2505092,4014.67
13678,2529814,4014.67
13678,2554626,4014.8
13678,2579209,4014.8
13678,2603230,4014.63
13678,2627579,4014.63
13678,2651923,4014.63
13678,2676479,4014.73
13678,2701797,4014.73
13678,2727087,4014.75
13678,2752773,4014.75
13678,2778307,4014.8
13678,2804115,4014.8
13678,2829584,4014.8
13678,2855304,4014.8
13678,2880597,4014.8
13678,2905875,4014.69
13678,2931307,4014.69
13678,2956523,4014.72
13678,2981347,4014.72
13678,3006353,4014.71
13678,3031556,4014.71
13678,3056845,4014.71
13678,3082259,4014.72
13678,3107493,4014.72
13678,3119625,4014.7
13678,3119931,4014.7
13678,3121183,4014.53
13678,3138963,4014.53
13678,3161766,4014.89
13678,3185629,4014.89
13678,3210845,4014.89
13678,3236364,4014.73
13678,3261996,4014.73
13678,3287606,4014.75
13678,3312597,4014.75
13678,3337590,4014.7
13678,3361826,4014.7
13678,3385638,4014.67
13678,3409698,4014.67
13678,3434021,4014.67
13678,3458206,4014.74
13678,3483542,4014.74
13678,3508327,4014.75
13678,3532955,4014.75
13678,3557798,4014.74
13678,3582624,4014.74
13678,3607568,4014.74
13678,3632805,4014.78
13678,3658032,4014.78
13678,3683346,4014.71
13678,3708285,4014.71
13678,3733979,4014.76
13678,3759148,4014.76
13678,3784479,4014.76
13678,3809559,4014.59
13678,3834385,4014.59
13678,3859110,4014.8
13678,3883630,4014.8
13678,3908468,4014.74
13678,3933508,4014.74
13678,3958174,4014.74
13678,3982931,4014.78
13678,4007853,4014.78
13678,4032363,4014.68
13678,4057343,4014.68
13678,4081523,4014.69
13678,4106031,4014.69
13678,4130209,4014.71
13678,4135687,4014.71
13678,4135978,4014.71
13678,4141449,4014.53
13678,4166923,4014.53
13678,4192915,4014.76
13678,4218472,4014.76
13678,4243438,4014.65
13678,4268428,4014.65
13678,4283565,4014.65
13678,4283878,4014.68
13678,4284156,4014.68
13678,4284447,4014.53
13678,4284686,4014.53
13678,4285036,4014.53
13678,4285277,4014.53
13678,4285570,4014.53
13678,4285864,4014.53
13678,4286157,4014.53
13678,4286446,4014.53
13678,4286733,4014.53
13678,4287079,4014.53
13678,4287319,4014.53
13678,4287669,4014.53
13678,4287894,4014.53
13678,4288201,4014.53
13678,4297469,4014.53
13678,4320951,4014.53
13678,4346128,4014.78
13678,4371208,4014.78
13678,4395667,4014.6
13678,4419865,4014.6
13678,4444470,4014.73
13678,4453872,4014.73
13678,4454166,4014.73
13678,4454643,4014.53
13678,4469724,4014.53
13678,4495530,4014.53
13678,4521437,4014.53
13678,4546493,4014.75
13678,4571401,4014.75
13678,4595812,4014.64
13678,4620020,4014.64
13678,4643860,4014.64
13678,4668161,4014.74
13678,4692829,4014.74
13678,4717439,4014.73
13678,4730620,4014.73
13678,4730971,4014.7
13678,4731267,4014.7
13678,4731483,4014.7
13678,4731839,4014.53
13678,4732146,4014.53
13678,4739878,4014.53
13678,4763310,4014.53
13678,4788379,4014.72
13678,4813527,4014.72
13678,4838458,4014.67
13678,4863075,4014.67
13678,4887467,4014.67
13678,4911571,4014.73
13678,4935901,4014.73
13678,4960570,4014.69
13678,4985754,4014.69
13678,5010474,4014.77
13678,5035249,4014.77
13678,5059861,4014.77
13678,5084768,4014.66
13678,5109578,4014.66
13678,5123232,4014.67
13678,5123517,4014.67
13678,5123812,4014.53
13678,5129156,4014.53
13678,5155198,4014.53
13678,5182232,4014.3
13678,5207998,4014.3
13678,5233473,4014.66
13678,5258816,4014.66
13678,5283791,4014.67
13678,5292555,4014.67
13678,5292830,4014.75
13678,5293107,4014.75
13678,5293407,4014.75
13678,5293643,4014.53
13678,5293952,4014.53
13678,5294244,4014.53
13678,5294539,4014.53
13678,5294830,4014.53
13678,5295127,4014.53
13678,5296669,4014.53
13678,5314220,4014.53
13678,5338998,4014.53
13678,5363880,4014.84
13678,5388714,4014.84
13678,5413040,4014.71
13678,5437614,4014.71
13678,5462624,4014.79
13678,5470595,4014.79
13678,5470878,4014.79
13678,5471171,4014.53
13678,5471467,4014.53
13678,5471739,4014.53
13678,5472035,4014.53
13678,5472330,4014.53
13678,5472619,4014.53
13678,5472908,4014.53
13678,5473210,4014.53
13678,5473492,4014.53
13678,5473772,4014.53
13678,5475347,4014.53
13678,5492764,4014.53
13678,5516567,4014.53
13678,5541298,4014.71
13678,5565582,4014.71
13678,5590039,4014.71
13678,5614360,4014.73
13678,5638752,4014.73
13678,5662865,4014.72
13678,5680204,4014.72
13678,5680477,4014.81
13678,5680777,4014.81
13678,5681001,4014.53
13678,5681304,4014.53
13678,5681666,4014.53
13678,5681880,4014.53
13678,5682184,4014.53
13678,5682480,4014.53
13678,5682762,4014.53
13678,5683133,4014.53
13678,5683360,4014.53
13678,5683655,4014.53
13678,5684000,4014.53
13678,5684286,4014.53
13678,5684569,4014.53
13678,5684870,4014.53
13678,5685154,4014.53
13678,5685447,4014.53
13678,5685741,4014.53
13678,5686035,4014.53
13678,5686325,4014.53
13678,5686623,4014.53
13678,5686855,4014.53
13678,5687153,4014.53
13678,5687511,4014.53
13678,5687801,4014.53
13678,5688033,4014.53
13678,5688324,4014.53
13678,5688535,4014.53
13678,5688833,4014.53
13678,5689134,4014.53
13678,5689430,4014.53
13678,5689700,4014.53
13678,5690009,4014.53
13678,5690296,4014.53
13678,5690594,4014.53
13678,5690887,4014.53
13678,5691175,4014.53
13678,5691469,4014.53
13678,5691760,4014.53
13678,5692035,4014.53
13678,5692328,4014.53
13678,5692625,4014.53
13678,5692905,4014.53
13678,5693189,4014.53
13678,5693479,4014.53
13678,5693784,4014.53
13678,5694078,4014.53
13678,5694371,4014.53
13678,5694747,4014.53
13678,5695023,4014.53
13678,5695315,4014.53
13678,5695615,4014.53
13678,5695898,4014.53
13678,5696198,4014.53
13678,5696494,4014.53
13678,5696769,4014.53
13678,5697076,4014.53
13678,5697361,4014.53
13678,5697636,4014.53
13678,5697939,4014.53
13678,5698224,4014.53
13678,5698523,4014.53
13678,5698756,4014.53
13678,5699097,4014.53
13678,5699409,4014.53
13678,5699631,4014.53
13678,5699941,4014.53
13678,5700219,4014.53
13678,5700574,4014.53
13678,5700868,4014.53
13678,5701099,4014.53
13678,5701433,4014.53
13678,5701734,4014.53
13678,5702021,4014.53
13678,5702315,4014.53
13678,5702611,4014.53
13678,5702900,4014.53
13678,5703190,4014.53
13678,5703478,4014.53
13678,5703723,4014.53
13678,5704017,4014.53
13678,5704304,4014.53
13678,5704580,4014.53
13678,5709391,4014.53
13678,5729366,4014.53
13678,5751496,4014.28
13678,5761227,4014.28
13678,5761514,4014.28
13678,5761799,4014.73
13678,5763003,4014.73
13678,5780268,4014.53
13678,5804601,4014.53
13678,5805676,4014.67
13678,5805956,4014.67
13678,5806194,4014.53
13678,5806490,4014.53
13678,5806779,4014.53
13678,5807074,4014.53
13678,5807362,4014.53
13678,5807655,4014.53
13678,5807946,4014.53
13678,5808238,4014.53
13678,5808529,4014.53
13678,5808871,4014.53
13678,5809166,4014.53
13678,5809457,4014.53
13678,5809749,4014.53
13678,5809990,4014.53
13678,5810338,4014.53
13678,5810557,4014.53
13678,5810876,4014.53
13678,5811225,4014.53
13678,5811508,4014.53
13678,5811748,4014.53
13678,5812096,4014.53
13678,5812401,4014.53
13678,5812636,4014.53
13678,5812976,4014.53
13678,5813262,4014.53
13678,5813435,4014.53
13678,5813704,4014.53
13678,5814001,4014.53
13678,5814299,4014.53
13678,5814582,4014.53
13678,5814872,4014.53
13678,5815176,4014.53
13678,5815473,4014.53
13678,5815764,4014.53
13678,5816054,4014.53
13678,5816333,4014.53
13678,5816633,4014.53
13678,5816926,4014.53
13678,5817223,4014.53
13678,5817536,4014.53
13678,5817818,4014.53
13678,5818109,4014.53
13678,5818408,4014.53
13678,5818693,4014.53
13678,5818984,4014.53
13678,5819283,4014.53
13678,5819574,4014.53
13678,5819864,4014.53
13678,5820156,4014.53
13678,5820511,4014.53
13678,5820782,4014.53
13678,5821072,4014.53
13678,5821377,4014.53
13678,5821660,4014.53
13678,5821947,4014.53
13678,5822242,4014.53
13678,5822539,4014.53
13678,5822830,4014.53
13678,5823129,4014.53
13678,5823413,4014.53
13678,5823705,4014.53
13678,5823989,4014.53
13678,5824265,4014.53
13678,5824568,4014.53
13678,5824873,4014.53
13678,5825169,4014.53
13678,5825461,4014.53
13678,5825748,4014.53
13678,5826052,4014.53
13678,5826249,4014.53
13678,5826605,4014.53
13678,5826917,4014.53
13678,5827211,4014.53
13678,5827499,4014.53
13678,5827784,4014.53
13678,5828005,4014.53
13678,5828383,4014.53
13678,5828586,4014.53
13678,5828939,4014.53
13678,5829261,4014.53
13678,5829553,4014.53
13678,5829834,4014.53
13678,5830125,4014.53
13678,5830426,4014.53
13678,5830706,4014.53
13678,5830999,4014.53
13678,5831286,4014.53
13678,5831456,4014.53
13678,5831742,4014.53
13678,5832045,4014.53
13678,5832326,4014.53
13678,5832619,4014.53
13678,5832910,4014.53
13678,5833211,4014.53
13678,5833502,4014.53
13678,5833799,4014.53
13678,5834093,4014.53
13678,5834383,4014.53
13678,5834658,4014.53
13678,5834966,4014.53
13678,5835254,4014.53
13678,5835553,4014.53
13678,5835831,4014.53
13678,5836124,4014.53
13678,5836411,4014.53
13678,5836704,4014.53
13678,5836993,4014.53
13678,5837292,4014.53
13678,5837578,4014.53
13678,5837866,4014.53
13678,5838159,4014.53
13678,5838457,4014.53
13678,5838738,4014.53
13678,5839023,4014.53
13678,5839328,4014.53
13678,5839617,4014.53
13678,5839987,4014.53
13678,5840199,4014.53
13678,5840571,4014.53
13678,5840860,4014.53
13678,5841157,4014.53
13678,5841735,4014.53
13678,5851700,4014.53
13678,5872821,4014.71
13678,5894839,4014.71
13678,5917389,4014.78
13678,5940172,4014.78
13678,5963408,4014.78
13678,5986362,4014.78
13678,6009151,4014.78
13678,6032318,4014.76
13678,6055727,4014.76
13678,6079734,4014.77
13678,6103861,4014.77
13678,6128064,4014.77
13678,6152361,4014.69
13678,6177078,4014.69
13678,6201541,4014.74
13678,6225983,4014.74
13678,6250202,4014.74
13678,6274627,4014.74
13678,6298806,4014.74
13678,6322799,4014.74
13678,6346912,4014.74
13678,6371315,4014.84
13678,6395860,4014.84
13678,6420279,4014.65
13678,6444758,4014.65
13678,6452350,4014.69
13678,6452625,4014.69
13678,6452924,4014.53
13678,6453207,4014.53
13678,6465383,4014.53
13678,6489841,4014.53
13678,6515029,4014.53
13678,6540104,4014.72
13678,6564662,4014.72
13678,6589226,4014.67
13678,6610035,4014.67
13678,6610334,4014.73
13678,6610627,4014.73
13678,6610919,4014.73
13678,6615935,4014.53
13678,6641019,4014.53
13679,57053,4014.76
13679,76765,4014.8
13679,76980,4014.8
13679,77264,4014.8
13679,77634,4014.53
13679,77853,4014.53
13679,78200,4014.53
13679,85411,4014.53
13679,109092,4014.53
13679,134507,4014.53
13679,159428,4014.78
13679,183911,4014.78
13679,209102,4014.78
13679,233939,4014.76
13679,258747,4014.76
13679,283729,4014.76
13679,308795,4014.76
13679,333767,4014.65
13679,358976,4014.65
13679,384064,4014.65
13679,409029,4014.75
13679,434254,4014.75
13679,459114,4014.77
13679,484016,4014.77
13679,509037,4014.8
13679,533692,4014.8
13679,558662,4014.83
13679,583495,4014.83
13679,608028,4014.83
13679,633132,4014.72
13679,651987,4014.72
13679,652171,4014.75
13679,652459,4014.75
13679,652757,4014.53
13679,653042,4014.53
13679,655952,4014.53
13679,6616018,4014.74
13679,6640354,4014.74
13679,6665417,4014.73
13679,6690448,4014.73
13679,6715325,4014.73
13679,6740333,4014.78
13679,6764643,4014.78
13679,6789088,4014.74
13679,6813544,4014.74
13679,6837991,4014.7
13679,6862447,4014.7
13679,6886927,4014.74
13679,6911583,4014.74
13679,6936278,4014.74
13679,6960676,4014.8
13679,6985466,4014.8
13679,7010955,4014.74
13679,7036259,4014.74
13679,7061324,4014.78
13679,7086176,4014.78
13679,7111144,4014.76
13679,7135447,4014.76
13679,7160061,4014.76
13679,7184726,4014.66
13679,7209452,4014.66
13679,7234519,4014.76
13679,677607,4014.53
13679,703293,4014.53
13679,729056,4014.71
13679,754567,4014.71
13679,779737,4014.75
13679,804676,4014.75
13679,829253,4014.72
13679,853978,4014.72
13679,878936,4014.72
13679,903646,4014.73
13679,928200,4014.73
13679,953029,4014.77
13679,978263,4014.77
13679,1003487,4014.75
13679,1028161,4014.75
13679,1028417,4014.75
13679,1028706,4014.77
13679,1029070,4014.77
13679,1029752,4014.53
13679,1043935,4014.53
13679,1068661,4014.53
13679,1093986,4014.53
13679,1119000,4014.75
13679,1143633,4014.75
13679,1168581,4014.75
13679,1193455,4014.69
13679,1218424,4014.69
13679,1243571,4014.75
13679,1268641,4014.75
13679,1293535,4014.78
13679,1318543,4014.78
13679,7259561,4014.76
13679,7284843,4014.75
13679,7310309,4014.75
13679,7335706,4014.78
13679,7361374,4014.78
13679,7387082,4014.78
13679,7412288,4014.68
13679,7437394,4014.68
13679,7462537,4014.72
13679,7487080,4014.72
13679,7503353,4014.77
13679,7503666,4014.77
13679,7504222,4014.77
13679,7517164,4014.53
13679,7542240,4014.53
13679,7568528,4014.73
13679,7593522,4014.73
13679,7618274,4014.7
13679,7643108,4014.7
13679,7667843,4014.73
13679,7692402,4014.73
13679,7717260,4014.73
13679,7742082,4014.77
13679,7766759,4014.77
13679,7791527,4014.81
13679,7816428,4014.81
13679,7841683,4014.65
13679,7866736,4014.65
13679,7892074,4014.65
13679,7917800,4014.8
13679,7943669,4014.8
13679,7968868,4014.73
13679,7986756,4014.73
13679,7986998,4014.74
13679,7987288,4014.74
13679,7987648,4014.53
13679,7987865,4014.53
13679,7988169,4014.53
13679,7988518,4014.53
13679,7988809,4014.53
13679,7989041,4014.53
13679,7989389,4014.53
13679,7989695,4014.53
13679,7989923,4014.53
13679,7990217,4014.53
13679,7991969,4014.53
13679,8010299,4014.53
13679,8035083,4014.53
13679,8059540,4014.53
13679,8084122,4014.76
13679,8108938,4014.76
13679,8133665,4014.67
13679,8157992,4014.67
13679,8182739,4014.71
13679,8207254,4014.71
13679,8231902,4014.71
13679,8256366,4014.73
13679,8280808,4014.73
13679,8305564,4014.75
13679,8330649,4014.75
13679,8355292,4014.67
13679,8380307,4014.67
13679,8405267,4014.76
13679,8430225,4014.76
13679,8455242,4014.76
13679,8480673,4014.69
13679,8505572,4014.69
13679,8530336,4014.73
13679,8554759,4014.73
13679,8579618,4014.79
13679,8604451,4014.79
13679,8629343,4014.7
13679,8654348,4014.7
13679,8679955,4014.7
13679,8705055,4014.75
13679,8729740,4014.75
13679,8754194,4014.69
13679,8778890,4014.69
13679,8803968,4014.74
13679,8828864,4014.74
13679,8853662,4014.74
13679,8879133,4014.68
13679,8903446,4014.68
13679,8928150,4014.7
13679,8952730,4014.7
13679,8977767,4014.76
13679,9002271,4014.76
13679,9027026,4014.71
13679,9052190,4014.71
13679,9077463,4014.71
13679,9102501,4014.72
13679,9127707,4014.72
13679,9153048,4014.73
13679,9178646,4014.73
13679,9201309,4014.7
13679,9201527,4014.7
13679,9201856,4014.53
13679,9202144,4014.53
13679,9211537,4014.53
13679,9235626,4014.53
13679,9260680,4014.53
13679,9286413,4014.69
13679,9312249,4014.69
13679,9337944,4014.72
13679,9363145,4014.72
13679,9387898,4014.72
13679,9412844,4014.69
13679,9437624,4014.69
13679,9462270,4014.76
13679,9487081,4014.76
13679,9512316,4014.77
13679,9537281,4014.77
13679,9562240,4014.72
13679,9587117,4014.72
13679,9612013,4014.72
13679,9637731,4014.74
13679,9663077,4014.74
13679,9687707,4014.73
13679,9712683,4014.73
13679,9738143,4014.71
13679,9763864,4014.71
13679,9789558,4014.75
13679,9815382,4014.75
13679,9840122,4014.75
13679,9864458,4014.79
13679,9889427,4014.79
13679,9913858,4014.69
13679,9938312,4014.69
13679,9962747,4014.74
13679,9987170,4014.74
13679,10011751,4014.7
13679,10036226,4014.7
13679,10060581,4014.7
13679,10074942,4014.73
13679,10074942,4014.73
13679,1343672,4014.77
13679,1368744,4014.77
13679,1394046,4014.77
13679,1419210,4014.78
13679,1444364,4014.78
13679,1469693,4014.78
13679,1494685,4014.78
13679,1520080,4014.75
13679,1545121,4014.75
13679,1570145,4014.75
13679,1594604,4014.71
13679,1619335,4014.71
13679,1643951,4014.8
13679,1668605,4014.8
13679,1693046,4014.72
13679,1717502,4014.72
13679,1742343,4014.71
13679,1766987,4014.71
13679,1791909,4014.71
13679,1816674,4014.74
13679,1841374,4014.74
13679,1866481,4014.78
13679,1891369,4014.78
13679,1916268,4014.73
13679,1941509,4014.73
13679,1966431,4014.79
13679,1991697,4014.79
13679,2017144,4014.79
13679,2042262,4014.6
13679,2067457,4014.6
13679,2092525,4014.65
13679,2117600,4014.65
13679,2142419,4014.82
13679,2167222,4014.82
13679,2191975,4014.82
13679,2216936,4014.77
13679,2241772,4014.77
13679,2266853,4014.81
13679,2291510,4014.81
13679,2316016,4014.77
13679,2340876,4014.77
13679,2365838,4014.7
13679,2390582,4014.7
13679,2415342,4014.7
13679,2440356,4014.76
13679,2459126,4014.76
13679,2459384,4014.75
13679,2459670,4014.75
13679,2461241,4014.53
13679,2480396,4014.53
13679,2505797,4014.53
13679,2530890,4014.64
13679,2556139,4014.64
13679,2581300,4014.67
13679,2605880,4014.67
13679,2630724,4014.65
13679,2655727,4014.65
13679,2675116,4014.71
13679,2675410,4014.71
13679,2675691,4014.71
13679,2686795,4014.53
13679,2712520,4014.53
13679,2738519,4014.9
13679,2763993,4014.9
13679,2789373,4014.75
13679,2813908,4014.75
13679,2838289,4014.8
13679,2862906,4014.8
13679,2887550,4014.8
13679,2911967,4014.69
13679,2936406,4014.69
13679,2961513,4014.84
13679,2986841,4014.84
13679,3012174,4014.63
13679,3037001,4014.63
13679,3062155,4014.69
13679,3087199,4014.69
13679,3112043,4014.69
13679,3136508,4014.74
13679,3161509,4014.74
13679,3186758,4014.78
13679,3211700,4014.78
13679,3236342,4014.72
13679,3261002,4014.72
13679,3285725,4014.72
13679,3310543,4014.78
13679,3335634,4014.78
13679,3360608,4014.74
13679,3385612,4014.74
13679,3410778,4014.73
13679,3435729,4014.73
13679,3460742,4014.74
13679,3485766,4014.74
13679,3511376,4014.74
13679,3536687,4014.73
13679,3561578,4014.73
13679,3586645,4014.7
13679,3611854,4014.7
13679,3636828,4014.72
13679,3661945,4014.72
13679,3686759,4014.86
13679,3711568,4014.86
13679,3736656,4014.86
13679,3761641,4014.74
13679,3786456,4014.74
13679,3810900,4014.72
13679,3835408,4014.72
13679,3859872,4014.75
13679,3884796,4014.75
13679,3910041,4014.76
13679,3935057,4014.76
13679,3960411,4014.76
13679,3985727,4014.72
13679,4010952,4014.72
13679,4036176,4014.76
13679,4061085,4014.76
13679,4085793,4014.72
13679,4089996,4014.72
13679,4090226,4014.72
13679,4090531,4014.53
13679,4103771,4014.53
13679,4129270,4014.53
13679,4155013,4014.53
13679,4180448,4014.76
13679,4205791,4014.76
13679,4231041,4014.64
13679,4255982,4014.64
13679,4280795,4014.64
13679,4305381,4014.76
13679,4330418,4014.76
13679,4355271,4014.77
13679,4380141,4014.77
13679,4404966,4014.76
13679,4429751,4014.76
13679,4454238,4014.76
13679,4479319,4014.82
13679,4504028,4014.82
13679,4528880,4014.7
13679,4553826,4014.7
13679,4578667,4014.75
13679,4603626,4014.75
13679,4628201,4014.75
13679,4653013,4014.75
13679,4678047,4014.75
13679,4703068,4014.83
13679,4727763,4014.83
13679,4752608,4014.78
13679,4777697,4014.78
13679,4802663,4014.74
13679,4827478,4014.74
13679,4852053,4014.74
13679,4876642,4014.73
13679,4901864,4014.73
13679,4926828,4014.77
13679,4951388,4014.77
13679,4975959,4014.81
13679,5000408,4014.81
13679,5025084,4014.77
13679,5049310,4014.77
13679,5074153,4014.77
13679,5098869,4014.71
13679,5123283,4014.71
13679,5147740,4014.75
13679,5172299,4014.75
13679,5197607,4014.79
13679,5222490,4014.79
13679,5247582,4014.79
13679,5273048,4014.73
13679,5298731,4014.73
13679,5323990,4014.74
13679,5349477,4014.74
13679,5374598,4014.82
13679,5399510,4014.82
13679,5424735,4014.71
13679,5449909,4014.71
13679,5474627,4014.71
13679,5499104,4014.77
13679,5523378,4014.77
13679,5547967,4014.75
13679,5572443,4014.75
13679,5597272,4014.77
13679,5621988,4014.77
13679,5647196,4014.77
13679,5672275,4014.77
13679,5697591,4014.77
13679,5722664,4014.77
13679,5747330,4014.77
13679,5771854,4014.84
13679,5796193,4014.84
13679,5820824,4014.76
13679,5845318,4014.76
13679,5870046,4014.76
13679,5894734,4014.78
13679,5919447,4014.78
13679,5944327,4014.73
13679,5969183,4014.73
13679,5994344,4014.74
13679,6019305,4014.74
13679,6044255,4014.72
13679,6069177,4014.72
13679,6094478,4014.72
13679,6119656,4014.79
13679,6144526,4014.79
13679,6169561,4014.77
13679,6194511,4014.77
13679,6219131,4014.71
13679,6244067,4014.71
13679,6268904,4014.71
13679,6293096,4014.75
13679,6317673,4014.75
13679,6342357,4014.77
13679,6367282,4014.77
13679,6392393,4014.72
13679,6417784,4014.72
13679,6443109,4014.77
13679,6468708,4014.77
13679,6493950,4014.77
13679,6518654,4014.72
13679,6543464,4014.72
13679,6567640,4014.75
13679,6591707,4014.75
13680,592,4014.53
13680,890,4014.53
13680,1181,4014.53
13680,1471,4014.53
13680,1763,4014.53
13680,2061,4014.53
13680,6946,4014.53
13680,28628,4014.53
13680,52417,4014.53
13680,76376,4014.53
13680,100428,4014.74
13680,124725,4014.74
13680,149137,4014.69
13680,173517,4014.69
13680,197703,4014.7
13680,222295,4014.7
13680,246979,4014.78
13680,271947,4014.78
13680,296770,4014.78
13680,321773,4014.69
13680,346941,4014.69
13680,372011,4014.71
13680,397045,4014.71
13680,422770,4014.72
13680,448058,4014.72
13680,473347,4014.74
13680,498298,4014.74
13680,523079,4014.74
13680,547967,4014.75
13680,572928,4014.75
13680,597434,4014.78
13680,622279,4014.78
13680,646858,4014.68
13680,6591843,4014.71
13680,6616272,4014.78
13680,6641114,4014.78
13680,6665802,4014.69
13680,6690651,4014.69
13680,6715738,4014.69
13680,6740804,4014.74
13680,6765394,4014.74
13680,6790217,4014.75
13680,6814963,4014.75
13680,6839763,4014.68
13680,6864617,4014.68
13680,6889579,4014.68
13680,6914799,4014.73
13680,6939452,4014.73
13680,6964295,4014.79
13680,6988749,4014.79
13680,7013338,4014.74
13680,7037519,4014.74
13680,7062140,4014.79
13680,7086993,4014.79
13680,7111944,4014.79
13680,7137108,4014.74
13680,7162058,4014.74
13680,7186586,4014.72
13680,7211091,4014.72
13680,7235422,4014.72
13680,671555,4014.68
13680,696292,4014.68
13680,720976,4014.74
13680,745801,4014.74
13680,770261,4014.79
13680,794468,4014.79
13680,819217,4014.66
13680,843967,4014.66
13680,868395,4014.78
13680,893262,4014.78
13680,918109,4014.78
13680,943182,4014.75
13680,968634,4014.75
13680,993996,4014.74
13680,1002122,4014.74
13680,1002419,4014.7
13680,1002929,4014.7
13680,1017620,4014.53
13680,1043955,4014.53
13680,1069836,4014.53
13680,1095357,4014.55
13680,1120316,4014.55
13680,1144690,4014.69
13680,1169213,4014.69
13680,1193433,4014.69
13680,1218004,4014.69
13680,1243228,4014.69
13680,1267869,4014.76
13680,1292627,4014.76
13680,1317696,4014.8
13680,7259721,4014.72
13680,7284166,4014.72
13680,7308256,4014.73
13680,7332989,4014.73
13680,7358143,4014.74
13680,7383382,4014.74
13680,7408784,4014.65
13680,7434211,4014.65
13680,7459416,4014.74
13680,7484885,4014.74
13680,7509962,4014.74
13680,7534684,4014.77
13680,7559112,4014.77
13680,7583077,4014.65
13680,7607116,4014.65
13680,7631443,4014.8
13680,7655755,4014.8
13680,7680119,4014.8
13680,7704542,4014.72
13680,7729103,4014.72
13680,7753573,4014.74
13680,7778725,4014.74
13680,7803720,4014.75
13680,7828623,4014.75
13680,7853283,4014.8
13680,7878330,4014.8
13680,7903942,4014.8
13680,7929162,4014.76
13680,7954545,4014.76
13680,7979579,4014.76
13680,8004412,4014.76
13680,8029180,4014.72
13680,8053985,4014.72
13680,8078534,4014.72
13680,8103252,4014.68
13680,8128110,4014.68
13680,8152859,4014.77
13680,8177921,4014.77
13680,8203105,4014.71
13680,8227851,4014.71
13680,8252873,4014.71
13680,8277985,4014.79
13680,8302690,4014.79
13680,8327643,4014.67
13680,8352073,4014.67
13680,8376907,4014.71
13680,8401765,4014.71
13680,8426444,4014.82
13680,8451160,4014.82
13680,8475997,4014.82
13680,8501087,4014.71
13680,8526431,4014.71
13680,8551509,4014.75
13680,8576351,4014.75
13680,8600886,4014.8
13680,8625791,4014.8
13680,8649853,4014.78
13680,8674534,4014.78
13680,8699479,4014.78
13680,8724296,4014.75
13680,8748630,4014.75
13680,8772947,4014.77
13680,8797510,4014.77
13680,8822240,4014.74
13680,8847300,4014.74
13680,8871824,4014.74
13680,8896904,4014.71
13680,8922315,4014.71
13680,8947797,4014.78
13680,8973251,4014.78
13680,8998498,4014.78
13680,9024011,4014.78
13680,9049282,4014.76
13680,9074383,4014.76
13680,9099390,4014.76
13680,9124401,4014.83
13680,9149114,4014.83
13680,9173857,4014.81
13680,9198802,4014.81
13680,9224024,4014.75
13680,9248631,4014.75
13680,9272830,4014.75
13680,9297245,4014.8
13680,9322211,4014.8
13680,9347855,4014.72
13680,9373521,4014.72
13680,9399270,4014.67
13680,9424595,4014.67
13680,9449932,4014.8
13680,9475174,4014.8
13680,9500246,4014.8
13680,9525219,4014.72
13680,9550121,4014.72
13680,9575263,4014.78
13680,9600355,4014.78
13680,9625167,4014.83
13680,9650140,4014.83
13680,9675024,4014.83
13680,9699872,4014.81
13680,9724369,4014.81
13680,9749140,4014.75
13680,9773963,4014.75
13680,9798395,4014.78
13680,9822561,4014.78
13680,9847000,4014.78
13680,9871392,4014.69
13680,9895827,4014.69
13680,9907490,4014.68
13680,1343321,4014.8
13680,1368919,4014.7
13680,1393861,4014.7
13680,1418684,4014.76
13680,1443785,4014.76
13680,1468741,4014.76
13680,1493626,4014.7
13680,1518424,4014.7
13680,1542492,4014.76
13680,1566800,4014.76
13680,1591227,4014.78
13680,1615696,4014.78
13680,1640395,4014.73
13680,1665633,4014.73
13680,1690440,4014.73
13680,1715155,4014.72
13680,1740111,4014.72
13680,1764806,4014.74
13680,1774162,4014.74
13680,1774453,4014.76
13680,1775174,4014.76
13680,1789378,4014.76
13680,1814048,4014.53
13680,1839310,4014.53
13680,1865082,4014.66
13680,1889741,4014.66
13680,1914431,4014.72
13680,1938658,4014.72
13680,1963470,4014.77
13680,1988033,4014.77
13680,2012696,4014.77
13680,2037348,4014.71
13680,2062024,4014.71
13680,2086727,4014.75
13680,2111903,4014.75
13680,2136777,4014.74
13680,2161494,4014.74
13680,2186200,4014.74
13680,2211026,4014.74
13680,2235993,4014.74
13680,2261202,4014.65
13680,2285905,4014.65
13680,2311082,4014.78
13680,2335954,4014.78
13680,2361177,4014.71
13680,2386501,4014.71
13680,2411291,4014.71
13680,2436366,4014.68
13680,2461527,4014.68
13680,2487008,4014.78
13680,2512243,4014.78
13680,2537170,4014.72
13680,2561971,4014.72
13680,2586844,4014.75
13680,2611606,4014.75
13680,2636495,4014.75
13680,2661352,4014.81
13680,2686790,4014.81
13680,2711842,4014.72
13680,2736586,4014.72
13680,2761287,4014.73
13680,2786262,4014.73
13680,2811099,4014.75
13680,2836308,4014.75
13680,2861119,4014.75
13680,2885710,4014.75
13680,2910151,4014.75
13680,2934734,4014.74
13680,2959193,4014.74
13680,2983648,4014.76
13680,3007861,4014.76
13680,3032147,4014.76
13680,3056731,4014.73
13680,3081135,4014.73
13680,3105422,4014.74
13680,3130329,4014.74
13680,3154942,4014.71
13680,3179455,4014.71
13680,3204142,4014.75
13680,3228485,4014.75
13680,3253062,4014.75
13680,3277527,4014.72
13680,3302655,4014.72
13680,3328003,4014.73
13680,3353672,4014.73
13680,3378479,4014.75
13680,3402967,4014.75
13680,3427292,4014.75
13680,3451721,4014.73
13680,3476167,4014.73
13680,3500629,4014.77
13680,3524941,4014.77
13680,3549386,4014.73
13680,3574271,4014.73
13680,3599234,4014.75
13680,3624387,4014.75
13680,3650051,4014.75
13680,3675326,4014.76
13680,3700423,4014.76
13680,3726199,4014.75
13680,3751487,4014.75
13680,3776616,4014.71
13680,3801415,4014.71
13680,3826604,4014.75
13680,3851584,4014.75
13680,3876578,4014.75
13680,3901391,4014.75
13680,3926612,4014.75
13680,3951942,4014.74
13680,3977289,4014.74
13680,4002498,4014.71
13680,4027544,4014.71
13680,4052950,4014.71
13680,4078145,4014.78
13680,4103240,4014.78
13680,4128839,4014.76
13680,4154189,4014.76
13680,4179224,4014.71
13680,4203756,4014.71
13680,4227961,4014.71
13680,4252261,4014.76
13680,4276422,4014.76
13680,4300499,4014.74
13680,4324936,4014.74
13680,4349361,4014.74
13680,4373598,4014.74
13680,4398031,4014.72
13680,4422091,4014.72
13680,4446796,4014.72
13680,4471690,4014.72
13680,4496989,4014.72
13680,4522201,4014.81
13680,4547224,4014.81
13680,4572351,4014.76
13680,4597441,4014.76
13680,4622592,4014.65
13680,4647647,4014.65
13680,4672467,4014.65
13680,4697030,4014.74
13680,4721143,4014.74
13680,4745691,4014.76
13680,4770118,4014.76
13680,4794452,4014.72
13680,4818648,4014.72
13680,4842963,4014.72
13680,4867153,4014.69
13680,4891362,4014.69
13680,4916049,4014.75
13680,4941011,4014.75
13680,4965708,4014.65
13680,4980316,4014.65
13680,4980615,4014.75
13680,4980869,4014.75
13680,4988500,4014.75
13680,5013765,4014.53
13680,5039621,4014.53
13680,5065022,4014.71
13680,5089781,4014.71
13680,5115000,4014.65
13680,5139852,4014.65
13680,5164815,4014.73
13680,5189652,4014.73
13680,5214216,4014.73
13680,5238405,4014.71
13680,5262722,4014.71
13680,5287232,4014.75
13680,5312152,4014.75
13680,5336773,4014.71
13680,5361806,4014.71
13680,5387079,4014.71
13680,5412448,4014.63
13680,5437696,4014.63
13680,5463178,4014.77
13680,5488523,4014.77
13680,5513478,4014.75
13680,5537923,4014.75
13680,5562372,4014.76
13680,5586675,4014.76
13680,5611406,4014.76
13680,5636229,4014.74
13680,5661437,4014.74
13680,5686668,4014.75
13680,5711692,4014.75
13680,5736804,4014.72
13680,5740556,4014.72
13680,5740846,4014.53
13680,5741143,4014.53
13680,5749447,4014.53
13680,5776391,4014.53
13680,5802576,4014.53
13680,5828327,4014.75
13680,5853430,4014.75
13680,5877836,4014.78
13680,5902037,4014.78
13680,5926783,4014.78
13680,5951050,4014.76
13680,5975545,4014.76
13680,6000712,4014.75
13680,6026209,4014.75
13680,6051679,4014.8
13680,6076846,4014.8
13680,6101477,4014.8
13680,6126157,4014.76
13680,6150594,4014.76
13680,6174974,4014.71
13680,6199254,4014.71
13680,6223516,4014.73
13680,6248012,4014.73
13680,6272466,4014.74
13680,6296718,4014.74
13680,6321306,4014.74
13680,6345686,4014.76
13680,6370331,4014.76
13680,6395363,4014.75
13680,6420171,4014.75
13680,6444892,4014.76
13680,6469702,4014.76
13680,6493987,4014.76
13680,6518226,4014.73
13680,6542943,4014.73
13680,6567376,4014.71
13681,55245,4014.83
13681,79725,4014.79
13681,104448,4014.79
13681,129293,4014.75
13681,153830,4014.75
13681,178769,4014.75
13681,203292,4014.76
13681,227833,4014.76
13681,252271,4014.73
13681,276758,4014.73
13681,301539,4014.76
13681,326624,4014.76
13681,351606,4014.77
13681,377216,4014.77
13681,402083,4014.77
13681,426977,4014.78
13681,451448,4014.78
13681,475752,4014.69
13681,500246,4014.69
13681,525160,4014.86
13681,550533,4014.86
13681,575366,4014.86
13681,600576,4014.63
13681,625632,4014.63
13681,650858,4014.72
13681,6585963,4014.73
13681,6610573,4014.7
13681,6635212,4014.7
13681,6659754,4014.75
13681,6683960,4014.75
13681,6708258,4014.8
13681,6732446,4014.8
13681,6756897,4014.8
13681,6781221,4014.68
13681,6805268,4014.68
13681,6829848,4014.71
13681,6853942,4014.71
13681,6878850,4014.78
13681,6903992,4014.78
13681,6929137,4014.78
13681,6954228,4014.75
13681,6979356,4014.75
13681,7004432,4014.75
13681,7029814,4014.75
13681,7054950,4014.8
13681,7079395,4014.8
13681,7104009,4014.74
13681,7128503,4014.74
13681,7153405,4014.74
13681,7178057,4014.72
13681,7202625,4014.72
13681,7227669,4014.7
13681,675564,4014.72
13681,700529,4014.73
13681,725524,4014.73
13681,750267,4014.79
13681,774822,4014.79
13681,799454,4014.79
13681,824158,4014.77
13681,849253,4014.77
13681,873949,4014.82
13681,899034,4014.82
13681,923921,4014.75
13681,949039,4014.75
13681,974152,4014.75
13681,999555,4014.8
13681,1024414,4014.8
13681,1049438,4014.83
13681,1074793,4014.83
13681,1099892,4014.73
13681,1125117,4014.73
13681,1150331,4014.73
13681,1175451,4014.74
13681,1200871,4014.74
13681,1226207,4014.78
13681,1251152,4014.78
13681,1276134,4014.74
13681,1300448,4014.74
13681,7252553,4014.7
13681,7277122,4014.85
13681,7302187,4014.85
13681,7327313,4014.85
13681,7352564,4014.68
13681,7377792,4014.68
13681,7403138,4014.76
13681,7427940,4014.76
13681,7452460,4014.66
13681,7476800,4014.66
13681,7501612,4014.7
13681,7526160,4014.7
13681,7551650,4014.7
13681,7576725,4014.77
13681,7601688,4014.77
13681,7626817,4014.73
13681,7652202,4014.73
13681,7677349,4014.79
13681,7702648,4014.79
13681,7727657,4014.79
13681,7752221,4014.75
13681,7776931,4014.75
13681,7801910,4014.74
13681,7826710,4014.74
13681,7851626,4014.76
13681,7876784,4014.76
13681,7902254,4014.76
13681,7926965,4014.76
13681,7951796,4014.76
13681,7976343,4014.68
13681,8000895,4014.68
13681,8025496,4014.79
13681,8050166,4014.79
13681,8074962,4014.69
13681,8099742,4014.69
13681,8124216,4014.69
13681,8148648,4014.73
13681,8173009,4014.73
13681,8197024,4014.72
13681,8220839,4014.72
13681,8245299,4014.78
13681,8269879,4014.78
13681,8294957,4014.78
13681,8319667,4014.83
13681,8344362,4014.83
13681,8369128,4014.7
13681,8393890,4014.7
13681,8418725,4014.73
13681,8443432,4014.73
13681,8467998,4014.69
13681,8492852,4014.69
13681,8517368,4014.69
13681,8541746,4014.71
13681,8566041,4014.71
13681,8590372,4014.71
13681,8614574,4014.71
13681,8638669,4014.8
13681,8663598,4014.8
13681,8688925,4014.8
13681,8714530,4014.7
13681,8739880,4014.7
13681,8765357,4014.77
13681,8790627,4014.77
13681,8816291,4014.67
13681,8841535,4014.67
13681,8866718,4014.75
13681,8892184,4014.75
13681,8917307,4014.75
13681,8942199,4014.78
13681,8966679,4014.78
13681,8991151,4014.73
13681,9015580,4014.73
13681,9039687,4014.84
13681,9064115,4014.84
13681,9088694,4014.84
13681,9113904,4014.7
13681,9139148,4014.7
13681,9165001,4014.79
13681,9190447,4014.79
13681,9216051,4014.72
13681,9241013,4014.72
13681,9265456,4014.72
13681,9289778,4014.71
13681,9313760,4014.71
13681,9338055,4014.69
13681,9362688,4014.69
13681,9387328,4014.68
13681,9411868,4014.68
13681,9436326,4014.73
13681,9460857,4014.73
13681,9485872,4014.73
13681,9510513,4014.73
13681,9535020,4014.73
13681,9559968,4014.72
13681,9584818,4014.72
13681,9609644,4014.68
13681,9634318,4014.68
13681,9659022,4014.69
13681,9683486,4014.69
13681,9707803,4014.69
13681,9732400,4014.72
13681,9756335,4014.72
13681,9780397,4014.77
13681,9804459,4014.77
13681,9828608,4014.64
13681,9853295,4014.64
13681,9878449,4014.64
13681,9903383,4014.72
13681,9928441,4014.72
13681,9953288,4014.75
13681,9978036,4014.75
13681,10002687,4014.74
13681,10027397,4014.74
13681,10051612,4014.74
13681,10076308,4014.74
13681,10101403,4014.74
13681,10126389,4014.72
13681,10151434,4014.72
13681,10176948,4014.74
13681,10202236,4014.74
13681,10227226,4014.72
13681,10251897,4014.72
13681,10276964,4014.72
13681,10302490,4014.74
13681,10327747,4014.74
13681,10353043,4014.7
13681,10377932,4014.7
13681,10402224,4014.72
13681,10427049,4014.72
13681,10451627,4014.72
13681,10476428,4014.75
13681,10501168,4014.75
13681,10526123,4014.74
13681,10551715,4014.74
13681,10577064,4014.79
13681,10602391,4014.79
13681,10627340,4014.78
13681,10652087,4014.78
13681,10676343,4014.78
13681,10700907,4014.74
13681,10725790,4014.74
13681,10750501,4014.72
13681,10774751,4014.72
13681,10799146,4014.74
13681,10824303,4014.74
13681,10849321,4014.76
13681,10874327,4014.76
13681,10899753,4014.76
13681,10924809,4014.77
13681,10949555,4014.77
13681,10974511,4014.73
13681,10999151,4014.73
13681,11024041,4014.68
13681,11048433,4014.68
13681,11073076,4014.68
13681,11097505,4014.73
13681,11122060,4014.73
13681,11146631,4014.76
13681,11170977,4014.76
13681,11195304,4014.8
13681,11219767,4014.8
13681,11244423,4014.8
13681,11269262,4014.7
13681,11293983,4014.7
13681,11318326,4014.71
13681,11342626,4014.71
13681,11367229,4014.75
13681,11391406,4014.75
13681,11415708,4014.67
13681,11440177,4014.67
13681,11464952,4014.67
13681,11489743,4014.75
13681,11514668,4014.75
13681,11539688,4014.76
13681,11564282,4014.76
13681,11588826,4014.76
13681,11613580,4014.76
13681,11638585,4014.76
13681,11652085,4014.72
13681,11652446,4014.72
13681,11652737,4014.53
13681,11652885,4014.53
13681,11653183,4014.53
13681,11653480,4014.53
13681,11653829,4014.53
13681,11654133,4014.53
13681,11654360,4014.53
13681,11654643,4014.53
13681,11654995,4014.53
13681,11655282,4014.53
13681,11655282,4014.53
13681,1324782,4014.73
13681,1349506,4014.73
13681,1374203,4014.73
13681,1398894,4014.77
13681,1423455,4014.77
13681,1448421,4014.63
13681,1473647,4014.63
13681,1497646,4014.82
13681,1522144,4014.82
13681,1546696,4014.82
13681,1571425,4014.74
13681,1596133,4014.74
13681,1620790,4014.73
13681,1645406,4014.73
13681,1669875,4014.75
13681,1694302,4014.75
13681,1719023,4014.76
13681,1743722,4014.76
13681,1768560,4014.76
13681,1793557,4014.74
13681,1818204,4014.74
13681,1843068,4014.76
13681,1868386,4014.76
13681,1893756,4014.76
13681,1918647,4014.76
13681,1943689,4014.74
13681,1968084,4014.74
13681,1992551,4014.74
13681,2016494,4014.77
13681,2040958,4014.77
13681,2065268,4014.81
13681,2089808,4014.81
13681,2114432,4014.76
13681,2139382,4014.76
13681,2164420,4014.76
13681,2189275,4014.75
13681,2214055,4014.75
13681,2238460,4014.78
13681,2263418,4014.78
13681,2288298,4014.75
13681,2313329,4014.75
13681,2338075,4014.74
13681,2362870,4014.74
13681,2387667,4014.74
13681,2412642,4014.72
13681,2437627,4014.72
13681,2462076,4014.71
13681,2486478,4014.71
13681,2511197,4014.82
13681,2536013,4014.82
13681,2560711,4014.82
13681,2585172,4014.72
13681,2609634,4014.72
13681,2634344,4014.8
13681,2659531,4014.8
13681,2684394,4014.85
13681,2709764,4014.85
13681,2735201,4014.8
13681,2760563,4014.8
13681,2785405,4014.8
13681,2810550,4014.71
13681,2835953,4014.71
13681,2860905,4014.79
13681,2885361,4014.79
13681,2910098,4014.73
13681,2934508,4014.73
13681,2958989,4014.73
13681,2983413,4014.73
13681,3007970,4014.73
13681,3032571,4014.7
13681,3057565,4014.7
13681,3082648,4014.7
13681,3107419,4014.7
13681,3132470,4014.7
13681,3158016,4014.77
13681,3183375,4014.77
13681,3208637,4014.7
13681,3234031,4014.7
13681,3259235,4014.72
13681,3284295,4014.72
13681,3309170,4014.73
13681,3334645,4014.73
13681,3359590,4014.73
13681,3385082,4014.72
13681,3410160,4014.72
13681,3434527,4014.73
13681,3458958,4014.73
13681,3483127,4014.78
13681,3507560,4014.78
13681,3532031,4014.75
13681,3556118,4014.75
13681,3581169,4014.75
13681,3605975,4014.75
13681,3631096,4014.75
13681,3656155,4014.76
13681,3680762,4014.76
13681,3705465,4014.86
13681,3730536,4014.86
13681,3755612,4014.86
13681,3780816,4014.71
13681,3805926,4014.71
13681,3831206,4014.73
13681,3856491,4014.73
13681,3881623,4014.82
13681,3906844,4014.82
13681,3932185,4014.82
13681,3956587,4014.81
13681,3981040,4014.81
13681,4005350,4014.79
13681,4030382,4014.79
13681,4055292,4014.7
13681,4080497,4014.7
13681,4105210,4014.7
13681,4130506,4014.73
13681,4155758,4014.73
13681,4180849,4014.72
13681,4205998,4014.72
13681,4230731,4014.74
13681,4255198,4014.74
13681,4279931,4014.79
13681,4304493,4014.79
13681,4328953,4014.79
13681,4353300,4014.77
13681,4378060,4014.77
13681,4402385,4014.68
13681,4426876,4014.68
13681,4451253,4014.79
13681,4476070,4014.79
13681,4500713,4014.79
13681,4525688,4014.73
13681,4550631,4014.73
13681,4575869,4014.86
13681,4600574,4014.86
13681,4624763,4014.73
13681,4649489,4014.73
13681,4673765,4014.72
13681,4697963,4014.72
13681,4722131,4014.72
13681,4746511,4014.65
13681,4770930,4014.65
13681,4795341,4014.71
13681,4820109,4014.71
13681,4845115,4014.7
13681,4870258,4014.7
13681,4895169,4014.7
13681,4920889,4014.74
13681,4946295,4014.74
13681,4971379,4014.72
13681,4995572,4014.72
13681,5019622,4014.75
13681,5043904,4014.75
13681,5067875,4014.75
13681,5092320,4014.75
13681,5116896,4014.75
13681,5141464,4014.76
13681,5166656,4014.76
13681,5192296,4014.73
13681,5218290,4014.73
13681,5243905,4014.82
13681,5268830,4014.82
13681,5293024,4014.82
13681,5317139,4014.75
13681,5341292,4014.75
13681,5365193,4014.76
13681,5389418,4014.76
13681,5413742,4014.74
13681,5437667,4014.74
13681,5462141,4014.74
13681,5486310,4014.71
13681,5511270,4014.71
13681,5535983,4014.69
13681,5560933,4014.69
13681,5585518,4014.74
13681,5610466,4014.74
13681,5635181,4014.74
13681,5660106,4014.72
13681,5684871,4014.72
13681,5709802,4014.8
13681,5734514,4014.8
13681,5759185,4014.77
13681,5783840,4014.77
13681,5808815,4014.71
13681,5834054,4014.71
13681,5858769,4014.71
13681,5883477,4014.75
13681,5908196,4014.75
13681,5932557,4014.74
13681,5957315,4014.74
13681,5982339,4014.8
13681,6007008,4014.8
13681,6031849,4014.8
13681,6057101,4014.71
13681,6082278,4014.71
13681,6107481,4014.79
13681,6132490,4014.79
13681,6157949,4014.73
13681,6182732,4014.73
13681,6207841,4014.66
13681,6232769,4014.66
13681,6257650,4014.66
13681,6282206,4014.68
13681,6306746,4014.68
13681,6331677,4014.75
13681,6356454,4014.75
13681,6381431,4014.75
13681,6406061,4014.75
13681,6430896,4014.75
13681,6455807,4014.81
13681,6480480,4014.81
13681,6503282,4014.82
13681,6503594,4014.82
13681,6503893,4014.53
13681,6509357,4014.53
13681,6534538,4014.53
13681,6560738,4014.73
13682,612,4014.53
13682,909,4014.53
13682,1255,4014.53
13682,1483,4014.53
13682,1841,4014.53
13682,2059,4014.53
13682,3370,4014.53
13682,18898,4014.53
13682,41275,4014.53
13682,65055,4014.63
13682,88941,4014.63
13682,112813,4014.63
13682,136505,4014.75
13682,160447,4014.75
13682,184108,4014.73
13682,208160,4014.73
13682,231999,4014.77
13682,256036,4014.77
13682,279935,4014.74
13682,303671,4014.74
13682,327901,4014.74
13682,352225,4014.75
13682,376615,4014.75
13682,401127,4014.76
13682,425441,4014.76
13682,450201,4014.75
13682,474500,4014.75
13682,499309,4014.75
13682,524048,4014.75
13682,548510,4014.75
13682,573224,4014.72
13682,597429,4014.72
13682,621719,4014.76
13682,646121,4014.76
13682,670634,4014.7
13682,684522,4014.7
13684,56513,4014.73
13684,81686,4014.73
13684,106172,4014.73
13684,131427,4014.65
13684,156548,4014.65
13684,181115,4014.75
13684,205549,4014.75
13684,230245,4014.67
13684,254733,4014.67
13684,279407,4014.74
13684,304028,4014.74
13684,328157,4014.74
13684,352756,4014.66
13684,377116,4014.66
13684,401755,4014.77
13684,426078,4014.77
13684,450832,4014.72
13684,475746,4014.72
13684,500610,4014.72
13684,525776,4014.68
13684,551037,4014.68
13684,576623,4014.71
13684,601962,4014.71
13684,626763,4014.74
13684,651689,4014.74
13684,6601638,4014.61
13684,6626454,4014.61
13684,6651195,4014.69
13684,6675710,4014.69
13684,6700185,4014.7
13684,6724869,4014.7
13684,6749616,4014.69
13684,6774977,4014.69
13684,6800211,4014.69
13684,6825063,4014.75
13684,6850462,4014.75
13684,6875791,4014.69
13684,6900160,4014.69
13684,6924292,4014.75
13684,6948621,4014.75
13684,6973370,4014.69
13684,6997969,4014.69
13684,7022706,4014.69
13684,7047066,4014.69
13684,7071508,4014.69
13684,7096099,4014.66
13684,7120726,4014.66
13684,7144848,4014.72
13684,7169417,4014.72
13684,7193985,4014.72
13684,7218707,4014.7
13684,7243675,4014.7
13684,675590,4014.74
13684,699652,4014.71
13684,723818,4014.71
13684,748266,4014.69
13684,772470,4014.69
13684,797191,4014.75
13684,821674,4014.75
13684,846317,4014.75
13684,871449,4014.74
13684,897122,4014.74
13684,922354,4014.71
13684,947110,4014.71
13684,971842,4014.77
13684,996456,4014.77
13684,1020898,4014.69
13684,1045117,4014.69
13684,1069039,4014.69
13684,1093079,4014.72
13684,1117435,4014.72
13684,1142275,4014.65
13684,1167741,4014.65
13684,1193266,4014.72
13684,1218555,4014.72
13684,1243824,4014.72
13684,1268879,4014.74
13684,1293555,4014.74
13684,7267575,4014.69
13684,7292400,4014.69
13684,7316839,4014.8
13684,7341199,4014.8
13684,7366018,4014.63
13684,7390508,4014.63
13684,7415531,4014.63
13684,7440565,4014.69
13684,7465795,4014.69
13684,7490540,4014.69
13684,7515622,4014.69
13684,7540398,4014.69
13684,7565004,4014.69
13684,7589642,4014.69
13684,7614265,4014.69
13684,7638874,4014.69
13684,7663370,4014.74
13684,7688141,4014.74
13684,7713298,4014.67
13684,7738042,4014.67
13684,7762561,4014.73
13684,7787277,4014.73
13684,7812074,4014.76
13684,7836969,4014.76
13684,7861471,4014.76
13684,7886130,4014.68
13684,7910783,4014.68
13684,7935491,4014.7
13684,7960315,4014.7
13684,7985040,4014.74
13684,8009858,4014.74
13684,8034296,4014.74
13684,8059335,4014.7
13684,8084353,4014.7
13684,8109091,4014.73
13684,8133519,4014.73
13684,8158349,4014.74
13684,8183207,4014.74
13684,8208002,4014.74
13684,8232963,4014.74
13684,8257993,4014.74
13684,8282640,4014.67
13684,8306957,4014.67
13684,8331706,4014.72
13684,8356572,4014.72
13684,8381301,4014.72
13684,8405910,4014.71
13684,8430554,4014.71
13684,8454572,4014.65
13684,8479099,4014.65
13684,8503798,4014.68
13684,8528399,4014.68
13684,8552452,4014.68
13684,8576884,4014.68
13684,8601439,4014.68
13684,8625935,4014.65
13684,8650612,4014.65
13684,8675336,4014.73
13684,8700171,4014.73
13684,8725137,4014.78
13684,8749707,4014.78
13684,8774415,4014.7
13684,8799333,4014.7
13684,8824034,4014.7
13684,8848507,4014.7
13684,8873108,4014.7
13684,8897901,4014.71
13684,8922612,4014.71
13684,8947607,4014.67
13684,8972369,4014.67
13684,8996990,4014.73
13684,9021628,4014.73
13684,9046423,4014.73
13684,9070798,4014.71
13684,9094929,4014.71
13684,9118857,4014.65
13684,9143405,4014.65
13684,9168167,4014.7
13684,9193103,4014.7
13684,9218086,4014.7
13684,9243422,4014.67
13684,9268102,4014.67
13684,9292665,4014.73
13684,9317257,4014.73
13684,9341635,4014.71
13684,9366178,4014.71
13684,9391082,4014.66
13684,9416009,4014.66
13684,9441079,4014.66
13684,9466016,4014.68
13684,9491062,4014.68
13684,9515696,4014.77
13684,9540317,4014.77
13684,9565584,4014.78
13684,9590234,4014.78
13684,9615037,4014.73
13684,9640191,4014.73
13684,9665155,4014.73
13684,9690150,4014.67
13684,9715118,4014.67
13684,9739871,4014.8
13684,9763789,4014.8
13684,9787891,4014.73
13684,9811973,4014.73
13684,9836175,4014.73
13684,9861269,4014.73
13684,9886080,4014.73
13684,9910946,4014.67
13684,9935785,4014.67
13684,9960570,4014.71
13684,9979931,4014.71
13684,9980179,4014.65
13684,9980492,4014.65
13684,9980782,4014.65
13684,9981123,4014.53
13684,9981345,4014.53
13684,9981664,4014.53
13684,9981997,4014.53
13684,9982288,4014.53
13684,9982587,4014.53
13684,9982877,4014.53
13684,9983168,4014.53
13684,9983443,4014.53
13684,9983740,4014.53
13684,9984669,4014.53
13684,10001766,4014.53
13684,10026322,4014.53
13684,10051082,4014.69
13684,10075328,4014.69
13684,10099693,4014.69
13684,10124514,4014.75
13684,10149306,4014.75
13684,10173672,4014.72
13684,10198335,4014.72
13684,10223082,4014.7
13684,10247663,4014.7
13684,10272031,4014.74
13684,10296428,4014.74
13684,10321249,4014.74
13684,10345645,4014.74
13684,10370556,4014.74
13684,10394996,4014.68
13684,10419051,4014.68
13684,10443413,4014.75
13684,10467829,4014.75
13684,10491973,4014.75
13684,10516208,4014.74
13684,10540510,4014.74
13684,10564715,4014.78
13684,10589433,4014.78
13684,10613960,4014.69
13684,10638186,4014.69
13684,10662614,4014.72
13684,10687101,4014.72
13684,10712055,4014.72
13684,10737076,4014.63
13684,10761984,4014.63
13684,10786946,4014.74
13684,10811535,4014.74
13684,10835567,4014.7
13684,10859759,4014.7
13684,10884336,4014.7
13684,10908984,4014.67
13684,10933391,4014.67
13684,10957790,4014.68
13684,10982108,4014.68
13684,11006700,4014.67
13684,11031786,4014.67
13684,11056957,4014.73
13684,11082053,4014.73
13684,11107014,4014.73
13684,11132127,4014.64
13684,11157364,4014.64
13684,11182812,4014.82
13684,11207917,4014.82
13684,11233094,4014.68
13684,11258206,4014.68
13684,11282766,4014.68
13684,11307310,4014.68
13684,11331469,4014.68
13684,11355721,4014.79
13684,11380483,4014.79
13684,11405406,4014.64
13684,11430635,4014.64
13684,11455821,4014.68
13684,11481114,4014.68
13684,11506285,4014.68
13684,11530940,4014.64
13684,11555298,4014.64
13684,11579357,4014.73
13684,11603759,4014.73
13684,11628366,4014.68
13684,11653353,4014.68
13684,11678439,4014.69
13684,11703489,4014.69
13684,11728484,4014.69
13684,11753182,4014.67
13684,11777630,4014.67
13684,11802546,4014.69
13684,11826913,4014.69
13684,11851765,4014.76
13684,11876480,4014.76
13684,11901147,4014.61
13684,11925673,4014.61
13684,11950402,4014.61
13684,11975377,4014.67
13684,12000584,4014.67
13684,12025286,4014.68
13684,12050161,4014.68
13684,12075700,4014.73
13684,12101096,4014.73
13684,12126179,4014.78
13684,12150963,4014.78
13684,12175594,4014.78
13684,12177403,4014.73
13684,1318528,4014.7
13684,1343412,4014.7
13684,1368242,4014.77
13684,1393318,4014.77
13684,1417575,4014.67
13684,1441862,4014.67
13684,1466277,4014.67
13684,1490985,4014.71
13684,1515404,4014.71
13684,1540241,4014.77
13684,1565734,4014.77
13684,1590853,4014.73
13684,1615783,4014.73
13684,1640839,4014.71
13684,1666034,4014.71
13684,1690626,4014.71
13684,1714915,4014.68
13684,1739770,4014.68
13684,1764325,4014.71
13684,1789171,4014.71
13684,1813838,4014.64
13684,1838836,4014.64
13684,1863416,4014.72
13684,1887994,4014.72
13684,1912805,4014.72
13684,1937655,4014.68
13684,1962606,4014.68
13684,1987318,4014.73
13684,2011743,4014.73
13684,2035945,4014.71
13684,2060828,4014.71
13684,2085355,4014.71
13684,2109924,4014.67
13684,2134897,4014.67
13684,2159844,4014.67
13684,2184887,4014.67
13684,2209549,4014.71
13684,2234497,4014.71
13684,2259379,4014.71
13684,2284622,4014.78
13684,2309722,4014.78
13684,2335074,4014.73
13684,2359809,4014.73
13684,2384880,4014.72
13684,2409729,4014.72
13684,2434400,4014.71
13684,2458960,4014.71
13684,2483449,4014.71
13684,2508404,4014.68
13684,2533217,4014.68
13684,2557797,4014.6
13684,2582242,4014.6
13684,2601861,4014.7
13684,2602141,4014.7
13684,2602431,4014.7
13684,2605314,4014.53
13684,2626324,4014.53
13684,2652298,4014.71
13684,2677769,4014.71
13684,2702700,4014.68
13684,2727933,4014.68
13684,2752665,4014.68
13684,2777324,4014.74
13684,2801939,4014.74
13684,2826518,4014.78
13684,2850943,4014.78
13684,2875267,4014.77
13684,2899437,4014.77
13684,2923912,4014.67
13684,2948711,4014.67
13684,2973960,4014.67
13684,2999126,4014.59
13684,3024006,4014.59
13684,3048544,4014.74
13684,3073051,4014.74
13684,3097757,4014.73
13684,3122477,4014.73
13684,3147265,4014.72
13684,3171906,4014.72
13684,3196379,4014.72
13684,3221223,4014.7
13684,3246057,4014.7
13684,3270850,4014.67
13684,3295507,4014.67
13684,3320646,4014.61
13684,3345077,4014.61
13684,3369604,4014.72
13684,3394609,4014.72
13684,3419672,4014.72
13684,3444787,4014.71
13684,3469451,4014.71
13684,3494646,4014.61
13684,3519713,4014.61
13684,3543965,4014.72
13684,3568780,4014.72
13684,3593129,4014.72
13684,3617451,4014.57
13684,3642477,4014.57
13684,3667233,4014.7
13684,3691531,4014.7
13684,3700090,4014.71
13684,3700401,4014.71
13684,3700629,4014.53
13684,3700907,4014.53
13684,3701262,4014.53
13684,3701559,4014.53
13684,3713714,4014.53
13684,3737727,4014.53
13684,3762665,4014.53
13684,3787148,4014.68
13684,3811648,4014.68
13684,3835737,4014.68
13684,3859774,4014.73
13684,3883823,4014.73
13684,3908292,4014.68
13684,3932986,4014.68
13684,3957398,4014.73
13684,3982235,4014.73
13684,3990711,4014.69
13684,3991016,4014.69
13684,3991397,4014.69
13684,4003202,4014.53
13684,4027553,4014.53
13684,4052591,4014.74
13684,4078222,4014.74
13684,4103293,4014.64
13684,4128114,4014.64
13684,4152440,4014.7
13684,4176895,4014.7
13684,4201532,4014.7
13684,4226032,4014.7
13684,4250682,4014.7
13684,4275323,4014.67
13684,4300278,4014.67
13684,4324836,4014.66
13684,4349810,4014.66
13684,4374353,4014.66
13684,4398950,4014.66
13684,4423541,4014.66
13684,4448246,4014.74
13684,4472726,4014.74
13684,4497374,4014.7
13684,4522330,4014.7
13684,4547572,4014.67
13684,4572710,4014.67
13684,4598019,4014.67
13684,4623218,4014.64
13684,4648205,4014.64
13684,4672781,4014.76
13684,4697712,4014.76
13684,4722296,4014.71
13684,4747263,4014.71
13684,4771706,4014.71
13684,4796251,4014.65
13684,4820741,4014.65
13684,4845285,4014.7
13684,4870246,4014.7
13684,4895090,4014.78
13684,4919561,4014.78
13684,4944052,4014.73
13684,4968662,4014.73
13684,4993521,4014.73
13684,5018234,4014.68
13684,5042761,4014.68
13684,5067379,4014.67
13684,5091620,4014.67
13684,5116306,4014.65
13684,5141120,4014.65
13684,5166086,4014.72
13684,5191076,4014.72
13684,5215863,4014.72
13684,5240201,4014.7
13684,5264759,4014.7
13684,5289435,4014.81
13684,5314031,4014.81
13684,5338629,4014.73
13684,5362901,4014.73
13684,5375252,4014.76
13684,5375579,4014.76
13684,5375856,4014.76
13684,5376101,4014.53
13684,5376381,4014.53
13684,5376691,4014.53
13684,5376976,4014.53
13684,5377268,4014.53
13684,5377560,4014.53
13684,5377852,4014.53
13684,5381006,4014.53
13684,5401119,4014.53
13684,5425115,4014.52
13684,5449950,4014.52
13684,5475194,4014.63
13684,5500085,4014.63
13684,5524993,4014.73
13684,5549667,4014.73
13684,5573976,4014.73
13684,5598033,4014.74
13684,5621861,4014.74
13684,5645964,4014.63
13684,5670655,4014.63
13684,5695584,4014.73
13684,5720278,4014.73
13684,5744681,4014.74
13684,5769607,4014.74
13684,5794314,4014.74
13684,5819228,4014.73
13684,5843511,4014.73
13684,5868418,4014.74
13684,5893129,4014.74
13684,5917449,4014.72
13684,5941788,4014.72
13684,5965788,4014.72
13684,5990666,4014.77
13684,6015253,4014.77
13684,6040121,4014.83
13684,6064630,4014.83
13684,6088965,4014.68
13684,6113521,4014.68
13684,6138261,4014.71
13684,6163120,4014.71
13684,6187655,4014.71
13684,6212099,4014.73
13684,6236025,4014.73
13684,6259978,4014.71
13684,6284225,4014.71
13684,6308277,4014.69
13684,6332676,4014.69
13684,6356863,4014.73
13684,6381587,4014.73
13684,6406788,4014.73
13684,6431600,4014.76
13684,6456198,4014.76
13684,6480590,4014.66
13684,6504318,4014.66
13684,6528382,4014.81
13684,6552477,4014.81
13684,6577214,4014.81
13685,59494,4014.7
13685,84447,4014.77
13685,108656,4014.77
13685,133472,4014.66
13685,158259,4014.66
13685,183291,4014.7
13685,208230,4014.7
13685,233550,4014.71
13685,258888,4014.71
13685,284284,4014.71
13685,309314,4014.69
13685,333809,4014.69
13685,358051,4014.71
13685,382398,4014.71
13685,406816,4014.71
13685,431473,4014.71
13685,456107,4014.69
13685,480949,4014.69
13685,505385,4014.69
13685,530171,4014.68
13685,554735,4014.68
13685,579605,4014.65
13685,604915,4014.65
13685,629885,4014.74
13685,655072,4014.74
13685,6616472,4014.75
13685,6641933,4014.75
13685,6667181,4014.76
13685,6692093,4014.76
13685,6717015,4014.63
13685,6741885,4014.63
13685,6766878,4014.63
13685,6791114,4014.56
13685,6815688,4014.56
13685,6840368,4014.68
13685,6864689,4014.68
13685,6888603,4014.66
13685,6901391,4014.66
13685,6901698,4014.66
13685,6901977,4014.68
13685,6915170,4014.68
13685,6940228,4014.53
13685,6965917,4014.53
13685,6991510,4014.66
13685,7016734,4014.66
13685,7042078,4014.61
13685,7067070,4014.61
13685,7091999,4014.61
13685,7117105,4014.71
13685,7142291,4014.71
13685,7167392,4014.73
13685,7192298,4014.73
13685,7216929,4014.69
13685,7241763,4014.69
13685,680044,4014.74
13685,704467,4014.72
13685,729316,4014.72
13685,754341,4014.64
13685,778966,4014.64
13685,803960,4014.74
13685,829124,4014.74
13685,854520,4014.74
13685,879841,4014.74
13685,904945,4014.74
13685,929849,4014.67
13685,944859,4014.67
13685,945158,4014.65
13685,945479,4014.65
13685,945749,4014.53
13685,946023,4014.53
13685,946314,4014.53
13685,946597,4014.53
13685,946844,4014.53
13685,947131,4014.53
13685,947487,4014.53
13685,947783,4014.53
13685,948057,4014.53
13685,948307,4014.53
13685,948607,4014.53
13685,948944,4014.53
13685,949187,4014.53
13685,949477,4014.53
13685,949768,4014.53
13685,950118,4014.53
13685,950354,4014.53
13685,950621,4014.53
13685,951003,4014.53
13685,951273,4014.53
13685,951503,4014.53
13685,951871,4014.53
13685,952151,4014.53
13685,952397,4014.53
13685,952685,4014.53
13685,952963,4014.53
13685,955613,4014.53
13685,972777,4014.53
13685,996054,4014.53
13685,1019855,4014.53
13685,1043777,4014.79
13685,1068156,4014.79
13685,1092648,4014.74
13685,1117073,4014.74
13685,1141558,4014.68
13685,1166048,4014.68
13685,1191140,4014.68
13685,1216128,4014.72
13685,1241181,4014.72
13685,1266545,4014.72
13685,1291482,4014.72
13685,1316027,4014.73
13685,7266535,4014.69
13685,7291187,4014.77
13685,7315247,4014.77
13685,7339678,4014.64
13685,7363876,4014.64
13685,7388467,4014.71
13685,7413143,4014.71
13685,7438019,4014.67
13685,7462695,4014.67
13685,7487584,4014.67
13685,7512791,4014.65
13685,7538226,4014.65
13685,7563948,4014.72
13685,7589651,4014.72
13685,7615074,4014.71
13685,7639722,4014.71
13685,7664441,4014.71
13685,7689225,4014.67
13685,7714074,4014.67
13685,7739041,4014.7
13685,7764137,4014.7
13685,7789107,4014.71
13685,7814371,4014.71
13685,7839224,4014.67
13685,7864145,4014.67
13685,7889180,4014.67
13685,7913883,4014.66
13685,7938329,4014.66
13685,7963054,4014.67
13685,7987242,4014.67
13685,8011751,4014.78
13685,8036227,4014.78
13685,8061083,4014.78
13685,8086245,4014.62
13685,8111092,4014.62
13685,8136083,4014.7
13685,8161436,4014.7
13685,8186668,4014.75
13685,8211362,4014.75
13685,8236472,4014.67
13685,8261293,4014.67
13685,8286326,4014.67
13685,8311223,4014.69
13685,8336143,4014.69
13685,8360732,4014.7
13685,8386023,4014.7
13685,8410932,4014.7
13685,8435848,4014.7
13685,8460837,4014.7
13685,8485834,4014.69
13685,8510862,4014.69
13685,8535440,4014.72
13685,8560030,4014.72
13685,8585128,4014.64
13685,8610089,4014.64
13685,8635033,4014.64
13685,8659975,4014.72
13685,8685098,4014.72
13685,8710087,4014.74
13685,8735012,4014.74
13685,8760235,4014.78
13685,8785040,4014.78
13685,8809965,4014.71
13685,8835352,4014.71
13685,8859825,4014.71
13685,8884399,4014.73
13685,8909073,4014.73
13685,8933686,4014.71
13685,8958233,4014.71
13685,8983201,4014.67
13685,9008533,4014.67
13685,9033624,4014.67
13685,9058530,4014.89
13685,9083434,4014.89
13685,9108272,4014.67
13685,9133596,4014.67
13685,9158702,4014.75
13685,9183644,4014.75
13685,9208478,4014.68
13685,9233444,4014.68
13685,9258328,4014.68
13685,9282927,4014.64
13685,9308451,4014.64
13685,9333652,4014.75
13685,9358943,4014.75
13685,9384095,4014.72
13685,9409144,4014.72
13685,9434212,4014.72
13685,9459438,4014.72
13685,9484821,4014.72
13685,9509421,4014.68
13685,9534354,4014.68
13685,9559185,4014.67
13685,9583793,4014.67
13685,9608955,4014.73
13685,9633708,4014.73
13685,9658321,4014.73
13685,9682868,4014.68
13685,9707285,4014.68
13685,9731509,4014.74
13685,9755901,4014.74
13685,9780401,4014.69
13685,9804854,4014.69
13685,9829532,4014.69
13685,9853826,4014.7
13685,9878290,4014.7
13685,9902870,4014.73
13685,9927923,4014.73
13685,9953387,4014.74
13685,9978596,4014.74
13685,10003393,4014.69
13685,10028429,4014.69
13685,10053662,4014.69
13685,10078649,4014.72
13685,10103479,4014.72
13685,10128264,4014.69
13685,10152727,4014.69
13685,10177323,4014.7
13685,10201497,4014.7
13685,10225846,4014.7
13685,10250482,4014.71
13685,10275225,4014.71
13685,10299956,4014.67
13685,10324708,4014.67
13685,10349733,4014.72
13685,10374747,4014.72
13685,10399895,4014.63
13685,10424596,4014.63
13685,10449985,4014.63
13685,10474922,4014.69
13685,10499876,4014.69
13685,10524911,4014.7
13685,10549809,4014.7
13685,10575030,4014.66
13685,10600505,4014.66
13685,10625695,4014.66
13685,10650952,4014.72
13685,10676804,4014.72
13685,10702255,4014.64
13685,10727584,4014.64
13685,10752719,4014.8
13685,10777516,4014.8
13685,10802028,4014.71
13685,10827046,4014.71
13685,10852142,4014.71
13685,10876700,4014.69
13685,10901424,4014.69
13685,10926416,4014.7
13685,10951052,4014.7
13685,10975643,4014.68
13685,11000110,4014.68
13685,11025148,4014.75
13685,11050403,4014.75
13685,11075298,4014.75
13685,11100185,4014.72
13685,11124700,4014.72
13685,11149735,4014.66
13685,11174433,4014.66
13685,11199585,4014.75
13685,11224607,4014.75
13685,11249695,4014.75
13685,11274395,4014.69
13685,11299227,4014.69
13685,11324446,4014.68
13685,11349529,4014.68
13685,11374670,4014.7
13685,11399286,4014.7
13685,11424030,4014.7
13685,11448864,4014.69
13685,11473303,4014.69
13685,11498144,4014.7
13685,11522728,4014.7
13685,11547561,4014.67
13685,11571997,4014.67
13685,11596569,4014.74
13685,11621371,4014.74
13685,11646388,4014.74
13685,11671723,4014.71
13685,11696938,4014.71
13685,11722306,4014.63
13685,11747375,4014.63
13685,11772444,4014.71
13685,11797942,4014.71
13685,11822967,4014.68
13685,11847888,4014.68
13685,11871133,4014.68
13685,11871369,4014.7
13685,11871642,4014.7
13685,11871943,4014.53
13685,11872311,4014.53
13685,11872586,4014.53
13685,11872888,4014.53
13685,11872984,4014.53
13685,1340770,4014.73
13685,1365351,4014.73
13685,1389691,4014.69
13685,1414450,4014.69
13685,1439073,4014.7
13685,1463588,4014.7
13685,1488218,4014.69
13685,1512804,4014.69
13685,1537926,4014.68
13685,1562470,4014.68
13685,1587435,4014.68
13685,1612429,4014.74
13685,1637611,4014.74
13685,1662570,4014.68
13685,1687522,4014.68
13685,1712605,4014.72
13685,1737446,4014.72
13685,1762188,4014.72
13685,1787296,4014.75
13685,1812311,4014.75
13685,1837066,4014.7
13685,1861988,4014.7
13685,1886931,4014.74
13685,1911782,4014.74
13685,1936740,4014.68
13685,1961700,4014.68
13685,1986283,4014.68
13685,2011003,4014.69
13685,2035409,4014.69
13685,2060374,4014.69
13685,2085072,4014.69
13685,2109730,4014.72
13685,2134610,4014.72
13685,2159183,4014.72
13685,2183726,4014.74
13685,2208353,4014.74
13685,2233112,4014.69
13685,2257397,4014.69
13685,2281668,4014.72
13685,2306788,4014.72
13685,2331805,4014.64
13685,2357199,4014.64
13685,2382555,4014.64
13685,2407531,4014.73
13685,2432247,4014.73
13685,2457181,4014.67
13685,2481891,4014.67
13685,2506198,4014.77
13685,2530613,4014.77
13685,2554831,4014.77
13685,2578895,4014.68
13685,2602710,4014.68
13685,2626527,4014.7
13685,2650603,4014.7
13685,2674766,4014.7
13685,2699167,4014.7
13685,2724126,4014.7
13685,2748885,4014.66
13685,2773472,4014.66
13685,2798302,4014.71
13685,2823400,4014.71
13685,2848457,4014.74
13685,2873446,4014.74
13685,2898295,4014.65
13685,2923361,4014.65
13685,2948574,4014.65
13685,2973139,4014.61
13685,2997838,4014.61
13685,3022439,4014.66
13685,3047679,4014.66
13685,3072568,4014.69
13685,3098269,4014.69
13685,3123285,4014.72
13685,3148381,4014.72
13685,3173355,4014.72
13685,3198294,4014.73
13685,3223145,4014.73
13685,3247704,4014.66
13685,3272543,4014.66
13685,3297488,4014.66
13685,3322709,4014.66
13685,3347669,4014.66
13685,3372525,4014.73
13685,3397509,4014.73
13685,3421921,4014.64
13685,3446634,4014.64
13685,3470951,4014.8
13685,3495545,4014.8
13685,3520442,4014.8
13685,3544788,4014.64
13685,3569382,4014.64
13685,3594212,4014.65
13685,3618939,4014.65
13685,3643843,4014.69
13685,3669205,4014.69
13685,3694490,4014.64
13685,3719779,4014.64
13685,3745114,4014.64
13685,3770392,4014.85
13685,3795384,4014.85
13685,3820334,4014.76
13685,3845100,4014.76
13685,3870058,4014.64
13685,3894390,4014.64
13685,3919717,4014.64
13685,3944663,4014.68
13685,3969627,4014.68
13685,3994071,4014.64
13685,4018872,4014.64
13685,4024307,4014.68
13685,4024657,4014.68
13685,4024946,4014.53
13685,4028618,4014.53
13685,4051628,4014.53
13685,4078522,4014.53
13685,4104212,4014.53
13685,4130044,4014.69
13685,4155059,4014.69
13685,4179652,4014.65
13685,4204333,4014.65
13685,4228956,4014.64
13685,4253747,4014.64
13685,4278544,4014.64
13685,4303501,4014.7
13685,4313944,4014.7
13685,4314230,4014.76
13685,4314528,4014.76
13685,4314820,4014.53
13685,4315117,4014.53
13685,4315408,4014.53
13685,4315635,4014.53
13685,4315999,4014.53
13685,4316231,4014.53
13685,4316572,4014.53
13685,4316809,4014.53
13685,4322974,4014.53
13685,4347141,4014.53
13685,4372884,4014.53
13685,4398101,4014.53
13685,4423308,4014.66
13685,4448541,4014.66
13685,4473184,4014.64
13685,4497983,4014.64
13685,4522771,4014.77
13685,4547195,4014.77
13685,4571934,4014.68
13685,4596443,4014.68
13685,4620958,4014.68
13685,4645634,4014.74
13685,4670366,4014.74
13685,4695043,4014.7
13685,4719747,4014.7
13685,4744836,4014.7
13685,4770069,4014.7
13685,4795230,4014.7
13685,4820621,4014.72
13685,4845453,4014.72
13685,4870171,4014.62
13685,4894950,4014.62
13685,4919455,4014.73
13685,4944177,4014.73
13685,4968992,4014.77
13685,4993766,4014.77
13685,5018894,4014.77
13685,5043885,4014.73
13685,5068853,4014.73
13685,5094049,4014.6
13685,5119201,4014.6
13685,5144427,4014.66
13685,5169398,4014.66
13685,5194511,4014.61
13685,5219341,4014.61
13685,5244365,4014.61
13685,5269404,4014.64
13685,5294869,4014.64
13685,5319786,4014.82
13685,5344774,4014.82
13685,5370091,4014.67
13685,5395215,4014.67
13685,5419855,4014.67
13685,5444275,4014.73
13685,5469193,4014.73
13685,5494084,4014.61
13685,5519755,4014.61
13685,5545355,4014.72
13685,5570975,4014.72
13685,5596210,4014.69
13685,5621508,4014.69
13685,5647142,4014.69
13685,5672193,4014.73
13685,5697181,4014.73
13685,5721625,4014.68
13685,5746328,4014.68
13685,5771527,4014.63
13685,5796618,4014.63
13685,5821327,4014.63
13685,5846396,4014.64
13685,5871026,4014.64
13685,5896020,4014.7
13685,5920616,4014.7
13685,5937158,4014.72
13685,5937512,4014.72
13685,5937806,4014.53
13685,5938104,4014.53
13685,5938381,4014.53
13685,5943083,4014.53
13685,5965877,4014.53
13685,5990911,4014.75
13685,6016180,4014.75
13685,6041528,4014.68
13685,6067121,4014.68
13685,6092314,4014.68
13685,6117051,4014.68
13685,6141746,4014.68
13685,6166308,4014.68
13685,6191017,4014.68
13685,6215582,4014.7
13685,6240021,4014.7
13685,6264496,4014.67
13685,6289714,4014.67
13685,6314776,4014.74
13685,6340704,4014.74
13685,6365987,4014.74
13685,6391078,4014.68
13685,6415921,4014.68
13685,6441437,4014.75
13685,6466337,4014.75
13685,6491281,4014.7
13685,6516360,4014.7
13685,6541233,4014.7
13685,6566164,4014.68
13685,6591007,4014.68
13686,50673,4014.62
13686,72433,4014.63
13686,93899,4014.63
13686,116194,4014.68
13686,139119,4014.68
13686,162407,4014.7
13686,186098,4014.7
13686,209916,4014.66
13686,233711,4014.66
13686,258032,4014.66
13686,281822,4014.66
13686,305025,4014.66
13686,328547,4014.64
13686,351901,4014.64
13686,375413,4014.66
13686,399353,4014.66
13686,423032,4014.66
13686,446967,4014.68
13686,466013,4014.68
13686,466356,4014.65
13686,466636,4014.65
13686,466878,4014.53
13686,477045,4014.53
13686,501232,4014.78
13686,526189,4014.78
13686,550431,4014.78
13686,574199,4014.62
13686,598287,4014.62
13686,622322,4014.78
13686,646259,4014.78
13686,6603288,4014.74
13686,6628235,4014.62
13686,6653322,4014.62
13686,6678824,4014.62
13686,6704490,4014.63
13686,6729588,4014.63
13686,6754819,4014.68
13686,6780155,4014.68
13686,6805086,4014.8
13686,6830082,4014.8
13686,6855440,4014.8
13686,6880320,4014.88
13686,6905350,4014.88
13686,6929677,4014.62
13686,6939994,4014.62
13686,6940286,4014.59
13686,6940581,4014.59
13686,6940878,4014.53
13686,6941177,4014.53
13686,6941457,4014.53
13686,6941757,4014.53
13686,6942038,4014.53
13686,6942349,4014.53
13686,6942636,4014.53
13686,6942908,4014.53
13686,6943214,4014.53
13686,6943516,4014.53
13686,6943834,4014.53
13686,6944146,4014.53
13686,6944435,4014.53
13686,6944733,4014.53
13686,6945026,4014.53
13686,6945321,4014.53
13686,6945607,4014.53
13686,6945909,4014.53
13686,6946200,4014.53
13686,6946484,4014.53
13686,6946780,4014.53
13686,6947081,4014.53
13686,6947377,4014.53
13686,6947663,4014.53
13686,6947965,4014.53
13686,6948273,4014.53
13686,6948567,4014.53
13686,6948843,4014.53
13686,6949058,4014.53
13686,6949344,4014.53
13686,6949636,4014.53
13686,6949919,4014.53
13686,6950213,4014.53
13686,6950515,4014.53
13686,6950806,4014.53
13686,6951093,4014.53
13686,6951373,4014.53
13686,6951677,4014.53
13686,6951883,4014.53
13686,6952274,4014.53
13686,6952559,4014.53
13686,6952859,4014.53
13686,6953142,4014.53
13686,6953446,4014.53
13686,6953745,4014.53
13686,6954033,4014.53
13686,6954324,4014.53
13686,6954605,4014.53
13686,6954893,4014.53
13686,6955189,4014.53
13686,6955403,4014.53
13686,6955685,4014.53
13686,6955991,4014.53
13686,6956288,4014.53
13686,6956583,4014.53
13686,6956879,4014.53
13686,6957163,4014.53
13686,6957465,4014.53
13686,6957756,4014.53
13686,6958034,4014.53
13686,6958323,4014.53
13686,6958616,4014.53
13686,6958912,4014.53
13686,6959219,4014.53
13686,6959516,4014.53
13686,6959809,4014.53
13686,6960080,4014.53
13686,6960385,4014.53
13686,6960744,4014.53
13686,6961200,4014.53
13686,6961597,4014.53
13686,6961961,4014.58
13686,6962763,4014.58
13686,6969682,4014.58
13686,6977842,4014.58
13686,6986801,4014.59
13686,6996542,4014.59
13686,7007045,4014.59
13686,7018699,4014.59
13686,7031890,4014.59
13686,7046069,4014.58
13686,7061575,4014.58
13686,7078093,4014.67
13686,7096144,4014.67
13686,7115341,4014.64
13686,7135805,4014.64
13686,7159482,4014.64
13686,7183551,4014.64
13686,7208275,4014.64
13686,7232808,4014.62
13686,7239697,4014.62
13686,7239989,4014.53
13686,7240302,4014.53
13686,7240534,4014.53
13686,7240862,4014.53
13686,7241153,4014.53
13686,7241452,4014.53
13686,7241727,4014.53
13686,7242033,4014.53
13686,7242322,4014.53
13686,7242658,4014.53
13686,7246278,4014.53
13686,7267977,4014.53
13686,670343,4014.73
13686,694544,4014.73
13686,718730,4014.73
13686,743054,4014.81
13686,766952,4014.81
13686,791153,4014.63
13686,814843,4014.63
13686,839103,4014.68
13686,863354,4014.68
13686,887729,4014.61
13686,912333,4014.61
13686,937343,4014.61
13686,962052,4014.7
13686,987397,4014.7
13686,1013202,4014.73
13686,1038776,4014.73
13686,1063640,4014.72
13686,1089028,4014.72
13686,1114120,4014.72
13686,1138815,4014.65
13686,1163330,4014.65
13686,1188111,4014.61
13686,1213077,4014.61
13686,1237502,4014.79
13686,1262076,4014.79
13686,1286917,4014.72
13686,1311556,4014.72
13686,7292607,4014.53
13686,7317301,4014.53
13686,7342364,4014.63
13686,7367456,4014.63
13686,7385909,4014.64
13686,7386187,4014.64
13686,7386485,4014.64
13686,7386783,4014.53
13686,7387077,4014.53
13686,7387367,4014.53
13686,7391789,4014.53
13686,7414445,4014.53
13686,7439896,4014.53
13686,7465263,4014.66
13686,7490408,4014.66
13686,7515549,4014.66
13686,7540621,4014.6
13686,7564876,4014.6
13686,7588721,4014.66
13686,7613113,4014.66
13686,7637307,4014.63
13686,7655813,4014.63
13686,7656094,4014.73
13686,7656380,4014.73
13686,7656653,4014.73
13686,7657707,4014.53
13686,7676014,4014.53
13686,7700470,4014.29
13686,7725545,4014.29
13686,7750760,4014.58
13686,7776000,4014.58
13686,7801381,4014.58
13686,7826305,4014.62
13686,7851119,4014.62
13686,7875955,4014.63
13686,7900807,4014.63
13686,7924907,4014.76
13686,7949421,4014.76
13686,7974400,4014.63
13686,7999703,4014.63
13686,8008934,4014.63
13686,8009222,4014.65
13686,8009502,4014.65
13686,8009797,4014.53
13686,8010095,4014.53
13686,8010389,4014.53
13686,8010669,4014.53
13686,8010967,4014.53
13686,8011261,4014.53
13686,8011541,4014.53
13686,8011841,4014.53
13686,8012117,4014.53
13686,8012427,4014.53
13686,8012712,4014.53
13686,8013004,4014.53
13686,8013301,4014.53
13686,8013587,4014.53
13686,8013881,4014.53
13686,8014173,4014.53
13686,8014470,4014.53
13686,8014766,4014.53
13686,8015056,4014.53
13686,8015258,4014.53
13686,8015640,4014.53
13686,8015939,4014.53
13686,8016236,4014.53
13686,8016441,4014.53
13686,8016729,4014.53
13686,8017020,4014.53
13686,8017308,4014.53
13686,8017606,4014.53
13686,8017887,4014.53
13686,8018183,4014.53
13686,8018475,4014.53
13686,8018767,4014.53
13686,8019067,4014.53
13686,8019353,4014.53
13686,8019663,4014.53
13686,8019952,4014.53
13686,8020234,4014.53
13686,8020530,4014.53
13686,8020824,4014.53
13686,8021116,4014.53
13686,8021314,4014.53
13686,8021687,4014.53
13686,8021989,4014.53
13686,8022293,4014.53
13686,8022577,4014.53
13686,8022875,4014.53
13686,8023160,4014.53
13686,8023456,4014.53
13686,8023755,4014.53
13686,8024045,4014.53
13686,8024340,4014.53
13686,8024632,4014.53
13686,8024921,4014.53
13686,8025224,4014.53
13686,8025506,4014.53
13686,8025797,4014.53
13686,8026091,4014.53
13686,8026389,4014.53
13686,8026671,4014.53
13686,8026974,4014.53
13686,8027268,4014.53
13686,8027554,4014.53
13686,8027851,4014.53
13686,8028133,4014.53
13686,8028424,4014.53
13686,8028714,4014.53
13686,8028994,4014.53
13686,8029297,4014.53
13686,8029600,4014.53
13686,8029895,4014.53
13686,8030094,4014.53
13686,8030401,4014.53
13686,8030708,4014.53
13686,8030993,4014.53
13686,8031281,4014.53
13686,8031573,4014.53
13686,8031865,4014.53
13686,8032155,4014.53
13686,8032445,4014.53
13686,8032738,4014.53
13686,8033087,4014.53
13686,8033374,4014.53
13686,8033666,4014.53
13686,8033961,4014.53
13686,8034240,4014.53
13686,8034549,4014.53
13686,8034833,4014.53
13686,8035011,4014.53
13686,8035299,4014.53
13686,8035597,4014.53
13686,8035881,4014.53
13686,8036172,4014.53
13686,8036460,4014.53
13686,8036754,4014.53
13686,8037040,4014.53
13686,8037340,4014.53
13686,8037625,4014.53
13686,8037925,4014.53
13686,8038211,4014.53
13686,8038502,4014.53
13686,8038797,4014.53
13686,8039095,4014.53
13686,8039385,4014.53
13686,8039671,4014.53
13686,8039952,4014.53
13686,8040259,4014.53
13686,8040551,4014.53
13686,8040838,4014.53
13686,8041167,4014.53
13686,8041465,4014.53
13686,8041758,4014.53
13686,8042048,4014.53
13686,8042334,4014.53
13686,8042623,4014.53
13686,8042918,4014.53
13686,8043210,4014.53
13686,8043494,4014.53
13686,8043789,4014.53
13686,8044088,4014.53
13686,8046886,4014.53
13686,8050488,4014.26
13686,8057294,4014.26
13686,8078398,4014.26
13686,8101442,4014.74
13686,8125055,4014.74
13686,8148563,4014.74
13686,8171619,4014.74
13686,8195433,4014.72
13686,8219339,4014.72
13686,8243532,4014.76
13686,8267467,4014.76
13686,8291628,4014.76
13686,8315459,4014.69
13686,8339635,4014.69
13686,8363854,4014.75
13686,8388433,4014.75
13686,8413115,4014.7
13686,8437565,4014.7
13686,8462392,4014.74
13686,8480002,4014.74
13686,8480280,4014.74
13686,8480573,4014.71
13686,8480868,4014.71
13686,8481165,4014.53
13686,8481455,4014.53
13686,8481745,4014.53
13686,8482042,4014.53
13686,8482328,4014.53
13686,8482621,4014.53
13686,8482830,4014.53
13686,8483113,4014.53
13686,8483411,4014.53
13686,8483700,4014.53
13686,8483994,4014.53
13686,8484281,4014.53
13686,8492037,4014.53
13686,8514952,4014.53
13686,8539555,4014.85
13686,8564050,4014.85
13686,8588379,4014.68
13686,8612392,4014.68
13686,8636293,4014.74
13686,8660379,4014.74
13686,8684515,4014.74
13686,8709127,4014.76
13686,8733564,4014.76
13686,8757969,4014.74
13686,8782421,4014.74
13686,8807137,4014.75
13686,8831895,4014.75
13686,8856745,4014.8
13686,8881305,4014.8
13686,8906044,4014.8
13686,8930454,4014.68
13686,8955072,4014.68
13686,8978189,4014.72
13686,8978460,4014.72
13686,8978755,4014.53
13686,8979043,4014.53
13686,8979335,4014.53
13686,8990401,4014.53
13686,9015469,4014.53
13686,9041120,4014.74
13686,9067073,4014.74
13686,9092141,4014.75
13686,9116825,4014.75
13686,9141686,4014.76
13686,9166136,4014.76
13686,9190711,4014.76
13686,9215191,4014.75
13686,9239479,4014.75
13686,9263886,4014.72
13686,9288115,4014.72
13686,9312431,4014.73
13686,9337281,4014.73
13686,9361972,4014.72
13686,9387047,4014.72
13686,9412410,4014.72
13686,9436841,4014.74
13686,9461229,4014.74
13686,9485827,4014.74
13686,9510343,4014.74
13686,9535513,4014.72
13686,9560075,4014.72
13686,9584621,4014.72
13686,9609540,4014.69
13686,9634621,4014.69
13686,9659584,4014.79
13686,9684660,4014.79
13686,9709534,4014.68
13686,9734852,4014.68
13686,9759487,4014.68
13686,9784490,4014.72
13686,9808968,4014.72
13686,9833080,4014.74
13686,9857731,4014.74
13686,9882229,4014.74
13686,9906881,4014.74
13686,9931461,4014.74
13686,9956109,4014.74
13686,9980864,4014.74
13686,10005810,4014.7
13686,10030662,4014.7
13686,10056097,4014.78
13686,10080949,4014.78
13686,10106179,4014.69
13686,10131386,4014.69
13686,10156232,4014.77
13686,10181729,4014.77
13686,10206929,4014.77
13686,10232257,4014.76
13686,10257209,4014.76
13686,10282694,4014.72
13686,10308320,4014.72
13686,10333233,4014.76
13686,10358370,4014.76
13686,10383423,4014.76
13686,10408918,4014.68
13686,10433963,4014.68
13686,10459502,4014.74
13686,10484428,4014.74
13686,10509507,4014.73
13686,10535009,4014.73
13686,10560809,4014.7
13686,10586438,4014.7
13686,10612028,4014.7
13686,10637202,4014.77
13686,10662720,4014.77
13686,10688278,4014.8
13686,10713416,4014.8
13686,10738063,4014.74
13686,10763465,4014.74
13686,10788276,4014.74
13686,10813756,4014.73
13686,10838589,4014.73
13686,10851046,4014.86
13686,10851304,4014.86
13686,10851651,4014.53
13686,10853547,4014.53
13686,10872999,4014.53
13686,10898679,4014.53
13686,10924636,4014.53
13686,10950574,4014.74
13686,10975907,4014.74
13686,11000960,4014.75
13686,11025830,4014.75
13686,11050331,4014.75
13686,11074608,4014.75
13686,11098960,4014.75
13686,11123757,4014.72
13686,11148392,4014.72
13686,11173667,4014.73
13686,11199142,4014.73
13686,11224439,4014.77
13686,11249786,4014.77
13686,11274865,4014.77
13686,11300188,4014.74
13686,11325488,4014.74
13686,11350560,4014.76
13686,11375259,4014.76
13686,11399856,4014.7
13686,11424042,4014.7
13686,11449336,4014.7
13686,11474789,4014.65
13686,11499989,4014.65
13686,11525021,4014.72
13686,11550325,4014.72
13686,11575767,4014.74
13686,11600538,4014.74
13686,11625648,4014.71
13686,11650728,4014.71
13686,11676027,4014.71
13686,11701142,4014.78
13686,11727122,4014.78
13686,11752854,4014.76
13686,11778597,4014.76
13686,11804245,4014.73
13686,11829923,4014.73
13686,11855107,4014.73
13686,11880807,4014.77
13686,11905940,4014.77
13686,11930800,4014.74
13686,11955625,4014.74
13686,11980213,4014.73
13686,12005418,4014.73
13686,12030894,4014.75
13686,12055741,4014.75
13686,12080759,4014.75
13686,12105884,4014.72
13686,12131370,4014.72
13686,12156788,4014.73
13686,12182167,4014.73
13686,12207528,4014.74
13686,12233136,4014.74
13686,12258336,4014.74
13686,12283621,4014.73
13686,12308906,4014.73
13686,12334397,4014.76
13686,12360085,4014.76
13686,12385452,4014.77
13686,12411046,4014.77
13686,12436255,4014.77
13686,12439571,4014.74
13686,12439866,4014.74
13686,12440413,4014.53
13686,12454859,4014.53
13686,12480081,4014.53
13686,12505843,4014.53
13686,12531967,4014.78
13686,12557413,4014.78
13686,12582820,4014.78
13686,12608328,4014.74
13686,12633757,4014.74
13686,12659159,4014.71
13686,12684409,4014.71
13686,12709984,4014.75
13686,12735930,4014.75
13686,12761306,4014.71
13686,12786640,4014.71
13686,12811906,4014.71
13686,12836452,4014.69
13686,12861401,4014.69
13686,12886656,4014.75
13686,12911581,4014.75
13686,12936862,4014.77
13686,12962184,4014.77
13686,12987150,4014.77
13686,13012447,4014.74
13686,13038033,4014.74
13686,13063701,4014.75
13686,13089523,4014.75
13686,13115237,4014.67
13686,13140045,4014.67
13686,13164509,4014.74
13686,13188719,4014.74
13686,13212895,4014.74
13686,13237475,4014.73
13686,13262066,4014.73
13686,13286609,4014.71
13686,13311236,4014.71
13686,13336352,4014.74
13686,13361590,4014.74
13686,13386709,4014.74
13686,13411811,4014.73
13686,13436845,4014.73
13686,13461768,4014.78
13686,13486797,4014.78
13686,13511628,4014.71
13686,13536873,4014.71
13686,13561973,4014.71
13686,13587274,4014.68
13686,13612879,4014.68
13686,13638093,4014.79
13686,13662880,4014.79
13686,13687756,4014.82
13686,13712487,4014.82
13686,13737297,4014.82
13686,13762335,4014.76
13686,13787385,4014.76
13686,13812527,4014.75
13686,13837791,4014.75
13686,1335889,4014.72
13686,1360011,4014.72
13686,1384642,4014.72
13686,1409120,4014.59
13686,1433967,4014.59
13686,1458391,4014.68
13686,1483650,4014.68
13686,1508363,4014.68
13686,1532917,4014.67
13686,1557577,4014.67
13686,1582066,4014.67
13686,1606577,4014.67
13686,1631504,4014.77
13686,1656979,4014.77
13686,1682378,4014.77
13686,1707678,4014.71
13686,1733257,4014.71
13686,1758682,4014.66
13686,1783309,4014.66
13686,1807867,4014.79
13686,1832572,4014.79
13686,1857463,4014.68
13686,1869071,4014.68
13686,1869356,4014.68
13686,1869637,4014.53
13686,1870525,4014.53
13686,1885259,4014.53
13686,1910459,4014.53
13686,1936777,4014.64
13686,1962016,4014.64
13686,13863014,4014.72
13686,13888284,4014.72
13686,13913708,4014.71
13686,13938941,4014.71
13686,13964369,4014.71
13686,13989367,4014.76
13686,14014119,4014.76
13686,14038993,4014.71
13686,14063793,4014.71
13686,14088290,4014.75
13686,14112971,4014.75
13686,14137559,4014.75
13686,14162777,4014.77
13686,14187472,4014.77
13686,14212494,4014.71
13686,14237018,4014.71
13686,14261593,4014.74
13686,14286312,4014.74
13686,14311293,4014.65
13686,14335901,4014.65
13686,14360300,4014.65
13686,14385155,4014.73
13686,14410499,4014.73
13686,14435927,4014.7
13686,14461029,4014.7
13686,14486501,4014.73
13686,14512148,4014.73
13686,14537277,4014.75
13686,14561899,4014.75
13686,14586926,4014.75
13686,14611479,4014.74
13686,14636751,4014.74
13686,14661582,4014.74
13686,14686436,4014.74
13686,14711450,4014.75
13686,14736358,4014.75
13686,14761172,4014.75
13686,14786644,4014.7
13686,14812236,4014.7
13686,14837732,4014.75
13686,14863060,4014.75
13686,14887965,4014.75
13686,14912797,4014.75
13686,14937899,4014.73
13686,14962639,4014.73
13686,14987345,4014.73
13686,15012998,4014.73
13686,15038082,4014.73
13686,15063156,4014.76
13686,15088612,4014.76
13686,15113464,4014.75
13686,15138772,4014.75
13686,15163634,4014.66
13686,15188575,4014.66
13686,15213534,4014.66
13686,15238774,4014.74
13686,15263948,4014.74
13686,15288798,4014.76
13686,15313922,4014.76
13686,15338960,4014.75
13686,15364257,4014.75
13686,15389214,4014.75
13686,15413824,4014.75
13686,15438414,4014.75
13686,15463122,4014.73
13686,15487906,4014.73
13686,15512684,4014.74
13686,15537449,4014.74
13686,15562125,4014.74
13686,15586636,4014.74
13686,15611487,4014.74
13686,15636561,4014.7
13686,15661579,4014.7
13686,15686604,4014.72
13686,15711681,4014.72
13686,15736531,4014.76
13686,15761408,4014.76
13686,15786149,4014.73
13686,15811167,4014.73
13686,15835983,4014.73
13686,15860706,4014.74
13686,15885617,4014.74
13686,15910752,4014.66
13686,15936004,4014.66
13686,15961182,4014.7
13686,15986775,4014.7
13686,16012005,4014.75
13686,16037078,4014.75
13686,16061560,4014.75
13686,16086107,4014.7
13686,16110261,4014.7
13686,16135115,4014.72
13686,16160202,4014.72
13686,16185585,4014.78
13686,16210912,4014.78
13686,16235662,4014.78
13686,16260322,4014.72
13686,16285505,4014.72
13686,16310468,4014.77
13686,16335485,4014.77
13686,16360269,4014.76
13686,16385120,4014.76
13686,16410062,4014.72
13686,16435460,4014.72
13686,16460508,4014.72
13686,16485886,4014.79
13686,16511356,4014.79
13686,16536414,4014.71
13686,16562002,4014.71
13686,16587351,4014.76
13686,16612174,4014.76
13686,16637184,4014.74
13686,16661676,4014.74
13686,16686543,4014.74
13686,16711270,4014.73
13686,16735824,4014.73
13686,16760582,4014.75
13686,16784977,4014.75
13686,16809942,4014.74
13686,16834637,4014.74
13686,16854649,4014.76
13686,16854990,4014.76
13686,16855283,4014.76
13686,16855571,4014.53
13686,16855742,4014.53
13686,16857532,4014.53
13686,16876609,4014.53
13686,16901413,4014.79
13686,16927308,4014.79
13686,16952270,4014.79
13686,16977298,4014.74
13686,17002017,4014.74
13686,17026400,4014.8
13686,17050951,4014.8
13686,17075616,4014.74
13686,17099797,4014.74
13686,17124042,4014.78
13686,17148654,4014.78
13686,17173193,4014.78
13686,17197949,4014.69
13686,17222570,4014.69
13686,17248462,4014.74
13686,17274053,4014.74
13686,17299888,4014.71
13686,17324762,4014.71
13686,17349501,4014.71
13686,17374069,4014.73
13686,17399103,4014.73
13686,17423550,4014.77
13686,17448143,4014.77
13686,17472460,4014.73
13686,17496774,4014.73
13686,17521485,4014.76
13686,17546833,4014.76
13686,17572156,4014.76
13686,17597648,4014.69
13686,17622924,4014.69
13686,17648329,4014.76
13686,17674035,4014.76
13686,17698375,4014.76
13686,17723096,4014.76
13686,17748675,4014.76
13686,17773938,4014.73
13686,17798894,4014.73
13686,17823428,4014.71
13686,17848476,4014.71
13686,17872841,4014.74
13686,17897680,4014.74
13686,17922395,4014.74
13686,17947101,4014.71
13686,17971772,4014.71
13686,17996755,4014.75
13686,18021981,4014.75
13686,18046535,4014.72
13686,18070736,4014.72
13686,18095169,4014.75
13686,18119756,4014.75
13686,18144265,4014.75
13686,18169166,4014.72
13686,18194267,4014.72
13686,18219739,4014.66
13686,18244737,4014.66
13686,18269515,4014.74
13686,18293952,4014.74
13686,18318554,4014.74
13686,18343238,4014.74
13686,18368272,4014.74
13686,18392794,4014.72
13686,18417247,4014.72
13686,18442062,4014.75
13686,18466909,4014.75
13686,18493265,4014.7
13686,18518717,4014.7
13686,18543826,4014.7
13686,18568054,4014.68
13686,18593504,4014.68
13686,18618571,4014.73
13686,18642893,4014.73
13686,18667088,4014.73
13686,18691914,4014.73
13686,18716645,4014.73
13686,18735738,4014.69
13686,18736004,4014.69
13686,18736295,4014.53
13686,18736578,4014.53
13686,18749883,4014.53
13686,18775566,4014.53
13686,18800397,4014.76
13686,18825478,4014.76
13686,18849694,4014.76
13686,18874010,4014.72
13686,18899039,4014.72
13686,18923948,4014.67
13686,18948562,4014.67
13686,18973059,4014.72
13686,18997841,4014.72
13686,19022546,4014.72
13686,19047559,4014.74
13686,19072920,4014.74
13686,19097970,4014.71
13686,19122909,4014.71
13686,19147658,4014.78
13686,19172788,4014.78
13686,19197680,4014.71
13686,19222804,4014.71
13686,19247904,4014.71
13686,19273241,4014.7
13686,19298181,4014.7
13686,19323843,4014.74
13686,19349475,4014.74
13686,19373740,4014.73
13686,19398275,4014.73
13686,19422355,4014.73
13686,19446299,4014.72
13686,19470739,4014.72
13686,19495315,4014.75
13686,19519952,4014.75
13686,19544842,4014.72
13686,19569666,4014.72
13686,19594980,4014.68
13686,19619742,4014.68
13686,19645346,4014.68
13686,19670516,4014.69
13686,19695259,4014.69
13686,19719424,4014.7
13686,19744025,4014.7
13686,19768577,4014.75
13686,19792956,4014.75
13686,19817344,4014.75
13686,19842074,4014.72
13686,19866775,4014.72
13686,19891281,4014.79
13686,19915676,4014.79
13686,19940502,4014.72
13686,19965582,4014.72
13686,19990660,4014.77
13686,20015762,4014.77
13686,20040320,4014.77
13686,20065021,4014.76
13686,20083427,4014.76
13686,20083427,4014.77
13686,20083427,4014.77
13686,20083427,4014.78
13686,20083427,4014.78
13686,20083427,4014.78
13686,1987128,4014.68
13686,2012463,4014.68
13686,2037822,4014.68
13686,2062469,4014.66
13686,2087728,4014.66
13686,2112939,4014.66
13686,2137907,4014.66
13686,2162875,4014.76
13686,2187820,4014.76
13686,2212875,4014.76
13686,2238140,4014.62
13686,2262702,4014.62
13686,2287925,4014.68
13686,2312513,4014.68
13686,2337603,4014.69
13686,2362919,4014.69
13686,2388017,4014.67
13686,2413082,4014.67
13686,2437928,4014.67
13686,2462472,4014.66
13686,2487090,4014.66
13686,2511937,4014.7
13686,2536772,4014.7
13686,2561620,4014.62
13686,2586670,4014.62
13686,2612269,4014.62
13686,2637904,4014.73
13686,2664070,4014.73
13686,2689439,4014.63
13686,2714829,4014.63
13686,2740097,4014.62
13686,2765637,4014.62
13686,2790972,4014.74
13686,2816483,4014.74
13686,2841905,4014.74
13686,2867149,4014.65
13686,2891860,4014.65
13686,2916918,4014.67
13686,2942138,4014.67
13686,2967102,4014.7
13686,2992437,4014.7
13686,3017910,4014.7
13686,3043020,4014.64
13686,3068988,4014.64
13686,3094409,4014.58
13686,3120079,4014.58
13686,3146044,4014.67
13686,3171638,4014.67
13686,3198009,4014.74
13686,3223776,4014.74
13686,3249456,4014.74
13686,3274812,4014.68
13686,3300409,4014.68
13686,3325395,4014.61
13686,3350251,4014.61
13686,3374661,4014.69
13686,3398723,4014.69
13686,3423291,4014.69
13686,3448322,4014.68
13686,3473026,4014.68
13686,3498158,4014.69
13686,3522723,4014.69
13686,3547198,4014.79
13686,3572263,4014.79
13686,3597740,4014.6
13686,3623218,4014.6
13686,3648620,4014.6
13686,3672851,4014.7
13686,3697318,4014.7
13686,3721802,4014.65
13686,3746344,4014.65
13686,3771243,4014.74
13686,3795899,4014.74
13686,3820428,4014.74
13686,3845302,4014.72
13686,3870277,4014.72
13686,3895176,4014.6
13686,3920886,4014.6
13686,3946805,4014.76
13686,3972284,4014.76
13686,3997848,4014.76
13686,4023661,4014.65
13686,4049467,4014.65
13686,4075274,4014.68
13686,4100917,4014.68
13686,4126171,4014.81
13686,4151612,4014.81
13686,4176605,4014.81
13686,4201528,4014.68
13686,4226572,4014.68
13686,4252208,4014.7
13686,4276969,4014.7
13686,4302128,4014.62
13686,4327490,4014.62
13686,4352943,4014.63
13686,4377540,4014.63
13686,4402523,4014.63
13686,4427716,0
13686,4453208,0
13686,4478643,4014.54
13686,4503854,4014.54
13686,4504113,4014.71
13686,4504404,4014.71
13686,4504692,4014.53
13686,4504985,4014.53
13686,4511589,4014.53
13686,4511871,4014.53
13686,4512166,4014.53
13686,4512471,4014.53
13686,4512756,4014.53
13686,4516234,4014.53
13686,4518544,4014.53
13686,4518830,4014.53
13686,4519124,4014.53
13686,4519408,4014.53
13686,4519707,4014.53
13686,4526486,4014.53
13686,4534217,4014.53
13686,4534631,4014.53
13686,4534926,4014.53
13686,4535207,4014.53
13686,4535558,4014.53
13686,4541128,4014.53
13686,4541420,4014.53
13686,4541720,4014.53
13686,4542024,4014.53
13686,4542314,4014.53
13686,4542611,4014.53
13686,4542898,4014.53
13686,4543175,4014.53
13686,4543484,4014.53
13686,4552821,4014.53
13686,4569228,4014.53
13686,4587132,4014.46
13686,4608001,4014.46
13686,4630910,4014.62
13686,4654704,4014.62
13686,4678492,4014.62
13686,4703064,4014.73
13686,4727304,4014.73
13686,4752004,4014.59
13686,4776579,4014.59
13686,4801133,4014.68
13686,4825343,4014.68
13686,4849996,4014.65
13686,4874790,4014.65
13686,4899974,4014.65
13686,4925001,4014.65
13686,4949502,4014.65
13686,4974819,4014.57
13686,4999820,4014.57
13686,5024779,4014.66
13686,5049476,4014.66
13686,5074013,4014.66
13686,5098947,4014.66
13686,5123720,4014.66
13686,5149169,4014.65
13686,5174757,4014.65
13686,5200454,4014.55
13686,5225854,4014.55
13686,5251193,4014.71
13686,5276539,4014.71
13686,5301876,4014.71
13686,5326521,4014.65
13686,5351680,4014.65
13686,5376753,4014.63
13686,5401690,4014.63
13686,5426782,4014.69
13686,5451963,4014.69
13686,5476998,4014.69
13686,5502088,4014.69
13686,5526959,4014.69
13686,5552121,4014.65
13686,5576708,4014.65
13686,5601378,4014.68
13686,5626743,4014.68
13686,5651769,4014.64
13686,5676899,4014.64
13686,5702388,4014.64
13686,5727425,4014.68
13686,5752510,4014.68
13686,5777152,4014.67
13686,5802236,4014.67
13686,5827101,4014.6
13686,5851388,4014.6
13686,5876219,4014.6
13686,5901329,4014.66
13686,5926266,4014.66
13686,5951491,4014.63
13686,5976779,4014.63
13686,6001688,4014.66
13686,6026947,4014.66
13686,6052248,4014.66
13686,6077312,4014.66
13686,6102545,4014.66
13686,6128092,4014.67
13686,6153236,4014.67
13686,6178314,4014.65
13686,6203510,4014.65
13686,6228725,4014.81
13686,6253681,4014.81
13686,6278796,4014.81
13686,6304437,4014.61
13686,6329861,4014.61
13686,6354801,4014.6
13686,6380105,4014.6
13686,6405135,4014.66
13686,6430434,4014.66
13686,6455195,4014.66
13686,6479853,4014.62
13686,6504635,4014.62
13686,6529287,4014.61
13686,6553856,4014.61
13686,6578452,4014.74
13687,64771,4014.72
13687,89316,4014.72
13687,113908,4014.67
13687,138866,4014.67
13687,163815,4014.67
13687,188125,4014.78
13687,212629,4014.78
13687,237082,4014.69
13687,261223,4014.69
13687,286059,4014.7
13687,311540,4014.7
13687,335997,4014.7
13687,360683,4014.74
13687,385345,4014.74
13687,410185,4014.73
13687,435051,4014.73
13687,459777,4014.72
13687,484590,4014.72
13687,509412,4014.73
13687,534225,4014.73
13687,558546,4014.73
13687,583874,4014.77
13687,609261,4014.77
13687,633976,4014.76
13687,6522560,4014.67
13687,6547337,4014.67
13687,6572949,4014.67
13687,6597372,4014.74
13687,6621812,4014.74
13687,6646587,4014.72
13687,6671987,4014.72
13687,6696572,4014.7
13687,6721660,4014.7
13687,6745842,4014.7
13687,6770567,4014.69
13687,6795297,4014.69
13687,6819623,4014.71
13687,6844027,4014.71
13687,6868806,4014.72
13687,6893058,4014.72
13687,6917946,4014.71
13687,6934468,4014.71
13687,6934684,4014.71
13687,6934993,4014.72
13687,6935345,4014.72
13687,6948212,4014.53
13687,6972982,4014.53
13687,6998611,4014.73
13687,7023419,4014.73
13687,7047638,4014.73
13687,7071945,4014.52
13687,7096243,4014.52
13687,7120540,4015
13687,7145146,4015
13687,7169638,4014.67
13687,659300,4014.76
13687,684400,4014.68
13687,709470,4014.68
13687,734832,4014.73
13687,759518,4014.73
13687,784864,4014.73
13687,809577,4014.71
13687,834295,4014.71
13687,858742,4014.69
13687,882913,4014.69
13687,907370,4014.78
13687,931310,4014.78
13687,955381,4014.78
13687,979996,4014.72
13687,1005042,4014.72
13687,1029835,4014.76
13687,1055216,4014.76
13687,1080674,4014.74
13687,1105895,4014.74
13687,1130979,4014.75
13687,1155857,4014.75
13687,1180281,4014.75
13687,1204727,4014.69
13687,1229219,4014.69
13687,1253504,4014.75
13687,1277839,4014.75
13687,1302132,4014.69
13687,7194159,4014.67
13687,7194522,4014.67
13687,7194817,4014.65
13687,7195845,4014.65
13687,7212799,4014.53
13687,7236937,4014.53
13687,7262675,4014.66
13687,7288010,4014.66
13687,7313238,4014.71
13687,7338468,4014.71
13687,7363085,4014.71
13687,7387534,4014.76
13687,7412073,4014.76
13687,7436760,4014.72
13687,7461346,4014.72
13687,7485271,4014.69
13687,7509461,4014.69
13687,7533519,4014.69
13687,7557321,4014.68
13687,7581461,4014.68
13687,7605717,4014.72
13687,7630871,4014.72
13687,7655515,4014.69
13687,7680105,4014.69
13687,7704657,4014.72
13687,7729429,4014.72
13687,7754195,4014.72
13687,7779091,4014.68
13687,7803754,4014.68
13687,7827394,4014.71
13687,7851734,4014.71
13687,7875783,4014.81
13687,7899874,4014.81
13687,7923940,4014.81
13687,7948374,4014.75
13687,7972708,4014.75
13687,7997897,4014.7
13687,8023439,4014.7
13687,8048303,4014.77
13687,8072418,4014.77
13687,8096721,4014.71
13687,8120535,4014.71
13687,8145252,4014.71
13687,8169558,4014.74
13687,8193486,4014.74
13687,8218113,4014.74
13687,8221721,4014.74
13687,8222023,4014.69
13687,8222310,4014.69
13687,8222606,4014.53
13687,8222899,4014.53
13687,8223186,4014.53
13687,8223475,4014.53
13687,8223770,4014.53
13687,8224026,4014.53
13687,8224322,4014.53
13687,8224609,4014.53
13687,8226123,4014.53
13687,8241912,4014.53
13687,8266489,4014.53
13687,8291437,4014.53
13687,8315776,4014.7
13687,8339640,4014.7
13687,8363773,4014.7
13687,8388247,4014.7
13687,8412791,4014.69
13687,8437495,4014.69
13687,8462824,4014.69
13687,8487887,4014.74
13687,8512330,4014.74
13687,8536558,4014.67
13687,8561526,4014.67
13687,8586483,4014.71
13687,8611058,4014.71
13687,8635941,4014.71
13687,8660304,4014.69
13687,8685316,4014.69
13687,8710124,4014.67
13687,8734700,4014.67
13687,8758376,4014.69
13687,8782936,4014.69
13687,8807236,4014.69
13687,8831858,4014.73
13687,8856619,4014.73
13687,8880875,4014.69
13687,8905566,4014.69
13687,8930256,4014.7
13687,8955372,4014.7
13687,8980456,4014.67
13687,9005050,4014.67
13687,9030664,4014.67
13687,9055344,4014.71
13687,9080236,4014.71
13687,9104466,4014.7
13687,9129713,4014.7
13687,9154662,4014.7
13687,9180133,4014.7
13687,9204761,4014.76
13687,9229170,4014.76
13687,9254063,4014.76
13687,9279143,4014.73
13687,9303547,4014.73
13687,9328621,4014.71
13687,9353203,4014.71
13687,9377754,4014.7
13687,9401963,4014.7
13687,9426433,4014.7
13687,9450793,4014.74
13687,9475440,4014.74
13687,9500318,4014.69
13687,9524854,4014.69
13687,9549823,4014.71
13687,9574656,4014.71
13687,9599645,4014.73
13687,9624210,4014.73
13687,9648516,4014.73
13687,9650365,4014.7
13687,9650850,4014.7
13687,9651400,4014.67
13687,9651766,4014.67
13687,9652373,4014.83
13687,9652820,4014.83
13687,9653301,4014.83
13687,9653771,4015.01
13687,9654118,4015.01
13687,9654662,4015.04
13687,9655117,4015.04
13687,9655476,4015.15
13687,9656021,4015.15
13687,9656475,4014.94
13687,9656931,4014.94
13687,9657296,4014.94
13687,9657744,4015
13687,9658194,4015
13687,9658642,4015.03
13687,9659080,4015.03
13687,9659563,4014.98
13687,9660035,4014.98
13687,9660419,4014.98
13687,9660901,4015.01
13687,9661356,4015.01
13687,9661798,4015.01
13687,9662254,4015.01
13687,9662676,4015
13687,9663157,4015
13687,9663608,4015
13687,9663935,4015.02
13687,9664390,4015.02
13687,9664811,4014.99
13687,9665262,4014.99
13687,9665768,4014.98
13687,9666191,4014.98
13687,9666644,4014.95
13687,9666990,4014.95
13687,9667531,4014.95
13687,9667854,4014.96
13687,9669043,4014.96
13687,9684715,4014.53
13687,9707456,4014.53
13687,9730876,4014.73
13687,9754282,4014.73
13687,9777959,4014.73
13687,9802306,4014.68
13687,9826104,4014.68
13687,9849780,4014.68
13687,9873930,4014.68
13687,9897704,4014.73
13687,9921589,4014.73
13687,9945412,4014.69
13687,9969601,4014.69
13687,9993750,4014.69
13687,10017582,4014.74
13687,10041763,4014.74
13687,10066576,4014.71
13687,10091471,4014.71
13687,10116316,4014.71
13687,10141119,4014.71
13687,10166455,4014.71
13687,10190781,4014.72
13687,10215414,4014.72
13687,10240300,4014.7
13687,10264877,4014.7
13687,10289320,4014.72
13687,10313684,4014.72
13687,10338096,4014.7
13687,10362485,4014.7
13687,10387628,4014.7
13687,10412969,4014.76
13687,10437933,4014.76
13687,10457458,4014.72
13687,10457683,4014.72
13687,10457986,4014.53
13687,10465947,4014.53
13687,10492456,4014.53
13687,10518724,4014.68
13687,10544150,4014.68
13687,10569546,4014.68
13687,10594371,4014.68
13687,10619052,4014.7
13687,10644123,4014.7
13687,10668263,4014.7
13687,10692667,4014.7
13687,10717219,4014.7
13687,10741559,4014.71
13687,10765849,4014.71
13687,10790490,4014.68
13687,10815157,4014.68
13687,10839084,4014.72
13687,10863920,4014.72
13687,10888735,4014.69
13687,10904048,4014.69
13687,10904355,4014.69
13687,10905034,4014.64
13687,10921291,4014.64
13687,10947912,4014.53
13687,10973252,4014.53
13687,10993579,4014.63
13687,10993850,4014.63
13687,10994143,4014.63
13687,10994787,4014.53
13687,11010847,4014.53
13687,11034873,4014.53
13687,11059458,4014.53
13687,11084651,4014.7
13687,11108994,4014.7
13687,11133330,4014.72
13687,11157854,4014.72
13687,11183050,4014.72
13687,11207161,4014.72
13687,11231584,4014.72
13687,11256168,4014.69
13687,11280493,4014.69
13687,11304697,4014.73
13687,11329266,4014.73
13687,11353706,4014.74
13687,11378032,4014.74
13687,11402252,4014.74
13687,11426866,4014.67
13687,11451533,4014.67
13687,11476518,4014.69
13687,11500939,4014.69
13687,11525437,4014.66
13687,11550113,4014.66
13687,11575335,4014.66
13687,11599981,4014.69
13687,11624796,4014.69
13687,11649278,4014.73
13687,11673705,4014.73
13687,11698283,4014.72
13687,11723530,4014.72
13687,11748332,4014.73
13687,11773305,4014.73
13687,11797874,4014.73
13687,11822678,4014.7
13687,11846922,4014.7
13687,11871078,4014.64
13687,11895673,4014.64
13687,11920498,4014.72
13687,11945209,4014.72
13687,11969907,4014.66
13687,11994625,4014.66
13687,12019146,4014.66
13687,12044039,4014.73
13687,12068471,4014.73
13687,12092669,4014.68
13687,12117326,4014.68
13687,12142700,4014.69
13687,12168042,4014.69
13687,12192626,4014.69
13687,12217075,4014.69
13687,12241075,4014.69
13687,12265431,4014.72
13687,12289751,4014.72
13687,12313865,4014.65
13687,12337892,4014.65
13687,12361969,4014.71
13687,12385790,4014.71
13687,12410465,4014.71
13687,12434814,4014.7
13687,12459260,4014.7
13687,12484479,4014.72
13687,12509300,4014.72
13687,12534649,4014.7
13687,12559875,4014.7
13687,12562560,4014.7
13687,12562852,4014.72
13687,12563135,4014.72
13687,12574886,4014.53
13687,12601577,4014.53
13687,12626837,4014.72
13687,12652336,4014.72
13687,12677377,4014.72
13687,12701441,4014.67
13687,12725635,4014.67
13687,12749481,4014.74
13687,12774017,4014.74
13687,12798967,4014.74
13687,12824092,4014.74
13687,12848913,4014.76
13687,12873609,4014.76
13687,12897877,4014.76
13687,12922466,4014.7
13687,12947640,4014.7
13687,12972203,4014.76
13687,12998025,4014.76
13687,13022845,4014.72
13687,13047178,4014.72
13687,13072182,4014.69
13687,13096968,4014.69
13687,13122136,4014.69
13687,13147161,4014.75
13687,13171736,4014.75
13687,13196488,4014.75
13687,13220645,4014.75
13687,13244795,4014.69
13687,13269552,4014.69
13687,13294293,4014.69
13687,13319563,4014.7
13687,13344173,4014.7
13687,13368190,4014.71
13687,13393048,4014.71
13687,13417713,4014.73
13687,13442182,4014.73
13687,13466266,4014.75
13687,13490316,4014.75
13687,13514646,4014.75
13687,13538784,4014.69
13687,13563585,4014.69
13687,13589008,4014.71
13687,13614590,4014.71
13687,13640125,4014.73
13687,13665769,4014.73
13687,13689866,4014.66
13687,1326432,4014.69
13687,1351149,4014.69
13687,1376106,4014.7
13687,1401451,4014.7
13687,1426400,4014.72
13687,1451384,4014.72
13687,1476675,4014.72
13687,1501437,4014.72
13687,1526825,4014.63
13687,1552369,4014.63
13687,1577529,4014.63
13687,1602062,4014.74
13687,1626749,4014.74
13687,1651339,4014.71
13687,1675877,4014.71
13687,1701153,4014.73
13687,1725906,4014.73
13687,1750513,4014.73
13687,1775724,4014.78
13687,1800630,4014.78
13687,1825184,4014.66
13687,1849956,4014.66
13687,1874559,4014.76
13687,1899551,4014.76
13687,1924073,4014.73
13687,1948935,4014.73
13687,13715074,4014.66
13687,13739760,4014.66
13687,13764590,4014.69
13687,13789063,4014.69
13687,13814210,4014.69
13687,13838208,4014.69
13687,13862308,4014.71
13687,13886896,4014.71
13687,13911432,4014.71
13687,13936284,4014.74
13687,13961347,4014.74
13687,13986433,4014.7
13687,14010921,4014.7
13687,14035224,4014.73
13687,14060316,4014.73
13687,14084365,4014.72
13687,14109191,4014.72
13687,14133635,4014.72
13687,14158525,4014.75
13687,14182922,4014.75
13687,14208108,4014.66
13687,14232458,4014.66
13687,14257339,4014.7
13687,14281965,4014.7
13687,14306813,4014.7
13687,14331792,4014.77
13687,14356126,4014.77
13687,14380290,4014.69
13687,14404900,4014.69
13687,14429049,4014.69
13687,14453887,4014.69
13687,14478895,4014.68
13687,14503830,4014.68
13687,14528391,4014.68
13687,14553611,4014.72
13687,14566730,4014.72
13687,14567010,4014.68
13687,14567302,4014.68
13687,14567547,4014.53
13687,14567840,4014.53
13687,14568128,4014.53
13687,14568487,4014.53
13687,14568771,4014.53
13687,14576588,4014.53
13687,14600170,4014.53
13687,14625087,4014.68
13687,14650324,4014.68
13687,14675329,4014.7
13687,14699368,4014.7
13687,14724427,4014.7
13687,14748745,4014.73
13687,14773011,4014.73
13687,14797381,4014.7
13687,14821812,4014.7
13687,14847298,4014.72
13687,14872640,4014.72
13687,14897079,4014.72
13687,14921867,4014.74
13687,14946188,4014.74
13687,14970559,4014.72
13687,14995399,4014.72
13687,15020245,4014.71
13687,15044968,4014.71
13687,15069375,4014.73
13687,15094537,4014.73
13687,15119073,4014.73
13687,15144080,4014.68
13687,15168955,4014.68
13687,15194178,4014.78
13687,15219091,4014.78
13687,15244775,4014.66
13687,15270034,4014.66
13687,15295563,4014.74
13687,15320393,4014.74
13687,15345380,4014.74
13687,15369679,4014.68
13687,15394250,4014.68
13687,15418943,4014.7
13687,15443526,4014.7
13687,15468097,4014.72
13687,15492796,4014.72
13687,15517670,4014.72
13687,15542443,4014.74
13687,15566795,4014.74
13687,15591456,4014.73
13687,15616337,4014.73
13687,15640791,4014.69
13687,15665528,4014.69
13687,15689324,4014.69
13687,15713790,4014.68
13687,15738197,4014.68
13687,15762494,4014.67
13687,15787280,4014.67
13687,15811784,4014.68
13687,15836236,4014.68
13687,15860666,4014.72
13687,15885633,4014.72
13687,15910592,4014.72
13687,15935616,4014.71
13687,15960536,4014.71
13687,15985898,4014.72
13687,16010780,4014.72
13687,16035792,4014.67
13687,16060705,4014.67
13687,16085070,4014.69
13687,16109645,4014.69
13687,16133944,4014.69
13687,16158522,4014.69
13687,16183500,4014.69
13687,16207457,4014.67
13687,16232490,4014.67
13687,16256585,4014.74
13687,16280599,4014.74
13687,16304854,4014.74
13687,16329665,4014.69
13687,16354644,4014.69
13687,16379258,4014.7
13687,16403544,4014.7
13687,16428365,4014.75
13687,16453065,4014.75
13687,16477590,4014.72
13687,16502231,4014.72
13687,16526421,4014.72
13687,16551623,4014.73
13687,16576237,4014.73
13687,16600722,4014.69
13687,16625728,4014.69
13687,16650199,4014.64
13687,16674250,4014.64
13687,16699207,4014.64
13687,16723048,4014.68
13687,16747625,4014.68
13687,16772427,4014.72
13687,16797320,4014.72
13687,16822192,4014.7
13687,16846906,4014.7
13687,16871775,4014.67
13687,16896830,4014.67
13687,16921557,4014.67
13687,16947267,4014.71
13687,16972955,4014.71
13687,16998332,4014.67
13687,17023551,4014.67
13687,17048835,4014.72
13687,17073812,4014.72
13687,17098434,4014.72
13687,17123154,4014.76
13687,17147659,4014.76
13687,17172294,4014.73
13687,17196880,4014.73
13687,17221204,4014.73
13687,17245917,4014.73
13687,17270304,4014.73
13687,17295169,4014.73
13687,17320014,4014.73
13687,17344578,4014.6
13687,17368780,4014.6
13687,17393198,4014.74
13687,17417535,4014.74
13687,17442624,4014.64
13687,17467322,4014.64
13687,17492674,4014.7
13687,17518456,4014.7
13687,17542968,4014.7
13687,17567553,4014.72
13687,17592291,4014.72
13687,17617047,4014.72
13687,17641658,4014.72
13687,17666259,4014.69
13687,17691705,4014.69
13687,17717050,4014.69
13687,17742166,4014.72
13687,17767631,4014.72
13687,17792004,4014.7
13687,17816407,4014.7
13687,17840957,4014.75
13687,17865943,4014.75
13687,17890640,4014.7
13687,17915575,4014.7
13687,17940818,4014.7
13687,17965758,4014.7
13687,17990651,4014.7
13687,18016065,4014.77
13687,18041665,4014.77
13687,18066880,4014.68
13687,18092756,4014.68
13687,18117700,4014.68
13687,18142919,4014.72
13687,18167737,4014.72
13687,18192700,4014.72
13687,18216917,4014.72
13687,18241212,4014.74
13687,18266183,4014.74
13687,18291000,4014.76
13687,18315734,4014.76
13687,18340409,4014.76
13687,18365428,4014.7
13687,18390092,4014.7
13687,18415309,4014.74
13687,18441134,4014.74
13687,18466375,4014.7
13687,18490954,4014.7
13687,18515540,4014.7
13687,18540483,4014.74
13687,18564685,4014.74
13687,18589498,4014.74
13687,18613824,4014.74
13687,18638277,4014.68
13687,18662196,4014.68
13687,18686211,4014.72
13687,18711097,4014.72
13687,18735800,4014.72
13687,18760277,4014.68
13687,18784588,4014.68
13687,18809295,4014.74
13687,18833778,4014.74
13687,18858276,4014.74
13687,18882646,4014.74
13687,18907581,4014.64
13687,18932086,4014.64
13687,18956783,4014.64
13687,18981462,4014.73
13687,19006396,4014.73
13687,19031750,4014.66
13687,19056189,4014.66
13687,19080380,4014.71
13687,19104749,4014.71
13687,19129035,4014.71
13687,19154129,4014.7
13687,19179085,4014.7
13687,19204439,4014.71
13687,19229605,4014.71
13687,19254369,4014.78
13687,19280322,4014.78
13687,19305530,4014.66
13687,19330653,4014.66
13687,19356247,4014.66
13687,19381071,4014.72
13687,19405516,4014.72
13687,19429713,4014.73
13687,19453907,4014.73
13687,19477963,4014.71
13687,19502287,4014.71
13687,19526584,4014.71
13687,19551420,4014.73
13687,19575863,4014.73
13687,19600593,4014.66
13687,19625360,4014.66
13687,19631123,4014.74
13687,19631417,4014.74
13687,19634659,4014.53
13687,19656173,4014.53
13687,19682289,4014.53
13687,19707487,4014.67
13687,19733100,4014.67
13687,19757678,4014.69
13687,19782764,4014.69
13687,19807239,4014.76
13687,19832170,4014.76
13687,19856486,4014.76
13687,19881125,4014.76
13687,19905746,4014.76
13687,19930344,4014.72
13687,19955190,4014.72
13687,19979444,4014.74
13687,20003949,4014.74
13687,20020967,4014.73
13687,1973350,4014.73
13687,1997576,4014.73
13687,2021984,4014.73
13687,2046385,4014.74
13687,2071152,4014.74
13687,2095992,4014.72
13687,2120173,4014.72
13687,2144735,4014.77
13687,2169439,4014.77
13687,2194271,4014.77
13687,2219491,4014.74
13687,2243836,4014.74
13687,2268489,4014.75
13687,2293352,4014.75
13687,2318504,4014.68
13687,2343362,4014.68
13687,2368101,4014.68
13687,2393185,4014.72
13687,2417654,4014.72
13687,2442605,4014.7
13687,2467551,4014.7
13687,2492001,4014.73
13687,2517050,4014.73
13687,2541546,4014.74
13687,2566756,4014.74
13687,2592298,4014.74
13687,2618045,4014.74
13687,2643008,4014.74
13687,2668199,4014.71
13687,2692710,4014.71
13687,2717747,4014.71
13687,2742395,4014.71
13687,2766445,4014.71
13687,2791024,4014.77
13687,2815286,4014.77
13687,2840336,4014.79
13687,2865276,4014.79
13687,2889753,4014.77
13687,2914027,4014.77
13687,2938746,4014.7
13687,2963891,4014.7
13687,2988833,4014.7
13687,3013727,4014.73
13687,3038712,4014.73
13687,3063926,4014.73
13687,3088883,4014.73
13687,3113440,4014.72
13687,3137902,4014.72
13687,3162353,4014.72
13687,3186786,4014.73
13687,3212218,4014.73
13687,3237095,4014.73
13687,3261823,4014.73
13687,3286552,4014.72
13687,3310984,4014.72
13687,3335865,4014.74
13687,3360995,4014.74
13687,3386527,4014.74
13687,3411826,4014.79
13687,3437545,4014.79
13687,3462496,4014.69
13687,3486857,4014.69
13687,3511444,4014.75
13687,3536202,4014.75
13687,3560583,4014.75
13687,3584812,4014.74
13687,3609871,4014.74
13687,3634161,4014.7
13687,3658539,4014.7
13687,3682845,4014.76
13687,3707509,4014.76
13687,3732169,4014.73
13687,3757294,4014.73
13687,3782292,4014.73
13687,3807557,4014.73
13687,3832291,4014.73
13687,3856880,4014.71
13687,3881842,4014.71
13687,3906652,4014.76
13687,3930763,4014.76
13687,3955297,4014.76
13687,3980147,4014.74
13687,4004217,4014.74
13687,4028645,4014.7
13687,4053028,4014.7
13687,4077535,4014.72
13687,4101706,4014.72
13687,4125795,4014.74
13687,4150891,4014.74
13687,4176636,4014.74
13687,4202105,4014.75
13687,4227517,4014.75
13687,4252259,4014.72
13687,4276844,4014.72
13687,4301024,4014.74
13687,4326256,4014.74
13687,4332134,4014.74
13687,4332435,4014.7
13687,4332716,4014.7
13687,4333018,4014.53
13687,4333303,4014.53
13687,4337802,4014.53
13687,4359311,4014.53
13687,4384365,4014.74
13687,4408959,4014.74
13687,4433663,4014.74
13687,4458018,4014.7
13687,4482962,4014.7
13687,4507263,4014.7
13687,4531341,4014.7
13687,4556379,4014.71
13687,4580711,4014.71
13687,4605062,4014.7
13687,4630079,4014.7
13687,4654724,4014.7
13687,4679168,4014.71
13687,4704134,4014.71
13687,4729108,4014.69
13687,4754222,4014.69
13687,4778747,4014.75
13687,4803603,4014.75
13687,4827961,4014.75
13687,4849284,4014.73
13687,4849604,4014.73
13687,4849896,4014.73
13687,4855564,4014.73
13687,4879226,4014.53
13687,4904137,4014.53
13687,4928859,4014.7
13687,4954110,4014.7
13687,4978944,4014.7
13687,5003776,4014.75
13687,5028948,4014.75
13687,5053703,4014.73
13687,5078770,4014.73
13687,5102992,4014.68
13687,5127803,4014.68
13687,5152920,4014.67
13687,5177605,4014.67
13687,5202544,4014.67
13687,5227524,4014.78
13687,5252475,4014.78
13687,5276785,4014.66
13687,5301631,4014.66
13687,5325685,4014.71
13687,5350252,4014.71
13687,5374849,4014.71
13687,5399817,4014.73
13687,5424636,4014.73
13687,5449608,4014.68
13687,5474552,4014.68
13687,5499767,4014.75
13687,5525249,4014.75
13687,5550722,4014.72
13687,5575513,4014.72
13687,5599888,4014.72
13687,5624162,4014.74
13687,5648814,4014.74
13687,5673228,4014.64
13687,5698056,4014.64
13687,5722831,4014.7
13687,5747577,4014.7
13687,5772444,4014.7
13687,5796988,4014.7
13687,5821670,4014.7
13687,5846479,4014.72
13687,5871132,4014.72
13687,5895936,4014.65
13687,5921405,4014.65
13687,5946756,4014.65
13687,5972476,4014.73
13687,5997452,4014.73
13687,6022401,4014.76
13687,6047605,4014.76
13687,6072820,4014.69
13687,6097262,4014.69
13687,6122618,4014.72
13687,6147711,4014.72
13687,6172448,4014.72
13687,6196992,4014.69
13687,6221435,4014.69
13687,6246027,4014.7
13687,6270930,4014.7
13687,6296076,4014.72
13687,6322023,4014.72
13687,6347524,4014.72
13687,6373199,4014.71
13687,6398846,4014.71
13687,6424198,4014.74
13687,6448778,4014.74
13687,6473611,4014.72
13687,6498439,4014.72
13688,58103,4014.71
13688,83304,4014.71
13688,108009,4014.71
13688,133350,4014.7
13688,158447,4014.7
13688,183537,4014.7
13688,208470,4014.72
13688,232544,4014.72
13688,256881,4014.72
13688,281206,4014.72
13688,305659,4014.74
13688,329928,4014.74
13688,354019,4014.74
13688,378084,4014.68
13688,402272,4014.68
13688,424691,4014.73
13688,424942,4014.73
13688,425237,4014.53
13688,425533,4014.53
13688,425897,4014.53
13688,426118,4014.53
13688,426794,4014.53
13688,427070,4014.53
13688,427361,4014.53
13688,427703,4014.53
13688,437158,4014.53
13688,461599,4014.53
13688,486540,4014.53
13688,511478,4014.68
13688,536079,4014.68
13688,560770,4014.68
13688,585495,4014.77
13688,610313,4014.77
13688,635427,4014.76
13688,6503635,4014.72
13688,6528369,4014.72
13688,6552789,4014.67
13688,6577061,4014.67
13688,6601317,4014.67
13688,6625611,4014.74
13688,6650213,4014.74
13688,6674150,4014.67
13688,6698968,4014.67
13688,6722946,4014.7
13688,6747864,4014.7
13688,6772730,4014.72
13688,6797329,4014.72
13688,6822365,4014.72
13688,6847311,4014.71
13688,6871906,4014.71
13688,6895805,4014.71
13688,6920746,4014.71
13688,6921361,4014.67
13688,6922349,4014.67
13688,6939013,4014.53
13688,6963597,4014.53
13688,6988421,4014.53
13688,7013000,4014.67
13688,7037410,4014.67
13688,7061627,4014.7
13688,7086125,4014.7
13688,7110904,4014.68
13688,660109,4014.76
13688,684450,4014.69
13688,709135,4014.69
13688,733504,4014.69
13688,758206,4014.71
13688,782973,4014.71
13688,807809,4014.66
13688,832532,4014.66
13688,857546,4014.68
13688,882731,4014.68
13688,907857,4014.72
13688,932727,4014.72
13688,957463,4014.72
13688,982091,4014.72
13688,1006366,4014.72
13688,1031300,4014.7
13688,1056260,4014.7
13688,1081872,4014.7
13688,1107140,4014.7
13688,1132047,4014.72
13688,1156153,4014.72
13688,1181489,4014.72
13688,1206931,4014.69
13688,1231137,4014.69
13688,1255323,4014.72
13688,1280009,4014.72
13688,7135629,4014.68
13688,7160346,4014.68
13688,7184957,4014.68
13688,7209365,4014.68
13688,7233403,4014.72
13688,7258485,4014.72
13688,7283582,4014.7
13688,7307914,4014.7
13688,7332766,4014.73
13688,7358118,4014.73
13688,7382969,4014.73
13688,7407503,4014.69
13688,7432461,4014.69
13688,7456766,4014.68
13688,7481480,4014.68
13688,7506309,4014.75
13688,7531137,4014.75
13688,7555995,4014.74
13688,7580942,4014.74
13688,7606033,4014.74
13688,7631248,4014.81
13688,7656066,4014.81
13688,7681670,4014.66
13688,7707376,4014.66
13688,7732975,4014.73
13688,7757474,4014.73
13688,7782143,4014.73
13688,7807100,4014.63
13688,7831868,4014.63
13688,7856647,4014.68
13688,7881628,4014.68
13688,7906941,4014.68
13688,7931898,4014.68
13688,7957264,4014.69
13688,7981671,4014.69
13688,8007044,4014.69
13688,8031457,4014.7
13688,8055834,4014.7
13688,8080659,4014.71
13688,8105512,4014.71
13688,8130187,4014.76
13688,8154948,4014.76
13688,8179161,4014.64
13688,8204432,4014.64
13688,8229902,4014.64
13688,8255109,4014.66
13688,8280211,4014.66
13688,8305150,4014.71
13688,8329915,4014.71
13688,8354572,4014.7
13688,8379896,4014.7
13688,8404352,4014.7
13688,8429141,4014.67
13688,8453333,4014.67
13688,8477460,4014.66
13688,8502658,4014.66
13688,8527359,4014.68
13688,8551824,4014.68
13688,8576718,4014.69
13688,8601597,4014.69
13688,8626026,4014.69
13688,8650895,4014.71
13688,8675514,4014.71
13688,8700293,4014.64
13688,8724350,4014.64
13688,8748820,4014.7
13688,8773011,4014.7
13688,8788020,4014.7
13688,8788333,4014.7
13688,8788626,4014.7
13688,8788918,4014.53
13688,8789221,4014.53
13688,8789513,4014.53
13688,8789794,4014.53
13688,8790029,4014.53
13688,8790648,4014.53
13688,8804506,4014.53
13688,8829242,4014.53
13688,8854381,4014.53
13688,8879898,4014.64
13688,8905313,4014.64
13688,8930155,4014.7
13688,8954727,4014.7
13688,8979437,4014.69
13688,9004131,4014.69
13688,9028454,4014.69
13688,9053153,4014.69
13688,9077958,4014.69
13688,9103244,4014.69
13688,9128835,4014.69
13688,9154414,4014.68
13688,9179862,4014.68
13688,9205417,4014.68
13688,9230444,4014.72
13688,9255412,4014.72
13688,9280375,4014.71
13688,9305301,4014.71
13688,9330017,4014.73
13688,9355259,4014.73
13688,9380340,4014.71
13688,9405677,4014.71
13688,9430756,4014.71
13688,9455795,4014.69
13688,9480906,4014.69
13688,9506025,4014.77
13688,9530618,4014.77
13688,9555085,4014.71
13688,9579587,4014.71
13688,9584976,4014.61
13688,9585274,4014.61
13688,9586141,4014.61
13688,9602660,4014.53
13688,9628652,4014.53
13688,9654660,4014.71
13688,9680280,4014.71
13688,9705447,4014.7
13688,9730535,4014.7
13688,9755474,4014.7
13688,9780572,4014.68
13688,9805776,4014.68
13688,9830872,4014.65
13688,9855600,4014.65
13688,9880200,4014.71
13688,9905348,4014.71
13688,9930045,4014.7
13688,9955156,4014.7
13688,9980044,4014.7
13688,10004624,4014.72
13688,10029674,4014.72
13688,10054482,4014.69
13688,10079342,4014.69
13688,10104025,4014.7
13688,10118837,4014.7
13688,10118837,4014.68
13688,1304852,4014.68
13688,1330294,4014.68
13688,1354772,4014.68
13688,1379334,4014.73
13688,1404049,4014.73
13688,1428768,4014.73
13688,1453812,4014.73
13688,1478906,4014.67
13688,1503762,4014.67
13688,1529233,4014.7
13688,1554183,4014.7
13688,1579038,4014.7
13688,1604001,4014.72
13688,1629072,4014.72
13688,1654546,4014.71
13688,1679762,4014.71
13688,1695856,4014.75
13688,1696182,4014.75
13688,1696407,4014.53
13688,1701074,4014.53
13688,1724054,4014.53
13688,1749505,4014.51
13688,1775076,4014.51
13688,1800273,4014.68
13688,1825100,4014.68
13688,1850103,4014.7
13688,1874409,4014.7
13688,1898720,4014.7
13688,1923364,4014.71
13688,1947506,4014.71
13688,1971667,4014.69
13688,1996121,4014.69
13688,2019800,4014.67
13688,2043739,4014.67
13688,2068111,4014.79
13688,2092786,4014.79
13688,2117466,4014.79
13688,2142414,4014.72
13688,2166994,4014.72
13688,2191580,4014.75
13688,2216964,4014.75
13688,2241514,4014.7
13688,2266330,4014.7
13688,2290524,4014.7
13688,2314703,4014.71
13688,2339157,4014.71
13688,2363232,4014.73
13688,2387841,4014.73
13688,2411843,4014.73
13688,2436437,4014.73
13688,2460873,4014.73
13688,2485851,4014.73
13688,2511313,4014.73
13688,2536295,4014.74
13688,2560869,4014.74
13688,2585538,4014.73
13688,2610421,4014.73
13688,2634593,4014.68
13688,2659274,4014.68
13688,2683339,4014.66
13688,2707305,4014.66
13688,2731601,4014.66
13688,2756068,4014.72
13688,2781236,4014.72
13688,2806473,4014.73
13688,2831072,4014.73
13688,2856166,4014.72
13688,2880862,4014.72
13688,2905683,4014.72
13688,2930257,4014.72
13688,2954584,4014.72
13688,2979540,4014.72
13688,3003739,4014.72
13688,3028070,4014.68
13688,3052177,4014.68
13688,3076187,4014.71
13688,3099859,4014.71
13688,3124343,4014.71
13688,3148738,4014.73
13688,3173023,4014.73
13688,3197029,4014.71
13688,3221514,4014.71
13688,3245678,4014.72
13688,3270740,4014.72
13688,3296169,4014.75
13688,3321306,4014.75
13688,3345261,4014.75
13688,3370247,4014.65
13688,3394899,4014.65
13688,3420128,4014.75
13688,3445323,4014.75
13688,3469781,4014.74
13688,3494105,4014.74
13688,3518283,4014.74
13688,3543136,4014.7
13688,3568078,4014.7
13688,3592189,4014.69
13688,3616350,4014.69
13688,3640649,4014.69
13688,3665209,4014.69
13688,3689540,4014.69
13688,3713766,4014.69
13688,3737874,4014.69
13688,3762281,4014.72
13688,3786584,4014.72
13688,3811806,4014.7
13688,3836551,4014.7
13688,3861468,4014.73
13688,3886793,4014.73
13688,3912271,4014.69
13688,3937374,4014.69
13688,3962446,4014.69
13688,3987338,4014.72
13688,4012258,4014.72
13688,4037194,4014.72
13688,4061975,4014.72
13688,4086987,4014.69
13688,4111956,4014.69
13688,4136531,4014.69
13688,4161505,4014.76
13688,4186216,4014.76
13688,4210516,4014.72
13688,4235055,4014.72
13688,4259311,4014.79
13688,4283981,4014.79
13688,4308387,4014.67
13688,4333091,4014.67
13688,4357772,4014.67
13688,4382068,4014.71
13688,4406479,4014.71
13688,4430795,4014.74
13688,4455776,4014.74
13688,4480087,4014.71
13688,4505032,4014.71
13688,4529763,4014.73
13688,4554075,4014.73
13688,4578663,4014.73
13688,4602717,4014.7
13688,4627300,4014.7
13688,4651996,4014.76
13688,4676710,4014.76
13688,4700635,4014.68
13688,4725094,4014.68
13688,4749521,4014.68
13688,4773581,4014.72
13688,4797799,4014.72
13688,4822098,4014.7
13688,4846749,4014.7
13688,4872527,4014.72
13688,4898002,4014.72
13688,4922837,4014.69
13688,4947791,4014.69
13688,4972891,4014.69
13688,4997718,4014.72
13688,5021818,4014.72
13688,5046604,4014.67
13688,5071947,4014.67
13688,5096292,4014.7
13688,5120342,4014.7
13688,5144699,4014.71
13688,5169112,4014.71
13688,5193803,4014.71
13688,5218327,4014.73
13688,5242891,4014.73
13688,5267720,4014.73
13688,5292629,4014.73
13688,5316913,4014.75
13688,5342044,4014.75
13688,5366861,4014.75
13688,5391563,4014.7
13688,5415983,4014.7
13688,5440918,4014.66
13688,5466848,4014.66
13688,5492571,4014.71
13688,5517790,4014.71
13688,5542195,4014.65
13688,5566926,4014.65
13688,5591254,4014.65
13688,5615757,4014.67
13688,5640847,4014.67
13688,5665363,4014.7
13688,5689804,4014.7
13688,5714900,4014.71
13688,5739224,4014.71
13688,5764442,4014.76
13688,5789016,4014.76
13688,5814093,4014.76
13688,5838685,4014.67
13688,5862989,4014.67
13688,5887445,4014.7
13688,5912266,4014.7
13688,5936808,4014.72
13688,5961557,4014.72
13688,5986385,4014.79
13688,6010742,4014.79
13688,6035448,4014.79
13688,6060107,4014.72
13688,6084761,4014.72
13688,6109359,4014.71
13688,6133711,4014.71
13688,6158148,4014.7
13688,6182249,4014.7
13688,6206544,4014.7
13688,6230734,4014.71
13688,6255325,4014.71
13688,6279938,4014.7
13688,6305480,4014.7
13688,6330724,4014.7
13688,6355895,4014.7
13688,6380521,4014.71
13688,6405971,4014.71
13688,6430292,4014.71
13688,6454624,4014.69
13688,6479323,4014.69
13689,60773,4014.72
13689,85730,4014.72
13689,110830,4014.67
13689,135655,4014.67
13689,160499,4014.67
13689,185340,4014.66
13689,210443,4014.66
13689,235486,4014.73
13689,260490,4014.73
13689,284918,4014.67
13689,310001,4014.67
13689,334932,4014.74
13689,359800,4014.74
13689,384719,4014.74
13689,409826,4014.69
13689,434829,4014.69
13689,459784,4014.72
13689,484705,4014.72
13689,509581,4014.67
13689,534518,4014.67
13689,560103,4014.67
13689,585191,4014.69
13689,610795,4014.69
13689,636135,4014.72
13689,661122,4014.72
13689,686282,4014.73
13689,710923,4014.73
13689,735993,4014.73
13689,760746,4014.73
13689,785238,4014.73
13689,809583,4014.71
13689,833902,4014.71
13689,858064,4014.69
13689,882379,4014.69
13689,906851,4014.67
13689,931187,4014.67
13689,956002,4014.67
13689,981243,4014.71
13689,1005716,4014.71
13689,1029878,4014.67
13689,1054812,4014.67
13689,1079136,4014.73
13689,1104228,4014.73
13689,1128986,4014.77
13689,1154025,4014.77
13689,1178126,4014.77
13689,1202798,4014.69
13689,1228065,4014.69
13689,1252731,4014.71
13689,1277680,4014.71
13689,1301950,4014.67
13689,1326859,4014.67
13689,1351715,4014.69
13689,1376244,4014.69
13689,1400805,4014.69
13689,1425253,4014.67
13689,1450226,4014.67
13689,1474786,4014.71
13689,1499729,4014.71
13689,1524326,4014.75
13689,1549278,4014.75
13689,1574127,4014.75
13689,1599190,4014.72
13689,1624546,4014.72
13689,1625580,4014.74
13689,1625580,4014.74
13689,1625580,4014.7
13689,1625580,4014.7
13689,1625580,4014.67
13689,1625580,4014.67
13689,1625580,4014.67
13689,1625580,4014.63
13689,1625580,4014.63
13689,1625580,4014.71
13689,1625580,4014.71
13689,1625580,4014.71
13689,1625580,4014.71
13689,1625580,4014.71
13689,1625580,4014.73
13689,1625580,4014.73
13689,1625580,4014.72
13689,1625580,4014.72
13689,1625580,4014.71
13689,1625580,4014.71
13689,1625580,4014.71
13689,1625580,4014.71
13689,1625580,4014.71
13689,1625580,4014.69
13689,1625580,4014.69
13689,1625580,4014.65
13689,1625580,4014.65
13689,1625580,4014.67
13689,1625580,4014.67
13689,1625580,4014.67
13689,1625580,4014.69
13689,1625580,4014.69
13689,1625580,4014.69
13689,1625580,4014.69
13694,55434,4014.66
13694,80256,4014.66
13694,104772,4014.73
13694,128991,4014.73
13694,153292,4014.68
13694,177646,4014.68
13694,201589,4014.68
13694,226480,4014.68
13694,251962,4014.68
13694,277034,4014.71
13694,301796,4014.71
13694,326509,4014.66
13694,351588,4014.66
13694,376592,4014.69
13694,401956,4014.69
13694,426998,4014.69
13694,452210,4014.72
13694,477148,4014.72
13694,501552,4014.67
13694,526490,4014.67
13694,551153,4014.75
13694,575728,4014.75
13694,600445,4014.65
13694,624728,4014.65
13694,6508833,4014.72
13694,6533663,4014.66
13694,6558384,4014.66
13694,6583232,4014.66
13694,6608015,4014.73
13694,6632399,4014.73
13694,6656682,4014.78
13694,6680739,4014.78
13694,6705704,4014.71
13694,6730550,4014.71
13694,6755250,4014.75
13694,6779743,4014.75
13694,6804657,4014.75
13694,7099750,4014.63
13694,7124706,4014.63
13694,648858,4014.65
13694,672856,4014.77
13694,697073,4014.77
13694,721885,4014.71
13694,746212,4014.71
13694,771054,4014.7
13694,795537,4014.7
13694,820352,4014.7
13694,845670,4014.7
13694,870451,4014.7
13694,894969,4014.68
13694,919409,4014.68
13694,944090,4014.71
13694,968838,4014.71
13694,993326,4014.7
13694,1018339,4014.7
13694,1042543,4014.7
13694,1067503,4014.65
13694,1092587,4014.65
13694,1117336,4014.68
13694,1142617,4014.68
13694,1167866,4014.68
13694,1193193,4014.68
13694,1218106,4014.68
13694,1243507,4014.7
13694,1268714,4014.7
13694,1293791,4014.73
13694,7149476,4014.66
13694,7173940,4014.66
13694,7198405,4014.66
13694,7200285,4014.72
13694,7200573,4014.72
13694,7200876,4014.53
13694,7201167,4014.53
13694,7201540,4014.53
13694,7201760,4014.53
13694,7202049,4014.53
13694,7202339,4014.53
13694,7202631,4014.53
13694,7202915,4014.53
13694,7203209,4014.53
13694,7203505,4014.53
13694,7203787,4014.53
13694,7204090,4014.53
13694,7204371,4014.53
13694,7204744,4014.53
13694,7205017,4014.53
13694,7217623,4014.53
13694,7240642,4014.53
13694,7264909,4014.53
13694,7289298,4014.75
13694,7313622,4014.75
13694,7338140,4014.75
13694,7362727,4014.69
13694,7386821,4014.69
13694,7411097,4014.69
13694,7435228,4014.69
13694,7459795,4014.67
13694,7484241,4014.67
13694,7508663,4014.7
13694,7533120,4014.7
13694,7557956,4014.7
13694,7582764,4014.68
13694,7607869,4014.68
13694,7620183,4014.7
13694,7620474,4014.7
13694,7620776,4014.53
13694,7621063,4014.53
13694,7621360,4014.53
13694,7621657,4014.53
13694,7621941,4014.53
13694,7622217,4014.53
13694,7622519,4014.53
13694,7623001,4014.53
13694,7636937,4014.53
13694,7660584,4014.73
13694,7685220,4014.73
13694,7710276,4014.73
13694,7735110,4014.68
13694,7760259,4014.68
13694,7784926,4014.67
13694,7810096,4014.67
13694,7834815,4014.7
13694,7859804,4014.7
13694,7884508,4014.7
13694,7909075,4014.7
13694,7933530,4014.7
13694,7957980,4014.71
13694,7982812,4014.71
13694,8007894,4014.72
13694,8032990,4014.72
13694,8058036,4014.61
13694,8083293,4014.61
13694,8108740,4014.61
13694,8133592,4014.74
13694,8158809,4014.74
13694,8183772,4014.71
13694,8208629,4014.71
13694,8233438,4014.62
13694,8258607,4014.62
13694,8283487,4014.62
13694,8308575,4014.71
13694,8333263,4014.71
13694,8358489,4014.74
13694,8383852,4014.74
13694,8409075,4014.69
13694,8433758,4014.69
13694,8458717,4014.72
13694,8483768,4014.72
13694,8508717,4014.72
13694,8533564,4014.72
13694,8558540,4014.72
13694,8583755,4014.67
13694,8609120,4014.67
13694,8634308,4014.7
13694,8659317,4014.7
13694,8684258,4014.71
13694,8709193,4014.71
13694,8733428,4014.71
13694,8758085,4014.7
13694,8782699,4014.7
13694,8807631,4014.71
13694,8832511,4014.71
13694,8857392,4014.71
13694,8881939,4014.71
13694,8906589,4014.71
13694,8931487,4014.7
13694,8956071,4014.7
13694,8981060,4014.72
13694,9006030,4014.72
13694,9031572,4014.68
13694,9057224,4014.68
13694,9083076,4014.68
13694,9108422,4014.69
13694,9133650,4014.69
13694,9158634,4014.65
13694,9183625,4014.65
13694,9188127,4014.74
13694,9188406,4014.74
13694,9188699,4014.53
13694,9190525,4014.53
13694,9209249,4014.53
13694,9234909,4014.53
13694,9260713,4014.53
13694,9286014,4014.66
13694,9311109,4014.66
13694,9336136,4014.71
13694,9361030,4014.71
13694,9386027,4014.71
13694,9410446,4014.69
13694,9421275,4014.69
13694,9421589,4014.75
13694,9421875,4014.75
13694,9422149,4014.53
13694,9422457,4014.53
13694,9429108,4014.53
13694,9453303,4014.53
13694,9479301,4014.53
13694,9505261,4014.68
13694,9530662,4014.68
13694,9556167,4014.64
13694,9581310,4014.64
13694,9606458,4014.77
13694,9631109,4014.77
13694,9655999,4014.77
13694,9681016,4014.66
13694,9706505,4014.66
13694,9731717,4014.68
13694,9756400,4014.68
13694,9781504,4014.72
13694,9806321,4014.72
13694,9831434,4014.72
13694,9856083,4014.67
13694,9880697,4014.67
13694,9905439,4014.69
13694,9930406,4014.69
13694,9955620,4014.63
13694,9980920,4014.63
13694,10005506,4014.63
13694,10030727,4014.67
13694,10055763,4014.67
13694,10080948,4014.66
13694,10106064,4014.66
13694,10131171,4014.73
13694,10155996,4014.73
13694,10180892,4014.65
13694,10206251,4014.65
13694,10231351,4014.65
13694,10256404,4014.69
13694,10281322,4014.69
13694,10306282,4014.68
13694,10405494,4014.68
13694,10430077,4014.74
13694,10454770,4014.74
13694,10479378,4014.69
13694,10503965,4014.69
13694,10528640,4014.69
13694,10553073,4014.69
13694,10577530,4014.68
13694,10602426,4014.68
13694,10627758,4014.68
13694,10653189,4014.67
13694,10678026,4014.67
13694,10703232,4014.68
13694,10728298,4014.68
13694,10753009,4014.7
13694,10777186,4014.7
13694,10801903,4014.7
13694,10826616,4014.7
13694,10851167,4014.7
13694,10875502,4014.72
13694,10899894,4014.72
13694,10924541,4014.74
13694,10949232,4014.74
13694,10974597,4014.72
13694,10999964,4014.72
13694,11025031,4014.72
13694,11050237,4014.75
13694,11075198,4014.75
13694,11100249,4014.68
13694,11125107,4014.68
13694,11149544,4014.67
13694,11174125,4014.67
13694,11198513,4014.67
13694,11223051,4014.67
13694,11247731,4014.67
13694,11272606,4014.66
13694,11297271,4014.66
13694,11321967,4014.7
13694,11346294,4014.7
13694,11370991,4014.65
13694,11395947,4014.65
13694,11420864,4014.65
13694,11446150,4014.71
13694,11471222,4014.71
13694,11496450,4014.74
13694,11521560,4014.74
13694,11546235,4014.69
13694,11571224,4014.69
13694,11596150,4014.67
13694,11621077,4014.67
13694,11645821,4014.67
13694,11670511,4014.68
13694,11695355,4014.68
13694,11720448,4014.7
13694,11745314,4014.7
13694,11770173,4014.61
13694,11794953,4014.61
13694,11819703,4014.61
13694,11844567,4014.71
13694,11869385,4014.71
13694,11894885,4014.68
13694,11920381,4014.68
13694,11945670,4014.72
13694,11970857,4014.72
13694,11996287,4014.74
13694,12021363,4014.74
13694,12046771,4014.74
13694,12072582,4014.68
13694,12097686,4014.68
13694,12123092,4014.73
13694,12148312,4014.73
13694,12172960,4014.73
13694,12197882,4014.7
13694,12222867,4014.7
13694,12247294,4014.71
13694,12272281,4014.71
13694,12297182,4014.7
13694,12321969,4014.7
13694,12346963,4014.67
13694,12372482,4014.67
13694,12397961,4014.67
13694,12423297,4014.73
13694,12448625,4014.73
13694,12474224,4014.69
13694,12499574,4014.69
13694,12525137,4014.76
13694,12550423,4014.76
13694,12575327,4014.7
13694,12600700,4014.7
13694,12625649,4014.7
13694,12648445,4014.72
13694,12648828,4014.72
13694,12649128,4014.74
13694,12649405,4014.74
13694,12649649,4014.53
13694,12649936,4014.53
13694,12650226,4014.53
13694,12650435,4014.53
13694,12650799,4014.53
13694,12651068,4014.53
13694,12651377,4014.53
13694,12651658,4014.53
13694,12655417,4014.53
13694,12676892,4014.53
13694,12702182,4014.53
13694,12726662,4014.53
13694,12751366,4014.7
13694,12776523,4014.7
13694,12995269,4014.7
13694,13019719,4014.7
13694,13035543,4014.74
13694,13035813,4014.74
13694,13037006,4014.53
13694,13053153,4014.53
13694,13078205,4014.69
13694,13103422,4014.69
13694,13128133,4014.69
13694,13152334,4014.68
13694,13176906,4014.68
13694,13201505,4014.68
13694,13226081,4014.68
13694,13251142,4014.67
13694,13275855,4014.67
13694,13300625,4014.67
13694,13325645,4014.71
13694,13350228,4014.71
13694,13370232,4014.71
13694,13370480,4014.71
13694,13370789,4014.53
13694,13371079,4014.53
13694,13375557,4014.53
13694,13399384,4014.53
13694,13425099,4014.53
13694,13450803,4014.67
13694,13476061,4014.67
13694,13500750,4014.68
13694,13525990,4014.68
13694,13550741,4014.63
13694,13575712,4014.63
13694,13600997,4014.63
13694,13626212,4014.7
13694,1318514,4014.73
13694,1343179,4014.73
13694,1367917,4014.73
13694,1392611,4014.59
13694,1417468,4014.59
13694,1442017,4014.59
13694,1467118,4014.67
13694,1491691,4014.67
13694,1516406,4014.69
13694,1541785,4014.69
13694,1566670,4014.64
13694,1591917,4014.64
13694,1616505,4014.64
13694,1641434,4014.69
13694,1666537,4014.69
13694,1691614,4014.76
13694,1716507,4014.76
13694,1741413,4014.64
13694,1766761,4014.64
13694,1792109,4014.64
13694,1817595,4014.72
13694,1843060,4014.72
13694,1868398,4014.73
13694,1893191,4014.73
13694,1918532,4014.66
13694,1943804,4014.66
13694,13651380,4014.7
13694,13676582,4014.69
13694,13701476,4014.69
13694,13709360,4014.65
13694,13709648,4014.65
13694,13716106,4014.65
13694,13741295,4014.53
13694,13767469,4014.53
13694,13792830,4014.64
13694,13818040,4014.64
13694,13843107,4014.67
13694,13868079,4014.67
13694,13892901,4014.67
13694,13917785,4014.71
13694,13942831,4014.71
13694,13968030,4014.7
13694,13978064,4014.7
13694,13978353,4014.71
13694,13978642,4014.71
13694,13986269,4014.53
13694,14010857,4014.53
13694,14036617,4014.53
13694,14062573,4014.66
13694,14088280,4014.66
13694,14101020,4014.68
13694,14101352,4014.68
13694,14107581,4014.53
13694,14131420,4014.53
13694,14156730,4014.61
13694,14182193,4014.61
13694,14206912,4014.61
13694,14304823,4014.69
13694,14329396,4014.66
13694,14353602,4014.66
13694,14378419,4014.66
13694,14403645,4014.65
13694,14428619,4014.65
13694,14454441,4014.67
13694,14479992,4014.67
13694,14964913,4014.65
13694,14989758,4014.65
13694,15014831,4014.68
13694,15039908,4014.68
13694,15045464,4014.72
13694,15045831,4014.72
13694,15054568,4014.72
13694,15079829,4014.53
13694,15105723,4014.53
13694,15131656,4014.63
13694,15156485,4014.63
13694,15181194,4014.67
13694,15205527,4014.67
13694,15230419,4014.68
13694,15255171,4014.68
13694,15280147,4014.68
13694,15285463,4014.67
13694,15285749,4014.67
13694,15285985,4014.53
13694,15296913,4014.53
13694,15322783,4014.53
13694,15348351,4014.53
13694,15373842,4014.62
13694,15398694,4014.62
13694,15423512,4014.62
13694,15448388,4014.69
13694,15473157,4014.69
13694,15497890,4014.71
13694,15522223,4014.71
13694,15546728,4014.7
13694,15570881,4014.7
13694,15595681,4014.7
13694,15619815,4014.69
13694,15644080,4014.69
13694,15669251,4014.68
13694,15694141,4014.68
13694,15719153,4014.75
13694,15743646,4014.75
13694,15768368,4014.69
13694,15793191,4014.69
13694,15817878,4014.69
13694,15842296,4014.69
13694,15867108,4014.69
13694,15891782,4014.64
13694,15917169,4014.64
13694,15942058,4014.7
13694,15966873,4014.7
13694,15992393,4014.7
13694,16017449,4014.68
13694,16042803,4014.68
13694,16068257,4014.71
13694,16093846,4014.71
13694,16119731,4014.71
13694,16145443,4014.71
13694,16170703,4014.72
13694,16248015,4014.7
13694,16273958,4014.7
13694,16298905,4014.68
13694,16323149,4014.68
13694,16347860,4014.74
13694,16372655,4014.74
13694,16397664,4014.74
13694,16422686,4014.74
13694,16447892,4014.74
13694,16472660,4014.66
13694,16497564,4014.66
13694,16522517,4014.66
13694,16547275,4014.66
13694,16572185,4014.68
13694,16597285,4014.68
13694,16622522,4014.68
13694,16647599,4014.65
13694,16672673,4014.65
13694,16698117,4014.71
13694,16723486,4014.71
13694,16748971,4014.71
13694,16774419,4014.71
13694,16799619,4014.71
13694,16824897,4014.67
13694,16900509,4014.75
13694,16926149,4014.68
13694,16952141,4014.68
13694,16977952,4014.68
13694,17003160,4014.71
13694,17028251,4014.71
13694,17053717,4014.7
13694,17078762,4014.7
13694,17104080,4014.71
13694,17129217,4014.71
13694,17154109,4014.67
13694,17178786,4014.67
13694,17203731,4014.67
13694,17228850,4014.72
13694,17253498,4014.72
13694,17278625,4014.74
13694,17303214,4014.74
13694,17328299,4014.68
13694,17551384,4014.7
13694,17576509,4014.7
13694,17601202,4014.7
13694,17626009,4014.66
13694,17650860,4014.66
13694,17675416,4014.74
13694,17699682,4014.74
13694,17722157,4014.64
13694,17722704,4014.64
13694,17723020,4014.69
13694,17723307,4014.69
13694,17723587,4014.69
13694,17723952,4014.53
13694,17728447,4014.53
13694,17751788,4014.53
13694,17776824,4014.53
13694,17802039,4014.6
13694,17826240,4014.6
13694,17826554,4014.6
13694,17826849,4014.68
13694,17827141,4014.68
13694,17830245,4014.53
13694,17849690,4014.53
13694,17874386,4014.79
13694,17899539,4014.79
13694,17919435,4014.68
13694,17919664,4014.68
13694,17919934,4014.68
13694,17931217,4014.53
13694,18207597,4014.71
13694,18232698,4014.71
13694,18257872,4014.67
13694,18283092,4014.67
13694,18308037,4014.67
13694,18332963,4014.7
13694,18357644,4014.7
13694,18382610,4014.66
13694,18407135,4014.66
13694,18431558,4014.65
13694,18456291,4014.65
13694,18480840,4014.73
13694,18505847,4014.73
13694,18531200,4014.73
13694,18556372,4014.72
13694,18581780,4014.72
13694,18855755,4014.76
13694,18880629,4014.73
13694,18905335,4014.73
13694,18930248,4014.73
13694,18954845,4014.76
13694,18979284,4014.76
13694,19004120,4014.72
13694,19028557,4014.72
13694,19052999,4014.69
13694,19077717,4014.69
13694,19102033,4014.69
13694,19106883,4014.71
13694,19107088,4014.71
13694,19107381,4014.53
13694,19107684,4014.53
13694,19107980,4014.53
13694,19108280,4014.53
13694,19108740,4014.53
13694,19120982,4014.53
13694,19146291,4014.53
13694,19171733,4014.85
13694,19197148,4014.85
13694,19221413,4014.68
13694,19523611,4014.66
13694,19547772,4014.66
13694,19572446,4014.64
13694,19596827,4014.64
13694,19621504,4014.68
13694,19646366,4014.68
13694,19671077,4014.71
13694,19695624,4014.71
13694,19720229,4014.7
13694,19744429,4014.7
13694,19744708,4014.7
13694,19745010,4014.69
13694,19745302,4014.69
13694,19745589,4014.53
13694,19745886,4014.53
13694,19746177,4014.53
13694,19746480,4014.53
13694,19748763,4014.53
13694,19766088,4014.53
13694,19790358,4014.53
13694,19815671,4014.73
13694,19840919,4014.73
13694,19866342,4014.71
13694,19892232,4014.71
13694,19917603,4014.65
13694,19942417,4014.65
13694,19967525,4014.65
13694,19969962,4014.69
13694,19970256,4014.69
13694,19971306,4014.53
13694,19989659,4014.53
13694,20015321,4014.76
13694,20041832,4014.76
13694,20060995,4014.68
13694,20060995,4014.68
13694,1968891,4014.66
13694,1993990,4014.74
13694,2019050,4014.74
13694,2044162,4014.68
13694,2069348,4014.68
13694,2093837,4014.65
13694,2118670,4014.65
13694,2142979,4014.72
13694,2167887,4014.72
13694,2193544,4014.72
13694,2219493,4014.64
13694,2245330,4014.64
13694,2270826,4014.68
13694,2296056,4014.68
13694,2321254,4014.67
13694,2346018,4014.67
13694,2370763,4014.67
13694,2395259,4014.65
13694,2419299,4014.65
13694,2444193,4014.69
13694,2468887,4014.69
13694,2493330,4014.7
13694,2518075,4014.7
13694,2542832,4014.7
13694,2567538,4014.7
13694,2585785,4014.7
13694,2586094,4014.71
13694,2591518,4014.71
13694,2616668,4014.53
13694,2642426,4014.53
13694,2667835,4014.62
13694,2692944,4014.62
13694,2718105,4014.62
13694,2743038,4014.67
13694,2767808,4014.67
13694,2793266,4014.68
13694,2818574,4014.68
13694,2843667,4014.72
13694,2868671,4014.72
13694,2893703,4014.72
13694,2918582,4014.71
13694,2943768,4014.71
13694,2968860,4014.69
13694,2993853,4014.69
13694,3018532,4014.69
13694,3043296,4014.69
13694,3067959,4014.7
13694,3083003,4014.7
13694,3083298,4014.7
13694,3083536,4014.72
13694,3083833,4014.72
13694,3084118,4014.53
13694,3084416,4014.53
13694,3084706,4014.53
13694,3084997,4014.53
13694,3085296,4014.53
13694,3085605,4014.53
13694,3085924,4014.53
13694,3086213,4014.53
13694,3086509,4014.53
13694,3086794,4014.53
13694,3087044,4014.53
13694,3087335,4014.53
13694,3087624,4014.53
13694,3087911,4014.53
13694,3088195,4014.53
13694,3088813,4014.53
13694,3100086,4014.53
13694,3100585,4014.53
13694,3100867,4014.53
13694,3108300,4014.53
13694,3132045,4014.48
13694,3156706,4014.48
13694,3181787,4014.48
13694,3206874,4014.67
13694,3231484,4014.67
13694,3256369,4014.67
13694,3281230,4014.67
13694,3306344,4014.64
13694,3331531,4014.64
13694,3356556,4014.64
13694,3380571,4014.68
13694,3404526,4014.68
13694,3428711,4014.68
13694,3452967,4014.68
13694,3477720,4014.62
13694,3503580,4014.62
13694,3529071,4014.68
13694,3555028,4014.68
13694,3580619,4014.68
13694,3605786,4014.75
13694,3630648,4014.75
13694,3655425,4014.72
13694,3680207,4014.72
13694,3705177,4014.69
13694,3729843,4014.69
13694,3754561,4014.69
13694,3778991,4014.66
13694,3804116,4014.66
13694,3825488,4014.66
13694,3825778,4014.66
13694,3826716,4014.53
13694,3843367,4014.53
13694,3869059,4014.68
13694,3894588,4014.68
13694,3919765,4014.68
13694,3944919,4014.7
13694,3969681,4014.7
13694,3994903,4014.72
13694,4019688,4014.72
13694,4044395,4014.75
13694,4069024,4014.75
13694,4093604,4014.75
13694,4118467,4014.67
13694,4143397,4014.67
13694,4168323,4014.64
13694,4193438,4014.64
13694,4218643,4014.64
13694,4243884,4014.64
13694,4269273,4014.68
13694,4294433,4014.68
13694,4318980,4014.68
13694,4343817,4014.7
13694,4368644,4014.7
13694,4393299,4014.7
13694,4418196,4014.7
13694,4443223,4014.73
13694,4468068,4014.73
13694,4493190,4014.73
13694,4518813,4014.66
13694,4544169,4014.66
13694,4569870,4014.72
13694,4595102,4014.72
13694,4620560,4014.68
13694,4645925,4014.68
13694,4671008,4014.71
13694,4695836,4014.71
13694,4720626,4014.71
13694,4745663,4014.69
13694,4770714,4014.69
13694,4795340,4014.61
13694,4819620,4014.61
13694,4844580,4014.68
13694,4869246,4014.68
13694,4893989,4014.65
13694,4918566,4014.65
13694,4943012,4014.65
13694,4967717,4014.72
13694,4992799,4014.72
13694,5017639,4014.68
13694,5042958,4014.68
13694,5068201,4014.7
13694,5094020,4014.7
13694,5119633,4014.7
13694,5138784,4014.68
13694,5139049,4014.68
13694,5139329,4014.53
13694,5141034,4014.53
13694,5158557,4014.53
13694,5184054,4014.53
13694,5209998,4014.66
13694,5236017,4014.66
13694,5261607,4014.66
13694,5287078,4014.71
13694,5312626,4014.71
13694,5337437,4014.68
13694,5362290,4014.68
13694,5387336,4014.7
13694,5412000,4014.7
13694,5436681,4014.7
13694,5461091,4014.67
13694,5485584,4014.67
13694,5509890,4014.7
13694,5534139,4014.7
13694,5558744,4014.66
13694,5584030,4014.66
13694,5609434,4014.68
13694,5634686,4014.68
13694,5660140,4014.68
13694,5685821,4014.7
13694,5711008,4014.7
13694,5736464,4014.68
13694,5761472,4014.68
13694,5786777,4014.73
13694,5811743,4014.73
13694,5836783,4014.73
13694,5861685,4014.72
13694,5886756,4014.72
13694,5912099,4014.7
13694,5937196,4014.7
13694,5962161,4014.73
13694,5987127,4014.73
13694,6012237,4014.68
13694,6037496,4014.68
13694,6062102,4014.68
13694,6086874,4014.74
13694,6111366,4014.74
13694,6135841,4014.69
13694,6160589,4014.69
13694,6185837,4014.68
13694,6210997,4014.68
13694,6236077,4014.68
13694,6261046,4014.66
13694,6285436,4014.66
13694,6309936,4014.69
13694,6334358,4014.69
13694,6358917,4014.66
13694,6383927,4014.66
13694,6409015,4014.66
13694,6433703,4014.7
13694,6459055,4014.7
13694,6484152,4014.72
13695,60601,4014.68
13695,85343,4014.68
13695,110178,4014.68
13695,134305,4014.68
13695,159689,4014.68
13695,184968,4014.68
13695,210409,4014.71
13695,235259,4014.71
13695,260085,4014.71
13695,284966,4014.73
13695,310263,4014.73
13695,335350,4014.73
13695,354499,4014.73
13695,354734,4014.77
13695,355033,4014.77
13695,355324,4014.53
13695,365240,4014.53
13695,390981,4014.53
13695,416530,4014.74
13695,442176,4014.74
13695,467137,4014.61
13695,491834,4014.61
13695,516305,4014.69
13695,540588,4014.69
13695,565047,4014.69
13695,589224,4014.71
13695,613613,4014.71
13695,638429,4014.66
13695,663064,4014.66
13695,687797,4014.73
13695,712499,4014.73
13695,737457,4014.73
13695,762555,4014.69
13695,787248,4014.69
13695,811948,4014.76
13695,836361,4014.76
13695,861113,4014.74
13695,885643,4014.74
13695,910277,4014.72
13695,935669,4014.72
13695,960944,4014.72
13695,986108,4014.65
13695,1011135,4014.65
13695,1036346,4014.72
13695,1061434,4014.72
13695,1086588,4014.71
13695,1111729,4014.71
13695,1136702,4014.71
13695,1161666,4014.65
13695,1186491,4014.65
13695,1211525,4014.7
13695,1236182,4014.7
13695,1260587,4014.7
13695,1284899,4014.7
13695,1309763,4014.74
13695,1335124,4014.74
13695,1360186,4014.74
13695,1385513,4014.65
13695,1410614,4014.65
13695,1435836,4014.68
13695,1460797,4014.68
13695,1485785,4014.72
13695,1510582,4014.72
13695,1535631,4014.72
13695,1560528,4014.71
13695,1585477,4014.71
13695,1610817,4014.71
13695,1636517,4014.71
13695,1661872,4014.74
13695,1687088,4014.74
13695,1712308,4014.68
13695,1737829,4014.68
13695,1763514,4014.68
13695,1766318,4014.73
13695,1766657,4014.73
13695,1768813,4014.53
13695,1788461,4014.53
13695,1812943,4014.7
13695,1838059,4014.7
13695,1863336,4014.7
13695,1888786,4014.67
13695,1914091,4014.67
13695,1939654,4014.66
13695,1964764,4014.66
13695,1989622,4014.69
13695,2014752,4014.69
13695,2039515,4014.72
13695,2064315,4014.72
13695,2088804,4014.72
13695,2113386,4014.67
13695,2138222,4014.67
13695,2163012,4014.72
13695,2187365,4014.72
13695,2212245,4014.63
13695,2237346,4014.63
13695,2262288,4014.63
13695,2287598,4014.69
13695,2313054,4014.69
13695,2338760,4014.72
13695,2364377,4014.72
13695,2389706,4014.67
13695,2414699,4014.67
13695,2439659,4014.71
13695,2465078,4014.71
13695,2490041,4014.71
13695,2514423,4014.71
13695,2539242,4014.71
13695,2564316,4014.71
13695,2589910,4014.71
13695,2615172,4014.77
13695,2640629,4014.77
13695,2666535,4014.77
13695,2691561,4014.74
13695,2716881,4014.74
13695,2741985,4014.74
13695,2766671,4014.74
13695,2791215,4014.69
13695,2815941,4014.69
13695,2840800,4014.69
13695,2866052,4014.69
13695,2891058,4014.69
13695,2915589,4014.68
13695,2940138,4014.68
13695,2964693,4014.72
13695,2989047,4014.72
13695,3013485,4014.69
13695,3038318,4014.69
13695,3063136,4014.69
13695,3088182,4014.75
13695,3113205,4014.75
13695,3138405,4014.71
13695,3163455,4014.71
13695,3163698,4014.67
13695,3164052,4014.67
13695,3170837,4014.53
13695,3196572,4014.53
13695,3222661,4014.53
13695,3248154,4014.6
13695,3273269,4014.6
13695,3297944,4014.7
13695,3322774,4014.7
13695,3347353,4014.72
13695,3372410,4014.72
13695,3378465,4014.72
13695,3378818,4014.69
13695,3382831,4014.69
13695,3404373,4014.53
13695,3429507,4014.53
13695,3454777,4014.64
13695,3480205,4014.64
13695,3505538,4014.67
13695,3530634,4014.67
13695,3555720,4014.67
13695,3580813,4014.66
13695,3606033,4014.66
13695,3631181,4014.68
13695,3656218,4014.68
13695,3681158,4014.69
13695,3706148,4014.69
13695,3730735,4014.69
13695,3755444,4014.73
13695,3780282,4014.73
13695,3804931,4014.73
13695,3829758,4014.73
13695,3854256,4014.71
13695,3878778,4014.71
13695,3903048,4014.69
13695,3927434,4014.69
13695,3952018,4014.69
13695,3976711,4014.66
13695,4001804,4014.66
13695,4027264,4014.69
13695,4052482,4014.69
13695,4077711,4014.7
13695,4102894,4014.7
13695,4127767,4014.7
13695,4152898,4014.69
13695,4177990,4014.69
13695,4202638,4014.75
13695,4227603,4014.75
13695,4252073,4014.72
13695,4276873,4014.72
13695,4301832,4014.69
13695,4326938,4014.69
13695,4351627,4014.69
13695,4376375,4014.72
13695,4401332,4014.72
13695,4425981,4014.71
13695,4450950,4014.71
13695,4476030,4014.71
13695,4500879,4014.71
13695,4525702,4014.71
13695,4550649,4014.68
13695,4575330,4014.68
13695,4600198,4014.7
13695,4624994,4014.7
13695,4649468,4014.75
13695,4674233,4014.75
13695,4698994,4014.75
13695,4724108,4014.75
13695,4749972,4014.75
13695,4775560,4014.66
13695,4800982,4014.66
13695,4825878,4014.7
13695,4850939,4014.7
13695,4875924,4014.66
13695,4900632,4014.66
13695,4925717,4014.69
13695,4950654,4014.69
13695,4975629,4014.69
13695,5001094,4014.68
13695,5026174,4014.68
13695,5051410,4014.68
13695,5076525,4014.68
13695,5101699,4014.66
13695,5126798,4014.66
13695,5151881,4014.66
13695,5177216,4014.66
13695,5202047,4014.66
13695,5227083,4014.66
13695,5251987,4014.66
13695,5277191,4014.7
13695,5302029,4014.7
13695,5327311,4014.7
13695,5352006,4014.74
13695,5377204,4014.74
13695,5402446,4014.74
13695,5427699,4014.74
13695,5452550,4014.7
13695,5477013,4014.7
13695,5501508,4014.7
13695,5526760,4014.7
13695,5551906,4014.7
13695,5576629,4014.72
13695,5601934,4014.72
13695,5627104,4014.62
13695,5651873,4014.62
13695,5676676,4014.64
13695,5700995,4014.64
13695,5701058,4014.64
13698,62183,4014.73
13698,87495,4014.73
13698,112876,4014.72
13698,138590,4014.72
13698,164114,4014.69
13698,189803,4014.69
13698,215595,4014.71
13698,240941,4014.71
13698,266241,4014.71
13698,291452,4014.78
13698,317063,4014.78
13698,342175,4014.72
13698,367595,4014.72
13698,393211,4014.73
13698,419566,4014.73
13698,445124,4014.73
13698,470653,4014.77
13698,495986,4014.77
13698,521443,4014.71
13698,546529,4014.71
13698,571749,4014.8
13698,597354,4014.8
13698,622861,4014.75
13698,626143,4014.75
13698,626522,4014.75
13698,626806,4014.53
13698,627014,4014.53
13698,627395,4014.53
13698,627678,4014.53
13698,627982,4014.53
13698,628268,4014.53
13698,628559,4014.53
13698,628848,4014.53
13698,629140,4014.53
13698,629359,4014.53
13698,629658,4014.53
13698,629949,4014.53
13698,630240,4014.53
13698,630524,4014.53
13698,630825,4014.53
13698,631102,4014.53
13698,631403,4014.53
13698,631690,4014.53
13698,631991,4014.53
13698,632283,4014.53
13698,632564,4014.53
13698,632867,4014.53
13698,633158,4014.53
13698,633464,4014.53
13698,633755,4014.53
13698,634113,4014.53
13698,634405,4014.53
13698,634696,4014.53
13698,634993,4014.53
13698,635280,4014.53
13698,635585,4014.53
13698,635865,4014.53
13698,636074,4014.53
13698,636464,4014.53
13698,636687,4014.53
13698,636982,4014.53
13698,637272,4014.53
13698,637548,4014.53
13698,637838,4014.53
13698,638128,4014.53
13698,638428,4014.53
13698,638718,4014.53
13698,639006,4014.53
13698,639311,4014.53
13698,639578,4014.53
13698,639886,4014.53
13698,640238,4014.53
13698,640487,4014.53
13698,640773,4014.53
13698,641074,4014.53
13698,641363,4014.53
13698,641635,4014.53
13698,641854,4014.53
13698,642228,4014.53
13698,642510,4014.53
13698,642806,4014.53
13698,643093,4014.53
13698,643323,4014.53
13698,643615,4014.53
13698,643823,4014.53
13699,60742,4014.73
13699,85601,4014.77
13699,110138,4014.77
13699,134513,4014.77
13699,159560,4014.77
13699,184588,4014.68
13699,209003,4014.68
13699,233695,4014.68
13699,258467,4014.71
13699,283692,4014.71
13699,309108,4014.68
13699,335102,4014.68
13699,360797,4014.67
13699,386403,4014.67
13699,412157,4014.67
13699,437763,4014.69
13699,462812,4014.69
13699,487498,4014.69
13699,512241,4014.69
13699,536906,4014.76
13699,561649,4014.76
13699,586613,4014.7
13699,611702,4014.7
13699,636532,4014.7
13699,6583078,4014.36
13699,6608407,4014.36
13699,6627117,4014.59
13699,661438,4014.68
13699,686201,4014.68
13699,711670,4014.76
13699,737252,4014.76
13699,763039,4014.68
13699,788446,4014.68
13699,813923,4014.69
13699,839136,4014.69
13699,864596,4014.69
13699,889971,4014.67
13699,915024,4014.67
13699,940008,4014.74
13699,965058,4014.74
13699,989493,4014.62
13699,1014132,4014.62
13699,1039348,4014.62
13699,1064459,4014.76
13699,1090089,4014.76
13699,1115777,4014.66
13699,1141370,4014.66
13699,1166948,4014.66
13699,1192754,4014.66
13699,1218536,4014.66
13699,1244109,4014.75
13699,1269232,4014.75
13699,1294509,4014.73
13699,1319732,4014.73
13699,1344737,4014.75
13699,1369853,4014.75
13699,1395432,4014.76
13699,1421439,4014.76
13699,1446638,4014.76
13699,1472259,4014.69
13699,1488042,4014.69
13699,1488335,4014.75
13699,1488632,4014.75
13699,1493949,4014.53
13699,1519047,4014.53
13699,1545378,4014.53
13699,1571483,4014.69
13699,1597360,4014.69
13699,1622957,4014.7
13699,1648357,4014.7
13699,1673973,4014.75
13699,1699106,4014.75
13699,1724334,4014.75
13699,1749710,4014.72
13699,1774842,4014.72
13699,1799440,4014.74
13699,1824198,4014.74
13699,1849277,4014.66
13699,1874712,4014.66
13699,1899708,4014.7
13699,1924789,4014.7
13699,1950030,4014.7
13699,1975422,4014.72
13699,2000670,4014.72
13699,2026318,4014.64
13699,2051759,4014.64
13699,2077016,4014.71
13699,2102061,4014.71
13699,2127292,4014.66
13699,2152493,4014.66
13699,2177606,4014.66
13699,2202925,4014.76
13699,2228674,4014.76
13699,2254662,4014.71
13699,2280649,4014.71
13699,2306534,4014.72
13699,2331740,4014.72
13699,2357185,4014.72
13699,2382450,4014.68
13699,2407853,4014.68
13699,2432698,4014.73
13699,2457775,4014.73
13699,2483704,4014.68
13699,2509767,4014.68
13699,2536392,4014.68
13699,2562868,4014.71
13699,2588260,4014.71
13699,2614289,4014.69
13699,2626016,4014.69
13699,2626303,4014.72
13699,2627445,4014.72
13699,2645470,4014.53
13699,2670316,4014.53
13699,2695189,4014.53
13699,2719950,4014.71
13699,2745064,4014.71
13699,2769760,4014.75
13699,2794975,4014.75
13699,2820338,4014.69
13699,2845805,4014.69
13699,2870939,4014.69
13699,2896899,4014.71
13699,2922090,4014.71
13699,2947610,4014.7
13699,2973036,4014.7
13699,2998132,4014.7
13699,3023795,4014.7
13699,3049195,4014.7
13699,3074489,4014.76
13699,3099867,4014.76
13699,3124455,4014.65
13699,3149697,4014.65
13699,3175154,4014.7
13699,3200484,4014.7
13699,3226225,4014.79
13699,3251169,4014.79
13699,3276823,4014.79
13699,3302325,4014.71
13699,3328107,4014.71
13699,3353447,4014.7
13699,3378532,4014.7
13699,3403857,4014.7
13699,3428911,4014.7
13699,3453685,4014.7
13699,3478552,4014.74
13699,3503331,4014.74
13699,3528096,4014.74
13699,3553527,4014.74
13699,3578846,4014.71
13699,3604254,4014.71
13699,3629743,4014.73
13699,3654709,4014.73
13699,3679814,4014.73
13699,3705310,4014.67
13699,3731185,4014.67
13699,3756903,4014.7
13699,3782745,4014.7
13699,3808322,4014.75
13699,3833715,4014.75
13699,3843452,4014.75
13699,3843750,4014.71
13699,3843978,4014.71
13699,3844269,4014.53
13699,3844557,4014.53
13699,3844845,4014.53
13699,3845136,4014.53
13699,3845432,4014.53
13699,3845719,4014.53
13699,3846013,4014.53
13699,3846297,4014.53
13699,3846590,4014.53
13699,3846885,4014.53
13699,3847204,4014.53
13699,3847518,4014.53
13699,3847797,4014.53
13699,3848097,4014.53
13699,3848371,4014.53
13699,3848679,4014.53
13699,3848964,4014.53
13699,3849267,4014.53
13699,3849565,4014.53
13699,3849842,4014.53
13699,3850146,4014.53
13699,3850424,4014.53
13699,3850711,4014.53
13699,3851014,4014.53
13699,3851331,4014.53
13699,3851616,4014.53
13699,3851900,4014.53
13699,3852192,4014.53
13699,3852481,4014.53
13699,3852770,4014.53
13699,3853071,4014.53
13699,3853363,4014.53
13699,3853654,4014.53
13699,3853950,4014.53
13699,3854240,4014.53
13699,3854451,4014.53
13699,3854829,4014.53
13699,3855114,4014.53
13699,3855405,4014.53
13699,3855705,4014.53
13699,3856000,4014.53
13699,3856280,4014.53
13699,3856576,4014.53
13699,3856876,4014.53
13699,3857166,4014.53
13699,3857461,4014.53
13699,3857748,4014.53
13699,3858035,4014.53
13699,3858315,4014.53
13699,3858630,4014.53
13699,3858902,4014.53
13699,3859192,4014.53
13699,3859486,4014.53
13699,3859720,4014.53
13699,3860022,4014.53
13699,3860321,4014.53
13699,3860610,4014.53
13699,3860892,4014.53
13699,3861167,4014.53
13699,3861408,4014.53
13699,3861701,4014.53
13699,3861992,4014.53
13699,3862283,4014.53
13699,3862573,4014.53
13699,3862872,4014.53
13699,3863164,4014.53
13699,3863454,4014.53
13699,3863739,4014.53
13699,3864038,4014.53
13699,3864328,4014.53
13699,3864619,4014.53
13699,3864900,4014.53
13699,3865192,4014.53
13699,3865484,4014.53
13699,3865774,4014.53
13699,3866070,4014.53
13699,3866357,4014.53
13699,3866649,4014.53
13699,3867007,4014.53
13699,3867311,4014.53
13699,3867601,4014.53
13699,3867877,4014.53
13699,3868192,4014.53
13699,3868483,4014.53
13699,3868773,4014.53
13699,3869045,4014.53
13699,3869335,4014.53
13699,3869621,4014.53
13699,3869915,4014.53
13699,3870207,4014.53
13699,3870496,4014.53
13699,3870797,4014.53
13699,3871033,4014.53
13699,3871320,4014.53
13699,3871610,4014.53
13699,3871904,4014.53
13699,3872181,4014.53
13699,3872483,4014.53
13699,3872783,4014.53
13699,3873053,4014.53
13699,3873353,4014.53
13699,3873646,4014.53
13699,3873948,4014.53
13699,3874237,4014.53
13699,3874526,4014.53
13699,3874813,4014.53
13699,3875099,4014.53
13699,3875474,4014.53
13699,3875761,4014.53
13699,3876052,4014.53
13699,3876264,4014.53
13699,3876629,4014.53
13699,3876912,4014.53
13699,3877227,4014.53
13699,3877435,4014.53
13699,3877733,4014.53
13699,3878097,4014.53
13699,3878291,4014.53
13699,3878596,4014.53
13699,3878887,4014.53
13699,3879125,4014.53
13699,3879425,4014.53
13699,3879719,4014.53
13699,3880005,4014.53
13699,3880283,4014.53
13699,3880576,4014.53
13699,3880865,4014.53
13699,3881153,4014.53
13699,3881464,4014.53
13699,3881751,4014.53
13699,3882042,4014.53
13699,3882331,4014.53
13699,3882685,4014.53
13699,3882971,4014.53
13699,3883250,4014.53
13699,3883506,4014.53
13699,3883772,4014.53
13699,3884150,4014.53
13699,3884439,4014.53
13699,3884726,4014.53
13699,3884981,4014.53
13699,3885259,4014.53
13699,3885551,4014.53
13699,3885836,4014.53
13699,3886189,4014.53
13699,3886476,4014.53
13699,3886782,4014.53
13699,3887066,4014.53
13699,3887344,4014.53
13699,3887591,4014.53
13699,3887883,4014.53
13699,3888199,4014.53
13699,3888520,4014.53
13699,3888802,4014.53
13699,3889048,4014.53
13699,3889338,4014.53
13699,3889620,4014.53
13699,3889913,4014.53
13699,3890281,4014.53
13699,3890558,4014.53
13699,3890848,4014.53
13699,3891094,4014.53
13699,3891365,4014.53
13699,3891732,4014.53
13699,3892028,4014.53
13699,3892293,4014.53
13699,3892596,4014.53
13699,3892893,4014.53
13699,3893133,4014.53
13699,3893425,4014.53
13699,3893755,4014.53
13699,3894007,4014.53
13699,3894283,4014.53
13699,3894572,4014.53
13699,3894874,4014.53
13699,3895165,4014.53
13699,3895456,4014.53
13699,3895741,4014.53
13699,3895980,4014.53
13699,3896261,4014.53
13699,3896564,4014.53
13699,3896847,4014.53
13699,3897138,4014.53
13699,3897500,4014.53
13699,3897782,4014.53
13699,3898079,4014.53
13699,3898371,4014.53
13699,3898618,4014.53
13699,3898895,4014.53
13699,3899254,4014.53
13699,3899541,4014.53
13699,3899835,4014.53
13699,3900126,4014.53
13699,3900420,4014.53
13699,3900715,4014.53
13699,3900980,4014.53
13699,3901282,4014.53
13699,3901580,4014.53
13699,3901817,4014.53
13699,3902111,4014.53
13699,3902401,4014.53
13699,3902678,4014.53
13699,3902968,4014.53
13699,3903256,4014.53
13699,3903549,4014.53
13699,3903921,4014.53
13699,3904203,4014.53
13699,3904499,4014.53
13699,3904793,4014.53
13699,3905087,4014.53
13699,3905378,4014.53
13699,3905662,4014.53
13699,3905968,4014.53
13699,3906250,4014.53
13699,3906535,4014.53
13699,3906837,4014.53
13699,3907133,4014.53
13699,3907422,4014.53
13699,3907715,4014.53
13699,3907954,4014.53
13699,3908253,4014.53
13699,3908540,4014.53
13699,3908834,4014.53
13699,3909123,4014.53
13699,3909408,4014.53
13699,3909686,4014.53
13699,3909981,4014.53
13699,3910265,4014.53
13699,3910600,4014.53
13699,3910934,4014.53
13699,3911237,4014.53
13699,3911520,4014.53
13699,3911729,4014.53
13699,3911974,4014.53
13699,3912272,4014.53
13699,3912555,4014.53
13699,3912847,4014.53
13699,3913145,4014.53
13699,3913435,4014.53
13699,3913726,4014.53
13699,3914027,4014.53
13699,3914309,4014.53
13699,3914614,4014.53
13699,3914894,4014.53
13699,3915182,4014.53
13699,3915482,4014.53
13699,3915773,4014.53
13699,3916067,4014.53
13699,3916354,4014.53
13699,3916645,4014.53
13699,3916950,4014.53
13699,3917215,4014.53
13699,3917512,4014.53
13699,3917801,4014.53
13699,3918103,4014.53
13699,3918395,4014.53
13699,3918674,4014.53
13699,3919051,4014.53
13699,3919341,4014.53
13699,3919633,4014.53
13699,3919922,4014.53
13699,3920215,4014.53
13699,3920516,4014.53
13699,3920798,4014.53
13699,3921103,4014.53
13699,3921375,4014.53
13699,3921665,4014.53
13699,3921958,4014.53
13699,3922255,4014.53
13699,3922539,4014.53
13699,3922839,4014.53
13699,3923134,4014.53
13699,3923374,4014.53
13699,3923667,4014.53
13699,3923957,4014.53
13699,3924245,4014.53
13699,3924535,4014.53
13699,3924825,4014.53
13699,3925114,4014.53
13699,3925408,4014.53
13699,3925686,4014.53
13699,3925976,4014.53
13699,3926273,4014.53
13699,3926569,4014.53
13699,3926861,4014.53
13699,3927149,4014.53
13699,3927448,4014.53
13699,3927723,4014.53
13699,3928091,4014.53
13699,3928388,4014.53
13699,3928679,4014.53
13699,3928968,4014.53
13699,3929177,4014.53
13699,3929461,4014.53
13699,3929759,4014.53
13699,3930048,4014.53
13699,3930305,4014.53
13699,3930596,4014.53
13699,3930878,4014.53
13699,3931176,4014.53
13699,3931471,4014.53
13699,3931765,4014.53
13699,3932050,4014.53
13699,3932333,4014.53
13699,3932629,4014.53
13699,3932909,4014.53
13699,3933212,4014.53
13699,3933490,4014.53
13699,3933787,4014.53
13699,3934151,4014.53
13699,3934353,4014.53
13699,3934734,4014.53
13699,3935028,4014.53
13699,3935326,4014.53
13699,3935600,4014.53
13699,3935892,4014.53
13699,3936186,4014.53
13699,3936471,4014.53
13699,3936768,4014.53
13699,3937055,4014.53
13699,3937346,4014.53
13699,3937642,4014.53
13699,3937940,4014.53
13699,3938230,4014.53
13699,3938515,4014.53
13699,3938762,4014.53
13699,3939056,4014.53
13699,3939338,4014.53
13699,3939636,4014.53
13699,3939927,4014.53
13699,3940217,4014.53
13699,3940522,4014.53
13699,3940789,4014.53
13699,3941088,4014.53
13699,3941377,4014.53
13699,3941672,4014.53
13699,3941959,4014.53
13699,3942255,4014.53
13699,3942542,4014.53
13699,3942834,4014.53
13699,3943119,4014.53
13699,3943488,4014.53
13699,3943783,4014.53
13699,3944054,4014.53
13699,3944352,4014.53
13699,3944648,4014.53
13699,3944945,4014.53
13699,3945235,4014.53
13699,3945519,4014.53
13699,3945790,4014.53
13699,3946026,4014.53
13699,3946321,4014.53
13699,3946611,4014.53
13699,3946858,4014.53
13699,3947149,4014.53
13699,3947438,4014.53
13699,3947716,4014.53
13699,3949301,4014.53
13699,3963244,4014.53
13699,3983352,4014.53
13699,4005385,4014.53
13699,4027897,4014.81
13699,4050803,4014.81
13699,4073698,4014.74
13699,4097016,4014.74
13699,4120637,4014.73
13699,4143928,4014.73
13699,4167287,4014.73
13699,4191073,4014.68
13699,4214880,4014.68
13699,4238730,4014.68
13699,4263131,4014.68
13699,4287432,4014.78
13699,4312385,4014.78
13699,4336886,4014.78
13699,4361605,4014.67
13699,4386767,4014.67
13699,4411502,4014.7
13699,4417130,4014.7
13699,4417430,4014.69
13699,4417791,4014.69
13699,4417992,4014.69
13699,4418368,4014.53
13699,4418648,4014.53
13699,4418952,4014.53
13699,4419244,4014.53
13699,4419549,4014.53
13699,4419816,4014.53
13699,4420112,4014.53
13699,4420404,4014.53
13699,4420694,4014.53
13699,4420990,4014.53
13699,4421274,4014.53
13699,4421566,4014.53
13699,4421854,4014.53
13699,4422148,4014.53
13699,4422437,4014.53
13699,4422734,4014.53
13699,4423029,4014.53
13699,4423317,4014.53
13699,4423597,4014.53
13699,4423842,4014.53
13699,4424142,4014.53
13699,4424437,4014.53
13699,4424737,4014.53
13699,4425018,4014.53
13699,4425321,4014.53
13699,4425606,4014.53
13699,4425894,4014.53
13699,4426203,4014.53
13699,4426409,4014.53
13699,4426692,4014.53
13699,4426979,4014.53
13699,4427347,4014.53
13699,4427642,4014.53
13699,4427933,4014.53
13699,4428232,4014.53
13699,4430388,4014.53
13699,4430924,4014.53
13699,4431217,4014.53
13699,4431506,4014.53
13699,4431809,4014.53
13699,4432100,4014.53
13699,4432377,4014.53
13699,4432681,4014.53
13699,4432970,4014.53
13699,4435091,4014.53
13699,4452786,4014.53
13699,4474657,4014.53
13699,4497445,4014.76
13699,4520752,4014.76
13699,4544797,4014.76
13699,4568470,4014.8
13699,4592666,4014.8
13699,4616942,4014.67
13699,4641245,4014.67
13699,4665047,4014.68
13699,4689065,4014.68
13699,4713249,4014.68
13699,4737193,4014.63
13699,4761677,4014.63
13699,4786329,4014.7
13699,4791315,4014.7
13699,4791614,4014.48
13699,4791893,4014.48
13699,4792185,4014.53
13699,4792483,4014.53
13699,4792724,4014.53
13699,4793022,4014.53
13699,4793313,4014.53
13699,4793599,4014.53
13699,4793894,4014.53
13699,4794185,4014.53
13699,4794469,4014.53
13699,4794766,4014.53
13699,4795054,4014.53
13699,4795341,4014.53
13699,4795644,4014.53
13699,4795928,4014.53
13699,4796222,4014.53
13699,4796528,4014.53
13699,4796814,4014.53
13699,4797113,4014.53
13699,4797399,4014.53
13699,4797702,4014.53
13699,4797991,4014.53
13699,4798285,4014.53
13699,4798576,4014.53
13699,4798913,4014.53
13699,4799209,4014.53
13699,4799422,4014.53
13699,4799713,4014.53
13699,4800017,4014.53
13699,4800316,4014.53
13699,4800601,4014.53
13699,4800900,4014.53
13699,4801184,4014.53
13699,4801473,4014.53
13699,4801778,4014.53
13699,4802064,4014.53
13699,4802353,4014.53
13699,4802640,4014.53
13699,4802939,4014.53
13699,4803227,4014.53
13699,4803529,4014.53
13699,4803839,4014.53
13699,4804039,4014.53
13699,4804415,4014.53
13699,4804695,4014.53
13699,4805006,4014.53
13699,4805281,4014.53
13699,4805505,4014.53
13699,4805799,4014.53
13699,4806097,4014.53
13699,4806388,4014.53
13699,4816650,4014.53
13699,4836545,4014.53
13699,4858299,4014.53
13699,4880622,4014.48
13699,4903711,4014.48
13699,4927213,4014.62
13699,4950912,4014.62
13699,4975065,4014.7
13699,4999520,4014.7
13699,5024051,4014.7
13699,5048955,4014.83
13699,5061376,4014.83
13699,5061655,4014.49
13699,5061939,4014.49
13699,5062239,4014.53
13699,5062530,4014.53
13699,5062816,4014.53
13699,5063126,4014.53
13699,5065937,4014.53
13699,5085740,4014.53
13699,5108939,4014.53
13699,5133356,4014.66
13699,5157722,4014.66
13699,5182203,4014.72
13699,5207006,4014.72
13699,5231640,4014.72
13699,5256049,4014.73
13699,5280683,4014.73
13699,5305313,4014.67
13699,5329125,4014.67
13699,5353628,4014.68
13699,5378006,4014.68
13699,5402695,4014.68
13699,5427471,4014.63
13699,5452276,4014.63
13699,5476826,4014.75
13699,5502267,4014.75
13699,5527268,4014.72
13699,5552092,4014.72
13699,5577039,4014.72
13699,5602140,4014.75
13699,5627239,4014.75
13699,5651677,4014.82
13699,5676517,4014.82
13699,5702112,4014.74
13699,5726945,4014.74
13699,5752431,4014.66
13699,5777634,4014.66
13699,5802836,4014.66
13699,5828322,4014.75
13699,5853527,4014.75
13699,5879502,4014.76
13699,5904686,4014.76
13699,5930731,4014.75
13699,5956186,4014.75
13699,5981527,4014.75
13699,6006766,4014.24
13699,6032178,4014.24
13699,6057398,4014.87
13699,6082541,4014.87
13699,6107869,4014.85
13699,6133360,4014.85
13699,6159092,4014.65
13699,6184568,4014.65
13699,6209904,4014.65
13699,6235450,4014.69
13699,6259691,4014.69
13699,6259909,4014.69
13699,6260200,4014.69
13699,6260491,4014.53
13699,6262858,4014.53
13699,6282950,4014.53
13699,6306764,4014.53
13699,6331477,4014.53
13699,6356305,4014.39
13699,6381316,4014.39
13699,6407001,4014.77
13699,6432219,4014.77
13699,6457758,4014.77
13699,6482961,4014.77
13699,6507853,4014.77
13699,6532958,4014.91
13699,6558032,4014.91
13700,62701,4014.67
13700,88297,4014.67
13700,113902,4014.65
13700,139376,4014.65
13700,164723,4014.72
13700,190451,4014.72
13700,215675,4014.58
13700,240948,4014.58
13700,266079,4014.58
13700,292039,4014.66
13700,317558,4014.66
13700,470641,4014.67
13700,496095,4014.67
13700,650091,4014.74
13700,675425,4014.74
13700,700469,4014.68
13700,725874,4014.68
13700,750951,4014.61
13700,776158,4014.61
13700,787834,4014.62
13700,788103,4014.62
13700,788387,4014.62
13700,790094,4014.53
13700,809253,4014.53
13700,834887,4014.53
13700,860126,4014.53
13700,885311,4014.67
13700,910771,4014.67
13700,935896,4014.73
13700,961230,4014.73
13700,986699,4014.73
13700,1011565,4014.61
13700,1036613,4014.61
13700,1061302,4014.71
13700,1086572,4014.71
13700,1112317,4014.63
13700,1138111,4014.63
13700,1163953,4014.63
13700,1189813,4014.61
13700,1215405,4014.61
13700,1240904,4014.4
13700,1266471,4014.4
13700,1291715,4014.7
13700,1317133,4014.7
13700,1342143,4014.68
13700,1367091,4014.68
13700,1391924,4014.68
13700,1416595,4014.7
13700,1442069,4014.7
13700,1467596,4014.66
13700,1493833,4014.66
13700,1519292,4014.68
13700,1545337,4014.68
13700,1570751,4014.68
13700,1596681,4014.59
13700,1622463,4014.59
13700,1647956,4014.68
13700,1673271,4014.68
13700,1698783,4014.68
13700,1723821,4014.68
13700,1748662,4014.73
13700,1773831,4014.73
13700,1799231,4014.73
13700,1824815,4014.75
13700,1850706,4014.75
13700,1876913,4014.95
13700,1902697,4014.95
13700,1928688,4014.5
13700,1954802,4014.5
13700,1980366,4014.5
13700,2005321,4014.8
13700,2030160,4014.8
13700,2055828,4014.66
13700,2081094,4014.66
13700,2106665,4014.71
13700,2132194,4014.71
13700,2158005,4014.71
13700,2184004,4014.7
13700,2209957,4014.7
13700,2235974,4014.86
13700,2261564,4014.86
13700,2286779,4014.87
13700,2311747,4014.87
13700,2336659,4014.66
13700,2362046,4014.66
13700,2387250,4014.66
13700,2412616,4014.3
13700,2437905,4014.3
13700,2463449,4015.05
13700,2464214,4015.05
13700,2464495,4014.53
13700,2464803,4014.53
13700,2465074,4014.53
13700,2465365,4014.53
13700,2465610,4014.53
13700,2465896,4014.53
13700,2466242,4014.53
13700,2466489,4014.53
13700,2466823,4014.53
13700,2467001,4014.53
13700,2467349,4014.53
13700,2467573,4014.53
13700,2467864,4014.53
13700,2468160,4014.53
13700,2471726,4014.53
13700,2491804,4014.53
13700,2514971,4014.98
13700,2539078,4014.98
13700,2563659,4014.79
13700,2588040,4014.79
13700,2612757,4014.79
13700,2637741,4014.8
13700,2662421,4014.8
13700,2687642,4014.8
13700,2713249,4014.8
13700,2738570,4014.51
13700,2764195,4014.51
13700,2767547,4014.51
13700,2767912,4014.69
13700,2770998,4014.69
13700,2791718,4014.53
13700,2815937,4014.53
13700,2840759,4014.69
13700,2865581,4014.69
13700,2890821,4014.71
13700,2916149,4014.71
13700,2938695,4014.71
13700,2938919,4015.53
13700,2939301,4015.53
13700,2943534,4014.53
13700,2948775,4014.53
13700,2949079,4014.08
13700,2949365,4014.08
13700,2949559,4014.08
13700,2957781,4014.53
13700,2981032,4014.53
13700,3005414,4014.09
13700,3030173,4014.09
13700,3054984,4014.9
13700,3079731,4014.9
13700,3105005,4014.95
13700,3127794,4014.95
13700,3153246,4014.95
13700,3178859,4014.57
13700,3204068,4014.57
13700,3229457,4014.74
13700,3254375,4014.74
13700,3279031,4014.7
13700,3303636,4014.7
13700,3328469,4014.7
13700,3353084,4014.41
13700,3355270,4014.41
13700,3355440,4014.64
13700,3355738,4014.64
13700,3357288,4014.53
13700,3375735,4014.53
13700,3398394,4014.78
13700,3398754,4014.78
13700,3399040,4014.78
13700,3399299,4014.53
13700,3399590,4014.53
13700,3399877,4014.53
13700,3404618,4014.53
13700,3405252,4014.53
13700,3405555,4014.53
13700,3407053,4014.53
13700,3410201,4014.53
13700,3410509,4014.53
13700,3410802,4014.53
13700,3411086,4014.53
13700,3411382,4014.53
13700,3411680,4014.53
13700,3411976,4014.53
13700,3412260,4014.53
13700,3412561,4014.53
13700,3412845,4014.53
13700,3413125,4014.53
13700,3413423,4014.53
13700,3413711,4014.53
13700,3414002,4014.53
13700,3414298,4014.53
13700,3414580,4014.53
13700,3414874,4014.53
13700,3415164,4014.53
13700,3415453,4014.53
13700,3415746,4014.53
13700,3416019,4014.53
13700,3416280,4014.53
13700,3416568,4014.53
13700,3416860,4014.53
13700,3417163,4014.53
13700,3417453,4014.53
13700,3417745,4014.53
13700,3418031,4014.53
13700,3418310,4014.53
13700,3418610,4014.53
13700,3418891,4014.53
13700,3419184,4014.53
13700,3419466,4014.53
13700,3419758,4014.53
13700,3420061,4014.53
13700,3420354,4014.53
13700,3420636,4014.53
13700,3420935,4014.53
13700,3421298,4014.53
13700,3421518,4014.53
13700,3421822,4014.53
13700,3422115,4014.53
13700,3422401,4014.53
13700,3422694,4014.53
13700,3422991,4014.53
13700,3423276,4014.53
13700,3423565,4014.53
13700,3423893,4014.53
13700,3424193,4014.53
13700,3424489,4014.53
13700,3424773,4014.53
13700,3425067,4014.53
13700,3425365,4014.53
13700,3425661,4014.53
13700,3425941,4014.53
13700,3426249,4014.53
13700,3426538,4014.53
13700,3426839,4014.53
13700,3427136,4014.53
13700,3427423,4014.53
13700,3427717,4014.53
13700,3428006,4014.53
13700,3428289,4014.53
13700,3428591,4014.53
13700,3428876,4014.53
13700,3429151,4014.53
13700,3429446,4014.53
13700,3429733,4014.53
13700,3430033,4014.53
13700,3430204,4014.53
13700,3430497,4014.53
13700,3430770,4014.53
13700,3431371,4014.53
13700,3443541,4014.53
13700,3464810,4014.53
13700,3486982,4014.6
13700,3509968,4014.6
13700,3533282,4014.64
13700,3556876,4014.64
13700,3580897,4014.63
13700,3605490,4014.63
13700,3630186,4014.63
13700,3654509,4014.72
13700,3679045,4014.72
13700,3703636,4014.65
13700,3728990,4014.65
13700,3754481,4014.76
13700,3780321,4014.76
13700,3805868,4014.76
13700,3831025,4014.72
13700,3856226,4014.72
13700,3880810,4014.77
13700,3905556,4014.77
13700,3930472,4014.55
13700,3955481,4014.55
13700,3980274,4014.7
13700,4005349,4014.7
13700,4030807,4014.7
13700,4056089,4014.72
13700,4081234,4014.72
13700,4086250,4014.79
13700,4086543,4014.79
13700,4086846,4014.53
13700,4087234,4014.53
13700,4100311,4014.53
13700,4125522,4014.53
13700,4150646,4014.53
13700,4175482,4014.6
13700,4200859,4014.6
13700,4219654,4014.75
13700,4220089,4014.75
13700,4220509,4014.67
13700,4220824,4014.67
13700,4221116,4014.67
13700,4221409,4014.53
13700,4221700,4014.53
13700,4222001,4014.53
13700,4222274,4014.53
13700,4225570,4014.53
13700,4247660,4014.53
13700,4272021,4014.53
13700,4296442,4014.68
13700,4321062,4014.68
13700,4345511,4014.63
13700,4370155,4014.63
13700,4394760,4014.68
13700,4419547,4014.68
13700,4444581,4014.73
13700,4469800,4014.73
13700,4495149,4014.73
13700,4520207,4014.79
13700,4545693,4014.79
13700,4571545,4014.75
13700,4596839,4014.75
13700,4622484,4014.65
13700,4647587,4014.65
13700,4673214,4014.65
13700,4699411,4014.73
13700,4725256,4014.73
13700,4750619,4014.8
13700,4775860,4014.8
13700,4800807,4014.68
13700,4825627,4014.68
13700,4850974,4014.8
13700,4876010,4014.8
13700,4888603,4014.8
13700,4888849,4014.71
13700,4889136,4014.71
13700,4889428,4014.53
13700,4889719,4014.53
13700,4890005,4014.53
13700,4890220,4014.53
13700,4890513,4014.53
13700,4890869,4014.53
13700,4891168,4014.53
13700,4891459,4014.53
13700,4891678,4014.53
13700,4891975,4014.53
13700,4892281,4014.53
13700,4892550,4014.53
13700,4892863,4014.53
13700,4893153,4014.53
13700,4893450,4014.53
13700,4893741,4014.53
13700,4894055,4014.53
13700,4894363,4014.53
13700,4894661,4014.53
13700,4894948,4014.53
13700,4895242,4014.53
13700,4895542,4014.53
13700,4895774,4014.53
13700,4896066,4014.53
13700,4896372,4014.53
13700,4896650,4014.53
13700,4896926,4014.53
13700,4897225,4014.53
13700,4897510,4014.53
13700,4897804,4014.53
13700,4898095,4014.53
13700,4898393,4014.53
13700,4898680,4014.53
13700,4899034,4014.53
13700,4899324,4014.53
13700,4899621,4014.53
13700,4899914,4014.53
13700,4900209,4014.53
13700,4900500,4014.53
13700,4900791,4014.53
13700,4901088,4014.53
13700,4901377,4014.53
13700,4901663,4014.53
13700,4901933,4014.53
13700,4902234,4014.53
13700,4902523,4014.53
13700,4902815,4014.53
13700,4903101,4014.53
13700,4903395,4014.53
13700,4903688,4014.53
13700,4903980,4014.53
13700,4904258,4014.53
13700,4904551,4014.53
13700,4904847,4014.53
13700,4905141,4014.53
13700,4905386,4014.53
13700,4905677,4014.53
13700,4905964,4014.53
13700,4906253,4014.53
13700,4906544,4014.53
13700,4906762,4014.53
13700,4907053,4014.53
13700,4907398,4014.53
13700,4907693,4014.53
13700,4907993,4014.53
13700,4908289,4014.53
13700,4908580,4014.53
13700,4908878,4014.53
13700,4909159,4014.53
13700,4909363,4014.53
13700,4909740,4014.53
13700,4910034,4014.53
13700,4910328,4014.53
13700,4910619,4014.53
13700,4910922,4014.53
13700,4911220,4014.53
13700,4911509,4014.53
13700,4911782,4014.53
13700,4912070,4014.53
13700,4912362,4014.53
13700,4912644,4014.53
13700,4912942,4014.53
13700,4913231,4014.53
13700,4913533,4014.53
13700,4913826,4014.53
13700,4914110,4014.53
13700,4914395,4014.53
13700,4914648,4014.53
13700,4914952,4014.53
13700,4915274,4014.53
13700,4915593,4014.53
13700,4915871,4014.53
13700,4916174,4014.53
13700,4916471,4014.53
13700,4916761,4014.53
13700,4916964,4014.53
13700,4917349,4014.53
13700,4917632,4014.53
13700,4917918,4014.53
13700,4918219,4014.53
13700,4918498,4014.53
13700,4918800,4014.53
13700,4919085,4014.53
13700,4919379,4014.53
13700,4919672,4014.53
13700,4919964,4014.53
13700,4920252,4014.53
13700,4920544,4014.53
13700,4920839,4014.53
13700,4921077,4014.53
13700,4921368,4014.53
13700,4921660,4014.53
13700,4921950,4014.53
13700,4922241,4014.53
13700,4922530,4014.53
13700,4922821,4014.53
13700,4923112,4014.53
13700,4923410,4014.53
13700,4923688,4014.53
13700,4923973,4014.53
13700,4924210,4014.53
13700,4924488,4014.53
13700,4924790,4014.53
13700,4925078,4014.53
13700,4925376,4014.53
13700,4925669,4014.53
13700,4925960,4014.53
13700,4926238,4014.53
13700,4926558,4014.53
13700,4926861,4014.53
13700,4927188,4014.53
13700,4927485,4014.53
13700,4927731,4014.53
13700,4928067,4014.53
13700,4928369,4014.53
13700,4928661,4014.53
13700,4928951,4014.53
13700,4929241,4014.53
13700,4929532,4014.53
13700,4929776,4014.53
13700,4930065,4014.53
13700,4930349,4014.53
13700,4930645,4014.53
13700,4930939,4014.53
13700,4931225,4014.53
13700,4931519,4014.53
13700,4931799,4014.53
13700,4932078,4014.53
13700,4932389,4014.53
13700,4932683,4014.53
13700,4932971,4014.53
13700,4933271,4014.53
13700,4933565,4014.53
13700,4933855,4014.53
13700,4934147,4014.53
13700,4934429,4014.53
13700,4934727,4014.53
13700,4935019,4014.53
13700,4935314,4014.53
13700,4935598,4014.53
13700,4935888,4014.53
13700,4936179,4014.53
13700,4936473,4014.53
13700,4936768,4014.53
13700,4937050,4014.53
13700,4937350,4014.53
13700,4937632,4014.53
13700,4937933,4014.53
13700,4938204,4014.53
13700,4938498,4014.53
13700,4938791,4014.53
13700,4939070,4014.53
13700,4939373,4014.53
13700,4939685,4014.53
13700,4939964,4014.53
13700,4940248,4014.53
13700,4940543,4014.53
13700,4940832,4014.53
13700,4941129,4014.53
13700,4941329,4014.53
13700,4941648,4014.53
13700,4941930,4014.53
13700,4942228,4014.53
13700,4942526,4014.53
13700,4942814,4014.53
13700,4943109,4014.53
13700,4943412,4014.53
13700,4943694,4014.53
13700,4943985,4014.53
13700,4944276,4014.53
13700,4944568,4014.53
13700,4944858,4014.53
13700,4945155,4014.53
13700,4945430,4014.53
13700,4945735,4014.53
13700,4946033,4014.53
13700,4946307,4014.53
13700,4946618,4014.53
13700,4946905,4014.53
13700,4947205,4014.53
13700,4947498,4014.53
13700,4947787,4014.53
13700,4948078,4014.53
13700,4948372,4014.53
13700,4948733,4014.53
13700,4949022,4014.53
13700,4949315,4014.53
13700,4949606,4014.53
13700,4949903,4014.53
13700,4950189,4014.53
13700,4950493,4014.53
13700,4950780,4014.53
13700,4951066,4014.53
13700,4951345,4014.53
13700,4951647,4014.53
13700,4951929,4014.53
13700,4952225,4014.53
13700,4952515,4014.53
13700,4952808,4014.53
13700,4953104,4014.53
13700,4953376,4014.53
13700,4953672,4014.53
13700,4953950,4014.53
13700,4954252,4014.53
13700,4954540,4014.53
13700,4954827,4014.53
13700,4955116,4014.53
13700,4955406,4014.53
13700,4955658,4014.53
13700,4955948,4014.53
13700,4956251,4014.53
13700,4956516,4014.53
13700,4956819,4014.53
13700,4957123,4014.53
13700,4957413,4014.53
13700,4957687,4014.53
13700,4957980,4014.53
13700,4958247,4014.53
13700,4958546,4014.53
13700,4958797,4014.53
13700,4959076,4014.53
13700,4959376,4014.53
13700,4959659,4014.53
13700,4959934,4014.53
13700,4960226,4014.53
13700,4960513,4014.53
13700,4960809,4014.53
13700,4961101,4014.53
13700,4961398,4014.53
13700,4961689,4014.53
13700,4961971,4014.53
13700,4962331,4014.53
13700,4962634,4014.53
13700,4962863,4014.53
13700,4963146,4014.53
13700,4963447,4014.53
13700,4963737,4014.53
13700,4964034,4014.53
13700,4964325,4014.53
13700,4964614,4014.53
13700,4964911,4014.53
13700,4965243,4014.53
13700,4965541,4014.53
13700,4965822,4014.53
13700,4966122,4014.53
13700,4966406,4014.53
13700,4966701,4014.53
13700,4967000,4014.53
13700,4967246,4014.53
13700,4967537,4014.53
13700,4967829,4014.53
13700,4968116,4014.53
13700,4968473,4014.53
13700,4968765,4014.53
13700,4969060,4014.53
13700,4969339,4014.53
13700,4969635,4014.53
13700,4969912,4014.53
13700,4970150,4014.53
13700,4970443,4014.53
13700,4970734,4014.53
13700,4971029,4014.53
13700,4971389,4014.53
13700,4971692,4014.53
13700,4971965,4014.53
13700,4972254,4014.53
13700,4972534,4014.53
13700,4972836,4014.53
13700,4973093,4014.53
13700,4973304,4014.53
13700,4973568,4014.53
13700,4973956,4014.53
13700,4974249,4014.53
13700,4974533,4014.53
13700,4974742,4014.53
13700,4975125,4014.53
13700,4975400,4014.53
13700,4975689,4014.53
13700,4975985,4014.53
13700,4976264,4014.53
13700,4976561,4014.53
13700,4976850,4014.53
13700,4977142,4014.53
13700,4977431,4014.53
13700,4977690,4014.53
13700,4977980,4014.53
13700,4978269,4014.53
13700,4978567,4014.53
13700,4978865,4014.53
13700,4979154,4014.53
13700,4979446,4014.53
13700,4979735,4014.53
13700,4980025,4014.53
13700,4980316,4014.53
13700,4980616,4014.53
13700,4980906,4014.53
13700,4981197,4014.53
13700,4981485,4014.53
13700,4981768,4014.53
13700,4982064,4014.53
13700,4982351,4014.53
13700,4982645,4014.53
13700,4982937,4014.53
13700,4983233,4014.53
13700,4983510,4014.53
13700,4983892,4014.53
13700,4984182,4014.53
13700,4984471,4014.53
13700,4984765,4014.53
13700,4985056,4014.53
13700,4985354,4014.53
13700,4985551,4014.53
13700,4985934,4014.53
13700,4986213,4014.53
13700,4986507,4014.53
13700,4986794,4014.53
13700,4987082,4014.53
13700,4987331,4014.53
13700,4987623,4014.53
13700,4987916,4014.53
13700,4988205,4014.53
13700,4988494,4014.53
13700,4988786,4014.53
13700,4989059,4014.53
13700,4989273,4014.53
13700,4989648,4014.53
13700,4989938,4014.53
13700,4990231,4014.53
13700,4990510,4014.53
13700,4990818,4014.53
13700,4991109,4014.53
13700,4991400,4014.53
13700,4991605,4014.53
13700,4991971,4014.53
13700,4992272,4014.53
13700,4992543,4014.53
13700,4992846,4014.53
13700,4993051,4014.53
13700,4993363,4014.53
13700,4993655,4014.53
13700,4993950,4014.53
13700,4994247,4014.53
13700,4994539,4014.53
13700,4994833,4014.53
13700,4995112,4014.53
13700,4995413,4014.53
13700,4995699,4014.53
13700,4995995,4014.53
13700,4996363,4014.53
13700,4996653,4014.53
13700,4996938,4014.53
13700,4997191,4014.53
13700,4997508,4014.53
13700,4997820,4014.53
13700,4998105,4014.53
13700,4998389,4014.53
13700,4998685,4014.53
13700,4998984,4014.53
13700,4999274,4014.53
13700,4999569,4014.53
13700,4999809,4014.53
13700,5000097,4014.53
13700,5000389,4014.53
13700,5000683,4014.53
13700,5000969,4014.53
13700,5001241,4014.53
13700,5001600,4014.53
13700,5001904,4014.53
13700,5002119,4014.53
13700,5002494,4014.53
13700,5002768,4014.53
13700,5003047,4014.53
13700,5003339,4014.53
13700,5003636,4014.53
13700,5003886,4014.53
13700,5004177,4014.53
13700,5004455,4014.53
13700,5004736,4014.53
13700,5004979,4014.53
13700,5005263,4014.53
13700,5005551,4014.53
13700,5005903,4014.53
13700,5006201,4014.53
13700,5006468,4014.53
13700,5006762,4014.53
13700,5007059,4014.53
13700,5007307,4014.53
13700,5007598,4014.53
13700,5007875,4014.53
13700,5008251,4014.53
13700,5008535,4014.53
13700,5008828,4014.53
13700,5009116,4014.53
13700,5009395,4014.53
13700,5009639,4014.53
13700,5009912,4014.53
13700,5010206,4014.53
13700,5010501,4014.53
13700,5010803,4014.53
13700,5011083,4014.53
13700,5011380,4014.53
13700,5011671,4014.53
13700,5012023,4014.53
13700,5012315,4014.53
13700,5012559,4014.53
13700,5012850,4014.53
13700,5013141,4014.53
13700,5013441,4014.53
13700,5013726,4014.53
13700,5014018,4014.53
13700,5014308,4014.53
13700,5014597,4014.53
13700,5014875,4014.53
13700,5015165,4014.53
13700,5015463,4014.53
13700,5015760,4014.53
13700,5016056,4014.53
13700,5016348,4014.53
13700,5016641,4014.53
13700,5016946,4014.53
13700,5017232,4014.53
13700,5017529,4014.53
13700,5017813,4014.53
13700,5018089,4014.53
13700,5018406,4014.53
13700,5018695,4014.53
13700,5018982,4014.53
13700,5019283,4014.53
13700,5019571,4014.53
13700,5019910,4014.53
13700,5020189,4014.53
13700,5020503,4014.53
13700,5020797,4014.53
13700,5021081,4014.53
13700,5021256,4014.53
13700,5021548,4014.53
13700,5021840,4014.53
13700,5022120,4014.53
13700,5022423,4014.53
13700,5022716,4014.53
13700,5022999,4014.53
13700,5023282,4014.53
13700,5023578,4014.53
13700,5023855,4014.53
13700,5024157,4014.53
13700,5024457,4014.53
13700,5024749,4014.53
13700,5025045,4014.53
13700,5025338,4014.53
13700,5025687,4014.53
13700,5025981,4014.53
13700,5026274,4014.53
13700,5026559,4014.53
13700,5026864,4014.53
13700,5027154,4014.53
13700,5027445,4014.53
13700,5027735,4014.53
13700,5028007,4014.53
13700,5028315,4014.53
13700,5028614,4014.53
13700,5028900,4014.53
13700,5029189,4014.53
13700,5029473,4014.53
13700,5029754,4014.53
13700,5030049,4014.53
13700,5030339,4014.53
13700,5030639,4014.53
13700,5030936,4014.53
13700,5031224,4014.53
13700,5031308,4014.53
13710,55535,4014.8
13710,79469,4014.8
13710,102919,4014.86
13710,126829,4014.86
13710,150939,4014.74
13710,174996,4014.74
13710,198776,4014.8
13710,222891,4014.8
13710,247197,4014.8
13710,271799,4014.81
13710,296162,4014.81
13710,321475,4014.78
13710,346082,4014.78
13710,371154,4014.77
13710,396262,4014.77
13710,421207,4014.77
13710,445710,4014.83
13710,470255,4014.83
13710,494944,4014.76
13710,520168,4014.76
13710,544375,4014.79
13710,568448,4014.79
13710,592417,4014.83
13710,616165,4014.83
13710,640484,4014.83
13710,664957,4014.74
13710,689507,4014.74
13710,714211,4014.77
13710,738800,4014.77
13710,762347,4014.82
13710,786556,4014.82
13710,811502,4014.82
13710,836159,4014.82
13710,860328,4014.82
13710,885107,4014.83
13710,909795,4014.83
13710,934764,4014.81
13710,959711,4014.81
13710,984489,4014.84
13710,1008612,4014.84
13710,1032953,4014.84
13710,1044835,4014.83
13710,1045124,4014.83
13710,1045474,4014.53
13710,1049450,4014.53
13710,1072557,4014.53
13710,1097087,4014.53
13710,1121656,4014.8
13710,1145560,4014.8
13710,1169662,4014.8
13710,1193689,4014.83
13710,1218144,4014.83
13710,1242212,4014.83
13710,1266421,4014.83
13710,1290995,4014.75
13710,1315826,4014.75
13710,1340142,4014.84
13710,1364733,4014.84
13710,1389307,4014.84
13710,1414131,4014.76
13710,1438853,4014.76
13710,1463221,4014.81
13710,1488242,4014.81
13710,1512814,4014.8
13710,1537406,4014.8
13710,1561972,4014.8
13710,1586484,4014.82
13710,1611244,4014.82
13710,1635850,4014.77
13710,1661089,4014.77
13710,1686232,4014.8
13710,1710956,4014.8
13710,1736175,4014.83
13710,1760242,4014.83
13710,1785196,4014.83
13710,1809793,4014.82
13710,1833846,4014.82
13710,1858601,4014.86
13710,1883776,4014.86
13710,1908374,4014.79
13710,1933192,4014.79
13710,1957956,4014.79
13710,1982315,4014.84
13710,2007177,4014.84
13710,2031876,4014.76
13710,2056415,4014.76
13710,2081539,4014.8
13710,2106100,4014.8
13710,2130596,4014.81
13710,2155370,4014.81
13710,2179852,4014.81
13710,2204777,4014.83
13710,2229632,4014.83
13710,2253572,4014.85
13710,2278278,4014.85
13710,2302957,4014.79
13710,2327321,4014.79
13710,2351348,4014.86
13710,2375299,4014.86
13710,2399444,4014.86
13710,2423787,4014.82
13710,2448904,4014.82
13710,2474634,4014.8
13710,2500092,4014.8
13710,2525981,4014.7
13710,2551537,4014.7
13710,2576247,4014.7
13710,2601200,4014.83
13710,2626541,4014.83
13710,2651602,4014.72
13710,2663668,4014.72
13710,2663668,4014.81
13710,2663668,4014.81
13710,2663668,4014.78
13710,2663668,4014.78
13710,2663668,4014.78
13710,2663668,4014.79
13710,2663668,4014.79
13710,2663668,4014.83
13710,2663668,4014.83
13710,2663668,4014.81
13710,2663668,4014.81
13710,2663668,4014.81
13710,2663668,4014.83
13711,0,4014.9
13711,0,4014.9
13711,57579,4014.84
13711,82074,4014.84
13711,105577,4014.84
13711,129308,4014.77
13711,152884,4014.77
13711,176329,4014.84
13711,200030,4014.84
13711,223487,4014.84
13711,247462,4014.79
13711,271862,4014.79
13711,296191,4014.8
13711,320131,4014.8
13711,343916,4014.88
13711,367551,4014.88
13711,391713,4014.85
13711,415767,4014.85
13711,439469,4014.85
13711,463088,4014.83
13711,486397,4014.83
13711,509309,4014.82
13711,522736,4014.82
13711,523003,4014.78
13711,523302,4014.78
13711,525937,4014.78
13711,545660,4014.53
13711,570405,4014.53
13711,594941,4014.74
13711,619774,4014.74
13711,643829,4014.83
13711,667375,4014.83
13711,691174,4014.81
13711,714868,4014.81
13711,738886,4014.81
13711,762933,4014.81
13711,787057,4014.81
13711,811000,4014.81
13711,834845,4014.81
13711,859006,4014.8
13711,883437,4014.8
13711,908019,4014.8
13711,932520,4014.81
13711,956775,4014.81
13711,980467,4014.92
13711,1004132,4014.92
13711,1028204,4014.78
13711,1051893,4014.78
13711,1075960,4014.83
13711,1100134,4014.83
13711,1124344,4014.83
13711,1147883,4014.81
13711,1172286,4014.81
13711,1196279,4014.82
13711,1220334,4014.82
13711,1244534,4014.81
13711,1268553,4014.81
13711,1292653,4014.81
13711,1316708,4014.86
13711,1341008,4014.86
13711,1365113,4014.81
13712,34792,4014.53
13712,58144,4014.85
13712,81786,4014.85
13712,105871,4014.85
13712,129825,4014.79
13712,149535,4014.79
13712,149851,4014.79
13712,150965,4014.79
13712,152894,4014.53
13712,153194,4014.53
13712,153864,4014.53
13712,155135,4014.53
13712,155438,4014.53
13712,155960,4014.53
13712,167749,4014.53
13712,190025,4014.3
13712,213338,4014.3
13712,236888,4014.87
13712,260682,4014.87
13712,285084,4014.87
13712,309549,4014.82
13712,333961,4014.82
13712,358742,4014.77
13712,383192,4014.77
13712,407498,4014.83
13712,431947,4014.83
13712,456402,4014.86
13712,481226,4014.86
13712,505917,4014.86
13712,511948,4014.83
13712,512238,4014.83
13712,513971,4014.53
13712,530538,4014.53
13712,554178,4014.85
13712,578115,4014.85
13712,601873,4014.85
13712,626351,4014.79
13712,6296746,4014.9
13712,6321099,4014.9
13712,6345489,4014.9
13712,6369524,4014.86
13712,6393572,4014.86
13712,6417794,4014.73
13712,6442236,4014.73
13712,6466696,4014.8
13712,6490746,4014.8
13712,6515336,4014.8
13712,6539784,4014.81
13712,6564108,4014.81
13712,6590873,4014.82
13712,6615552,4014.82
13712,6640534,4014.82
13712,6664847,4014.82
13712,6689808,4014.84
13712,6715402,4014.84
13712,6740955,4014.84
13712,6766490,4014.82
13712,6791734,4014.82
13712,6817169,4014.86
13712,6841862,4014.86
13712,6867211,4014.81
13712,6892160,4014.81
13712,650695,4014.79
13712,674881,4014.86
13712,698676,4014.86
13712,722912,4014.83
13712,747000,4014.83
13712,771315,4014.83
13712,795196,4014.77
13712,819546,4014.77
13712,843322,4014.8
13712,867527,4014.8
13712,891870,4014.81
13712,916295,4014.81
13712,940602,4014.79
13712,964605,4014.79
13712,988470,4014.79
13712,1012450,4014.79
13712,1036187,4014.79
13712,1059777,4014.77
13712,1083337,4014.77
13712,1107338,4014.79
13712,1131742,4014.79
13712,1155605,4014.79
13712,1179899,4014.81
13712,1204337,4014.81
13712,1228738,4014.72
13712,1252945,4014.72
13712,6917628,4014.88
13712,6942430,4014.88
13712,6966397,4014.88
13712,6990621,4014.83
13712,7015168,4014.83
13712,7039141,4014.8
13712,7064080,4014.8
13712,7088562,4014.85
13712,7113349,4014.85
13712,7138647,4014.78
13712,7163449,4014.78
13712,7188422,4014.78
13712,7213208,4014.82
13712,7238025,4014.82
13712,7247968,4014.75
13712,7248307,4014.75
13712,7248601,4014.53
13712,7254105,4014.53
13712,7278205,4014.39
13712,7303850,4014.39
13712,7329385,4014.39
13712,7354521,4014.82
13712,7379220,4014.82
13712,7404141,4014.85
13712,7429431,4014.85
13712,7454711,4014.83
13712,7478858,4014.83
13712,7503183,4014.83
13712,7527486,4014.82
13712,7551660,4014.82
13712,7576273,4014.84
13712,7577423,4014.84
13712,7577708,4014.88
13712,7578104,4014.88
13712,7593231,4014.53
13712,7607721,4014.53
13712,7607993,4014.53
13712,7608334,4014.83
13712,7608641,4014.83
13712,7608935,4014.53
13712,7609238,4014.53
13712,7611052,4014.53
13712,7629100,4014.53
13712,7652247,4014.79
13712,7676251,4014.79
13712,7700487,4014.79
13712,7724611,4014.82
13712,7749342,4014.82
13712,7773980,4014.9
13712,7798466,4014.9
13712,7823523,4014.85
13712,7848367,4014.85
13712,7873173,4014.85
13712,7897752,4014.88
13712,7923264,4014.88
13712,7948585,4014.83
13712,7973917,4014.83
13712,7981143,4014.85
13712,7981434,4014.85
13712,7982800,4014.53
13712,7999698,4014.53
13712,8023085,4014.53
13712,8047005,4014.76
13712,8071251,4014.76
13712,8095271,4014.78
13712,8119853,4014.78
13712,8144392,4014.85
13712,8169211,4014.85
13712,8194009,4014.8
13712,8218347,4014.8
13712,8243274,4014.8
13712,8267766,4014.84
13712,8292081,4014.84
13712,8316883,4014.77
13712,8341083,4014.77
13712,8365140,4014.85
13712,8389230,4014.85
13712,8392796,4014.8
13712,8393092,4014.8
13712,8393369,4014.8
13712,8396159,4014.53
13712,8416294,4014.53
13712,8440587,4015.07
13712,8465417,4015.07
13712,8489800,4014.69
13712,8514780,4014.69
13712,8539773,4014.82
13712,8564746,4014.82
13712,8589392,4014.82
13712,8614403,4014.87
13712,8639134,4014.87
13712,8664316,4014.82
13712,8688963,4014.82
13712,8714138,4014.82
13712,8739401,4014.82
13712,8764538,4014.88
13712,8789383,4014.88
13712,8814208,4014.88
13712,8839383,4014.84
13712,8864114,4014.84
13712,8888815,4014.76
13712,8913286,4014.76
13712,8937985,4014.78
13712,8962845,4014.78
13712,8987781,4014.88
13712,9013192,4014.88
13712,9038065,4014.88
13712,9063032,4014.83
13712,9088254,4014.83
13712,9113364,4014.85
13712,9138427,4014.85
13712,9163259,4014.82
13712,9188205,4014.82
13712,9213249,4014.82
13712,9237741,4014.79
13712,9262963,4014.79
13712,9287493,4014.85
13712,9312624,4014.85
13712,9337108,4014.83
13712,9361927,4014.83
13712,9386098,4014.84
13712,9410426,4014.84
13712,9435015,4014.84
13712,9460031,4014.8
13712,9484685,4014.8
13712,9509071,4014.85
13712,9533474,4014.85
13712,9558270,4014.92
13712,9582708,4014.92
13712,9606811,4014.8
13712,9631357,4014.8
13712,9655941,4014.8
13712,9680629,4014.85
13712,9705165,4014.85
13712,9729230,4014.8
13712,9753722,4014.8
13712,9778307,4014.79
13712,9803388,4014.79
13712,9828503,4014.86
13712,9853301,4014.86
13712,9878261,4014.86
13712,9903418,4014.88
13712,9928840,4014.88
13712,9953943,4014.77
13712,9978262,4014.77
13712,10002567,4014.75
13712,10027133,4014.75
13712,10051950,4014.78
13712,10077601,4014.78
13712,10102894,4014.78
13712,10128502,4014.83
13712,10153471,4014.83
13712,10178744,4014.81
13712,10203977,4014.81
13712,10229232,4014.83
13712,10254399,4014.83
13712,10279321,4014.83
13712,10304121,4014.76
13712,10328961,4014.76
13712,10352956,4014.84
13712,10377242,4014.84
13712,10402027,4014.84
13712,10426766,4014.84
13712,10451620,4014.81
13712,10476861,4014.81
13712,10502537,4014.81
13712,10527805,4014.82
13712,10553081,4014.82
13712,10578618,4014.81
13712,10603908,4014.81
13712,10629481,4014.82
13712,10644326,4014.82
13712,10644559,4014.89
13712,10644915,4014.89
13712,10656684,4014.89
13712,10681771,4014.53
13712,10707033,4014.53
13712,10732301,4014.74
13712,11303246,4014.78
13712,11328561,4014.78
13712,11354460,4014.91
13712,11379999,4014.91
13712,11405086,4014.89
13712,11429940,4014.89
13712,11454135,4014.81
13712,11478972,4014.81
13712,11503795,4014.81
13712,11528509,4014.84
13712,11553581,4014.84
13712,11578731,4014.8
13712,11604468,4014.8
13712,11629999,4014.87
13712,11655717,4014.87
13712,11680589,4014.85
13712,11705945,4014.85
13712,11731308,4014.85
13712,11756476,4014.82
13712,11781633,4014.82
13712,11806649,4014.83
13712,11831623,4014.83
13712,11856565,4014.83
13712,11881021,4014.83
13712,11905973,4014.8
13712,11931057,4014.8
13712,11955758,4014.8
13712,11980308,4014.86
13712,12005394,4014.86
13712,12030275,4014.86
13712,12054916,4014.86
13712,12079769,4014.8
13712,12104487,4014.8
13712,12129602,4014.8
13712,12154663,4014.91
13712,12179523,4014.91
13712,12204724,4014.78
13712,12229294,4014.78
13712,12253877,4014.85
13712,12278935,4014.85
13712,12304283,4014.78
13712,12330049,4014.78
13712,12355265,4014.78
13712,12380793,4014.84
13712,12406227,4014.84
13712,12431549,4014.87
13712,12456489,4014.87
13712,12481640,4014.82
13712,12506298,4014.82
13712,12531207,4014.86
13712,12556217,4014.86
13712,12580815,4014.86
13712,12605373,4014.83
13712,12630148,4014.83
13712,12655138,4014.86
13712,12679925,4014.86
13712,12704679,4014.87
13712,12729538,4014.87
13712,12754788,4014.83
13712,12779959,4014.83
13712,12805163,4014.83
13712,12829762,4014.83
13712,12854317,4014.83
13712,12879808,4014.85
13712,12905022,4014.85
13712,12929849,4014.78
13712,12954943,4014.78
13712,12979779,4014.86
13712,13004316,4014.86
13712,13028846,4014.86
13712,13053633,4014.85
13712,13077937,4014.85
13712,13102687,4014.86
13712,13127084,4014.86
13712,13151646,4014.89
13712,13176387,4014.89
13712,1277266,4014.8
13712,1301962,4014.8
13712,1326571,4014.82
13712,1351234,4014.82
13712,1375537,4014.82
13712,1399743,4014.86
13712,1424456,4014.86
13712,1449153,4014.83
13712,1473582,4014.83
13712,1497931,4014.89
13712,1522004,4014.89
13712,1546849,4014.89
13712,1571458,4014.78
13712,1595720,4014.78
13712,1619772,4014.79
13712,1644210,4014.79
13712,1668665,4014.81
13712,1693480,4014.81
13712,1718338,4014.85
13712,1743149,4014.85
13712,1767991,4014.85
13712,1792578,4014.85
13712,1817142,4014.85
13712,1842016,4014.76
13712,1867191,4014.76
13712,13201199,4014.76
13712,13213349,4014.76
13712,13213627,4014.76
13712,13213931,4014.53
13712,13222169,4014.53
13712,13246643,4014.53
13712,13271720,4014.53
13712,13296818,4014.82
13712,13321897,4014.82
13712,13347242,4014.87
13712,13372276,4014.87
13712,13397302,4014.87
13712,13422554,4014.72
13712,13447739,4014.72
13712,13472939,4014.84
13712,13497770,4014.84
13712,13822006,4014.84
13712,13846514,4014.84
13712,13871273,4014.89
13712,13896229,4014.89
13712,13921553,4014.86
13712,13947264,4014.86
13712,13972156,4014.77
13712,13997108,4014.77
13712,14022448,4014.77
13712,14047909,4014.85
13712,14451257,4014.79
13712,14476335,4014.79
13712,14501503,4014.82
13712,14526467,4014.82
13712,14551476,4014.82
13712,14576508,4014.82
13712,14601658,4014.84
13712,14626744,4014.84
13712,14652090,4014.91
13712,14677740,4014.91
13712,14703088,4014.91
13712,14728543,4014.85
13712,14753981,4014.85
13712,14778957,4014.85
13712,14804692,4014.85
13712,14830604,4014.87
13712,14856107,4014.87
13712,14881728,4014.87
13712,14906942,4014.88
13712,14912559,4014.88
13712,14912785,4014.87
13712,14915202,4014.87
13712,14936368,4014.53
13712,14961706,4014.53
13712,14987430,4014.8
13712,15012789,4014.8
13712,15038498,4014.8
13712,15064202,4014.78
13712,15089342,4014.78
13712,15114756,4014.89
13712,15140215,4014.89
13712,15164937,4014.83
13712,15189178,4014.83
13712,15213752,4014.8
13712,15238317,4014.8
13712,15262198,4014.8
13712,15286559,4014.86
13712,15311051,4014.86
13712,15335438,4014.87
13712,15360293,4014.87
13712,15385453,4014.94
13712,15410604,4014.94
13712,15435690,4014.83
13712,15460819,4014.83
13712,15485860,4014.83
13712,15510604,4014.89
13712,15535208,4014.89
13712,15560233,4014.8
13712,15585450,4014.8
13712,15610943,4014.8
13712,15636327,4014.8
13712,15661982,4014.87
13712,15687519,4014.87
13712,15712717,4014.87
13712,15737680,4014.83
13712,15762345,4014.83
13712,15787428,4014.85
13712,15812578,4014.85
13712,15837103,4014.86
13712,15861384,4014.86
13712,15885498,4014.86
13712,15909849,4014.85
13712,15934064,4014.85
13712,15959221,4014.8
13712,15984692,4014.8
13712,16009654,4014.83
13712,16034527,4014.83
13712,16059053,4014.88
13712,16083637,4014.88
13712,16107965,4014.88
13712,16132585,4014.88
13712,16157497,4014.88
13712,16182698,4014.87
13712,16207777,4014.87
13712,16233259,4014.81
13712,16258206,4014.81
13712,16283555,4014.84
13712,16308772,4014.84
13712,16333942,4014.84
13712,16359383,4014.83
13712,16384309,4014.83
13712,16409375,4014.82
13712,16434345,4014.82
13712,16459765,4014.88
13712,16485576,4014.88
13712,16510647,4014.86
13712,16535841,4014.86
13712,16561353,4014.86
13712,16586534,4014.85
13712,16611767,4014.85
13712,16636891,4014.79
13712,16662070,4014.79
13712,16687748,4014.86
13712,16713422,4014.86
13712,16738617,4014.86
13712,16764109,4014.85
13712,16789817,4014.85
13712,16815002,4014.87
13712,16840522,4014.87
13712,16865760,4014.88
13712,16890940,4014.88
13712,16916150,4014.85
13712,16941537,4014.85
13712,16967015,4014.85
13712,16992436,4014.83
13712,17017628,4014.83
13712,17042990,4014.78
13712,17068428,4014.78
13712,17093807,4015
13712,17119655,4015
13712,17145348,4014.87
13712,17170604,4014.87
13712,17195697,4014.87
13712,17220835,4014.76
13712,17246271,4014.76
13712,17271721,4014.72
13712,17296889,4014.72
13712,17321796,4014.75
13712,17346860,4014.75
13712,17371944,4014.83
13712,17396784,4014.83
13712,17421372,4014.83
13712,17446917,4014.83
13712,17472437,4014.83
13712,17498029,4014.95
13712,17523176,4014.95
13712,17548634,4014.9
13712,17573505,4014.9
13712,17598504,4014.9
13712,17623475,4014.91
13712,17648789,4014.91
13712,17674033,4014.8
13712,17698963,4014.8
13712,17723635,4014.91
13712,17749045,4014.91
13712,17774411,4014.83
13712,17799715,4014.83
13712,17825321,4014.83
13712,17850305,4014.91
13712,17875622,4014.91
13712,17900451,4014.84
13712,17925663,4014.84
13712,17950612,4014.83
13712,17975583,4014.83
13712,18000695,4014.83
13712,18025894,4014.85
13712,18051241,4014.85
13712,18075894,4014.83
13712,18100625,4014.83
13712,18125875,4014.84
13712,18151312,4014.84
13712,18176310,4014.9
13712,18200836,4014.9
13712,18226340,4014.9
13712,18251429,4014.86
13712,18276414,4014.86
13712,18301432,4014.85
13712,18326818,4014.85
13712,18351300,4014.85
13712,18376229,4014.85
13712,18401714,4014.82
13712,18408098,4014.82
13712,18408386,4014.82
13712,18409125,4014.53
13712,18424988,4014.53
13712,18451376,4014.53
13712,18477734,4014.53
13712,18503788,4014.85
13712,18856976,4014.79
13712,18882297,4014.79
13712,18907429,4014.89
13712,18932028,4014.89
13712,18957201,4014.85
13712,18982632,4014.85
13712,19007696,4014.85
13712,19033228,4014.84
13712,19058467,4014.84
13712,19083233,4014.85
13712,19108217,4014.85
13712,19133339,4014.85
13712,19158245,4014.85
13712,19183485,4014.78
13712,19208736,4014.78
13712,19233687,4014.78
13712,19258911,4014.77
13712,1892058,4014.86
13712,1916988,4014.86
13712,1941568,4014.86
13712,1966533,4014.75
13712,1991353,4014.75
13712,2016188,4014.81
13712,2040277,4014.81
13712,2064705,4014.78
13712,2089140,4014.78
13712,2113228,4014.78
13712,2137531,4014.78
13712,2161575,4014.78
13712,2185457,4014.82
13712,19487297,4014.79
13712,19512644,4014.79
13712,19538078,4014.81
13712,19553691,4014.81
13712,19554042,4014.9
13712,19554269,4014.9
13712,19565936,4014.9
13712,19590508,4014.53
13712,19615733,4014.53
13712,19641844,4014.87
13712,19667952,4014.87
13712,19693274,4014.79
13712,19718630,4014.79
13712,19744061,4014.83
13712,19769582,4014.83
13712,19794917,4014.83
13712,19819643,4014.86
13712,20099937,4014.85
13712,20125136,4014.85
13712,20150124,4014.87
13712,20175122,4014.87
13712,20200302,4014.87
13712,20225067,4014.87
13712,20250001,4014.84
13712,20275131,4014.84
13712,20300253,4014.83
13712,20325856,4014.83
13712,20350291,4014.83
13712,20374939,4014.86
13712,20399589,4014.86
13712,20424746,4014.82
13712,20449884,4014.82
13712,20475277,4014.88
13712,20500773,4014.88
13712,20526115,4014.88
13712,2527648,4014.75
13712,2552256,4014.75
13712,2576781,4014.87
13712,2600763,4014.87
13712,2625208,4014.78
13712,2649373,4014.78
13712,2673845,4014.82
13712,2698809,4014.82
13712,2723697,4014.82
13712,2748202,4014.83
13712,2772546,4014.83
13712,2796724,4014.8
13712,2814558,4014.8
13712,2814891,4014.82
13712,2815174,4014.82
13712,2816055,4014.82
13712,3145073,4014.88
13712,3169457,4014.88
13712,3193889,4014.88
13712,3218097,4014.84
13712,3242655,4014.84
13712,3267248,4014.75
13712,3291873,4014.75
13712,3316460,4014.85
13712,3341413,4014.85
13712,3366177,4014.85
13712,3390777,4014.85
13712,3415730,4014.85
13712,3440287,4014.77
13712,3782959,4014.87
13712,3807520,4014.87
13712,3832352,4014.79
13712,3857348,4014.79
13712,3882028,4014.8
13712,3906475,4014.8
13712,3930668,4014.78
13712,3954713,4014.78
13712,4400545,4014.8
13712,4425374,4014.8
13712,4450457,4014.83
13712,4475304,4014.83
13712,4499774,4014.79
13712,4524772,4014.79
13712,4550261,4014.84
13712,4575533,4014.84
13712,5025520,4014.77
13712,5050657,4014.77
13712,5075512,4014.86
13712,5100369,4014.86
13712,5125171,4014.84
13712,5149836,4014.84
13712,5174962,4014.8
13712,5200004,4014.8
13712,5225318,4014.8
13712,5250472,4014.83
13712,5646437,4014.85
13712,5671097,4014.85
13712,5695520,4014.82
13712,5719993,4014.82
13712,5744803,4014.77
13712,5769645,4014.77
13712,5794389,4014.85
13712,5819166,4014.85
13712,5843882,4014.85
13712,5868844,4014.78
13712,5878445,4014.78
13712,5878735,4014.8
13712,5879828,4014.8
13712,5895465,4014.53
13714,56508,4014.84
13714,80114,4014.84
13714,104937,4014.84
13714,129676,4014.82
13714,154306,4014.82
13714,178597,4014.94
13714,203132,4014.94
13714,228089,4014.9
13714,253491,4014.9
13714,278867,4014.9
13714,304029,4014.83
13714,329206,4014.83
13714,354424,4014.78
13714,378942,4014.78
13714,403870,4014.83
13714,428567,4014.83
13714,453606,4014.85
13714,478777,4014.85
13714,503889,4014.85
13714,528205,4014.86
13714,553645,4014.86
13714,579185,4014.79
13714,604929,4014.79
13714,6298517,4014.92
13714,6322516,4014.83
13714,6347176,4014.83
13714,6371999,4014.85
13714,6396867,4014.85
13714,6421705,4014.9
13714,6446887,4014.9
13714,6471486,4014.86
13714,6496404,4014.86
13714,6520864,4014.86
13714,6545433,4014.92
13714,6570025,4014.92
13714,6594386,4014.85
13714,6618508,4014.85
13714,6642843,4014.9
13714,6667034,4014.9
13714,6690972,4014.83
13714,6714594,4014.83
13714,6739488,4014.83
13714,6765371,4014.86
13714,6790286,4014.86
13714,6815263,4014.88
13714,6839072,4014.88
13714,6863380,4014.87
13714,6888462,4014.87
13714,6913054,4014.87
13714,630276,4014.92
13714,655603,4014.92
13714,681211,4014.83
13714,706490,4014.83
13714,732160,4014.83
13714,757605,4014.88
13714,783023,4014.88
13714,808427,4014.82
13714,833270,4014.82
13714,858049,4014.82
13714,882754,4014.82
13714,907368,4014.82
13714,931604,4014.85
13714,955802,4014.85
13714,980589,4014.9
13714,1005030,4014.9
13714,1030377,4014.83
13714,1055322,4014.83
13714,1079540,4014.87
13714,1104366,4014.87
13714,1130219,4014.87
13714,1156215,4014.76
13714,1181177,4014.76
13714,1206524,4014.87
13714,1232253,4014.87
13714,6938145,4014.88
13714,6963240,4014.88
13714,6987973,4014.87
13714,7013023,4014.87
13714,7037763,4014.89
13714,7062135,4014.89
13714,7086499,4014.84
13714,7109920,4014.84
13714,7134490,4014.84
13714,7159234,4014.81
13714,7183510,4014.81
13714,7208348,4014.8
13714,7234028,4014.8
13714,7259533,4014.93
13714,7284241,4014.93
13714,7308958,4014.87
13714,7334183,4014.87
13714,7359262,4014.87
13714,7384217,4014.87
13714,7409131,4014.87
13714,7434564,4014.82
13714,7460232,4014.82
13714,7485213,4014.9
13714,7510054,4014.9
13714,7535273,4014.92
13714,7559779,4014.92
13714,7584328,4014.92
13714,7608980,4014.82
13714,7634331,4014.82
13714,7659115,4014.93
13714,7684363,4014.93
13714,7710135,4014.87
13714,7735845,4014.87
13714,7761317,4014.88
13714,7785641,4014.88
13714,7809946,4014.88
13714,7810196,4014.9
13714,7811051,4014.9
13714,7829275,4014.53
13714,7854988,4014.53
13714,7880707,4014.76
13714,7906091,4014.76
13714,7931773,4014.76
13714,7957002,4014.86
13714,7981609,4014.86
13714,8006414,4014.81
13714,8030736,4014.81
13714,8055237,4014.83
13714,8080130,4014.83
13714,8105416,4014.84
13714,8130556,4014.84
13714,8155908,4014.84
13714,8180738,4014.85
13714,8205178,4014.85
13714,8230157,4014.86
13714,8255444,4014.86
13714,8280596,4014.84
13714,8305938,4014.84
13714,8331398,4014.94
13714,8356863,4014.94
13714,8382148,4014.94
13714,8407768,4014.87
13714,8432903,4014.87
13714,8457984,4014.83
13714,8474364,4014.83
13714,8474664,4014.91
13714,8475188,4014.91
13714,8492990,4014.53
13714,8506106,4014.53
13714,8506400,4014.53
13714,8506688,4014.82
13714,8518896,4014.82
13714,8545279,4014.53
13714,8571010,4014.53
13714,8596344,4014.86
13714,8621704,4014.86
13714,8646937,4014.87
13714,8672632,4014.87
13714,8697726,4014.87
13714,8722331,4014.88
13714,8746733,4014.88
13714,8771700,4014.86
13714,8796783,4014.86
13714,8822147,4014.84
13714,8846885,4014.84
13714,8871502,4014.84
13714,8896430,4014.9
13714,8921482,4014.9
13714,8946044,4014.85
13714,8970722,4014.85
13714,8995819,4014.89
13714,9020653,4014.89
13714,9045708,4014.93
13714,9070253,4014.93
13714,9094675,4014.93
13714,9119216,4014.84
13714,9143578,4014.84
13714,9167755,4014.83
13714,9192016,4014.83
13714,9216507,4014.9
13714,9241682,4014.9
13714,9267071,4014.9
13714,9291773,4014.87
13714,9316978,4014.87
13714,9342579,4014.92
13714,9368299,4014.92
13714,9393401,4014.91
13714,9418236,4014.91
13714,9443455,4014.9
13714,9467506,4014.9
13714,9492924,4014.9
13714,9518216,4014.87
13714,9543562,4014.87
13714,9569144,4014.84
13714,9593848,4014.84
13714,9618567,4014.89
13714,9643277,4014.89
13714,9668087,4014.88
13714,9684873,4014.88
13714,9685147,4014.88
13714,9685504,4014.86
13714,9690768,4014.86
13714,9713212,4014.53
13714,9738146,4014.53
13714,9764155,4014.82
13714,9790135,4014.82
13714,9814764,4014.89
13714,9840205,4014.89
13714,9865413,4014.89
13714,9890021,4014.88
13714,9914965,4014.88
13714,9939519,4014.92
13714,9964233,4014.92
13714,9988942,4014.86
13714,10014007,4014.86
13714,10038841,4014.86
13714,10063800,4014.85
13714,10089037,4014.85
13714,10114360,4014.92
13714,10139598,4014.92
13714,10164598,4014.87
13714,10189781,4014.87
13714,10215361,4014.91
13714,10240845,4014.91
13714,10266045,4014.91
13714,10291668,4014.88
13714,10316870,4014.88
13714,10342763,4014.84
13714,10368709,4014.84
13714,10394556,4014.88
13714,10419786,4014.88
13714,10444764,4014.88
13714,10469206,4014.92
13714,10493812,4014.92
13714,10518482,4014.89
13714,10543170,4014.89
13714,10567736,4014.87
13714,10593080,4014.87
13714,10617411,4014.84
13714,10641865,4014.84
13714,10666977,4014.84
13714,10668370,4014.87
13714,10668660,4014.87
13714,10674045,4014.53
13714,10696347,4014.53
13714,10721666,4014.94
13714,10747786,4014.94
13714,10773624,4014.94
13714,10799503,4014.89
13714,10825085,4014.89
13714,10850133,4014.89
13714,10875190,4014.89
13714,10900364,4014.95
13714,10924919,4014.95
13714,10950153,4014.88
13714,10974719,4014.88
13714,11000088,4014.88
13714,11024888,4014.9
13714,11049579,4014.9
13714,11068526,4014.83
13714,11068811,4014.83
13714,11069727,4014.53
13714,11088424,4014.53
13714,11114789,4014.88
13714,11140891,4014.88
13714,11148886,4014.88
13714,11149185,4014.78
13714,11151642,4014.78
13714,11172047,4014.53
13714,11196229,4014.53
13714,11220674,4014.87
13714,11245099,4014.87
13714,11270480,4014.87
13714,11295822,4014.88
13714,11321277,4014.88
13714,11346935,4014.75
13714,11372619,4014.75
13714,11398585,4014.91
13714,11424318,4014.91
13714,11449427,4014.85
13714,11474133,4014.85
13714,11499027,4014.85
13714,11523402,4014.85
13714,11547587,4014.85
13714,11572295,4014.89
13714,11597456,4014.89
13714,11622618,4014.82
13714,11648022,4014.82
13714,11673334,4014.87
13714,11698468,4014.87
13714,11723466,4014.87
13714,11748235,4014.89
13714,11773529,4014.89
13714,11798506,4014.96
13714,11822978,4014.96
13714,11848022,4014.91
13714,11872713,4014.91
13714,11897297,4014.89
13714,11922804,4014.89
13714,11947478,4014.89
13714,11972156,4014.91
13714,11997575,4014.91
13714,12022922,4014.93
13714,12048181,4014.93
13714,12072652,4014.9
13714,12097914,4014.9
13714,12123214,4014.92
13714,12149056,4014.92
13714,12174146,4014.92
13714,12199487,4014.9
13714,12224921,4014.9
13714,12250835,4014.87
13714,12276262,4014.87
13714,12301388,4014.99
13714,12326077,4014.99
13714,12350269,4014.99
13714,12375099,4014.83
13714,12400119,4014.83
13714,12425682,4014.92
13714,12451107,4014.92
13714,12476995,4014.87
13714,12502488,4014.87
13714,12528594,4014.84
13714,12553761,4014.84
13714,12578380,4014.84
13714,12603327,4014.85
13714,12627686,4014.85
13714,12653024,4014.86
13714,12678219,4014.86
13714,12702911,4014.87
13714,12728432,4014.87
13714,12753741,4014.84
13714,12779180,4014.84
13714,12804410,4014.84
13714,12829534,4014.91
13714,12854207,4014.91
13714,12879434,4014.9
13714,12909520,4014.9
13714,12933703,4014.76
13714,12959056,4014.76
13714,12983745,4014.89
13714,13008069,4014.89
13714,13033049,4014.87
13714,13058110,4014.87
13714,13082812,4014.87
13714,13108541,4014.84
13714,13134412,4014.84
13714,13163738,4014.89
13714,13189252,4014.89
13714,13216860,4014.83
13714,13218088,4014.83
13714,13218387,4014.53
13714,13218692,4014.53
13714,1257830,4014.8
13714,1283381,4014.8
13714,1308113,4014.88
13714,1333913,4014.88
13714,1358831,4014.88
13714,1384437,4014.79
13714,1408880,4014.79
13714,1434341,4014.79
13714,1459680,4014.79
13714,1484633,4014.91
13714,1509141,4014.91
13714,1533538,4014.85
13714,1557367,4014.85
13714,1582099,4014.85
13714,1606886,4014.85
13714,1631988,4014.85
13714,1657588,4014.84
13714,1682656,4014.84
13714,1707950,4014.78
13714,1732246,4014.78
13714,1756658,4014.81
13714,1781283,4014.81
13714,1805539,4014.81
13714,1830375,4014.79
13714,1854843,4014.79
13714,1879534,4014.96
13714,13225500,4014.53
13714,13249728,4014.53
13714,13274610,4014.53
13714,13299870,4014.77
13714,13325064,4014.77
13714,13350522,4014.91
13714,13375988,4014.91
13714,13400704,4014.85
13714,13425460,4014.85
13714,13450482,4014.87
13714,13475593,4014.87
13714,13499853,4014.87
13714,13524927,4014.89
13714,13550071,4014.89
13714,13575423,4014.87
13714,13600650,4014.87
13714,13625714,4014.88
13714,13651332,4014.88
13714,13676207,4014.88
13714,13701621,4014.91
13714,13726968,4014.91
13714,13752200,4014.9
13714,13777891,4014.9
13714,13803348,4014.86
13714,13828987,4014.86
13714,13854681,4014.86
13714,13879903,4014.9
13714,13905025,4014.9
13714,13930608,4014.82
13714,13955838,4014.82
13714,13980020,4014.89
13714,14005641,4014.89
13714,14030211,4014.89
13714,14055192,4014.89
13714,14079558,4014.89
13714,14104438,4014.89
13714,14128763,4014.89
13714,14153968,4014.88
13714,14179387,4014.88
13714,14204566,4014.89
13714,14229771,4014.89
13714,14255366,4014.89
13714,14280206,4015.01
13714,14305425,4015.01
13714,14331129,4014.9
13714,14355083,4014.9
13714,14380241,4014.86
13714,14405513,4014.86
13714,14429574,4014.79
13714,14454766,4014.79
13714,14479377,4014.79
13714,14504083,4014.91
13714,14528986,4014.91
13714,14553380,4014.93
13714,14578131,4014.93
13714,14602211,4014.88
13714,14626943,4014.88
13714,14651275,4014.92
13714,14676038,4014.92
13714,14700918,4014.92
13714,14725960,4014.87
13714,14750721,4014.87
13714,14774752,4014.87
13714,14799219,4014.87
13714,14823557,4014.9
13714,14848501,4014.9
13714,14873792,4014.92
13714,14898779,4014.92
13714,14923660,4014.92
13714,14949183,4014.94
13714,14974080,4014.94
13714,14999409,4014.93
13714,15025035,4014.93
13714,15050187,4014.91
13714,15074636,4014.91
13714,15099532,4014.91
13714,15124980,4014.91
13714,15149422,4014.91
13714,15173547,4014.76
13714,15198645,4014.76
13714,15223282,4014.91
13714,15248215,4014.91
13714,15272955,4014.91
13714,15298436,4014.91
13714,15323638,4014.91
13714,15348588,4014.91
13714,15372799,4014.91
13714,15396824,4014.87
13714,15421300,4014.87
13714,15446257,4014.83
13714,15471425,4014.83
13714,15496051,4014.89
13714,15520388,4014.89
13714,15544954,4014.89
13714,15569917,4014.9
13714,15594171,4014.9
13714,15619734,4014.96
13714,15646093,4014.96
13714,15670829,4014.87
13714,15695625,4014.87
13714,15720568,4014.88
13714,15745398,4014.88
13714,15770121,4014.88
13714,15794463,4014.88
13714,15819663,4014.88
13714,15845159,4014.94
13714,15870832,4014.94
13714,15896048,4014.87
13714,15921019,4014.87
13714,15945471,4014.96
13714,15969819,4014.96
13714,15994279,4014.96
13714,16018669,4014.9
13714,16042563,4014.9
13714,16067350,4014.97
13714,16092316,4014.97
13714,16117123,4014.81
13714,16142217,4014.81
13714,16167494,4014.81
13714,16192752,4014.87
13714,16217865,4014.87
13714,16243369,4014.89
13714,16268676,4014.89
13714,16293675,4014.95
13714,16318450,4014.95
13714,16342775,4014.94
13714,16367481,4014.94
13714,16392824,4014.94
13714,16417283,4014.85
13714,16442558,4014.85
13714,16467232,4014.88
13714,16492092,4014.88
13714,16517130,4014.9
13714,16541704,4014.9
13714,16566916,4014.98
13714,16592070,4014.98
13714,16617048,4014.98
13714,16642289,4014.86
13714,16667669,4014.86
13714,16693291,4014.93
13714,16718956,4014.93
13714,16744020,4014.94
13714,16768676,4014.94
13714,16794101,4014.94
13714,16818969,4014.88
13714,16843363,4014.88
13714,16868213,4014.86
13714,16893050,4014.86
13714,16917770,4014.9
13714,16942466,4014.9
13714,16966905,4014.97
13714,16992115,4014.97
13714,17017422,4014.97
13714,17042166,4014.85
13714,17066757,4014.85
13714,17091826,4014.87
13714,17116684,4014.87
13714,17141636,4014.9
13714,17166967,4014.9
13714,17192827,4014.91
13714,17217273,4014.91
13714,17241482,4014.91
13714,17265911,4014.91
13714,17290624,4014.91
13714,17315534,4014.8
13714,17340172,4014.8
13714,17365240,4015.02
13714,17389956,4015.02
13714,17415163,4014.94
13714,17440186,4014.94
13714,17465372,4014.94
13714,17490780,4014.87
13714,17515949,4014.87
13714,17541515,4014.92
13714,17566933,4014.92
13714,17592456,4014.85
13714,17618295,4014.85
13714,17644037,4014.85
13714,17669489,4014.92
13714,17695366,4014.92
13714,17721299,4014.91
13714,17747015,4014.91
13714,17772537,4014.97
13714,17798040,4014.97
13714,17822873,4014.91
13714,17846899,4014.91
13714,17847204,4014.91
13714,17847415,4014.84
13714,17848359,4014.84
13714,17866361,4014.53
13714,17891824,4014.53
13714,17917467,4014.83
13714,17942556,4014.83
13714,17968403,4014.9
13714,17993124,4014.9
13714,18017563,4014.9
13714,18043041,4014.88
13714,18067730,4014.88
13714,18091680,4014.94
13714,18116510,4014.94
13714,18140579,4014.78
13714,18166058,4014.78
13714,18191649,4014.97
13714,18216865,4014.97
13714,18242221,4014.97
13714,18267052,4014.85
13714,18291614,4014.85
13714,18316568,4014.9
13714,18340154,4014.9
13714,18365007,4014.89
13714,18389546,4014.89
13714,18414625,4014.89
13714,18439594,4014.86
13714,18464040,4014.86
13714,18488559,4014.95
13714,18513732,4014.95
13714,18538322,4014.95
13714,18563628,4014.95
13714,18588638,4014.94
13714,18612393,4014.94
13714,18637482,4014.94
13714,18662699,4014.98
13714,18688138,4014.98
13714,18713133,4014.91
13714,18738860,4014.91
13714,18763541,4014.9
13714,18788632,4014.9
13714,18813736,4014.92
13714,18838037,4014.92
13714,18863133,4014.92
13714,18888340,4014.96
13714,18913610,4014.96
13714,18938280,4014.83
13714,18963537,4014.83
13714,18988844,4014.9
13714,19013682,4014.9
13714,19039005,4014.9
13714,19064606,4014.92
13714,19089760,4014.92
13714,19115285,4014.88
13714,19140264,4014.88
13714,19165572,4014.94
13714,19190999,4014.94
13714,19216421,4014.89
13714,19241488,4014.89
13714,19245683,4014.89
13714,19245970,4015.04
13714,19246596,4015.04
13714,19263990,4014.53
13714,19289830,4014.53
13714,19315572,4014.75
13714,19340518,4014.75
13714,19365105,4014.8
13714,19390052,4014.8
13714,19414649,4014.8
13714,19439676,4014.91
13714,19465188,4014.91
13714,19490678,4014.88
13714,1903273,4014.96
13714,1928205,4014.83
13714,1953605,4014.83
13714,1978321,4014.83
13714,2003041,4014.87
13714,2028650,4014.87
13714,2053845,4014.9
13714,2078820,4014.9
13714,2103781,4014.87
13714,2128992,4014.87
13714,2153701,4014.75
13714,2178788,4014.75
13714,2203238,4014.75
13714,2228266,4014.81
13714,2252915,4014.81
13714,2278222,4014.77
13714,2302817,4014.77
13714,2328537,4014.84
13714,2354104,4014.84
13714,2379953,4014.86
13714,2405838,4014.86
13714,2430951,4014.86
13714,2456554,4014.93
13714,2481248,4014.93
13714,2483774,4014.89
13714,2484068,4014.89
13714,2487418,4014.53
13714,2509364,4014.53
13714,19516009,4014.88
13714,19541557,4014.96
13714,19566879,4014.96
13714,19591417,4014.88
13714,19616635,4014.88
13714,19642099,4014.88
13714,19667715,4014.92
13714,19693049,4014.92
13714,19716855,4014.89
13714,19741821,4014.89
13714,19767046,4014.93
13714,19792271,4014.93
13714,19816964,4014.88
13714,19842038,4014.88
13714,19866989,4014.88
13714,19891455,4014.94
13714,19916761,4014.94
13714,19942017,4014.89
13714,19967211,4014.89
13714,19992450,4014.94
13714,20017147,4014.94
13714,20042587,4014.9
13714,20068255,4014.9
13714,20093058,4014.9
13714,20117295,4014.95
13714,20142070,4014.95
13714,20166737,4014.86
13714,20191441,4014.86
13714,20216331,4014.96
13714,20241282,4014.96
13714,20266715,4014.96
13714,20292021,4014.84
13714,20317561,4014.84
13714,20342893,4014.82
13714,20368666,4014.82
13714,20394225,4014.87
13714,20419563,4014.87
13714,20445302,4014.88
13714,20470851,4014.88
13714,20496371,4014.88
13714,20516640,4014.92
13714,20516640,4014.92
13714,2534767,4014.89
13714,2560277,4014.89
13714,2585514,4014.89
13714,2611119,4014.87
13714,2636152,4014.87
13714,2661463,4014.91
13714,2686510,4014.91
13714,2711967,4014.86
13714,2736371,4014.86
13714,2756244,4014.86
13714,2756520,4014.84
13714,2756815,4014.84
13714,2770323,4014.53
13714,2795088,4014.53
13714,2819823,4014.86
13714,2845214,4014.86
13714,2869218,4014.84
13714,2894236,4014.84
13714,2918617,4014.84
13714,2942886,4014.91
13714,2967950,4014.91
13714,2992157,4014.87
13714,3017368,4014.87
13714,3041734,4014.89
13714,3066791,4014.89
13714,3090082,4014.89
13714,3114537,4014.75
13714,3139479,4014.75
13714,3164150,4014.86
13714,3188503,4014.86
13714,3212966,4014.83
13714,3237207,4014.83
13714,3261991,4014.86
13714,3287058,4014.86
13714,3311782,4014.86
13714,3336588,4014.87
13714,3360140,4014.87
13714,3384611,4014.82
13714,3408665,4014.82
13714,3432844,4014.89
13714,3457422,4014.89
13714,3482071,4014.86
13714,3506804,4014.86
13714,3531798,4014.86
13714,3557228,4014.93
13714,3582849,4014.93
13714,3607594,4014.79
13714,3632936,4014.79
13714,3657500,4014.85
13714,3682711,4014.85
13714,3707643,4014.89
13714,3732240,4014.89
13714,3756767,4014.89
13714,3781408,4014.86
13714,3806606,4014.86
13714,3831715,4014.89
13714,3855904,4014.89
13714,3880595,4014.88
13714,3905679,4014.88
13714,3930130,4014.86
13714,3954751,4014.86
13714,3978920,4014.86
13714,4003341,4014.82
13714,4028446,4014.82
13714,4053495,4014.84
13714,4078707,4014.84
13714,4103408,4014.88
13714,4128279,4014.88
13714,4153102,4014.89
13714,4178084,4014.89
13714,4203336,4014.89
13714,4229018,4014.87
13714,4254608,4014.87
13714,4279356,4014.81
13714,4304191,4014.81
13714,4328585,4014.83
13714,4353422,4014.83
13714,4377894,4014.88
13714,4402690,4014.88
13714,4426906,4014.88
13714,4451744,4014.81
13714,4476581,4014.81
13714,4501315,4014.91
13714,4525970,4014.91
13714,4551121,4014.84
13714,4575905,4014.84
13714,4600440,4014.84
13714,4625259,4014.85
13714,4650290,4014.85
13714,4675487,4014.86
13714,4700833,4014.86
13714,4726610,4014.83
13714,4751761,4014.83
13714,4777245,4014.83
13714,4802768,4014.83
13714,4828053,4014.83
13714,4852882,4014.8
13714,4877575,4014.8
13714,4902625,4014.82
13714,4927654,4014.82
13714,4951966,4014.89
13714,4976143,4014.89
13714,5001240,4014.89
13714,5024922,4014.89
13714,5049378,4014.89
13714,5074136,4014.86
13714,5098781,4014.86
13714,5124236,4014.82
13714,5149837,4014.82
13714,5175016,4014.87
13714,5200883,4014.87
13714,5226149,4014.87
13714,5250760,4014.88
13714,5275832,4014.88
13714,5300434,4014.87
13714,5325086,4014.87
13714,5349671,4014.87
13714,5374625,4014.87
13714,5400006,4014.81
13714,5424675,4014.81
13714,5450088,4014.81
13714,5475132,4014.87
13714,5500462,4014.87
13714,5526025,4014.84
13714,5551271,4014.84
13714,5575600,4014.84
13714,5601053,4014.84
13714,5626065,4014.81
13714,5650524,4014.81
13714,5674789,4014.81
13714,5698713,4014.9
13714,5723658,4014.9
13714,5747988,4014.92
13714,5773203,4014.92
13714,5797413,4014.84
13714,5822603,4014.84
13714,5847698,4014.86
13714,5872982,4014.86
13714,5898162,4014.86
13714,5923623,4014.86
13714,5949346,4014.86
13714,5974935,4014.88
13714,6000303,4014.88
13714,6025638,4014.89
13714,6051233,4014.89
13714,6076694,4014.86
13714,6102045,4014.86
13714,6127627,4014.86
13714,6152351,4014.94
13714,6177351,4014.94
13714,6201764,4014.82
13714,6225909,4014.82
13714,6249869,4014.92
13714,6274469,4014.92
13715,62837,4015.02
13715,87620,4015.02
13715,112567,4015.04
13715,137587,4015.04
13715,162923,4014.98
13715,188436,4014.98
13715,213860,4014.98
13715,238875,4014.8
13715,263930,4014.8
13715,288926,4014.88
13715,314660,4014.88
13715,339705,4014.94
13715,364749,4014.94
13715,389795,4014.94
13715,414772,4014.94
13715,439532,4014.94
13715,464618,4015.04
13715,489440,4015.04
13715,514162,4015.05
13715,538993,4015.05
13715,564839,4014.87
13715,590677,4014.87
13715,616690,4014.9
13715,6302930,4014.84
13715,6328529,4014.89
13715,6354130,4014.89
13715,6379513,4014.81
13715,6404990,4014.81
13715,6430057,4014.82
13715,6455332,4014.82
13715,6480337,4014.82
13715,6505330,4014.96
13715,6530395,4014.96
13715,6555230,4014.84
13715,6561742,4014.84
13715,6562034,4014.9
13715,6562312,4014.9
13715,6562605,4014.53
13715,6562842,4014.53
13715,6574105,4014.53
13715,6598688,4014.53
13715,6624073,4014.53
13715,6649618,4014.97
13715,6675045,4014.97
13715,6700447,4014.98
13715,6725892,4014.98
13715,6750889,4014.98
13715,6776334,4014.82
13715,6801614,4014.82
13715,6826888,4014.93
13715,6851867,4014.93
13715,6877408,4015.03
13715,6902831,4015.03
13715,6927656,4014.8
13715,642368,4014.9
13715,667523,4014.9
13715,692921,4014.9
13715,718078,4014.9
13715,742995,4014.94
13715,768014,4014.94
13715,792568,4014.95
13715,817784,4014.95
13715,843612,4014.84
13715,869187,4014.84
13715,894753,4014.84
13715,920709,4014.94
13715,945716,4014.94
13715,970981,4014.83
13715,996039,4014.83
13715,1021178,4014.95
13715,1046332,4014.95
13715,1071513,4014.95
13715,1097254,4014.84
13715,1122698,4014.84
13715,1148139,4014.85
13715,1173445,4014.85
13715,1198724,4014.87
13715,1224177,4014.87
13715,1249386,4014.85
13715,6952315,4014.8
13715,6977309,4014.8
13715,7002472,4014.94
13715,7027996,4014.94
13715,7053676,4014.99
13715,7079185,4014.99
13715,7104400,4014.94
13715,7129510,4014.94
13715,7154460,4014.95
13715,7179535,4014.95
13715,7205119,4014.95
13715,7230872,4014.91
13715,7256439,4014.91
13715,7282321,4014.93
13715,7308338,4014.93
13715,7333921,4014.99
13715,7359640,4014.99
13715,7385011,4014.84
13715,7410202,4014.84
13715,7435607,4014.84
13715,7460482,4014.94
13715,7485606,4014.94
13715,7510897,4014.91
13715,7535565,4014.91
13715,7560109,4014.93
13715,7585171,4014.93
13715,7610402,4014.93
13715,7635957,4014.93
13715,7661726,4014.93
13715,7687887,4014.8
13715,7713567,4014.8
13715,7739035,4014.92
13715,7764250,4014.92
13715,7789466,4014.95
13715,7814806,4014.95
13715,7839267,4014.95
13715,7863836,4014.86
13715,7888788,4014.86
13715,7914107,4014.95
13715,7939877,4014.95
13715,7965607,4014.88
13715,7991196,4014.88
13715,8017079,4014.91
13715,8042528,4014.91
13715,8068040,4014.91
13715,8093735,4014.89
13715,8119211,4014.89
13715,8144534,4014.94
13715,8170008,4014.94
13715,8195242,4014.87
13715,8220586,4014.87
13715,8246100,4014.87
13715,8271385,4014.87
13715,8296360,4014.87
13715,8321050,4014.96
13715,8345769,4014.96
13715,8370206,4014.92
13715,8394653,4014.92
13715,8419605,4014.94
13715,8444702,4014.94
13715,8470130,4014.93
13715,8495404,4014.93
13715,8520748,4014.93
13715,8546200,4014.92
13715,8571433,4014.92
13715,8596898,4014.94
13715,8622338,4014.94
13715,8647697,4014.85
13715,8672939,4014.85
13715,8697618,4014.85
13715,8722611,4014.9
13715,8747427,4014.9
13715,8772634,4014.86
13715,8798555,4014.86
13715,8824482,4014.99
13715,8850215,4014.99
13715,8875676,4014.88
13715,8901287,4014.88
13715,8926614,4014.88
13715,8952365,4014.93
13715,8977728,4014.93
13715,9003431,4014.88
13715,9028910,4014.88
13715,9054364,4014.93
13715,9079677,4014.93
13715,9104794,4014.88
13715,9130019,4014.88
13715,9155413,4014.88
13715,9180631,4014.88
13715,9206418,4014.88
13715,9231787,4014.9
13715,9257311,4014.9
13715,9282605,4014.98
13715,9308200,4014.98
13715,9333461,4014.92
13715,9358805,4014.92
13715,9384538,4014.92
13715,9410201,4014.91
13715,9435743,4014.91
13715,9461409,4014.93
13715,9486993,4014.93
13715,9512479,4014.87
13715,9537827,4014.87
13715,9562819,4014.94
13715,9588356,4014.94
13715,9614364,4014.94
13715,9639966,4014.92
13715,9665379,4014.92
13715,9691301,4014.89
13715,9716780,4014.89
13715,9742165,4014.87
13715,9767312,4014.87
13715,9792814,4014.87
13715,9817986,4014.9
13715,9843212,4014.9
13715,9868575,4014.89
13715,9893670,4014.89
13715,9919222,4014.9
13715,9944484,4014.9
13715,9970035,4014.95
13715,9995556,4014.95
13715,10021150,4014.95
13715,10046631,4014.94
13715,10072096,4014.94
13715,10097564,4014.87
13715,10122916,4014.87
13715,10148128,4014.87
13715,10173253,4014.87
13715,10179679,4014.86
13715,10179898,4014.86
13715,10180200,4014.86
13715,10180486,4014.53
13715,10190690,4014.53
13715,10215862,4014.53
13715,10242236,4014.53
13715,10268102,4014.84
13715,10294203,4014.84
13715,10319806,4014.96
13715,10345284,4014.96
13715,10370594,4014.96
13715,10395969,4014.93
13715,10420881,4014.93
13715,10446005,4014.88
13715,10470991,4014.88
13715,10495922,4014.8
13715,10521414,4014.8
13715,10547128,4014.93
13715,10583081,4014.93
13715,10608647,4014.93
13715,10634293,4014.84
13715,10659909,4014.84
13715,10684863,4014.94
13715,10710186,4014.94
13715,10735481,4014.89
13715,10760579,4014.89
13715,10785725,4014.89
13715,10811183,4014.83
13715,10837062,4014.83
13715,10862927,4015.03
13715,10888628,4015.03
13715,10914492,4014.76
13715,10940190,4014.76
13715,10966075,4014.91
13715,10991623,4014.91
13715,11016905,4014.91
13715,11041970,4014.99
13715,11066816,4014.99
13715,11091782,4014.85
13715,11116718,4014.85
13715,11142218,4014.83
13715,11167800,4014.83
13715,11192770,4014.88
13715,11218181,4014.88
13715,11243338,4014.88
13715,11268633,4014.87
13715,11293882,4014.87
13715,11318879,4014.92
13715,11344318,4014.92
13715,11369150,4014.95
13715,11394512,4014.95
13715,11419717,4014.8
13715,11444959,4014.8
13715,11470142,4014.8
13715,11495756,4014.92
13715,11521601,4014.92
13715,11547444,4014.92
13715,11573304,4014.92
13715,11599142,4014.86
13715,11624782,4014.86
13715,11650108,4014.86
13715,11675579,4014.89
13715,11700813,4014.89
13715,11725899,4014.88
13715,11750873,4014.88
13715,11775942,4014.92
13715,11800904,4014.92
13715,11826067,4014.83
13715,11851074,4014.83
13715,11876501,4014.83
13715,11901885,4014.93
13715,11927753,4014.93
13715,11953287,4014.92
13715,11978910,4014.92
13715,12004380,4014.85
13715,12030388,4014.85
13715,12056143,4014.93
13715,12081197,4014.93
13715,12106278,4014.93
13715,12131172,4014.97
13715,12156521,4014.97
13715,12182328,4014.98
13715,12208075,4014.98
13715,12233381,4014.88
13715,12258888,4014.88
13715,12283912,4014.89
13715,12309296,4014.89
13715,12334404,4014.89
13715,12359754,4014.91
13715,12385228,4014.91
13715,12410054,4014.94
13715,12435260,4014.94
13715,12460230,4014.84
13715,12485570,4014.84
13715,12511037,4014.91
13715,12536164,4014.91
13715,12561536,4014.91
13715,12587127,4014.99
13715,12612798,4014.99
13715,12638313,4014.94
13715,12664266,4014.94
13715,12689224,4014.97
13715,12714741,4014.97
13715,12740024,4014.83
13715,12765385,4014.83
13715,12790581,4014.83
13715,12815815,4014.92
13715,12841157,4014.92
13715,12866411,4014.93
13715,12891636,4014.93
13715,12916745,4014.93
13715,12942522,4014.93
13715,12967680,4014.9
13715,12992976,4014.9
13715,13018281,4014.9
13715,13043211,4014.96
13715,13068361,4014.96
13715,13093773,4015
13715,13119506,4015
13715,13144901,4014.94
13715,13169972,4014.94
13715,13195608,4014.94
13715,13221248,4014.95
13715,1274107,4014.85
13715,1298859,4014.85
13715,1323979,4014.93
13715,1349359,4014.93
13715,1374483,4014.88
13715,1399782,4014.88
13715,1425131,4014.95
13715,1450080,4014.95
13715,1475924,4014.83
13715,1501418,4014.83
13715,1526624,4014.83
13715,1552159,4014.79
13715,1577722,4014.79
13715,1602720,4014.92
13715,1627611,4014.92
13715,1652359,4014.89
13715,1677162,4014.89
13715,1701869,4014.89
13715,1726689,4014.9
13715,1751524,4014.9
13715,1776871,4014.85
13715,1802527,4014.85
13715,1827832,4014.9
13715,1853558,4014.9
13715,1878742,4014.88
13715,13246285,4014.95
13715,13271441,4014.88
13715,13297074,4014.88
13715,13322301,4014.93
13715,13346887,4014.93
13715,13371779,4014.9
13715,13396798,4014.9
13715,13421887,4014.9
13715,13447592,4014.9
13715,13473083,4014.9
13715,13498585,4014.92
13715,13523868,4014.92
13715,13548887,4014.9
13715,13574729,4014.9
13715,13599814,4015.08
13715,13625225,4015.08
13715,13650608,4015.08
13715,13676348,4014.81
13715,13701702,4014.81
13715,13726912,4014.91
13715,13752247,4014.91
13715,13777606,4014.94
13715,13803067,4014.94
13715,13828507,4014.94
13715,13853634,4014.93
13715,13878419,4014.93
13715,13903285,4015.01
13715,13928396,4015.01
13715,13953485,4014.92
13715,13979075,4014.92
13715,14004921,4014.92
13715,14030927,4014.92
13715,14039690,4014.92
13715,14039985,0
13715,14040833,0
13715,14057997,4014.53
13715,14082949,4014.53
13715,14108435,4014.77
13715,14133929,4014.77
13715,14159244,4014.9
13715,14184579,4014.9
13715,14209924,4014.9
13715,14235064,4014.89
13715,14260229,4014.89
13715,14285334,4014.86
13715,14310280,4014.86
13715,14334990,4014.92
13715,14360073,4014.92
13715,14385399,4014.93
13715,14411287,4014.93
13715,14436994,4014.93
13715,14463001,4014.92
13715,14488513,4014.92
13715,14513766,4014.89
13715,14539017,4014.89
13715,14564494,4014.89
13715,14589590,4014.89
13715,14614574,4014.94
13715,14639519,4014.94
13715,14664586,4014.94
13715,14689816,4014.95
13715,14715243,4014.95
13715,14740113,4014.84
13715,14765065,4014.84
13715,14790302,4014.91
13715,14815631,4014.91
13715,14840852,4014.95
13715,14866489,4014.95
13715,14891903,4014.95
13715,14917268,4014.91
13715,14942346,4014.91
13715,14967726,4014.88
13715,14993164,4014.88
13715,15018379,4014.88
13715,15043670,4014.88
13715,15068885,4014.97
13715,15093902,4014.97
13715,15118602,4014.97
13715,15143243,4014.91
13715,15168651,4014.91
13715,15194035,4014.89
13715,15218979,4014.89
13715,15244574,4014.9
13715,15270429,4014.9
13715,15296191,4014.9
13715,15321483,4014.94
13715,15346865,4014.94
13715,15372300,4014.97
13715,15397388,4014.97
13715,15422485,4014.97
13715,15447624,4014.97
13715,15472339,4014.91
13715,15497759,4014.91
13715,15522801,4014.91
13715,15548293,4014.91
13715,15573351,4014.91
13715,15598538,4014.92
13715,15623811,4014.92
13715,15649047,4014.88
13715,15674014,4014.88
13715,15699138,4014.94
13715,15724345,4014.94
13715,15750151,4014.94
13715,15776007,4014.92
13715,15801855,4014.92
13715,15827546,4014.91
13715,15853206,4014.91
13715,15878696,4014.88
13715,15903361,4014.88
13715,15928324,4014.99
13715,15953695,4014.99
13715,15979661,4014.99
13715,16005513,4014.95
13715,16031767,4014.95
13715,16057477,4014.94
13715,16082717,4014.94
13715,16107791,4014.93
13715,16133011,4014.93
13715,16158104,4014.93
13715,16183301,4014.76
13715,16184220,4014.76
13715,16184519,4014.94
13715,16185439,4014.94
13715,16204249,4014.53
13715,16230232,4014.53
13715,16255718,4015.05
13715,16281398,4015.05
13715,16306527,4015.05
13715,16331600,4014.93
13715,16356310,4014.93
13715,16381720,4015
13715,16407392,4015
13715,16432874,4014.91
13715,16458468,4014.91
13715,16484064,4015.01
13715,16509816,4015.01
13715,16535697,4015.01
13715,16561630,4014.94
13715,16587284,4014.94
13715,16612443,4014.97
13715,16637890,4014.97
13715,16663451,4015.01
13715,16689036,4015.01
13715,16714085,4014.94
13715,16728733,4014.94
13715,16729068,4014.94
13715,16729301,4014.93
13715,16741537,4014.93
13715,16766694,4014.53
13715,16792076,4014.53
13715,16817426,4014.92
13715,16842984,4014.92
13715,16868180,4014.99
13715,16893190,4014.99
13715,16918398,4014.99
13715,16943586,4014.95
13715,16968671,4014.95
13715,16994133,4014.92
13715,17019616,4014.92
13715,17045024,4015.1
13715,17070054,4015.1
13715,17095229,4014.95
13715,17120291,4014.95
13715,17145434,4014.95
13715,17170540,4014.97
13715,17195603,4014.97
13715,17220513,4014.93
13715,17245403,4014.93
13715,17270872,4014.95
13715,17296167,4014.95
13715,17321325,4014.91
13715,17346027,4014.91
13715,17371244,4014.91
13715,17396344,4014.88
13715,17421549,4014.88
13715,17446724,4014.97
13715,17471822,4014.97
13715,17496572,4014.92
13715,17521366,4014.92
13715,17546980,4014.92
13715,17572201,4014.97
13715,17575910,4014.97
13715,17576206,4014.99
13715,17577384,4014.99
13715,17596722,4014.53
13715,17622998,4014.53
13715,17649122,4014.89
13715,17675298,4014.89
13715,17701435,4014.89
13715,17726519,4014.89
13715,17751481,4014.89
13715,17776593,4014.98
13715,17802034,4014.98
13715,17827234,4014.93
13715,17852065,4014.93
13715,17877428,4014.98
13715,17902625,4014.98
13715,17928355,4014.98
13715,17953719,4014.89
13715,17978807,4014.89
13715,18004389,4014.96
13715,18029454,4014.96
13715,18054561,4014.87
13715,18079903,4014.87
13715,18105266,4014.92
13715,18130344,4014.92
13715,18155695,4014.92
13715,18181276,4014.98
13715,18207002,4014.98
13715,18232230,4014.85
13715,18257974,4014.85
13715,18283450,4014.96
13715,18308725,4014.96
13715,18334272,4014.91
13715,18359729,4014.91
13715,18385315,4014.91
13715,18410923,4014.88
13715,18435736,4014.88
13715,18461015,4015
13715,18486283,4015
13715,18511484,4014.92
13715,18536878,4014.92
13715,18562864,4014.92
13715,18588466,4014.88
13715,18613941,4014.88
13715,18618846,4014.95
13715,18619148,4014.95
13715,18619484,4014.53
13715,18619778,4014.53
13715,18629956,4014.53
13715,18631072,4014.53
13715,18631371,4014.53
13715,18639198,4014.53
13715,18664297,4014.53
13715,18690245,4014.96
13715,18716233,4014.96
13715,18742351,4014.93
13715,18767884,4014.93
13715,18793538,4014.95
13715,18819291,4014.95
13715,18844615,4014.95
13715,18869791,4014.9
13715,18894917,4014.9
13715,18920280,4014.95
13715,18945744,4014.95
13715,18971097,4014.93
13715,18996189,4014.93
13715,19021785,4015.05
13715,19047072,4015.05
13715,19072734,4015.05
13715,19097904,4014.9
13715,19123403,4014.9
13715,19148929,4015
13715,19174395,4015
13715,19199827,4014.9
13715,19225094,4014.9
13715,19250791,4014.9
13715,19276357,4014.9
13715,19301844,4014.9
13715,19327049,4014.94
13715,19352308,4014.94
13715,19377633,4014.9
13715,19402678,4014.9
13715,19427925,4014.99
13715,19453003,4014.99
13715,19477672,4014.92
13715,19503305,4014.92
13715,19529276,4014.92
13715,1904226,4014.88
13715,1929522,4014.88
13715,1954772,4014.91
13715,1979877,4014.91
13715,2005045,4014.89
13715,2030258,4014.89
13715,2055205,4014.89
13715,2080889,4014.89
13715,2105700,4014.88
13715,2131496,4014.88
13715,2156915,4014.9
13715,2182098,4014.9
13715,2207577,4014.9
13715,2232931,4014.82
13715,2258390,4014.82
13715,2283534,4014.91
13715,2308981,4014.91
13715,2334198,4014.94
13715,2359545,4014.94
13715,2385182,4014.89
13715,2410607,4014.89
13715,2436270,4014.89
13715,2461772,4014.93
13715,2487648,4014.93
13715,2512740,4014.78
13715,19554635,4014.96
13715,19580455,4014.96
13715,19606113,4014.89
13715,19631924,4014.89
13715,19657629,4014.96
13715,19683134,4014.96
13715,19708297,4014.96
13715,19733235,4014.98
13715,19758041,4014.98
13715,19782986,4014.91
13715,19808308,4014.91
13715,19833773,4014.88
13715,19859135,4014.88
13715,19884234,4014.93
13715,19909316,4014.93
13715,19934665,4014.93
13715,19959775,4014.92
13715,19984847,4014.92
13715,20010450,4014.95
13715,20035651,4014.95
13715,20061402,4014.88
13715,20087104,4014.88
13715,20113356,4014.85
13715,20138977,4014.85
13715,20164764,4014.85
13715,20190416,4014.96
13715,20216048,4014.96
13715,20241345,4014.93
13715,20266190,4014.93
13715,20291018,4014.9
13715,20315943,4014.9
13715,20340695,4014.92
13715,20365705,4014.92
13715,20390850,4014.92
13715,20416274,4015
13715,20441692,4015
13715,20467188,4014.94
13715,20492889,4014.94
13715,20518100,4014.92
13715,20543553,4014.92
13715,20568855,4014.99
13715,20594363,4014.99
13715,20604913,4014.99
13715,2537835,4014.78
13715,2562672,4014.91
13715,2587736,4014.91
13715,2613111,4014.91
13715,2638687,4014.82
13715,2664348,4014.82
13715,2689897,4014.94
13715,2715260,4014.94
13715,2740462,4014.86
13715,2765300,4014.86
13715,2789987,4014.9
13715,2814177,4014.9
13715,2838752,4014.9
13715,2863238,4014.96
13715,2888036,4014.96
13715,2913453,4014.81
13715,2938473,4014.81
13715,2963566,4014.91
13715,2988161,4014.91
13715,3012811,4014.91
13715,3038053,4014.92
13715,3063196,4014.92
13715,3088491,4014.93
13715,3113824,4014.93
13715,3137390,4014.92
13715,3137694,4014.92
13715,3137991,4014.53
13715,3141725,4014.53
13715,3164638,4014.53
13715,3190747,4014.53
13715,3217182,4014.53
13715,3242884,4014.92
13715,3268698,4014.92
13715,3294049,4014.9
13715,3319543,4014.9
13715,3345143,4014.91
13715,3370593,4014.91
13715,3395675,4014.91
13715,3420776,4014.95
13715,3445863,4014.95
13715,3471137,4014.98
13715,3496547,4014.98
13715,3521872,4014.91
13715,3547656,4014.91
13715,3573327,4014.91
13715,3598818,4014.91
13715,3624313,4014.91
13715,3649927,4014.98
13715,3674720,4014.98
13715,3699677,4014.9
13715,3724613,4014.9
13715,3749585,4014.93
13715,3774422,4014.93
13715,3799260,4014.81
13715,3824811,4014.81
13715,3850023,4014.81
13715,3875539,4014.88
13715,3901116,4014.88
13715,3926504,4014.9
13715,3951840,4014.9
13715,3976943,4015.02
13715,4002016,4015.02
13715,4027254,4014.83
13715,4052561,4014.83
13715,4078105,4014.83
13715,4102996,4014.86
13715,4128081,4014.86
13715,4152966,4014.88
13715,4178035,4014.88
13715,4203324,4014.98
13715,4228334,4014.98
13715,4253560,4014.98
13715,4278575,4014.94
13715,4303709,4014.94
13715,4328559,4014.83
13715,4354139,4014.83
13715,4379899,4014.78
13715,4405448,4014.78
13715,4431033,4014.91
13715,4456419,4014.91
13715,4482090,4014.91
13715,4507741,4014.88
13715,4533443,4014.88
13715,4558685,4014.94
13715,4583629,4014.94
13715,4608740,4014.94
13715,4633921,4014.94
13715,4658834,4014.89
13715,4683871,4014.89
13715,4708829,4014.89
13715,4733780,4014.86
13715,4759456,4014.86
13715,4784613,4014.9
13715,4809712,4014.9
13715,4834783,4014.85
13715,4859531,4014.85
13715,4884192,4014.9
13715,4908942,4014.9
13715,4933708,4014.9
13715,4958939,4014.9
13715,4984268,4014.9
13715,5009494,4014.92
13715,5035093,4014.92
13715,5060874,4014.9
13715,5086431,4014.9
13715,5112520,4014.76
13715,5137888,4014.76
13715,5163037,4014.76
13715,5187595,4014.87
13715,5212387,4014.87
13715,5237701,4014.9
13715,5262803,4014.9
13715,5287899,4014.91
13715,5312998,4014.91
13715,5338305,4014.88
13715,5363659,4014.88
13715,5388755,4014.88
13715,5414406,4014.91
13715,5439967,4014.91
13715,5465824,4014.89
13715,5491148,4014.89
13715,5515650,4014.92
13715,5540448,4014.92
13715,5565334,4014.92
13715,5590118,4014.94
13715,5614932,4014.94
13715,5640416,4014.84
13715,5666120,4014.84
13715,5691570,4014.89
13715,5717073,4014.89
13715,5742330,4014.84
13715,5767884,4014.84
13715,5793179,4014.84
13715,5818855,4014.88
13715,5844474,4014.88
13715,5870042,4014.94
13715,5895655,4014.94
13715,5921232,4014.95
13715,5946822,4014.95
13715,5972043,4014.86
13715,5997525,4014.86
13715,6022881,4014.86
13715,6048613,4014.87
13715,6074327,4014.87
13715,6099542,4014.92
13715,6124584,4014.92
13715,6149840,4014.94
13715,6175182,4014.94
13715,6201039,4014.87
13715,6226148,4014.87
13715,6251474,4014.87
13715,6277474,4014.84
13716,60314,4014.97
13716,85113,4014.96
13716,110079,4014.96
13716,134515,4014.99
13716,159322,4014.99
13716,184125,4014.9
13716,209186,4014.9
13716,234103,4014.97
13716,259151,4014.97
13716,284516,4014.97
13716,309830,4014.96
13716,334860,4014.96
13716,359919,4014.91
13716,384735,4014.91
13716,409590,4014.96
13716,434810,4014.96
13716,459901,4014.96
13716,484335,4014.91
13716,509432,4014.91
13716,534587,4014.93
13716,559506,4014.93
13716,584551,4014.95
13716,609003,4014.95
13716,6317122,4015
13716,6342169,4014.96
13716,6367411,4014.96
13716,6392606,4014.96
13716,6417900,4014.94
13716,6443403,4014.94
13716,6468883,4014.94
13716,6494515,4014.94
13716,6520367,4014.94
13716,6546724,4014.94
13716,6572684,4014.95
13716,6599137,4014.95
13716,6625144,4014.95
13716,6650107,4014.9
13716,6675315,4014.9
13716,6700366,4014.93
13716,6720386,4014.93
13716,6720645,4014.92
13716,6721012,4014.92
13716,6721227,4014.53
13716,6721826,4014.53
13716,6736169,4014.53
13716,6762022,4014.53
13716,6788007,4014.53
13716,6813102,4014.88
13716,6837725,4014.88
13716,6862653,4014.98
13716,6887218,4014.98
13716,6911720,4014.98
13716,634221,4014.94
13716,658556,4014.94
13716,682595,4014.94
13716,706935,4014.97
13716,731368,4014.97
13716,755189,4014.89
13716,779889,4014.89
13716,804988,4014.95
13716,829540,4014.95
13716,839835,4014.88
13716,840124,4014.88
13716,840362,4014.88
13716,843774,4014.53
13716,865832,4014.53
13716,891264,4014.88
13716,916413,4014.88
13716,941801,4014.95
13716,967278,4014.95
13716,992267,4014.9
13716,1017289,4014.9
13716,1042022,4014.9
13716,1067258,4014.94
13716,1092478,4014.94
13716,1117454,4014.88
13716,1142416,4014.88
13716,1167133,4014.95
13716,1192058,4014.95
13716,1216658,4014.95
13716,1242100,4014.94
13716,6937341,4015.03
13716,6962465,4015.03
13716,6988099,4014.93
13716,7012809,4014.93
13716,7037737,4014.98
13716,7062966,4014.98
13716,7087773,4014.98
13716,7112467,4014.98
13716,7137977,4014.98
13716,7162674,4014.91
13716,7187752,4014.91
13716,7212722,4014.91
13716,7237705,4014.91
13716,7263159,4014.89
13716,7288148,4014.89
13716,7313387,4014.95
13716,7339037,4014.95
13716,7363799,4014.95
13716,7389489,4014.93
13716,7414612,4014.93
13716,7440178,4014.97
13716,7465332,4014.97
13716,7490478,4015.01
13716,7515583,4015.01
13716,7540889,4015.05
13716,7565369,4015.05
13716,7590338,4015.05
13716,7615272,4014.89
13716,7640371,4014.89
13716,7665418,4014.9
13716,7690597,4014.9
13716,7715629,4014.95
13716,7739970,4014.95
13716,7764401,4014.91
13716,7788731,4014.91
13716,7812694,4014.91
13716,7836882,4014.92
13716,7861675,4014.92
13716,7885887,4014.98
13716,7911101,4014.98
13716,7935539,4014.93
13716,7961014,4014.93
13716,7985718,4014.93
13716,8010890,4014.95
13716,8035638,4014.95
13716,8060966,4014.99
13716,8085684,4014.99
13716,8109758,4014.91
13716,8134071,4014.91
13716,8158507,4014.98
13716,8183344,4014.98
13716,8208192,4014.98
13716,8233129,4014.94
13716,8257172,4014.94
13716,8282113,4015
13716,8306736,4015
13716,8332076,4014.98
13716,8356671,4014.98
13716,8381880,4014.98
13716,8407468,4014.98
13716,8431914,4014.98
13716,8457635,4014.94
13716,8482617,4014.94
13716,8507433,4014.97
13716,8531996,4014.97
13716,8556069,4014.95
13716,8581459,4014.95
13716,8606072,4014.95
13716,8631238,4014.98
13716,8656096,4014.98
13716,8681010,4014.91
13716,8706602,4014.91
13716,8731685,4014.94
13716,8757265,4014.94
13716,8782818,4014.99
13716,8808116,4014.99
13716,8834123,4014.99
13716,8859663,4014.92
13716,8884656,4014.92
13716,8910788,4014.96
13716,8935485,4014.96
13716,8960696,4014.98
13716,8984897,4014.98
13716,9012751,4014.94
13716,9031191,4014.94
13716,9031508,4014.91
13716,9031798,4014.91
13716,9032088,4014.91
13716,9032317,4014.53
13716,9032610,4014.53
13716,9032959,4014.53
13716,9033179,4014.53
13716,9033722,4014.53
13716,9049205,4014.53
13716,9074060,4014.53
13716,9099383,4014.87
13716,9124743,4014.87
13716,9149583,4015
13716,9174532,4015
13716,9200380,4014.97
13716,9225627,4014.97
13716,9249950,4014.94
13716,9274616,4014.94
13716,9299526,4014.94
13716,9323529,4014.96
13716,9348792,4014.96
13716,9373811,4014.93
13716,9399219,4014.93
13716,9424878,4014.95
13716,9450239,4014.95
13716,9474886,4014.95
13716,9499910,4014.94
13716,9525066,4014.94
13716,9550843,4014.96
13716,9576321,4014.96
13716,9601026,4014.99
13716,9625600,4014.99
13716,9649975,4014.98
13716,9675536,4014.98
13716,9677394,4014.98
13716,9677739,4014.99
13716,9678774,4014.99
13716,9697407,4014.53
13716,9724232,4014.53
13716,9751091,4014.91
13716,9776094,4014.91
13716,9801761,4014.92
13716,9827362,4014.92
13716,9851368,4014.92
13716,9876408,4015
13716,9901622,4015
13716,9927210,4014.98
13716,9952446,4014.98
13716,9978103,4014.87
13716,10003643,4014.87
13716,10028963,4014.87
13716,10054351,4014.98
13716,10079461,4014.98
13716,10104755,4015.03
13716,10130364,4015.03
13716,10155421,4014.87
13716,10180175,4014.87
13716,10205316,4014.93
13716,10230451,4014.93
13716,10255524,4014.93
13716,10280501,4015.01
13716,10305846,4015.01
13716,10331191,4014.96
13716,10355629,4014.96
13716,10380376,4014.91
13716,10405515,4014.91
13716,10431015,4014.91
13716,10456343,4015.05
13716,10480441,4015.05
13716,10505393,4014.95
13716,10530496,4014.95
13716,10556298,4014.99
13716,10582332,4014.99
13716,10607638,4015.06
13716,10633172,4015.06
13716,10658597,4015.06
13716,10683691,4015
13716,10707385,4015
13716,10732020,4014.96
13716,10756896,4014.96
13716,10782002,4014.94
13716,10806120,4014.94
13716,10830815,4014.94
13716,10856053,4014.94
13716,10881747,4014.94
13716,10907056,4014.95
13716,10932485,4014.95
13716,10956984,4014.9
13716,10982306,4014.9
13716,11007534,4014.98
13716,11032518,4014.98
13716,11057578,4014.98
13716,11082799,4014.96
13716,11108009,4014.96
13716,11133606,4014.97
13716,11159089,4014.97
13716,11183565,4014.86
13716,11208500,4014.86
13716,11233073,4014.94
13716,11257632,4014.94
13716,11257883,4014.94
13716,11258235,4015
13716,11266129,4015
13716,11290434,4014.53
13716,11316606,4014.53
13716,11341691,4014.95
13716,11366991,4014.95
13716,11392470,4014.95
13716,11417305,4014.88
13716,11441945,4014.88
13716,11467432,4014.88
13716,11491722,4014.88
13716,11516210,4014.92
13716,11541380,4014.92
13716,11566401,4014.99
13716,11591263,4014.99
13716,11615807,4014.99
13716,11640133,4014.9
13716,11664821,4014.9
13716,11689625,4015.05
13716,11714121,4015.05
13716,11738512,4015.03
13716,11759418,4015.03
13716,11759826,4015
13716,11760105,4015
13716,11761271,4015
13716,11779191,4014.53
13716,11804652,4014.53
13716,11829676,4015.01
13716,11855129,4015.01
13716,11879968,4014.93
13716,11904236,4014.93
13716,11928642,4014.93
13716,11953110,4015.04
13716,11977215,4015.04
13716,12002245,4014.96
13716,12026876,4014.96
13716,12051324,4014.88
13716,12076164,4014.88
13716,12100858,4014.99
13716,12125595,4014.99
13716,12150786,4014.99
13716,12175684,4015
13716,12200160,4015
13716,12224892,4015.02
13716,12249611,4015.02
13716,12274295,4014.85
13716,12299243,4014.85
13716,12324093,4014.93
13716,12349892,4014.93
13716,12375855,4014.93
13716,12401225,4014.87
13716,12425975,4014.87
13716,12451638,4014.87
13716,12477164,4014.87
13716,12502379,4014.97
13716,12527417,4014.97
13716,12552899,4014.9
13716,12578163,4014.9
13716,12603524,4014.9
13716,12629057,4015.05
13716,12654941,4015.05
13716,12680644,4014.99
13716,12705938,4014.99
13716,12730816,4014.91
13716,12755576,4014.91
13716,12780273,4015.08
13716,12804995,4015.08
13716,12829944,4015.08
13716,12854774,4014.94
13716,12879473,4014.94
13716,12903913,4015
13716,12929068,4015
13716,12954099,4015.06
13716,12979566,4015.06
13716,13004966,4015.07
13716,13030686,4015.07
13716,13056028,4015.07
13716,13080856,4014.85
13716,13105293,4014.85
13716,13129911,4014.98
13716,13154854,4014.98
13716,13179106,4014.92
13716,13203822,4014.92
13716,13228710,4014.92
13716,1267427,4014.94
13716,1293047,4014.95
13716,1318034,4014.95
13716,1342833,4014.94
13716,1367954,4014.94
13716,1393063,4015
13716,1417722,4015
13716,1442567,4015
13716,1467685,4014.98
13716,1492266,4014.98
13716,1517552,4014.95
13716,1543010,4014.95
13716,1568259,4014.92
13716,1592814,4014.92
13716,1617157,4014.98
13716,1641798,4014.98
13716,1665786,4014.98
13716,1691028,4014.95
13716,1700300,4014.95
13716,1700587,4014.92
13716,1700932,4014.92
13716,1701174,4014.53
13716,1701464,4014.53
13716,1701755,4014.53
13716,1702081,4014.53
13716,1702392,4014.53
13716,1702676,4014.53
13716,1702914,4014.53
13716,1703265,4014.53
13716,1703979,4014.53
13716,1720507,4014.53
13716,1744694,4014.53
13716,1769456,4014.53
13716,1794104,4014.81
13716,1819160,4014.81
13716,1844143,4014.98
13716,1868982,4014.98
13716,13253863,4014.93
13716,13278848,4014.93
13716,13303765,4015.02
13716,13328429,4015.02
13716,13353414,4014.91
13716,13377968,4014.91
13716,13402977,4014.99
13716,13427967,4014.99
13716,13451757,4014.99
13716,13476866,4014.95
13716,13502964,4014.95
13716,13528574,4015.14
13716,13552773,4015.14
13716,13578227,4015.01
13716,13603295,4015.01
13716,13628950,4015.01
13716,13653629,4014.92
13716,13679090,4014.92
13716,13703557,4014.94
13716,13729385,4014.94
13716,13755060,4014.94
13716,13779696,4014.94
13716,13804337,4014.81
13716,13829993,4014.81
13716,13855079,4014.81
13716,13880111,4014.95
13716,13904889,4014.95
13716,13930220,4014.86
13716,13953795,4014.86
13716,13977961,4015.02
13716,14002419,4015.02
13716,14026404,4014.81
13716,14050193,4014.81
13716,14074927,4014.81
13716,14099241,4015.1
13716,14123630,4015.1
13716,14148844,4014.9
13716,14174227,4014.9
13716,14199795,4014.77
13716,14225783,4014.77
13716,14250612,4014.86
13716,14274692,4014.86
13716,14298868,4014.86
13716,14323307,4015.07
13716,14346877,4015.07
13716,14371087,4014.93
13716,14396156,4014.93
13716,14421111,4014.98
13716,14446590,4014.98
13716,14471156,4014.9
13716,14495332,4014.9
13716,14520194,4014.9
13716,14544467,4015.06
13716,14569003,4015.06
13716,14592470,4014.96
13716,14617829,4014.96
13716,14642585,4014.97
13716,14667555,4014.97
13716,14674253,4014.96
13716,14674555,4014.96
13716,14674858,4014.96
13716,14675090,4014.53
13716,14675432,4014.53
13716,14675717,4014.53
13716,14675951,4014.53
13716,14676250,4014.53
13716,14676531,4014.53
13716,14676825,4014.53
13716,14684666,4014.53
13716,14708073,4014.53
13716,14733599,4014.91
13716,14758180,4014.91
13716,14782331,4014.99
13716,14806246,4014.99
13716,14830790,4015
13716,14855516,4015
13716,14880308,4014.97
13716,14905381,4014.97
13716,14930469,4014.97
13716,14954160,4014.97
13716,14978473,4014.97
13716,15002524,4014.98
13716,15026528,4014.98
13716,15051141,4014.89
13716,15075367,4014.89
13716,15099044,4014.89
13716,15123349,4014.95
13716,15147178,4014.95
13716,15171372,4014.99
13716,15195839,4014.99
13716,15220766,4014.99
13716,15244921,4014.99
13716,15270003,4015.03
13716,15295033,4015.03
13716,15319721,4015.03
13716,15344169,4014.94
13716,15368732,4014.94
13716,15393329,4014.97
13716,15418024,4014.97
13716,15442133,4015.06
13716,15466213,4015.06
13716,15491263,4014.95
13716,15515803,4014.95
13716,15539608,4014.95
13716,15563947,4014.98
13716,15588143,4014.98
13716,15612567,4014.94
13716,15637275,4014.94
13716,15661520,4014.97
13716,15686281,4014.97
13716,15711137,4015.06
13716,15736629,4015.06
13716,15761964,4015.06
13716,15787293,4014.91
13716,15811782,4014.91
13716,15836690,4015
13716,15861014,4015
13716,15885465,4015.02
13716,15910077,4015.02
13716,15934378,4014.87
13716,15955971,4014.87
13716,15981511,4014.87
13716,16007540,4015.06
13716,16032209,4015.06
13716,16057512,4014.92
13716,16081943,4014.92
13716,16107048,4015.03
13716,16131634,4015.03
13716,16156436,4014.97
13716,16180954,4014.97
13716,16204823,4014.97
13716,16228254,4015.03
13716,16253599,4015.03
13716,16279190,4014.82
13716,16305285,4014.82
13716,16330270,4014.97
13716,16356529,4014.97
13716,16381389,4014.99
13716,16406680,4014.99
13716,16431512,4014.99
13716,16455892,4014.95
13716,16480416,4014.95
13716,16499881,4014.95
13716,16500150,4014.95
13716,16500502,4014.53
13716,16500795,4014.53
13716,16505783,4014.53
13716,16528466,4014.53
13716,16552223,4014.53
13716,16578092,4014.96
13716,16604790,4014.96
13716,16629851,4015.04
13716,16654608,4015.04
13716,16679030,4014.99
13716,16704370,4014.99
13716,16729152,4014.99
13716,16753528,4014.98
13716,16778465,4014.98
13716,16802790,4015.01
13716,16826859,4015.01
13716,16851188,4014.92
13716,16875524,4014.92
13716,16899773,4014.95
13716,16924320,4014.95
13716,16949620,4014.95
13716,16974713,4014.99
13716,17000103,4014.99
13716,17025178,4014.98
13716,17050300,4014.98
13716,17075157,4014.95
13716,17099234,4014.95
13716,17123436,4014.94
13716,17147494,4014.94
13716,17171824,4014.94
13716,17195912,4015.01
13716,17220600,4015.01
13716,17245432,4014.88
13716,17269541,4014.88
13716,17294073,4015.03
13716,17317773,4015.03
13716,17341998,4015.03
13716,17366402,4015.06
13716,17390439,4015.06
13716,17415417,4014.99
13716,17440234,4014.99
13716,17465213,4014.98
13716,17490865,4014.98
13716,17516096,4014.92
13716,17540990,4014.92
13716,17566050,4014.92
13716,17591408,4014.98
13716,17615720,4014.98
13716,17641000,4014.93
13716,17664752,4014.93
13716,17689598,4015.03
13716,17714170,4015.03
13716,17739895,4015.02
13716,17764303,4015.02
13716,17789159,4015.02
13716,17813503,4014.96
13716,17838966,4014.96
13716,17864063,4014.94
13716,17889102,4014.94
13716,17914325,4014.96
13716,17938406,4014.96
13716,17963335,4014.95
13716,17988689,4014.95
13716,18013642,4014.95
13716,18037903,4014.97
13716,18063035,4014.97
13716,18087632,4014.96
13716,18112313,4014.96
13716,18137724,4015.05
13716,18162856,4015.05
13716,18187835,4014.89
13716,18213370,4014.89
13716,18238215,4014.89
13716,18263176,4014.99
13716,18287678,4014.99
13716,18312629,4014.96
13716,18338402,4014.96
13716,18354682,4014.96
13716,18354951,4014.96
13716,18357836,4014.53
13716,18381664,4014.53
13716,18408916,4014.53
13716,18434909,4014.97
13716,18460889,4014.97
13716,18486608,4015
13716,18511846,4015
13716,18536394,4015.02
13716,18560609,4015.02
13716,18583938,4014.94
13716,18608018,4014.94
13716,18632534,4014.94
13716,18656858,4014.92
13716,18681424,4014.92
13716,18705887,4014.95
13716,18730570,4014.95
13716,18755716,4014.95
13716,18779737,4014.95
13716,18804204,4014.95
13716,18829579,4014.99
13716,18855263,4014.99
13716,18880977,4014.93
13716,18906055,4014.93
13716,18930018,4015
13716,18953563,4015
13716,18977893,4014.99
13716,19002313,4014.99
13716,19027169,4014.99
13716,19052417,4014.97
13716,19077066,4014.97
13716,19101664,4015
13716,19126628,4015
13716,19150904,4014.84
13716,19176179,4014.84
13716,19200979,4014.91
13716,19225908,4014.91
13716,19250770,4014.91
13716,19275339,4014.9
13716,19300259,4014.9
13716,19324509,4014.95
13716,19349309,4014.95
13716,19374042,4015.02
13716,19399004,4015.02
13716,19422796,4015.02
13716,19447270,4014.99
13716,19471997,4014.99
13716,19496831,4015.01
13716,19522049,4015.01
13716,19546954,4014.98
13716,1892667,4014.95
13716,1917059,4014.95
13716,1928837,4015.04
13716,1929167,4015.04
13716,1929611,4015.04
13716,1936002,4014.53
13716,1936334,4014.53
13716,1936551,4014.53
13716,1942827,4014.53
13716,1966750,4014.53
13716,1991983,4014.53
13716,2016835,4014.53
13716,2041546,4014.9
13716,2066298,4014.9
13716,2091332,4014.98
13716,2116272,4014.98
13716,2140939,4014.95
13716,2165563,4014.95
13716,2190450,4014.99
13716,2215708,4014.99
13716,2240324,4014.99
13716,2265406,4014.87
13716,2291389,4014.87
13716,2316964,4014.93
13716,2342704,4014.93
13716,2368576,4014.93
13716,2394197,4014.93
13716,2420288,4014.92
13716,2446136,4014.92
13716,2471756,4014.92
13716,2496661,4015.04
13716,2521951,4015.04
13716,19571922,4014.98
13716,19596247,4014.91
13716,19606904,4014.91
13716,19607198,4014.91
13716,19607479,4014.96
13716,19608060,4014.96
13716,19624855,4014.53
13716,19650575,4014.53
13716,19676041,4014.97
13716,19700992,4014.97
13716,19726595,4014.96
13716,19751886,4014.96
13716,19775977,4014.96
13716,19800989,4015
13716,19825542,4015
13716,19849875,4015.01
13716,19874320,4015.01
13716,19898651,4014.93
13716,19923267,4014.93
13716,19947910,4014.94
13716,19972516,4014.94
13716,19997036,4014.94
13716,20003914,4015.03
13716,2547494,4014.96
13716,2571686,4014.96
13716,2596659,4015.02
13716,2621886,4015.02
13716,2647055,4014.95
13716,2672329,4014.95
13716,2697281,4014.95
13716,2721316,4014.94
13716,2746293,4014.94
13716,2771130,4014.88
13716,2796060,4014.88
13716,2821272,4014.94
13716,2846262,4014.94
13716,2871353,4014.94
13716,2896830,4015.01
13716,2921778,4015.01
13716,2946604,4014.96
13716,2972099,4014.96
13716,2997685,4015.01
13716,3022753,4015.01
13716,3047995,4014.85
13716,3073213,4014.85
13716,3098050,4014.85
13716,3122707,4014.97
13716,3148085,4014.97
13716,3173106,4014.91
13716,3197762,4014.91
13716,3222578,4015.01
13716,3247658,4015.01
13716,3272471,4014.98
13716,3297739,4014.98
13716,3322171,4014.98
13716,3347902,4014.92
13716,3373027,4014.92
13716,3398548,4014.99
13716,3424279,4014.99
13716,3450037,4014.9
13716,3475697,4014.9
13716,3501667,4014.95
13716,3527102,4014.95
13716,3552556,4014.95
13716,3577564,4014.97
13716,3603497,4014.97
13716,3629582,4015.03
13716,3655355,4015.03
13716,3680066,4014.91
13716,3704756,4014.91
13716,3729473,4014.91
13716,3754191,4014.84
13716,3778365,4014.84
13716,3789331,4014.99
13716,3789717,4014.99
13716,3790017,4014.53
13716,3790282,4014.53
13716,3790596,4014.53
13716,3790881,4014.53
13716,3794355,4014.53
13716,3815867,4014.53
13716,3839915,4014.53
13716,3864703,4014.94
13716,3889199,4014.94
13716,3914429,4014.94
13716,3939272,4014.94
13716,3963866,4014.95
13716,3988663,4014.95
13716,4013593,4014.95
13716,4039227,4014.91
13716,4064781,4014.91
13716,4090038,4014.94
13716,4116163,4014.94
13716,4140274,4015
13716,4166214,4015
13716,4191943,4014.87
13716,4218040,4014.87
13716,4243646,4014.87
13716,4268869,4014.9
13716,4294324,4014.9
13716,4320010,4014.97
13716,4345111,4014.97
13716,4370495,4014.91
13716,4396053,4014.91
13716,4421280,4014.9
13716,4446170,4014.9
13716,4471230,4014.9
13716,4495756,4014.93
13716,4520639,4014.93
13716,4545345,4015.05
13716,4570391,4015.05
13716,4595657,4014.94
13716,4620414,4014.94
13716,4645217,4014.94
13716,4652027,4014.93
13716,4652240,4014.93
13716,4652545,4014.53
13716,4653601,4014.53
13716,4670275,4014.53
13716,4695666,4014.53
13716,4721184,4014.84
13716,4746851,4014.84
13716,4772646,4014.84
13716,4798223,4014.97
13716,4822826,4014.97
13716,4847652,4014.94
13716,4872609,4014.94
13716,4897066,4014.86
13716,4922410,4014.86
13716,4947102,4014.86
13716,4972307,4015.08
13716,4997782,4015.08
13716,5022930,4014.88
13716,5047566,4014.88
13716,5072971,4014.93
13716,5097779,4014.93
13716,5123056,4015.03
13716,5147250,4015.03
13716,5172755,4015.03
13716,5197505,4014.89
13716,5222559,4014.89
13716,5247510,4014.95
13716,5272597,4014.95
13716,5297426,4014.95
13716,5322774,4014.95
13716,5348160,4014.98
13716,5373221,4014.98
13716,5397775,4014.98
13716,5422225,4015.03
13716,5446713,4015.03
13716,5472421,4015
13716,5497059,4015
13716,5515155,4014.97
13716,5515451,4014.97
13716,5515742,4014.53
13716,5517543,4014.53
13716,5537642,4014.53
13716,5563515,4014.53
13716,5588879,4014.53
13716,5613827,4014.94
13716,5638614,4014.94
13716,5663874,4014.95
13716,5689339,4014.95
13716,5714411,4014.9
13716,5739879,4014.9
13716,5765137,4014.9
13716,5790502,4014.99
13716,5815683,4014.99
13716,5840882,4014.99
13716,5866298,4014.99
13716,5891690,4014.92
13716,5915802,4014.92
13716,5940731,4015.01
13716,5965517,4015.01
13716,5990512,4015.01
13716,6015946,4014.94
13716,6040689,4014.94
13716,6066370,4014.95
13716,6091125,4014.95
13716,6116094,4014.92
13716,6141005,4014.92
13716,6166544,4014.92
13716,6190408,4014.9
13716,6215379,4014.9
13716,6240421,4014.94
13716,6265983,4014.94
13716,6291695,4015
13717,59989,4014.93
13717,84329,4014.96
13717,108690,4014.96
13717,133374,4014.97
13717,158484,4014.97
13717,184190,4014.97
13717,209421,4014.98
13717,234727,4014.98
13717,259139,4015
13717,284030,4015
13717,309510,4014.95
13717,335073,4014.95
13717,359750,4015.02
13717,384847,4015.02
13717,409680,4015.02
13717,434713,4014.94
13717,459273,4014.94
13717,483705,4014.97
13717,508153,4014.97
13717,527491,4014.97
13717,527772,4014.97
13717,528772,4014.97
13717,546055,4014.53
13717,570629,4014.53
13717,596489,4014.92
13717,599744,4014.92
13717,600031,4014.98
13717,600325,4014.98
13717,604888,4014.53
13717,627690,4014.53
13717,652374,4014.53
13717,677202,4015.05
13717,702256,4015.05
13717,726872,4014.91
13717,751582,4014.91
13717,775639,4014.99
13717,800174,4014.99
13717,824913,4014.96
13717,829038,4014.96
13717,829391,4014.96
13717,829683,4014.53
13717,829908,4014.53
13717,830206,4014.53
13717,830535,4014.53
13717,830838,4014.53
13717,831057,4014.53
13717,831294,4014.53
13717,831587,4014.53
13717,831878,4014.53
13717,832169,4014.53
13717,832522,4014.53
13717,833756,4014.53
13717,851482,4014.53
13717,875352,4014.86
13717,899211,4014.86
13717,923628,4014.86
13717,947706,4014.94
13717,971432,4014.94
13717,995520,4015.03
13717,1019487,4015.03
13717,1043536,4014.96
13717,1068170,4014.96
13717,1092463,4015.01
13717,1117278,4015.01
13717,1141609,4015.01
13717,1166192,4014.98
13717,1190470,4014.98
13717,1215319,4014.97
13717,1236333,4014.97
13717,1236574,4014.95
13717,1236849,4014.95
13717,1241034,4014.95
13717,1263814,4014.53
13717,1289548,4014.53
13717,1315068,4014.95
13717,1339740,4014.95
13717,1364345,4015.01
13717,1388366,4015.01
13717,1412954,4015.02
13717,1424721,4015.02
13717,1424957,4015.02
13717,1425294,4014.9
13717,1437203,4014.9
13717,1461094,4014.53
13717,1486607,4014.53
13717,1511462,4014.93
13717,1536654,4014.93
13717,1561109,4015.06
13717,1585177,4015.06
13717,1608874,4015.06
13717,1633423,4014.97
13717,1657466,4014.97
13717,1682259,4014.91
13717,1707539,4014.91
13717,1732587,4015.05
13717,1757098,4015.05
13717,1782032,4014.89
13717,1806998,4014.89
13717,1831463,4014.89
13717,1856087,4014.99
13717,1880464,4014.99
13717,1905737,4014.99
13717,1930523,4014.99
13717,1954248,4014.98
13717,1979547,4014.98
13717,2004894,4014.98
13717,2029957,4015
13717,2055373,4015
13717,2080595,4014.92
13717,2106001,4014.92
13717,2130980,4015.01
13717,2156494,4015.01
13717,2180690,4014.85
13717,2206016,4014.85
13717,2230434,4014.85
13717,2254761,4015.01
13717,2279389,4015.01
13717,2290230,4014.95
13717,2290523,4014.95
13717,2290810,4014.53
13717,2296410,4014.53
13717,2319564,4014.53
13717,2344187,4014.53
13717,2368848,4014.53
13717,2393681,4015.01
13717,2417842,4015.01
13717,2442982,4015.03
13717,2467685,4015.03
13717,2492508,4015.04
13717,2517053,4015.04
13717,2541629,4014.91
13717,2566186,4014.91
13717,2590622,4014.91
13717,2615510,4015.02
13717,2640221,4015.02
13717,2664791,4014.92
13717,2689474,4014.92
13717,2714939,4014.95
13717,2740048,4014.95
13717,2765216,4014.95
13717,2790077,4014.92
13717,2815450,4014.92
13717,2840281,4014.98
13717,2865135,4014.98
13717,2890055,4015.01
13717,2914653,4015.01
13717,2939392,4015.05
13717,2963018,4015.05
13717,2987721,4015.05
13717,3011643,4014.97
13717,3036904,4014.97
13717,3061586,4014.98
13717,3087034,4014.98
13717,3110617,4014.94
13717,3136338,4014.94
13717,3160557,4014.98
13717,3185494,4014.98
13717,3210472,4014.98
13717,3235888,4014.99
13717,3261567,4014.99
13717,3286460,4014.92
13717,3311429,4014.92
13717,3336182,4014.93
13717,3361492,4014.93
13717,3385534,4015.05
13717,3410647,4015.05
13717,3434940,4015.05
13717,3459513,4015.06
13717,3484305,4015.06
13717,3509755,4014.95
13717,3535450,4014.95
13717,3560009,4014.98
13717,3585239,4014.98
13717,3610323,4014.98
13717,3634918,4014.97
13717,3660664,4014.97
13717,3686344,4015.09
13717,3711293,4015.09
13717,3736787,4014.9
13717,3761991,4014.9
13717,3786882,4015.02
13717,3811202,4015.02
13717,3835991,4015.02
13717,3860677,4014.94
13717,3885389,4014.94
13717,3910104,4014.96
13717,3934552,4014.96
13717,3958901,4014.98
13717,3983702,4014.98
13717,4008697,4014.98
13717,4033468,4015.02
13717,4057952,4015.02
13717,4083025,4015
13717,4107841,4015
13717,4132646,4015
13717,4158156,4015
13717,4183753,4014.98
13717,4209713,4014.98
13717,4234454,4014.98
13717,4258474,4014.97
13717,4282557,4014.97
13717,4306880,4014.87
13717,4331854,4014.87
13717,4356994,4014.97
13717,4381398,4014.97
13717,4406595,4014.96
13717,4430992,4014.96
13717,4455252,4014.96
13717,4480612,4014.96
13717,4505408,4014.96
13717,4531141,4015.01
13717,4556095,4015.01
13717,4581026,4014.98
13717,4606210,4014.98
13717,4630706,4014.94
13717,4655695,4014.94
13717,4680382,4014.94
13717,4705180,4014.94
13717,4729795,4014.94
13717,4754252,4015.01
13717,4778823,4015.01
13717,4803835,4015.01
13717,4828866,4015.01
13717,4853950,4015.01
13717,4879179,4015.05
13717,4903611,4015.05
13717,4928413,4014.94
13717,4953554,4014.94
13717,4977983,4014.96
13717,5002819,4014.96
13717,5027417,4014.97
13717,5051977,4014.97
13717,5057462,4014.97
13721,61002,4014.95
13721,86080,4014.88
13721,110726,4014.88
13721,136067,4014.92
13721,160284,4014.92
13721,185335,4014.92
13721,209978,4014.89
13721,234819,4014.89
13721,259394,4014.96
13721,284366,4014.96
13721,309120,4014.89
13721,334029,4014.89
13721,358648,4014.89
13721,383461,4014.9
13721,408032,4014.9
13721,432757,4014.91
13721,457960,4014.91
13721,483012,4014.93
13721,507853,4014.93
13721,532728,4014.91
13721,557321,4014.91
13721,582204,4014.91
13721,607170,4014.91
13721,632031,4014.91
13721,6428950,4014.93
13721,6454951,4014.93
13721,6480488,4014.85
13721,6504984,4014.85
13721,6529307,4014.89
13721,6554145,4014.89
13721,6579462,4014.89
13721,6605211,4014.9
13721,6629897,4014.9
13721,6654599,4014.87
13721,6679046,4014.87
13721,6703888,4014.89
13721,6728474,4014.89
13721,6753193,4014.91
13721,6778036,4014.91
13721,6803937,4014.91
13721,6828856,4014.89
13721,6854490,4014.89
13721,6879108,4014.89
13721,6904424,4014.89
13721,6930052,4014.92
13721,6955647,4014.92
13721,6980501,4014.87
13721,7005416,4014.87
13721,7030670,4014.87
13721,7055981,4014.93
13721,656681,4014.9
13721,680926,4014.9
13721,705939,4014.88
13721,730674,4014.88
13721,755436,4014.88
13721,780029,4014.88
13721,804725,4014.88
13721,829064,4014.9
13721,853345,4014.9
13721,878379,4014.9
13721,903637,4014.9
13721,928668,4014.92
13721,954262,4014.92
13721,979852,4014.94
13721,1005634,4014.94
13721,1026942,4014.94
13721,1027265,4014.94
13721,1027585,4014.94
13721,1027843,4014.53
13721,1032702,4014.53
13721,1056606,4014.53
13721,1082645,4014.53
13721,1108486,4014.53
13721,1133664,4014.92
13721,1158995,4014.92
13721,1184269,4014.91
13721,1208503,4014.91
13721,1233168,4014.9
13721,1257796,4014.9
13721,7080825,4014.93
13721,7105680,4014.9
13721,7130894,4014.9
13721,7156007,4014.9
13721,7181372,4014.9
13721,7206551,4014.91
13721,7232004,4014.91
13721,7257371,4014.91
13721,7282561,4014.94
13721,7307294,4014.94
13721,7331661,4014.94
13721,7355928,4014.94
13721,7380501,4014.9
13721,7405536,4014.9
13721,7430235,4014.93
13721,7455424,4014.93
13721,7480386,4014.93
13721,7505603,4014.9
13721,7530088,4014.9
13721,7554719,4014.87
13721,7579410,4014.87
13721,7604013,4014.93
13721,7628318,4014.93
13721,7652147,4014.94
13721,7676507,4014.94
13721,7701390,4014.94
13721,7726486,4014.96
13721,7751211,4014.96
13721,7775905,4014.89
13721,7800237,4014.89
13721,7824583,4014.96
13721,7849362,4014.96
13721,7874194,4014.9
13721,7899610,4014.9
13721,7924359,4014.9
13721,7949332,4014.95
13721,7974663,4014.95
13721,7999614,4014.96
13721,8023835,4014.96
13721,8048401,4014.98
13721,8073348,4014.98
13721,8098054,4014.91
13721,8123532,4014.91
13721,8148613,4014.91
13721,8173555,4014.87
13721,8198426,4014.87
13721,8224655,4014.92
13721,8250421,4014.92
13721,8276133,4014.95
13721,8301442,4014.95
13721,8327064,4014.95
13721,8352121,4014.89
13721,8376460,4014.89
13721,8401181,4014.95
13721,8425750,4014.95
13721,8450029,4014.9
13721,8474816,4014.9
13721,8499763,4015
13721,8524171,4015
13721,8549084,4015
13721,8573525,4014.89
13721,8598551,4014.89
13721,8623378,4014.93
13721,8647697,4014.93
13721,8672296,4014.92
13721,8696839,4014.92
13721,8721818,4014.89
13721,8746507,4014.89
13721,8771041,4014.89
13721,8796393,4014.92
13721,8820944,4014.92
13721,8845578,4014.94
13721,8870293,4014.94
13721,8895127,4014.88
13721,8920349,4014.88
13721,8945491,4014.93
13721,8970537,4014.93
13721,8996293,4014.93
13721,9021252,4014.93
13721,9026886,4014.93
13721,9027087,4014.88
13721,9038204,4014.88
13721,9063141,4014.42
13721,9089235,4014.42
13721,9114984,4014.42
13721,9140518,4014.89
13721,9165770,4014.89
13721,9190205,4014.91
13721,9215799,4014.91
13721,9240248,4014.9
13721,9265138,4014.9
13721,9289792,4014.92
13721,9314048,4014.92
13721,9338594,4014.92
13721,9362781,4014.89
13721,9387425,4014.89
13721,9412087,4014.94
13721,9432422,4014.94
13721,9432756,4014.94
13721,9433033,4014.94
13721,9438051,4014.53
13721,9462150,4014.53
13721,9487865,4014.53
13721,9512684,4014.85
13721,9537358,4014.85
13721,9562729,4014.91
13721,9587132,4014.91
13721,9612056,4014.91
13721,9636897,4014.91
13721,9661982,4014.91
13721,9686462,4014.9
13721,9711225,4014.9
13721,9735530,4014.91
13721,9759553,4014.91
13721,9784028,4014.9
13721,9808265,4014.9
13721,9832420,4014.91
13721,9857073,4014.91
13721,9881055,4014.91
13721,9905621,4014.92
13721,9930341,4014.92
13721,9955942,4014.89
13721,9981167,4014.89
13721,10006039,4014.94
13721,10031000,4014.94
13721,10055901,4014.9
13721,10080459,4014.9
13721,10104855,4014.9
13721,10111071,4014.86
13721,10111357,4014.86
13721,10119585,4014.53
13721,10145003,4014.53
13721,10171707,4014.95
13721,10197579,4014.95
13721,10223441,4014.96
13721,10248267,4014.96
13721,10272667,4014.96
13721,10297283,4014.8
13721,10322049,4014.8
13721,10346884,4014.91
13721,10371883,4014.91
13721,10396433,4014.9
13721,10421443,4014.9
13721,10446293,4014.98
13721,10470586,4014.98
13721,10494987,4014.98
13721,10520021,4014.95
13721,10544465,4014.95
13721,10568538,4014.94
13721,10593088,4014.94
13721,10618144,4014.86
13721,10642489,4014.86
13721,10667221,4014.86
13721,10692126,4014.86
13721,10716993,4014.86
13721,10741970,4014.95
13721,10766936,4014.95
13721,10792050,4014.93
13721,10816700,4014.93
13721,10841393,4014.87
13721,10865799,4014.87
13721,10890279,4014.87
13721,10915228,4014.87
13721,10939938,4014.87
13721,10964664,4014.96
13721,10990120,4014.96
13721,11014986,4014.89
13721,11040704,4014.89
13721,11066202,4014.87
13721,11091095,4014.87
13721,11116873,4014.87
13721,11142467,4014.92
13721,11167722,4014.92
13721,11192260,4014.91
13721,11204427,4014.91
13721,11204718,4014.97
13721,11205336,4014.97
13721,11220215,4014.97
13721,11245257,4014.53
13721,11258590,4014.53
13721,11258848,4014.94
13721,11259459,4014.94
13721,11275336,4014.53
13721,11300085,4014.53
13721,11325624,4014.85
13721,11350057,4014.85
13721,11374146,4014.85
13721,11398467,4014.93
13721,11422544,4014.93
13721,11447350,4014.9
13721,11471925,4014.9
13721,11495775,4014.91
13721,11520562,4014.91
13721,11544869,4014.89
13721,11569083,4014.89
13721,11593285,4014.89
13721,11618296,4015
13721,11643344,4015
13721,11667925,4014.86
13721,11692611,4014.86
13721,11717655,4014.94
13721,11742880,4014.94
13721,11768261,4014.9
13721,11793341,4014.9
13721,11816628,4014.9
13721,11816692,4014.89
13721,1282686,4014.9
13721,1308661,4014.9
13721,1332811,4014.9
13721,1358098,4014.88
13721,1383521,4014.88
13721,1408789,4014.88
13721,1434003,4014.88
13721,1458185,4014.88
13721,1483305,4014.88
13721,1508369,4014.92
13721,1533322,4014.92
13721,1558149,4014.92
13721,1583185,4014.91
13721,1607442,4014.91
13721,1631868,4014.87
13721,1656143,4014.87
13721,1680144,4014.95
13721,1705742,4014.95
13721,1731187,4014.94
13721,1755530,4014.94
13721,1780661,4014.94
13721,1806274,4014.96
13721,1830261,4014.96
13721,1854354,4014.94
13721,1879337,4014.94
13721,1904263,4014.84
13721,1928757,4014.84
13721,1953579,4014.94
13721,1978226,4014.94
13721,2003300,4014.94
13721,2028085,4014.9
13721,2052760,4014.9
13721,2077839,4014.9
13721,2102962,4014.9
13721,2128851,4014.84
13721,2153605,4014.84
13721,2178899,4014.91
13721,2203902,4014.91
13721,2228995,4014.91
13721,2253383,4014.92
13721,2277889,4014.92
13721,2302356,4014.92
13721,2327039,4014.92
13721,2351589,4014.88
13721,2376208,4014.88
13721,2400661,4014.88
13721,2424959,4014.88
13721,2449600,4014.88
13721,2475055,4014.94
13721,2499661,4014.94
13721,2524840,4014.92
13721,2549751,4014.92
13721,2574601,4014.94
13721,2600060,4014.94
13721,2624958,4014.94
13721,2649982,4014.94
13721,2674839,4014.94
13721,2699721,4014.96
13721,2724213,4014.96
13721,2748806,4014.89
13721,2773841,4014.89
13721,2798957,4014.89
13721,2824337,4014.89
13721,2849209,4014.89
13721,2873628,4014.91
13721,2898030,4014.91
13721,2922385,4014.88
13721,2946812,4014.88
13721,2971283,4014.92
13721,2995593,4014.92
13721,3020236,4014.86
13721,3044984,4014.86
13721,3069263,4014.86
13721,3094413,4014.91
13721,3120139,4014.91
13721,3145846,4014.89
13721,3170711,4014.89
13721,3196468,4014.94
13721,3221890,4014.94
13721,3246666,4014.88
13721,3270814,4014.88
13721,3295115,4014.88
13721,3302410,4014.92
13721,3302649,4014.92
13721,3302932,4014.53
13721,3303261,4014.53
13721,3303571,4014.53
13721,3303859,4014.53
13721,3304580,4014.53
13721,3322437,4014.53
13721,3346696,4014.53
13721,3371632,4015.07
13721,3392407,4015.07
13721,3392666,4014.83
13721,3392962,4014.83
13721,3395221,4014.53
13721,3416207,4014.53
13721,3440798,4014.53
13721,3465379,4014.86
13721,3489307,4014.86
13721,3513875,4014.85
13721,3538707,4014.85
13721,3563693,4014.92
13721,3588341,4014.92
13721,3612668,4014.95
13721,3637370,4014.95
13721,3662401,4014.95
13721,3687460,4014.97
13721,3712301,4014.97
13721,3737320,4014.89
13721,3762185,4014.89
13721,3786639,4014.88
13721,3811899,4014.88
13721,3836450,4014.94
13721,3848495,4014.94
13721,3848798,4014.94
13721,3849102,4014.87
13721,3853711,4014.87
13721,3876510,4014.53
13721,3901611,4014.53
13721,3927182,4014.85
13721,3952844,4014.85
13721,3977839,4014.97
13721,4002390,4014.97
13721,4026746,4014.97
13721,4051621,4014.9
13721,4076073,4014.9
13721,4101261,4014.92
13721,4118550,4014.92
13721,4118888,4014.87
13721,4119193,4014.87
13721,4129596,4014.53
13721,4153649,4014.53
13721,4178630,4014.53
13721,4203929,4014.73
13721,4229299,4014.73
13721,4254423,4014.96
13721,4279411,4014.96
13721,4304267,4014.9
13721,4328445,4014.9
13721,4352713,4014.9
13721,4377529,4014.9
13721,4401991,4014.9
13721,4426149,4014.92
13721,4450349,4014.92
13721,4475646,4014.96
13721,4500655,4014.96
13721,4526096,4014.93
13721,4551588,4014.93
13721,4576668,4014.93
13721,4601980,4014.94
13721,4626840,4014.94
13721,4651618,4015.01
13721,4676620,4015.01
13721,4701437,4014.99
13721,4725522,4014.99
13721,4749983,4014.86
13721,4774673,4014.86
13721,4798617,4014.86
13721,4822893,4014.91
13721,4847760,4014.91
13721,4872083,4014.88
13721,4897007,4014.88
13721,4921631,4014.95
13721,4945163,4014.95
13721,4969635,4014.94
13721,4994330,4014.94
13721,5019174,4014.94
13721,5044002,4014.87
13721,5068826,4014.87
13721,5093777,4014.97
13721,5118863,4014.97
13721,5143951,4014.91
13721,5168793,4014.91
13721,5194266,4014.91
13721,5218838,4014.9
13721,5243199,4014.9
13721,5267740,4014.86
13721,5292514,4014.86
13721,5317402,4014.91
13721,5342608,4014.91
13721,5367461,4014.91
13721,5392931,4014.91
13721,5418632,4014.91
13721,5443505,4014.94
13721,5468798,4014.94
13721,5494534,4014.96
13721,5519509,4014.96
13721,5544333,4014.83
13721,5568315,4014.83
13721,5593364,4014.88
13721,5617798,4014.88
13721,5642818,4014.88
13721,5667606,4014.87
13721,5692008,4014.87
13721,5716904,4014.91
13721,5741598,4014.91
13721,5766684,4014.96
13721,5791376,4014.96
13721,5816186,4014.9
13721,5841443,4014.9
13721,5866001,4014.9
13721,5891056,4014.95
13721,5915660,4014.95
13721,5940371,4014.94
13721,5964946,4014.94
13721,5989669,4014.83
13721,6014641,4014.83
13721,6039697,4014.83
13721,6064543,4014.91
13721,6089914,4014.91
13721,6114958,4014.94
13721,6140034,4014.94
13721,6166192,4014.94
13721,6191482,4014.94
13721,6216681,4014.98
13721,6241426,4014.98
13721,6265781,4014.98
13721,6286220,4014.87
13721,6286472,4014.87
13721,6286824,4014.97
13721,6287634,4014.97
13721,6304067,4014.53
13721,6329024,4014.53
13721,6354179,4014.84
13721,6379443,4014.84
13721,6404360,4014.84
13723,58492,4015.04
13723,82740,4015.04
13723,106471,4014.96
13723,130534,4014.96
13723,154871,4014.96
13723,179096,4015.02
13723,203354,4015.02
13723,228018,4015
13723,252695,4015
13723,277360,4014.96
13723,302043,4014.96
13723,326647,4015
13723,350970,4015
13723,375005,4015
13723,398889,4015.03
13723,423288,4015.03
13723,447467,4014.97
13723,471551,4014.97
13723,495731,4014.91
13723,519910,4014.91
13723,544342,4014.99
13723,568640,4014.99
13723,593520,4014.99
13723,618496,4015.02
13723,6459935,4014.94
13723,6486159,4014.94
13723,6511585,4014.99
13723,6537095,4014.99
13723,6562795,4014.94
13723,6587803,4014.94
13723,6613126,4014.94
13723,6638361,4014.94
13723,6663272,4014.94
13723,6688406,4015.05
13723,6713734,4015.05
13723,6738586,4015.01
13723,6763903,4015.01
13723,6789120,4015.09
13723,6814224,4015.09
13723,6839349,4014.96
13723,6864243,4014.96
13723,6889488,4014.96
13723,6914446,4014.97
13723,6939784,4014.97
13723,6964990,4014.98
13723,6990341,4014.98
13723,7015832,4014.98
13723,7041183,4014.98
13723,7066800,4015.03
13723,643415,4015.02
13723,668170,4014.99
13723,693102,4014.99
13723,718339,4014.98
13723,743526,4014.98
13723,768238,4014.99
13723,792830,4014.99
13723,817477,4014.95
13723,842209,4014.95
13723,866880,4014.95
13723,891772,4014.97
13723,916423,4014.97
13723,941415,4014.99
13723,966120,4014.99
13723,990193,4015.09
13723,1014382,4015.09
13723,1038960,4014.97
13723,1042932,4014.97
13723,1043231,4014.97
13723,1043714,4014.53
13723,1059688,4014.53
13723,1084032,4014.53
13723,1108858,4014.53
13723,1134254,4015
13723,1158901,4015
13723,1183432,4015
13723,1207941,4015
13723,1232637,4015
13723,1257196,4015.05
13723,1281565,4015.05
13723,7092267,4015.03
13723,7117324,4015.03
13723,7142299,4015.04
13723,7167373,4015.04
13723,7192869,4014.97
13723,7218144,4014.97
13723,7243531,4014.98
13723,7269007,4014.98
13723,7294493,4015.01
13723,7320311,4015.01
13723,7346170,4015.01
13723,7371912,4014.99
13723,7397654,4014.99
13723,7423446,4014.97
13723,7448586,4014.97
13723,7474202,4015.03
13723,7499797,4015.03
13723,7525136,4015
13723,7550357,4015
13723,7574927,4015
13723,7599501,4015.01
13723,7624320,4015.01
13723,7649413,4015.04
13723,7674367,4015.04
13723,7699250,4014.97
13723,7724707,4014.97
13723,7749928,4014.99
13723,7774863,4014.99
13723,7799818,4014.99
13723,7825240,4015.02
13723,7850730,4015.02
13723,7876156,4015.06
13723,7901334,4015.06
13723,7926557,4015
13723,7951381,4015
13723,7976840,4014.99
13723,8002132,4014.99
13723,8027743,4014.99
13723,8053376,4014.98
13723,8079123,4014.98
13723,8105092,4015
13723,8130578,4015
13723,8156060,4014.93
13723,8181231,4014.93
13723,8206151,4015
13723,8231060,4015
13723,8256199,4015
13723,8281344,4015
13723,8306587,4015
13723,8332056,4015.02
13723,8357469,4015.02
13723,8382553,4015.05
13723,8407816,4015.05
13723,8433273,4015.03
13723,8458642,4015.03
13723,8483721,4015.03
13723,8509213,4015.03
13723,8534230,4015.03
13723,8559575,4014.98
13723,8584442,4014.98
13723,8609466,4015.01
13723,8634503,4015.01
13723,8659584,4015.03
13723,8684424,4015.03
13723,8709525,4015.03
13723,8734480,4015
13723,8759410,4015
13723,8784517,4014.95
13723,8810114,4014.95
13723,8835476,4015.01
13723,8860939,4015.01
13723,8886499,4014.97
13723,8912409,4014.97
13723,8938240,4014.97
13723,8964021,4015.03
13723,8989459,4015.03
13723,9014299,4014.98
13723,9039236,4014.98
13723,9064305,4014.97
13723,9089941,4014.97
13723,9115008,4015.02
13723,9140937,4015.02
13723,9166228,4015.02
13723,9191860,4015.02
13723,9217450,4015.02
13723,9242507,4015.12
13723,9267605,4015.12
13723,9292484,4014.99
13723,9317471,4014.99
13723,9342466,4015.01
13723,9367438,4015.01
13723,9393171,4015.01
13723,9419313,4014.96
13723,9445136,4014.96
13723,9470740,4015.01
13723,9496075,4015.01
13723,9521173,4014.99
13723,9546377,4014.99
13723,9571712,4014.99
13723,9597164,4015
13723,9622719,4015
13723,9648661,4014.99
13723,9674484,4014.99
13723,9700481,4014.98
13723,9725559,4014.98
13723,9751403,4015.01
13723,9777051,4015.01
13723,9803014,4015.01
13723,9828553,4014.94
13723,9853907,4014.94
13723,9879328,4014.95
13723,9904755,4014.95
13723,9930366,4015.02
13723,9955744,4015.02
13723,9981334,4015.05
13723,10006666,4015.05
13723,10016856,4015.05
13723,10017142,4015.03
13723,10017482,4015.03
13723,10017729,4014.53
13723,10018088,4014.53
13723,10018384,4014.53
13723,10020700,4014.53
13723,10040426,4014.53
13723,10064621,4014.53
13723,10089558,4014.53
13723,10114689,4014.89
13723,10139834,4014.89
13723,10164861,4014.99
13723,10190300,4014.99
13723,10215562,4014.99
13723,10240995,4014.99
13723,10266328,4014.96
13723,10291796,4014.96
13723,10317408,4014.96
13723,10342868,4014.99
13723,10368168,4014.99
13723,10393561,4014.95
13723,10419262,4014.95
13723,10445003,4014.97
13723,10470102,4014.97
13723,10473389,4015.06
13723,10473680,4015.06
13723,10473904,4015.06
13723,10474210,4014.53
13723,10474506,4014.53
13723,10474845,4014.53
13723,10475148,4014.53
13723,10475383,4014.53
13723,10475665,4014.53
13723,10476003,4014.53
13723,10476317,4014.53
13723,10476610,4014.53
13723,10476896,4014.53
13723,10477196,4014.53
13723,10477416,4014.53
13723,10477713,4014.53
13723,10477996,4014.53
13723,10478287,4014.53
13723,10478648,4014.53
13723,10478940,4014.53
13723,10479170,4014.53
13723,10479522,4014.53
13723,10479811,4014.53
13723,10480042,4014.53
13723,10480401,4014.53
13723,10480692,4014.53
13723,10480983,4014.53
13723,10481274,4014.53
13723,10481572,4014.53
13723,10481787,4014.53
13723,10482097,4014.53
13723,10482392,4014.53
13723,10488846,4014.53
13723,10505670,4014.53
13723,10505901,4014.9
13723,10506194,4014.9
13723,10506849,4014.9
13723,10521192,4014.53
13723,10543859,4014.53
13723,10567706,4014.92
13723,10592243,4014.92
13723,10616899,4015.06
13723,10641778,4015.06
13723,10666345,4014.99
13723,10691040,4014.99
13723,10715936,4014.99
13723,10740815,4015
13723,10765554,4015
13723,10790520,4015.01
13723,10815498,4015.01
13723,10840300,4015.03
13723,10865524,4015.03
13723,10890858,4015.03
13723,10916072,4015.06
13723,10940889,4015.06
13723,10965654,4015.03
13723,10990718,4015.03
13723,11015737,4014.99
13723,11040497,4014.99
13723,11065616,4015
13723,11090804,4015
13723,11115981,4015
13723,11141122,4014.91
13723,11165997,4014.91
13723,11191001,4014.99
13723,11216140,4014.99
13723,11241146,4014.99
13723,11266549,4014.99
13723,11291639,4015.1
13723,11316593,4015.1
13723,11342010,4015.1
13723,11367017,4015.01
13723,11392349,4015.01
13723,11417949,4015.02
13723,11443306,4015.02
13723,11468640,4015.02
13723,11493622,4015.02
13723,11518959,4015.02
13723,11544434,4014.99
13723,11569888,4014.99
13723,11595149,4015.02
13723,11620443,4015.02
13723,11645306,4015.04
13723,11670628,4015.04
13723,11695966,4015.01
13723,11721495,4015.01
13723,11746655,4015.01
13723,11771699,4015.06
13723,11796206,4015.06
13723,11821148,4014.98
13723,11845870,4014.98
13723,11870955,4015.04
13723,11895952,4015.04
13723,11921375,4015.01
13723,11947058,4015.01
13723,11972986,4015.01
13723,11998707,4015.03
13723,12024542,4015.03
13723,12050652,4014.97
13723,12076515,4014.97
13723,12101986,4015.06
13723,12127607,4015.06
13723,12152722,4015
13723,12178148,4015
13723,12203294,4015
13723,12228869,4015.04
13723,12254062,4015.04
13723,12278982,4014.99
13723,12303996,4014.99
13723,12329056,4015
13723,12354050,4015
13723,12379183,4015
13723,12405115,4015.01
13723,12430831,4015.01
13723,12456990,4015.01
13723,12482216,4015.01
13723,12508012,4015.02
13723,12533508,4015.02
13723,12559073,4015.02
13723,12584289,4015.02
13723,12609965,4015.02
13723,12635117,4014.99
13723,12660470,4014.99
13723,12685791,4015.02
13723,12711284,4015.02
13723,12736315,4014.99
13723,12761168,4014.99
13723,12785530,4015.04
13723,12810675,4015.04
13723,12836345,4015.04
13723,12862001,4014.94
13723,12888243,4014.94
13723,12913804,4014.98
13723,12939373,4014.98
13723,12964944,4015.04
13723,12990773,4015.04
13723,13016005,4015.04
13723,13041258,4014.99
13723,13066797,4014.99
13723,13092514,4015.08
13723,13118218,4015.08
13723,13143559,4015.06
13723,13168839,4015.06
13723,13193776,4014.97
13723,13219320,4014.97
13723,13244635,4014.97
13723,13270362,4014.97
13723,13295475,4014.97
13723,13320929,4015.02
13723,13346082,4015.02
13723,13371252,4015.03
13723,13396856,4015.03
13723,13398184,4015.02
13723,13398457,4015.02
13723,13403952,4014.53
13723,13429524,4014.53
13723,13456283,4014.53
13723,13482529,4014.97
13723,13508594,4014.97
13723,1306633,4015.01
13723,1331592,4015.01
13723,1356637,4014.98
13723,1381483,4014.98
13723,1406729,4014.99
13723,1432431,4014.99
13723,1458005,4014.99
13723,1483686,4015
13723,1509573,4015
13723,1534826,4014.98
13723,1559616,4014.98
13723,1584646,4014.98
13723,1609372,4014.98
13723,1634670,4014.86
13723,1659267,4014.86
13723,1684100,4014.86
13723,1708924,4014.97
13723,1733877,4014.97
13723,1758725,4014.95
13723,1783366,4014.95
13723,1808138,4015.01
13723,1833314,4015.01
13723,1858176,4015.01
13723,1883398,4015.01
13723,1908082,4015.01
13723,13534157,4015.02
13723,13559202,4015.02
13723,13584016,4015.04
13723,13609140,4015.04
13723,13634455,4014.92
13723,13659939,4014.92
13723,13685119,4014.92
13723,13709732,4015.07
13723,13734646,4015.07
13723,13759779,4015
13723,13784542,4015
13723,13809175,4014.97
13723,13834151,4014.97
13723,13859414,4014.98
13723,13884994,4014.98
13723,13910980,4014.98
13723,13937144,4014.94
13723,13962866,4014.94
13723,13988481,4014.99
13723,14013990,4014.99
13723,14039365,4014.99
13723,14064459,4014.99
13723,14090006,4015.01
13723,14115226,4015.01
13723,14140319,4015.01
13723,14165275,4014.92
13723,14190099,4014.92
13723,14214932,4015.01
13723,14239522,4015.01
13723,14263947,4014.89
13723,14288403,4014.89
13723,14313913,4014.89
13723,14339438,4015.04
13723,14365083,4015.04
13723,14390991,4014.97
13723,14416547,4014.97
13723,14442523,4015.03
13723,14468065,4015.03
13723,14493709,4015.06
13723,14519578,4015.06
13723,14544999,4015.06
13723,14570442,4014.98
13723,14595479,4014.98
13723,14620179,4015
13723,14644878,4015
13723,14670037,4014.97
13723,14695698,4014.97
13723,14720834,4014.92
13723,14746135,4014.92
13723,14771548,4014.92
13723,14797207,4014.86
13723,14822929,4014.86
13723,14849023,4014.9
13723,14874658,4014.9
13723,14900376,4015
13723,14926116,4015
13723,14951568,4015
13723,14977050,4015
13723,15002520,4015
13723,15027998,4015.01
13723,15053449,4015.01
13723,15078443,4015.05
13723,15103694,4015.05
13723,15129172,4015.04
13723,15153931,4015.04
13723,15178822,4015.04
13723,15203740,4015.07
13723,15228523,4015.07
13723,15253290,4014.99
13723,15278299,4014.99
13723,15303533,4014.91
13723,15328614,4014.91
13723,15353638,4014.9
13723,15378852,4014.9
13723,15403616,4014.9
13723,15428615,4014.93
13723,15453736,4014.93
13723,15478860,4014.93
13723,15504061,4014.93
13723,15528860,4014.95
13723,15553828,4014.95
13723,15579040,4014.95
13723,15604388,4014.89
13723,15629676,4014.89
13723,15655076,4014.79
13723,15680296,4014.79
13723,15705751,4014.77
13723,15730798,4014.77
13723,15755967,4014.74
13723,15781643,4014.74
13723,15807024,4014.74
13723,15832599,4014.76
13723,15858061,4014.76
13723,15883421,4014.8
13723,15908651,4014.8
13723,15934059,4014.81
13723,15959466,4014.81
13723,15984489,4014.81
13723,16009931,4014.76
13723,16035623,4014.76
13723,16060946,4014.79
13723,16086616,4014.79
13723,16111246,4014.92
13723,16136229,4014.92
13723,16160949,4014.89
13723,16185880,4014.89
13723,16210865,4014.89
13723,16235870,4014.92
13723,16261112,4014.92
13723,16286363,4014.9
13723,16311820,4014.9
13723,16337294,4014.96
13723,16362258,4014.96
13723,16387868,4014.95
13723,16413335,4014.95
13723,16438339,4014.95
13723,16463367,4014.93
13723,16488340,4014.93
13723,16513534,4014.85
13723,16538520,4014.85
13723,16563747,4014.89
13723,16588705,4014.89
13723,16613514,4014.88
13723,16638525,4014.88
13723,16663186,4014.88
13723,16688267,4014.85
13723,16713447,4014.85
13723,16738833,4014.82
13723,16764174,4014.82
13723,16789025,4014.77
13723,16813764,4014.77
13723,16838925,4014.77
13723,16863441,4014.59
13723,16888467,4014.59
13723,16913353,4014.59
13723,16938274,4014.59
13723,16963484,4014.53
13723,16988838,4014.53
13723,17013926,4014.52
13723,17039114,4014.52
13723,17063582,4014.52
13723,17088548,4014.58
13723,17113338,4014.58
13723,17138204,4014.99
13723,17139019,4014.99
13723,17139319,4014.99
13723,17139608,4014.99
13723,17139824,4014.53
13723,17140117,4014.53
13723,17140406,4014.53
13723,17140651,4014.53
13723,17140945,4014.53
13723,17141244,4014.53
13723,17141598,4014.53
13723,17141890,4014.53
13723,17142130,4014.53
13723,17142418,4014.53
13723,17142753,4014.53
13723,17142994,4014.53
13723,17143302,4014.53
13723,17146705,4014.53
13723,17165765,4014.53
13723,17189083,4014.53
13723,17213660,4015
13723,17238694,4015
13723,17263530,4015
13723,17287903,4015.02
13723,17312865,4015.02
13723,17337949,4014.98
13723,17362838,4014.98
13723,17387879,4015.04
13723,17412816,4015.04
13723,17437645,4015
13723,17462244,4015
13723,17487080,4015
13723,17511758,4015.02
13723,17537019,4015.02
13723,17561952,4015.02
13723,17586764,4015.02
13723,17611992,4014.99
13723,17636950,4014.99
13723,17662303,4014.99
13723,17687896,4014.92
13723,17713121,4014.92
13723,17738965,4015.02
13723,17764959,4015.02
13723,17790956,4015.02
13723,17816664,4015.02
13723,17841749,4015
13723,17866974,4015
13723,17892226,4015
13723,17917364,4014.97
13723,17942624,4014.97
13723,17967592,4015.03
13723,17993132,4015.03
13723,18018919,4015.07
13723,18044448,4015.07
13723,18069970,4015.01
13723,18095206,4015.01
13723,18120339,4015.01
13723,18145511,4014.94
13723,18170922,4014.94
13723,18196060,4015.07
13723,18220815,4015.07
13723,18245726,4015.11
13723,18270436,4015.11
13723,18276970,4014.98
13723,18277262,4014.98
13723,18285677,4014.98
13723,18310594,4014.53
13723,18336610,4014.53
13723,18362701,4014.89
13723,18388393,4014.89
13723,18413786,4015.07
13723,18438855,4015.07
13723,18464354,4015.07
13723,18489707,4015.03
13723,18515028,4015.03
13723,18540472,4015
13723,18565971,4015
13723,18591254,4014.95
13723,18616189,4014.95
13723,18642019,4015.07
13723,18667736,4015.07
13723,18693599,4015.07
13723,18718656,4015.03
13723,18743842,4015.03
13723,18769098,4015.07
13723,18794208,4015.07
13723,18819327,4014.96
13723,18844361,4014.96
13723,18869242,4015.03
13723,18894340,4015.03
13723,18919375,4015.03
13723,18944593,4015
13723,18969441,4015
13723,18994657,4015
13723,19019874,4015
13723,19045011,4015
13723,19070283,4015
13723,19095771,4015
13723,19120869,4015
13723,19146016,4015
13723,19171547,4015.01
13723,19196884,4015.01
13723,19222100,4014.96
13723,19246840,4014.96
13723,19272352,4015.05
13723,19297621,4015.05
13723,19323591,4015.05
13723,19348971,4015.07
13723,19374671,4015.07
13723,19400438,4015.03
13723,19425744,4015.03
13723,19451216,4015.06
13723,19476314,4015.06
13723,19501770,4014.95
13723,19526990,4014.95
13723,19552257,4014.95
13723,19577177,4014.93
13723,19602899,4014.93
13723,19627982,4014.97
13723,19653207,4014.97
13723,19678405,4015
13723,19703295,4015
13723,19727966,4015.01
13723,19752645,4015.01
13723,19777490,4015.01
13723,19802880,4014.98
13723,19828312,4014.98
13723,19853773,4015
13723,19879874,4015
13723,19905720,4014.97
13723,19931213,4014.97
13723,19956330,4014.97
13723,1933062,4014.96
13723,1958422,4014.96
13723,1983721,4015.01
13723,2009096,4015.01
13723,2034350,4015
13723,2059595,4015
13723,2084843,4014.92
13723,2109829,4014.92
13723,2134509,4014.92
13723,2159363,4014.99
13723,2184318,4014.99
13723,2209171,4015.05
13723,2234504,4015.05
13723,2259963,4015.04
13723,2285163,4015.04
13723,2310664,4014.96
13723,2336289,4014.96
13723,2362117,4014.96
13723,2387833,4014.87
13723,2413813,4014.87
13723,2439663,4015
13723,2465023,4015
13723,2489726,4014.97
13723,2507200,4014.97
13723,2507441,4014.97
13723,2507746,4014.94
13723,2513712,4014.94
13723,2538166,4014.53
13723,2563989,4014.53
13723,19981530,4015.05
13723,20007010,4015.05
13723,20032210,4014.98
13723,20057444,4014.98
13723,20082643,4014.97
13723,20107607,4014.97
13723,20133205,4015
13723,20158549,4015
13723,20183756,4015
13723,20209471,4015.01
13723,20235346,4015.01
13723,20260785,4015.02
13723,20285987,4015.02
13723,20310822,4014.95
13723,20335480,4014.95
13723,20360594,4014.97
13723,20385679,4014.97
13723,20411273,4014.97
13723,20436853,4014.98
13723,20462410,4014.98
13723,20487926,4015.01
13723,20513222,4015.01
13723,20538320,4015.07
13723,20563679,4015.07
13723,20589275,4015.01
13723,20614990,4015.01
13723,20640501,4015.01
13723,20665491,4015.07
13723,20690509,4015.07
13723,20715469,4014.97
13723,20740418,4014.97
13723,20765435,4014.98
13723,20790684,4014.98
13723,20816070,4014.97
13723,20841001,4014.97
13723,20866056,4014.97
13723,20890939,4014.94
13723,20915927,4014.94
13723,20940862,4014.98
13723,20965233,4014.98
13723,20990414,4015.03
13723,21015965,4015.03
13723,21041619,4015.08
13723,21067886,4015.08
13723,21093723,4015.08
13723,21119228,4015
13723,21145169,4015
13723,21171056,4015.05
13723,21196509,4015.05
13723,21222213,4014.99
13723,21247850,4014.99
13723,21273229,4015.03
13723,21298383,4015.03
13723,21323481,4015.03
13723,21348510,4015.06
13723,21373258,4015.06
13723,21397849,4014.99
13723,21422731,4014.99
13723,21447960,4014.99
13723,21473229,4014.99
13723,21498909,4014.95
13723,21524724,4014.95
13723,21550092,4014.95
13723,21575260,4015.08
13723,21600347,4015.08
13723,21625492,4014.96
13723,21650756,4014.96
13723,21676101,4015.01
13723,21701213,4015.01
13723,21726033,4015.01
13723,21751302,4015.04
13723,21777210,4015.04
13723,21802617,4015.08
13723,21828220,4015.08
13723,21854023,4015.01
13723,21878844,4015.01
13723,21903503,4015.01
13723,21928581,4015.01
13723,21953495,4015.01
13723,21978380,4015.02
13723,22003145,4015.02
13723,22028881,4014.94
13723,22055027,4014.94
13723,22081318,4015.04
13723,22107836,4015.04
13723,22133465,4015.04
13723,22158629,4015
13723,22183625,4015
13723,22208877,4015.02
13723,22234072,4015.02
13723,22259591,4014.92
13723,22284851,4014.92
13723,22310478,4015
13723,22335570,4015
13723,22361271,4015
13723,22386393,4015.09
13723,22411358,4015.09
13723,22436434,4015.04
13723,22461521,4015.04
13723,22486980,4015
13723,22512992,4015
13723,22538836,4015
13723,22564598,4015.06
13723,22590847,4015.06
13723,22616413,4015.07
13723,22642629,4015.07
13723,22668825,4015.01
13723,22694872,4015.01
13723,22721101,4015.03
13723,22746571,4015.03
13723,22772044,4015.03
13723,22797398,4014.88
13723,22822526,4014.88
13723,22847704,4015.05
13723,22873040,4015.05
13723,22898140,4015.01
13723,22923441,4015.01
13723,22948947,4015.01
13723,22974025,4015.02
13723,22999407,4015.02
13723,23024695,4014.97
13723,23049937,4014.97
13723,23075423,4015
13723,23100744,4015
13723,23126099,4014.99
13723,23151305,4014.99
13723,23176418,4014.99
13723,23201737,4015
13723,23226775,4015
13723,23252298,4015.05
13723,23277900,4015.05
13723,23303239,4015.06
13723,23328717,4015.06
13723,23354398,4014.98
13723,23379417,4014.98
13723,23405146,4014.98
13723,23430595,4015.05
13723,23455973,4015.05
13723,23457654,4015
13723,23457654,4015
13723,2589618,4014.93
13723,2615171,4014.93
13723,2640489,4014.93
13723,2665514,4014.91
13723,2690584,4014.91
13723,2715966,4014.99
13723,2740766,4014.99
13723,2765867,4015.01
13723,2790654,4015.01
13723,2815514,4015.01
13723,2840578,4015.01
13723,2865457,4015.01
13723,2890177,4015
13723,2915511,4015
13723,2940844,4014.97
13723,2966533,4014.97
13723,2991927,4014.96
13723,3017010,4014.96
13723,3042631,4015.01
13723,3067828,4015.01
13723,3092785,4015.01
13723,3118137,4015.03
13723,3143348,4015.03
13723,3168051,4014.97
13723,3193001,4014.97
13723,3218225,4014.95
13723,3243581,4014.95
13723,3268920,4015.07
13723,3294364,4015.07
13723,3319539,4015.07
13723,3344553,4015.01
13723,3370046,4015.01
13723,3395203,4014.91
13723,3419844,4014.91
13723,3445171,4015.01
13723,3470150,4015.01
13723,3495617,4015.02
13723,3520570,4015.02
13723,3545634,4015.02
13723,3570710,4015.01
13723,3595808,4015.01
13723,3620872,4015.01
13723,3645759,4015.01
13723,3670664,4015.03
13723,3695370,4015.03
13723,3720375,4014.94
13723,3745599,4014.94
13723,3770649,4014.94
13723,3795631,4015.11
13723,3820464,4015.11
13723,3845570,4015
13723,3871538,4015
13723,3897185,4015.02
13723,3922853,4015.02
13723,3948586,4014.99
13723,3973942,4014.99
13723,3999297,4014.99
13723,4024297,4014.97
13723,4049509,4014.97
13723,4074556,4015.01
13723,4099242,4015.01
13723,4123697,4014.98
13723,4148265,4014.98
13723,4172700,4015.06
13723,4197132,4015.06
13723,4221882,4015
13723,4246701,4015
13723,4270841,4015
13723,4295465,4014.94
13723,4320235,4014.94
13723,4345411,4014.89
13723,4370623,4014.89
13723,4395941,4015.05
13723,4421257,4015.05
13723,4447572,4015.05
13723,4473656,4015.02
13723,4499580,4015.02
13723,4525258,4015.07
13723,4550827,4015.07
13723,4575598,4015.04
13723,4600766,4015.04
13723,4625976,4015
13723,4650734,4015
13723,4675827,4015
13723,4701456,4015.01
13723,4726551,4015.01
13723,4752064,4014.98
13723,4777494,4014.98
13723,4802602,4014.97
13723,4827624,4014.97
13723,4852539,4015.06
13723,4878541,4015.06
13723,4903798,4015.06
13723,4929067,4014.99
13723,4954406,4014.99
13723,4979520,4015.06
13723,5004910,4015.06
13723,5030420,4015.01
13723,5055588,4015.01
13723,5081016,4014.92
13723,5106607,4014.92
13723,5132203,4014.92
13723,5136779,4015.01
13723,5137126,4015.01
13723,5137354,4014.53
13723,5137699,4014.53
13723,5137937,4014.53
13723,5138287,4014.53
13723,5138968,4014.53
13723,5154671,4014.53
13723,5178904,4014.53
13723,5204081,4014.91
13723,5229319,4014.91
13723,5254292,4015.02
13723,5279227,4015.02
13723,5304427,4015.07
13723,5329938,4015.07
13723,5354813,4015.07
13723,5379938,4015.07
13723,5404800,4015.07
13723,5429795,4015.02
13723,5454861,4015.02
13723,5480210,4014.97
13723,5505000,4014.97
13723,5530508,4014.94
13723,5556138,4014.94
13723,5581793,4015.03
13723,5607189,4015.03
13723,5632669,4015.03
13723,5658184,4015.08
13723,5683740,4015.08
13723,5709069,4014.98
13723,5734317,4014.98
13723,5759894,4014.97
13723,5785294,4014.97
13723,5810735,4014.88
13723,5836088,4014.88
13723,5861659,4014.88
13723,5887130,4014.92
13723,5912640,4014.92
13723,5938059,4015.03
13723,5963537,4015.03
13723,5988801,4014.92
13723,6014491,4014.92
13723,6040001,4015.06
13723,6065980,4015.06
13723,6091639,4015.06
13723,6117148,4015.04
13723,6141951,4015.04
13723,6166935,4015.04
13723,6191890,4015.04
13723,6217356,4015
13723,6242591,4015
13723,6268435,4015
13723,6294056,4014.97
13723,6319843,4014.97
13723,6345278,4014.95
13723,6370606,4014.95
13723,6383923,4015.04
13723,6384233,4015.04
13723,6387541,4014.53
13723,6409349,4014.53
13723,6434325,4014.53
13724,61082,4014.98
13724,86821,4014.95
13724,112101,4014.95
13724,137966,4014.99
13724,163696,4014.99
13724,189347,4014.99
13724,215009,4014.95
13724,240612,4014.95
13724,265960,4014.96
13724,290805,4014.96
13724,315891,4015.05
13724,340727,4015.05
13724,365335,4015.04
13724,390139,4015.04
13724,415404,4015.04
13724,440933,4015.03
13724,466287,4015.03
13724,491917,4015.02
13724,517146,4015.02
13724,542702,4015
13724,568684,4015
13724,594347,4015.03
13724,620903,4015.03
13724,647647,4015.03
13724,672975,4015
13724,698492,4015
13724,723301,4015.03
13724,748020,4015.03
13724,772712,4014.95
13724,797294,4014.95
13724,822136,4015.04
13724,846991,4015.04
13724,872033,4015.04
13724,897399,4015.03
13724,922492,4015.03
13724,947580,4014.97
13724,972878,4014.97
13724,998369,4015.06
13724,1023484,4015.06
13724,1048697,4015.06
13724,1073839,4015.02
13724,1099244,4015.02
13724,1124849,4014.99
13724,1150176,4014.99
13724,1175207,4015.02
13724,1199712,4015.02
13724,1224437,4014.96
13724,1249909,4014.96
13724,1275716,4014.96
13724,1301186,4014.98
13724,1326837,4014.98
13724,1352382,4015.02
13724,1378042,4015.02
13724,1403564,4014.98
13724,1429250,4014.98
13724,1454322,4015.02
13724,1479057,4015.02
13724,1503983,4015.02
13724,1528949,4015
13724,1554023,4015
13724,1579007,4014.99
13724,1604205,4014.99
13724,1629427,4014.96
13724,1654531,4014.96
13724,1679667,4014.96
13724,1704814,4014.96
13724,1730282,4014.96
13724,1755791,4015.12
13724,1781345,4015.12
13724,1806870,4015.03
13724,1832300,4015.03
13724,1857779,4015
13724,1883114,4015
13724,1908720,4014.96
13724,1934198,4014.96
13724,1959524,4014.96
13724,1984848,4015.05
13724,2010236,4015.05
13724,2035946,4015
13724,2061239,4015
13724,2086885,4014.97
13724,2112358,4014.97
13724,2138105,4015.04
13724,2163434,4015.04
13724,2188936,4015.04
13724,2214345,4014.93
13724,2239349,4014.93
13724,2264651,4015.01
13724,2290012,4015.01
13724,2315119,4015.05
13724,2340599,4015.05
13724,2366053,4015.05
13724,2391290,4015.02
13724,2416240,4015.02
13724,2442026,4015
13724,2467973,4015
13724,2493552,4015.02
13724,2518944,4015.02
13724,2544744,4015.04
13724,2570468,4015.04
13724,2596329,4015.04
13724,2621825,4015.21
13724,2646781,4015.21
13724,2672253,4015.16
13724,2697336,4015.16
13724,2722556,4015.16
13724,2747776,4015.16
13724,2773321,4015.23
13724,2798835,4015.23
13724,2824417,4015.23
13724,2849891,4015.28
13724,2875160,4015.28
13724,2900881,4015.36
13724,2926715,4015.36
13724,2952691,4015.39
13724,2978219,4015.39
13724,3003745,4015.36
13724,3028888,4015.36
13724,3054184,4015.36
13724,3079265,4015.35
13724,3104177,4015.35
13724,3129454,4015.37
13724,3154671,4015.37
13724,3179362,4015.42
13724,3204427,4015.42
13724,3229790,4015.32
13724,3255497,4015.32
13724,3281164,4015.32
13724,3307132,4015.31
13724,3332592,4015.31
13724,3357795,4015.36
13724,3382881,4015.36
13724,3407970,4015.38
13724,3433081,4015.38
13724,3458291,4015.31
13724,3483549,4015.31
13724,3508910,4015.31
13724,3534588,4015.34
13724,3559922,4015.34
13724,3584924,4015.27
13724,3610151,4015.27
13724,3632233,4015.02
13724,3632563,4015.02
13724,3632846,4014.53
13724,3633125,4014.53
13724,3633489,4014.53
13724,3633777,4014.53
13724,3634072,4014.53
13724,3644405,4014.53
13724,3661295,4014.53
13724,3661590,4014.86
13724,3661836,4014.86
13724,3662109,4014.86
13724,3662410,4014.53
13724,3662744,4014.53
13724,3663059,4014.53
13724,3663297,4014.53
13724,3674892,4014.53
13724,3698508,4014.53
13724,3723483,4014.94
13724,3748814,4014.94
13724,3773044,4014.94
13724,3797822,4015.01
13724,3822645,4015.01
13724,3847361,4015.19
13724,3872598,4015.19
13724,3897744,4014.99
13724,3901628,4014.99
13724,3901979,4014.98
13724,3904957,4014.98
13724,3926721,4014.98
13724,3951225,4014.53
13724,3976524,4014.53
13724,4001764,4014.96
13724,4005562,4014.96
13724,4005562,4015.03
13724,4005562,4015.03
13724,4005562,4015.07
13724,4005562,4015.07
13724,4005562,4015.07
13724,4005562,4014.97
13724,4005562,4014.97
13724,4005562,4015.01
13724,4005562,4015.01
13727,57085,4014.98
13727,81516,4015.13
13727,106848,4015.13
13727,132194,4015.18
13727,156911,4015.18
13727,181725,4015.1
13727,205540,4015.1
13727,229738,4015.22
13727,254458,4015.22
13727,279160,4015.22
13727,303857,4015.3
13727,328562,4015.3
13727,353522,4015.16
13727,378609,4015.16
13727,402795,4014.89
13727,427656,4014.89
13727,452536,4014.98
13727,477560,4014.98
13727,502151,4014.98
13727,527473,4014.99
13727,553080,4014.99
13727,577895,4014.99
13727,602869,4014.99
13727,627226,4014.97
13727,6453602,4014.99
13727,6478589,4014.99
13727,6503514,4014.97
13727,6529133,4014.97
13727,6553934,4015.01
13727,6578938,4015.01
13727,6604374,4015.01
13727,6629414,4014.96
13727,6654289,4014.96
13727,6678891,4014.98
13727,6703571,4014.98
13727,6727685,4014.94
13727,6752916,4014.94
13727,6778091,4014.94
13727,6803685,4014.98
13727,6829335,4014.98
13727,6854654,4014.99
13727,6879470,4014.99
13727,6903575,4014.96
13727,6916391,4014.96
13727,6916681,4015.01
13727,6917404,4015.01
13727,6934938,4015.01
13727,6960671,4014.53
13727,6986668,4014.53
13727,7011998,4014.95
13727,7037359,4014.95
13727,7062115,4015
13727,7087399,4015
13727,652525,4014.97
13727,677474,4014.97
13727,702703,4014.93
13727,727543,4014.93
13727,752490,4015.1
13727,776569,4015.1
13727,801054,4014.99
13727,825935,4014.99
13727,851194,4014.81
13727,876526,4014.81
13727,901348,4014.81
13727,926982,4014.88
13727,952119,4014.88
13727,976535,4014.81
13727,1001333,4014.81
13727,1025885,4014.97
13727,1050913,4014.97
13727,1076458,4015.04
13727,1102047,4015.04
13727,1127115,4015.04
13727,1152361,4014.96
13727,1176952,4014.96
13727,1201178,4015.08
13727,1225848,4015.08
13727,1250946,4014.99
13727,1276413,4014.99
13727,7112161,4015.08
13727,7136053,4015.08
13727,7160620,4015.08
13727,7185122,4014.83
13727,7209638,4014.83
13727,7234614,4014.99
13727,7258799,4014.99
13727,7284065,4015.15
13727,7309233,4015.15
13727,7333685,4014.99
13727,7358501,4014.99
13727,7383498,4014.99
13727,7408172,4014.97
13727,7433024,4014.97
13727,7457970,4015.04
13727,7482284,4015.04
13727,7507227,4015.13
13727,7531823,4015.13
13727,7556919,4015.07
13727,7581756,4015.07
13727,7607209,4015.07
13727,7631920,4014.96
13727,7657010,4014.96
13727,7682291,4014.99
13727,7707485,4014.99
13727,7732592,4015.02
13727,7757771,4015.02
13727,7782952,4015.02
13727,7807800,4015.1
13727,7833054,4015.1
13727,7858089,4015.01
13727,7882946,4015.01
13727,7908147,4015.04
13727,7933227,4015.04
13727,7958057,4015.16
13727,7983348,4015.16
13727,8008730,4015.16
13727,8033595,4015.08
13727,8058080,4015.08
13727,8082926,4015.06
13727,8108453,4015.06
13727,8133689,4015.12
13727,8158112,4015.12
13727,8182210,4015.01
13727,8208055,4015.01
13727,8234216,4015.01
13727,8260428,4015.02
13727,8286116,4015.02
13727,8310936,4015.08
13727,8336034,4015.08
13727,8360615,4015
13727,8384690,4015
13727,8409017,4015.05
13727,8433709,4015.05
13727,8458756,4015.05
13727,8484170,4015.04
13727,8510377,4015.04
13727,8536491,4015.01
13727,8562227,4015.01
13727,8587559,4015.03
13727,8613297,4015.03
13727,8638634,4015.04
13727,8663138,4015.04
13727,8688285,4015.04
13727,8713524,4015.01
13727,8738600,4015.01
13727,8763937,4015.05
13727,8788894,4015.05
13727,8814116,4015
13727,8839215,4015
13727,8864621,4015.06
13727,8889198,4015.06
13727,8914212,4015.06
13727,8939425,4015.08
13727,8965375,4015.08
13727,8990500,4015.02
13727,9016237,4015.02
13727,9041433,4014.99
13727,9066921,4014.99
13727,9091618,4014.99
13727,9116208,4014.99
13727,9141304,4014.99
13727,9166133,4015.03
13727,9191461,4015.03
13727,9216696,4015.05
13727,9242415,4015.05
13727,9267871,4014.97
13727,9293322,4014.97
13727,9318706,4015.07
13727,9343999,4015.07
13727,9369004,4015.07
13727,9393473,4015.09
13727,9418397,4015.09
13727,9443535,4015.04
13727,9468449,4015.04
13727,9493016,4014.92
13727,9518115,4014.92
13727,9542804,4014.92
13727,9567754,4015.12
13727,9592227,4015.12
13727,9616670,4014.97
13727,9641503,4014.97
13727,9666680,4015.06
13727,9692191,4015.06
13727,9718070,4015.03
13727,9743263,4015.03
13727,9767840,4015.03
13727,9792429,4015.02
13727,9817204,4015.02
13727,9841972,4015.07
13727,9866740,4015.07
13727,9890982,4015.05
13727,9915227,4015.05
13727,9939748,4015.05
13727,9964453,4015.05
13727,9989347,4015.05
13727,10015150,4015.09
13727,10040864,4015.09
13727,10065705,4015.05
13727,10090540,4015.05
13727,10115268,4014.96
13727,10140215,4014.96
13727,10164824,4014.96
13727,10189541,4015.12
13727,10214482,4015.12
13727,10239406,4014.91
13727,10264933,4014.91
13727,10290459,4015.03
13727,10316157,4015.03
13727,10341413,4015
13727,10366682,4015
13727,10391191,4015
13727,10415671,4015.02
13727,10440325,4015.02
13727,10464799,4015.03
13727,10489183,4015.03
13727,10513893,4014.98
13727,10539459,4014.98
13727,10564995,4015.05
13727,10590252,4015.05
13727,10615272,4015.05
13727,10638104,4015.04
13727,10638319,4015.04
13727,10638609,4014.97
13727,10638901,4014.97
13727,10639180,4014.53
13727,10639483,4014.53
13727,10639774,4014.53
13727,10640126,4014.53
13727,10643538,4014.53
13727,10664622,4014.53
13727,10689762,4014.53
13727,10715141,4014.84
13727,10740054,4014.84
13727,10764679,4015.07
13727,10781378,4015.07
13727,10781671,4015.03
13727,10781944,4015.03
13727,10782195,4015.03
13727,10782495,4014.53
13727,10788409,4014.53
13727,10811559,4014.53
13727,10835752,4014.53
13727,10860307,4014.86
13727,10885156,4014.86
13727,10910185,4015.02
13727,10934311,4015.02
13727,10959391,4015.02
13727,10983795,4015.03
13727,11008743,4015.03
13727,11033423,4014.94
13727,11058191,4014.94
13727,11083317,4015.05
13727,11108383,4015.05
13727,11133609,4015.01
13727,11158283,4015.01
13727,11183258,4015.01
13727,11207969,4015.04
13727,11233071,4015.04
13727,11258152,4015.05
13727,11283346,4015.05
13727,11308332,4015.01
13727,11333830,4015.01
13727,11359076,4015.01
13727,11384495,4015.08
13727,11409834,4015.08
13727,11434660,4014.95
13727,11459042,4014.95
13727,11483162,4015.04
13727,11507895,4015.04
13727,11533406,4015.08
13727,11558570,4015.08
13727,11583767,4015.08
13727,11609236,4015.05
13727,11635391,4015.05
13727,11661359,4015.03
13727,11685937,4015.03
13727,11710229,4014.95
13727,11734566,4014.95
13727,11759386,4014.95
13727,11784491,4014.98
13727,11809824,4014.98
13727,11834921,4015.04
13727,11860390,4015.04
13727,11885204,4015.1
13727,11889398,4015.1
13727,11889625,4014.53
13727,11893804,4014.53
13727,11914790,4014.53
13727,11938482,4014.53
13727,11962408,4014.53
13727,11986616,4015.09
13727,12010916,4015.09
13727,12035358,4014.97
13727,12060190,4014.97
13727,12085245,4015.04
13727,12109608,4015.04
13727,12133772,4015.04
13727,12158306,4015.02
13727,12178165,4015.02
13727,12178433,4015.04
13727,12178786,4015.04
13727,12192237,4014.53
13727,12217308,4014.53
13727,12242925,4015.05
13727,12267750,4015.05
13727,12292306,4015.05
13727,12317160,4014.99
13727,12341856,4014.99
13727,12366680,4015.08
13727,12391277,4015.08
13727,12415884,4015
13727,12441069,4015
13727,12466393,4015.13
13727,12490728,4015.13
13727,12514536,4015.13
13727,12539240,4015.09
13727,12564000,4015.09
13727,12588739,4015.05
13727,12612573,4015.05
13727,12637600,4015.01
13727,12662897,4015.01
13727,12688674,4015.07
13727,12714035,4015.07
13727,12738671,4015.07
13727,12763759,4015.01
13727,12788179,4015.01
13727,12812911,4015.03
13727,12837532,4015.03
13727,12862303,4015.05
13727,12887916,4015.05
13727,12896277,4015.05
13727,12896569,4015
13727,12896859,4015
13727,12897081,4014.53
13727,12897437,4014.53
13727,12901062,4014.53
13727,12921778,4014.53
13727,12945712,4015.07
13727,12970289,4015.07
13727,12995619,4015.07
13727,13021001,4015.03
13727,13046058,4015.03
13727,13071783,4015.03
13727,13097150,4015.03
13727,13122552,4015.07
13727,13147432,4015.07
13727,13172785,4015.07
13727,13198064,4015.1
13727,13223395,4015.1
13727,13248694,4015.02
13727,13255542,4015.02
13727,13255838,4015.02
13727,13256047,4015.02
13727,13256343,4014.53
13727,13256634,4014.53
13727,13256936,4014.53
13727,13257163,4014.53
13727,13257524,4014.53
13727,13257799,4014.53
13727,13258098,4014.53
13727,13258393,4014.53
13727,13258605,4014.53
13727,13258918,4014.53
13727,13259248,4014.53
13727,13259561,4014.53
13727,13259791,4014.53
13727,13266451,4014.53
13727,13287959,4014.53
13727,13311758,4014.53
13727,13335632,4014.93
13727,13360135,4014.93
13727,13384571,4014.93
13727,13409814,4014.97
13727,13434635,4014.97
13727,13458962,4015
13727,13483239,4015
13727,13508253,4014.97
13727,13532950,4014.97
13727,1301621,4015.02
13727,1327195,4015.02
13727,1352370,4015.02
13727,1377675,4015
13727,1402984,4015
13727,1428678,4015.01
13727,1453714,4015.01
13727,1479154,4014.97
13727,1504440,4014.97
13727,1529336,4014.97
13727,1553775,4014.95
13727,1577832,4014.95
13727,1602166,4014.94
13727,1626593,4014.94
13727,1633569,4015.05
13727,1633867,4015.05
13727,1645393,4014.53
13727,1670600,4014.53
13727,1695636,4014.53
13727,1721146,4014.79
13727,1747034,4014.79
13727,1772352,4014.97
13727,1798031,4014.97
13727,1822760,4015
13727,1847745,4015
13727,1849316,4014.98
13727,1849612,4014.98
13727,1856084,4014.98
13727,1879899,4014.53
13727,1904827,4014.53
13727,1930330,4015.27
13727,13558153,4015.01
13727,13582719,4015.01
13727,13608127,4015.01
13727,13633162,4014.98
13727,13657738,4014.98
13727,13671872,4015.05
13727,13672180,4015.05
13727,13672470,4014.53
13727,13672703,4014.53
13727,13673056,4014.53
13727,13673324,4014.53
13727,13683042,4014.53
13727,13694596,4014.53
13727,13694898,4014.53
13727,13695245,4014.53
13727,13700694,4014.53
13727,13722232,4014.53
13727,13747251,4014.53
13727,13754729,4014.53
13727,13755007,4014.91
13727,13755424,4014.91
13727,13770670,4014.53
13727,13795658,4014.53
13727,13818809,4014.79
13727,13819025,4014.79
13727,13819363,4014.53
13727,13819659,4014.53
13727,13821747,4014.53
13727,13841526,4014.53
13727,13865769,4014.53
13727,13890455,4014.81
13727,13914908,4014.81
13727,13939554,4015.07
13727,13963944,4015.07
13727,13988126,4015.07
13727,14012594,4014.98
13727,14036938,4014.98
13727,14061567,4015.04
13727,14085848,4015.04
13727,14109735,4015.01
13727,14135065,4015.01
13727,14160362,4015.04
13727,14186007,4015.04
13727,14211259,4015.04
13727,14236564,4015.07
13727,14261315,4015.07
13727,14286881,4015.01
13727,14311469,4015.01
13727,14336001,4015.04
13727,14360462,4015.04
13727,14384674,4015.01
13727,14409501,4015.01
13727,14434372,4015.01
13727,14459798,4014.98
13727,14484788,4014.98
13727,14510655,4015.03
13727,14536295,4015.03
13727,14562215,4015.05
13727,14587725,4015.05
13727,14612455,4015.04
13727,14637598,4015.04
13727,14662300,4015.04
13727,14687039,4014.96
13727,14712366,4014.96
13727,14738113,4015
13727,14763764,4015
13727,14789285,4015
13727,14814119,4015
13727,14838739,4015
13727,14863648,4015.05
13727,14888099,4015.05
13727,14912957,4015.02
13727,14937820,4015.02
13727,14962769,4015.07
13727,14987299,4015.07
13727,15011492,4015
13727,15036196,4015
13727,15061533,4015
13727,15086060,4015.06
13727,15110179,4015.06
13727,15135074,4014.99
13727,15160785,4014.99
13727,15185962,4015.05
13727,15211254,4015.05
13727,15236779,4015.04
13727,15262376,4015.04
13727,15286582,4015.04
13727,15311394,4015.02
13727,15318004,4015.02
13727,15318219,4015.03
13727,15321097,4015.03
13727,15342170,4014.53
13727,15366497,4014.53
13727,15391728,4015.01
13727,15416602,4015.01
13727,15442028,4015.01
13727,15466075,4014.98
13727,15491042,4014.98
13727,15515867,4014.98
13727,15540855,4014.98
13727,15565804,4015.03
13727,15589983,4015.03
13727,15615330,4015
13727,15640047,4015
13727,15665522,4015
13727,15689840,4014.94
13727,15692202,4014.94
13727,15692429,4015.03
13727,15693616,4015.03
13727,15711009,4014.53
13727,15735340,4014.53
13727,15760124,4014.53
13727,15784619,4015.09
13727,15809089,4015.09
13727,15834402,4014.99
13727,15859522,4014.99
13727,15885355,4015.02
13727,15910575,4015.02
13727,15935325,4015.1
13727,15960163,4015.1
13727,15985332,4015.1
13727,16010165,4014.99
13727,16034235,4014.99
13727,16058529,4015.04
13727,16082878,4015.04
13727,16086579,4014.99
13727,16087052,4014.99
13727,16087481,4015.22
13727,16087950,4015.22
13727,16088336,4015.22
13727,16088826,4015.27
13727,16089236,4015.27
13727,16089745,4015.28
13727,16089970,4015.28
13727,16090500,4015.33
13727,16090928,4015.33
13727,16091245,4015.33
13727,16091729,4015.36
13727,16092107,4015.36
13727,16092631,4015.26
13727,16093006,4015.26
13727,16093371,4015.17
13727,16093839,4015.17
13727,16094254,4015.15
13727,16094664,4015.15
13727,16094955,4015.15
13727,16095250,4014.53
13727,16095481,4014.53
13727,16099028,4014.53
13727,16117576,4014.53
13727,16139722,4015.05
13727,16163206,4015.05
13727,16187359,4015.03
13727,16211791,4015.03
13727,16236606,4015.03
13727,16261276,4015
13727,16285165,4015
13727,16309820,4015.04
13727,16334428,4015.04
13727,16358983,4015.07
13727,16383074,4015.07
13727,16408083,4015.01
13727,16432977,4015.01
13727,16457920,4015.01
13727,16482728,4015.03
13727,16507886,4015.03
13727,16533050,4015.02
13727,16557108,4015.02
13727,16581836,4015.02
13727,16606426,4015.02
13727,16630983,4015
13727,16655017,4015
13727,16679770,4015
13727,16704208,4015
13727,16729546,4015
13727,16754243,4014.91
13727,16779382,4014.91
13727,16792076,4015.02
13727,16792364,4015.02
13727,16792664,4014.53
13727,16805517,4014.53
13727,16830994,4014.53
13727,16856600,4015
13727,16881101,4015
13727,16906093,4015.11
13727,16930887,4015.11
13727,16955700,4015
13727,16979684,4015
13727,17004288,4015.02
13727,17029124,4015.02
13727,17054056,4015.02
13727,17078150,4015.03
13727,17102719,4015.03
13727,17126794,4015.04
13727,17151244,4015.04
13727,17175429,4014.91
13727,17199506,4014.91
13727,17224073,4014.91
13727,17248525,4014.9
13727,17272485,4014.9
13727,17296535,4014.96
13727,17321091,4014.96
13727,17345978,4015.06
13727,17370781,4015.06
13727,17395976,4015.01
13727,17421263,4015.01
13727,17446038,4015.01
13727,17470354,4014.99
13727,17494546,4014.99
13727,17519095,4014.96
13727,17543440,4014.96
13727,17568027,4014.9
13727,17592583,4014.9
13727,17617306,4014.9
13727,17642012,4015.11
13727,17666707,4015.11
13727,17691269,4014.96
13727,17715471,4014.96
13727,17740040,4014.97
13727,17764616,4014.97
13727,17789595,4014.97
13727,17814291,4014.97
13727,17839236,4014.97
13727,17864332,4014.95
13727,17889305,4014.95
13727,17914107,4014.98
13727,17939116,4014.98
13727,17964130,4015.06
13727,17989106,4015.06
13727,18013442,4014.98
13727,18038406,4014.98
13727,18063449,4014.98
13727,18088720,4015.02
13727,18099601,4015.02
13727,18099898,4015.02
13727,18100510,4015.02
13727,18117272,4014.53
13727,18142354,4014.53
13727,18167319,4014.94
13727,18192905,4014.94
13727,18217615,4014.94
13727,18242310,4014.97
13727,18252245,4014.97
13727,18252520,4014.95
13727,18252821,4014.95
13727,18253105,4014.53
13727,18264551,4014.53
13727,18290552,4014.53
13727,18315834,4015.05
13727,18340629,4015.05
13727,18365615,4014.97
13727,18389995,4014.97
13727,18414528,4014.93
13727,18439018,4014.93
13727,18464049,4014.95
13727,18489528,4014.95
13727,18514403,4014.95
13727,18538665,4014.94
13727,18563503,4014.94
13727,18588226,4014.93
13727,18613038,4014.93
13727,18638377,4015.01
13727,18663228,4015.01
13727,18687432,4014.97
13727,18711880,4014.97
13727,18736567,4014.97
13727,18761285,4015
13727,18785979,4015
13727,18810889,4014.94
13727,18835896,4014.94
13727,18860866,4014.96
13727,18885430,4014.96
13727,18910531,4014.96
13727,18935860,4015
13727,18960820,4015
13727,18974689,4014.97
13727,18974926,4014.97
13727,18975273,4014.53
13727,18986599,4014.53
13727,19010991,4014.86
13727,19035961,4014.86
13727,19061222,4014.86
13727,19086351,4014.99
13727,19111083,4014.99
13727,19135579,4015
13727,19160440,4015
13727,19185022,4015.05
13727,19209776,4015.05
13727,19234153,4014.92
13727,19258874,4014.92
13727,19283148,4014.92
13727,19307251,4014.93
13727,19331318,4014.93
13727,19355626,4014.92
13727,19380583,4014.92
13727,19405814,4014.99
13727,19430392,4014.99
13727,19455488,4015.03
13727,19480303,4015.03
13727,19505205,4015.03
13727,19530498,4015.02
13727,19555447,4015.02
13727,19580357,4014.99
13727,19604800,4014.99
13727,19609640,4014.93
13727,19609934,4014.93
13727,19613085,4014.53
13727,19634342,4014.53
13727,19659030,4014.53
13727,19684887,4015
13727,19710004,4015
13727,19734378,4015.05
13727,19758963,4015.05
13727,19783708,4015.02
13727,19808159,4015.02
13727,19832586,4015.02
13727,19857833,4015.03
13727,19882550,4015.03
13727,19907748,4014.99
13727,19931595,4014.99
13727,19955985,4014.96
13727,19980699,4014.96
13727,20004591,4014.96
13727,1955449,4015.27
13727,1979874,4015.24
13727,2004448,4015.24
13727,2029034,4015.16
13727,2053835,4015.16
13727,2078810,4015.16
13727,2103900,4015.18
13727,2128327,4015.18
13727,2152946,4015.06
13727,2177757,4015.06
13727,2202578,4015.02
13727,2227681,4015.02
13727,2253237,4015.02
13727,2278865,4015.06
13727,2304226,4015.06
13727,2329943,4015.06
13727,2355271,4015.06
13727,2380358,4015.08
13727,2405806,4015.08
13727,2431299,4014.99
13727,2457303,4014.99
13727,2482294,4014.99
13727,2507000,4015.24
13727,2532312,4015.24
13727,2557803,4015.23
13727,20010585,4014.96
13727,2582477,4015.23
13727,2607470,4015.2
13727,2632406,4015.2
13727,2657417,4015.22
13727,2682463,4015.22
13727,2707240,4015.22
13727,2731202,4015.27
13727,2755661,4015.27
13727,2780376,4015
13727,2804979,4015
13727,2830170,4015.02
13727,2855266,4015.02
13727,2880532,4015.01
13727,2906336,4015.01
13727,2932184,4015.01
13727,2957640,4015.06
13727,2982428,4015.06
13727,3007173,4015.04
13727,3032384,4015.04
13727,3057386,4014.91
13727,3082203,4014.91
13727,3107141,4015.03
13727,3131627,4015.03
13727,3156429,4015.03
13727,3181142,4015.08
13727,3206243,4015.08
13727,3231578,4015.1
13727,3256930,4015.1
13727,3282397,4015.19
13727,3307205,4015.19
13727,3331787,4015.08
13727,3356834,4015.08
13727,3381446,4015.08
13727,3406678,4015.02
13727,3431508,4015.02
13727,3456853,4014.92
13727,3481328,4014.92
13727,3506361,4014.97
13727,3531478,4014.97
13727,3556747,4014.98
13727,3581779,4014.98
13727,3607248,4014.98
13727,3631709,4015.01
13727,3656266,4015.01
13727,3682175,4015.04
13727,3707485,4015.04
13727,3732753,4015.12
13727,3757637,4015.12
13727,3782324,4015.12
13727,3807195,4015.14
13727,3831512,4015.14
13727,3856328,4015.2
13727,3881175,4015.2
13727,3906015,4015.23
13727,3930953,4015.23
13727,3956330,4015.22
13727,3981547,4015.22
13727,4005861,4015.22
13727,4031042,4015.14
13727,4056658,4015.14
13727,4081884,4015.25
13727,4106564,4015.25
13727,4131790,4015.19
13727,4157805,4015.19
13727,4183112,4015.22
13727,4188718,4015.22
13727,4189043,4015.22
13727,4190140,4014.53
13727,4207307,4014.53
13727,4226892,4014.53
13727,4227106,4014.53
13727,4227411,4014.53
13727,4231952,4014.53
13727,4254932,4014.53
13727,4280360,4014.53
13727,4306599,4014.53
13727,4331789,4015.13
13727,4356750,4015.13
13727,4381098,4015.13
13727,4405390,4015.13
13727,4429805,4014.93
13727,4454433,4014.93
13727,4478883,4014.93
13727,4503206,4015.01
13727,4527899,4015.01
13727,4552913,4015.02
13727,4577431,4015.02
13727,4602157,4014.89
13727,4626594,4014.89
13727,4651174,4015.05
13727,4675906,4015.05
13727,4700958,4015.05
13727,4725664,4015.04
13727,4750788,4015.04
13727,4775856,4015.14
13727,4800673,4015.14
13727,4825507,4015.12
13727,4851127,4015.12
13727,4876223,4015.12
13727,4900883,4015.12
13727,4925584,4015.12
13727,4950432,4015.09
13727,4974891,4015.09
13727,4999335,4015.06
13727,5023519,4015.06
13727,5048227,4015.09
13727,5072672,4015.09
13727,5097487,4015.09
13727,5122064,4015.18
13727,5146766,4015.18
13727,5171728,4015.21
13727,5196461,4015.21
13727,5221648,4015.19
13727,5246497,4015.19
13727,5271839,4015.22
13727,5296932,4015.22
13727,5321662,4015.22
13727,5346600,4015.12
13727,5372838,4015.12
13727,5399076,4015.08
13727,5425057,4015.08
13727,5450372,4015.14
13727,5475369,4015.14
13727,5500579,4015.12
13727,5525485,4015.12
13727,5550502,4015.12
13727,5575623,4015.15
13727,5600557,4015.15
13727,5625699,4015.17
13727,5650248,4015.17
13727,5675170,4015.09
13727,5699693,4015.09
13727,5708436,4014.96
13727,5708658,4014.96
13727,5708965,4014.96
13727,5709321,4014.53
13727,5709610,4014.53
13727,5722461,4014.53
13727,5747511,4014.53
13727,5773213,4014.98
13727,5797533,4014.98
13727,5822748,4014.83
13727,5847323,4014.83
13727,5871918,4014.83
13727,5895861,4015
13727,5920696,4015
13727,5945134,4014.95
13727,5970645,4014.95
13727,5996322,4014.97
13727,6021674,4014.97
13727,6046888,4014.97
13727,6071964,4014.95
13727,6083989,4014.95
13727,6084353,4015.01
13727,6084643,4015.01
13727,6084876,4014.53
13727,6085368,4014.53
13727,6102010,4014.53
13727,6127721,4014.53
13727,6153499,4014.53
13727,6177896,4014.89
13727,6203388,4014.89
13727,6228466,4014.93
13727,6253667,4014.93
13727,6278374,4014.96
13727,6303058,4014.96
13727,6327781,4014.99
13727,6352836,4014.99
13727,6377695,4014.99
13727,6402419,4014.97
13727,6428146,4014.97
13728,58652,4015.01
13728,82976,4015.01
13728,107118,4014.97
13728,131310,4014.97
13728,156724,4015.02
13728,181883,4015.02
13728,206965,4015.02
13728,231701,4014.94
13728,256891,4014.94
13728,281833,4015.01
13728,306922,4015.01
13728,332150,4015.01
13728,356708,4015.01
13728,381277,4015.01
13728,406272,4015.01
13728,430686,4015.01
13728,456177,4015.02
13728,480911,4015.02
13728,506234,4014.96
13728,530940,4014.96
13728,555293,4014.92
13728,579820,4014.92
13728,604563,4014.92
13728,629951,4015
13728,6492757,4014.95
13728,6517597,4014.95
13728,6542163,4014.95
13728,6566494,4014.99
13728,6591201,4014.99
13728,6616544,4015.01
13728,6641743,4015.01
13728,6666192,4015.02
13728,6691473,4015.02
13728,6716814,4015.02
13728,6741295,4014.94
13728,6766027,4014.94
13728,6790667,4014.98
13728,6815709,4014.98
13728,6840375,4015.02
13728,6865121,4015.02
13728,6889565,4015
13728,6913894,4015
13728,6937861,4015
13728,6961765,4015.07
13728,6985678,4015.07
13728,7010279,4015.03
13728,7034605,4015.03
13728,7058870,4015.03
13728,7083500,4015.03
13728,7108430,4015.03
13728,654563,4015
13728,679873,4015.05
13728,705143,4015.05
13728,729445,4015.06
13728,754027,4015.06
13728,778218,4014.97
13728,802976,4014.97
13728,827492,4014.97
13728,852469,4015.05
13728,877358,4015.05
13728,901745,4014.95
13728,926454,4014.95
13728,951244,4015.11
13728,976421,4015.11
13728,1001643,4015.11
13728,1027118,4015.06
13728,1052285,4015.06
13728,1077094,4015.02
13728,1102318,4015.02
13728,1126932,4014.92
13728,1151735,4014.92
13728,1176229,4014.99
13728,1200788,4014.99
13728,1225708,4014.99
13728,1250531,4014.99
13728,1275255,4014.99
13728,7133028,4014.91
13728,7157711,4014.91
13728,7182158,4015.06
13728,7206790,4015.06
13728,7231636,4014.99
13728,7256533,4014.99
13728,7281487,4014.94
13728,7306204,4014.94
13728,7330784,4014.94
13728,7355109,4014.98
13728,7379684,4014.98
13728,7404302,4014.96
13728,7428693,4014.96
13728,7453325,4014.93
13728,7478108,4014.93
13728,7502877,4014.93
13728,7527259,4015.04
13728,7552103,4015.04
13728,7576801,4015.01
13728,7602025,4015.01
13728,7626980,4014.95
13728,7651441,4014.95
13728,7675913,4014.96
13728,7701726,4014.96
13728,7728212,4014.96
13728,7753336,4015.02
13728,7777614,4015.02
13728,7802186,4015.03
13728,7826738,4015.03
13728,7851235,4015.02
13728,7875396,4015.02
13728,7899218,4015.02
13728,7923004,4014.99
13728,7946719,4014.99
13728,7970662,4014.88
13728,7994990,4014.88
13728,8019673,4015.03
13728,8044133,4015.03
13728,8068325,4015.08
13728,8092655,4015.08
13728,8117495,4015.08
13728,8142296,4014.95
13728,8166864,4014.95
13728,8191332,4015.03
13728,8215768,4015.03
13728,8240890,4015
13728,8265424,4015
13728,8289915,4015
13728,8315156,4015.01
13728,8340193,4015.01
13728,8364923,4014.95
13728,8389989,4014.95
13728,8414944,4014.94
13728,8440404,4014.94
13728,8463073,4014.94
13728,8463387,4014.93
13728,8463679,4014.93
13728,8473388,4014.53
13728,8497419,4014.53
13728,8521830,4015.05
13728,8546432,4015.05
13728,8571635,4014.91
13728,8596361,4014.91
13728,8620814,4014.91
13728,8646137,4015.01
13728,8657214,4015.01
13728,8657457,4015.01
13728,8657739,4015.01
13728,8669759,4014.53
13728,8693810,4014.53
13728,8719049,4014.53
13728,8744226,4014.97
13728,8766672,4014.97
13728,8766865,4014.99
13728,8767203,4014.99
13728,8767506,4014.53
13728,8767802,4014.53
13728,8768085,4014.53
13728,8768390,4014.53
13728,8768619,4014.53
13728,8768957,4014.53
13728,8769259,4014.53
13728,8769496,4014.53
13728,8776407,4014.53
13728,8799847,4014.53
13728,8824589,4014.53
13728,8849753,4014.53
13728,8874713,4015
13728,8898784,4015
13728,8923174,4014.95
13728,8947566,4014.95
13728,8972096,4014.97
13728,8996441,4014.97
13728,9021311,4014.97
13728,9045717,4014.96
13728,9070179,4014.96
13728,9095662,4015.03
13728,9120998,4015.03
13728,9146987,4015.01
13728,9172955,4015.01
13728,9198802,4014.93
13728,9224287,4014.93
13728,9249746,4014.93
13728,9275060,4014.95
13728,9299697,4014.95
13728,9324019,4014.95
13728,9348871,4014.95
13728,9373393,4014.95
13728,9397717,4014.95
13728,9422166,4015.03
13728,9446482,4015.03
13728,9470695,4015.03
13728,9495278,4015.03
13728,9519577,4015.03
13728,9544097,4014.98
13728,9568853,4014.98
13728,9593528,4014.97
13728,9617676,4014.97
13728,9642222,4014.97
13728,9666935,4014.95
13728,9692635,4014.95
13728,9717278,4014.96
13728,9742168,4014.96
13728,9766871,4014.94
13728,9791578,4014.94
13728,9816399,4015.05
13728,9841627,4015.05
13728,9866555,4015.05
13728,9890798,4014.99
13728,9915459,4014.99
13728,9940703,4014.91
13728,9965911,4014.91
13728,9991042,4014.97
13728,10015844,4014.97
13728,10039890,4014.97
13728,10064616,4015.01
13728,10089470,4015.01
13728,10114127,4014.96
13728,10139223,4014.96
13728,10163788,4015.01
13728,10188260,4015.01
13728,10213223,4014.95
13728,10237930,4014.95
13728,10262758,4014.95
13728,10288237,4014.95
13728,10313053,4014.95
13728,10338429,4014.96
13728,10363404,4014.96
13728,10388138,4015.03
13728,10413434,4015.03
13728,10438229,4015.03
13728,10462989,4014.98
13728,10487963,4014.98
13728,10512617,4015.02
13728,10537196,4015.02
13728,10561118,4015.08
13728,10585713,4015.08
13728,10610423,4015.08
13728,10634955,4015.02
13728,10659558,4015.02
13728,10683955,4014.94
13728,10702775,4014.94
13728,10703026,4014.95
13728,10703795,4014.95
13728,10719840,4014.53
13728,10743529,4014.53
13728,10767884,4014.53
13728,10792145,4014.87
13728,10816772,4014.87
13728,10841295,4014.99
13728,10866289,4014.99
13728,10891211,4015.04
13728,10915769,4015.04
13728,10963132,4014.98
13728,10987187,4014.98
13728,11011610,4015.02
13728,11035878,4015.02
13728,11060112,4015.02
13728,11084194,4015.02
13728,11108163,4015.02
13728,11132504,4015.02
13728,11157049,4015.02
13728,11181596,4015.03
13728,11206211,4015.03
13728,11230787,4015.04
13728,11255748,4015.04
13728,11280698,4014.9
13728,11305800,4014.9
13728,11330407,4014.9
13728,11355086,4015.02
13728,11379334,4015.02
13728,11403470,4014.93
13728,11427620,4014.93
13728,11451601,4015.01
13728,11475767,4015.01
13728,11500221,4014.97
13728,11525260,4014.97
13728,11549942,4014.97
13728,11574719,4015.04
13728,11599428,4015.04
13728,11624620,4015
13728,11649599,4015
13728,11674683,4014.86
13728,11699126,4014.86
13728,11723843,4014.96
13728,11748295,4014.96
13728,11760394,4014.96
13728,11760617,4014.95
13728,11760966,4014.95
13728,11773325,4014.53
13728,11797408,4014.53
13728,11822349,4015.03
13728,11847297,4015.03
13728,11872721,4015.03
13728,11898406,4015.02
13728,11923086,4015.02
13728,11947893,4015.05
13728,11972800,4015.05
13728,11998361,4015.06
13728,12023497,4015.06
13728,12048795,4014.99
13728,12073226,4014.99
13728,12097936,4014.99
13728,12122987,4014.9
13728,12147978,4014.9
13728,12173345,4015.13
13728,12198952,4015.13
13728,12223238,4014.9
13728,12247821,4014.9
13728,12273036,4014.9
13728,12298006,4014.97
13728,12322061,4014.97
13728,12346395,4015.02
13728,12370957,4015.02
13728,12395527,4014.84
13728,12420275,4014.84
13728,12445086,4015.02
13728,12458327,4015.02
13728,12458619,4015.02
13728,12458917,4015
13728,12473662,4015
13728,12498070,4014.53
13728,12523009,4014.53
13728,12548139,4015.01
13728,12572630,4015.01
13728,12597199,4015.01
13728,12621604,4015.02
13728,12646456,4015.02
13728,12671258,4015.01
13728,12696248,4015.01
13728,12721054,4014.96
13728,12746521,4014.96
13728,12772267,4014.99
13728,12797697,4014.99
13728,12822675,4014.99
13728,12847609,4014.99
13728,12872035,4014.99
13728,12896528,4014.97
13728,12920749,4014.97
13728,12945315,4015
13728,12970535,4015
13728,12995614,4015
13728,13020818,4014.96
13728,13046279,4014.96
13728,13071664,4014.94
13728,13096731,4014.94
13728,13122588,4015.03
13728,13148200,4015.03
13728,13172925,4015.03
13728,13196856,4015.07
13728,13221653,4015.07
13728,13246487,4014.91
13728,13271287,4014.91
13728,13295770,4015.04
13728,13320522,4015.04
13728,13345386,4015.01
13728,13369933,4015.01
13728,13394857,4015.01
13728,13420287,4015.02
13728,13445267,4015.02
13728,13470510,4014.94
13728,13494880,4014.94
13728,13519504,4014.97
13728,13544298,4014.97
13728,13569194,4014.97
13728,13594101,4015.05
13728,1299784,4014.95
13728,1324765,4014.95
13728,1349500,4014.93
13728,1374405,4014.93
13728,1399532,4014.93
13728,1406517,4015
13728,1406809,4015
13728,1408076,4014.53
13728,1428370,4014.53
13728,1453365,4014.93
13728,1478341,4014.93
13728,1503701,4014.93
13728,1528438,4015.02
13728,1553258,4015.02
13728,1578350,4014.99
13728,1603275,4014.99
13728,1627958,4015.03
13728,1653314,4015.03
13728,1678268,4014.96
13728,1703107,4014.96
13728,1727295,4014.96
13728,1752111,4015.02
13728,1776714,4015.02
13728,1801350,4014.98
13728,1826356,4014.98
13728,1851150,4014.94
13728,1875650,4014.94
13728,1900482,4014.94
13728,1925468,4014.98
13728,13618959,4015.05
13728,13643823,4014.97
13728,13668891,4014.97
13728,13694114,4015.01
13728,13718680,4015.01
13728,13743686,4015.04
13728,13768602,4015.04
13728,13793454,4015.04
13728,13818642,4014.99
13728,13843767,4014.99
13728,13868968,4014.99
13728,13894167,4014.99
13728,13915425,4015.04
13728,13915684,4015.04
13728,13915909,4015.04
13728,13925690,4014.53
13728,13949972,4014.53
13728,13974773,4014.98
13728,13999754,4014.98
13728,14011715,4015.06
13728,14012011,4015.06
13728,14018046,4014.53
13728,14041209,4014.53
13728,14066547,4014.53
13728,14091392,4014.92
13728,14116815,4014.92
13728,14141525,4015.01
13728,14166372,4015.01
13728,14190580,4015.03
13728,14215153,4015.03
13728,14240045,4014.91
13728,14264381,4014.91
13728,14288771,4014.91
13728,14313391,4014.92
13728,14337538,4014.92
13728,14361776,4015.03
13728,14386534,4015.03
13728,14411329,4015.07
13728,14436591,4015.07
13728,14461823,4015.07
13728,14487042,4015.07
13728,14511954,4015.07
13728,14537211,4015.06
13728,14540708,4015.06
13728,14541549,4015
13728,14559553,4015
13728,14584444,4014.94
13728,14610190,4014.94
13728,14635729,4014.94
13728,14661223,4014.97
13728,14686840,4014.97
13728,14688681,4014.94
13728,14688965,4014.94
13728,14693896,4014.53
13728,14716695,4014.53
13728,14742047,4014.53
13728,14767495,4014.95
13728,14792328,4014.95
13728,14817437,4015.01
13728,14842002,4015.01
13728,14866454,4015.02
13728,14890907,4015.02
13728,14915102,4015.02
13728,14939790,4015.01
13728,14964676,4015.01
13728,14989386,4014.98
13728,15014173,4014.98
13728,15039370,4015.03
13728,15064227,4015.03
13728,15088802,4014.98
13728,15113494,4014.98
13728,15138586,4014.98
13728,15163912,4015.04
13728,15188114,4015.04
13728,15212817,4014.99
13728,15237537,4014.99
13728,15261701,4015.07
13728,15286559,4015.07
13728,15311345,4015.07
13728,15336208,4014.99
13728,15360684,4014.99
13728,15384585,4015.03
13728,15409304,4015.03
13728,15433351,4015.02
13728,15458312,4015.02
13728,15482792,4015.02
13728,15508387,4014.98
13728,15532697,4014.98
13728,15557143,4015.04
13728,15581603,4015.04
13728,15606040,4015.03
13728,15630618,4015.03
13728,15655545,4015.03
13728,15681290,4014.92
13728,15706398,4014.92
13728,15731601,4015
13728,15756690,4015
13728,15781568,4015.04
13728,15807495,4015.04
13728,15832085,4014.99
13728,15857158,4014.99
13728,15881878,4014.99
13728,15906966,4015.04
13728,15931935,4015.04
13728,15956686,4015.06
13728,15982100,4015.06
13728,16008461,4015.08
13728,16033800,4015.08
13728,16058332,4015.08
13728,16083871,4014.96
13728,16109201,4014.96
13728,16133950,4014.91
13728,16159253,4014.91
13728,16184338,4015.06
13728,16209510,4015.06
13728,16235143,4014.87
13728,16248196,4014.87
13728,16248499,4014.87
13728,16253075,4014.53
13728,16253292,4014.53
13728,16254313,4014.53
13728,16273799,4014.53
13728,16297799,4015.1
13728,16323281,4015.1
13728,16347963,4015.1
13728,16372677,4015.01
13728,16396682,4015.01
13728,16421625,4014.96
13728,16446192,4014.96
13728,16470032,4015.08
13728,16494602,4015.08
13728,16519082,4015
13728,16543929,4015
13728,16568832,4015
13728,16593463,4014.91
13728,16617737,4014.91
13728,16641798,4015
13728,16666373,4015
13728,16690722,4014.93
13728,16714510,4014.93
13728,16739319,4014.93
13728,16764282,4015
13728,16789209,4015
13728,16814081,4014.96
13728,16838649,4014.96
13728,16864547,4015.02
13728,16888460,4015.02
13728,16913076,4015.02
13728,16938538,4015.03
13728,16964227,4015.03
13728,16988732,4014.98
13728,17014150,4014.98
13728,17039483,4014.93
13728,17064948,4014.93
13728,17090161,4015.06
13728,17114866,4015.06
13728,17140611,4015.06
13728,17165645,4014.97
13728,17190416,4014.97
13728,17214980,4014.99
13728,17239419,4014.99
13728,17263595,4015.08
13728,17288349,4015.08
13728,17313109,4015.08
13728,17338101,4015.02
13728,17363212,4015.02
13728,17388298,4014.93
13728,17413758,4014.93
13728,17439144,4014.98
13728,17463942,4014.98
13728,17489165,4014.98
13728,17514052,4014.99
13728,17539071,4014.99
13728,17563609,4015.02
13728,17588473,4015.02
13728,17613339,4015.05
13728,17638239,4015.05
13728,17662973,4014.96
13728,17687291,4014.96
13728,17711895,4014.96
13728,17736278,4015.02
13728,17761773,4015.02
13728,17786889,4015.02
13728,17811713,4015.02
13728,17836692,4015
13728,17861876,4015
13728,17886719,4015
13728,17911688,4015.06
13728,17936582,4015.06
13728,17961179,4015.06
13728,17986288,4015.06
13728,18010767,4015.07
13728,18035294,4015.07
13728,18059654,4015
13728,18084078,4015
13728,18108424,4015
13728,18133109,4015
13728,18157422,4015
13728,18181611,4015.05
13728,18206713,4015.05
13728,18231792,4015.05
13728,18257366,4015.05
13728,18282627,4015.05
13728,18307590,4015
13728,18332548,4015
13728,18357240,4014.98
13728,18381826,4014.98
13728,18406385,4014.98
13728,18430971,4014.98
13728,18455824,4014.99
13728,18481034,4014.99
13728,18505478,4014.99
13728,18530163,4015.01
13728,18554379,4015.01
13728,18578991,4014.97
13728,18603271,4014.97
13728,18627242,4014.92
13728,18651256,4014.92
13728,18675707,4014.92
13728,18700008,4014.98
13728,18724662,4014.98
13728,18749601,4014.91
13728,18774397,4014.91
13728,18799625,4015.03
13728,18824956,4015.03
13728,18849922,4015.05
13728,18875018,4015.05
13728,18900051,4015.05
13728,18924936,4015
13728,18949338,4015
13728,18973486,4015.06
13728,18998155,4015.06
13728,19022841,4014.95
13728,19046921,4014.95
13728,19071500,4014.95
13728,19095821,4014.94
13728,19120648,4014.94
13728,19144954,4014.97
13728,19169785,4014.97
13728,19194241,4015.04
13728,19218565,4015.04
13728,19242380,4015.06
13728,19266954,4015.06
13728,19291273,4015.06
13728,19315830,4015.08
13728,19340318,4015.08
13728,19365361,4014.99
13728,19390477,4014.99
13728,19415290,4014.97
13728,19440914,4014.97
13728,19465738,4014.97
13728,19491074,4015.03
13728,19516784,4015.03
13728,19541262,4014.92
13728,19566472,4014.92
13728,19591048,4014.98
13728,19615499,4014.98
13728,19639926,4014.98
13728,19664634,4015.08
13728,19688952,4015.08
13728,19713177,4014.98
13728,19737208,4014.98
13728,19762257,4014.96
13728,19786881,4014.96
13728,19812109,4015.06
13728,19836921,4015.06
13728,19861896,4015.06
13728,19886732,4015
13728,19911497,4015
13728,19936667,4015
13728,19961865,4015
13728,19987337,4014.99
13728,20012422,4014.99
13728,20012485,4015.03
13728,1950135,4014.98
13728,1974766,4015
13728,1999036,4015
13728,2023472,4015.03
13728,2047918,4015.03
13728,2072133,4014.97
13728,2096115,4014.97
13728,2105452,4014.97
13728,2105752,4014.95
13728,2108639,4014.95
13728,2129266,4014.53
13728,2129518,4014.53
13728,2129813,4014.53
13728,2130408,4014.53
13728,2146257,4014.53
13728,2172267,4014.53
13728,2198204,4014.53
13728,2223343,4015.05
13728,2248576,4015.05
13728,2274202,4014.97
13728,2299430,4014.97
13728,2323857,4014.94
13728,2348150,4014.94
13728,2372337,4014.94
13728,2396887,4014.89
13728,2421362,4014.89
13728,2446080,4015.02
13728,2471043,4015.02
13728,2495910,4015
13728,2520832,4015
13728,2546677,4015
13728,2571519,4014.99
13728,2596971,4014.99
13728,2622243,4015.01
13728,2647375,4015.01
13728,2672643,4014.98
13728,2697992,4014.98
13728,2723285,4014.98
13728,2748162,4015.02
13728,2772556,4015.02
13728,2797447,4014.96
13728,2822680,4014.96
13728,2847870,4014.97
13728,2872811,4014.97
13728,2898274,4014.96
13728,2923513,4014.96
13728,2948785,4014.96
13728,2974109,4014.99
13728,2998708,4014.99
13728,3024387,4015.02
13728,3049322,4015.02
13728,3073402,4015.04
13728,3098784,4015.04
13728,3123516,4015.04
13728,3148889,4015.07
13728,3174151,4015.07
13728,3198601,4014.95
13728,3223433,4014.95
13728,3248486,4014.99
13728,3273210,4014.99
13728,3298033,4015.11
13728,3323131,4015.11
13728,3347696,4015.11
13728,3372796,4014.94
13728,3397996,4014.94
13728,3422704,4015.04
13728,3447675,4015.04
13728,3472540,4015
13728,3496524,4015
13728,3521015,4015
13728,3545739,4014.97
13728,3569850,4014.97
13728,3594233,4014.99
13728,3618322,4014.99
13728,3642486,4014.96
13728,3666823,4014.96
13728,3690886,4014.96
13728,3715848,4015.04
13728,3740913,4015.04
13728,3765957,4015.06
13728,3790711,4015.06
13728,3815286,4015.05
13728,3839488,4015.05
13728,3863716,4015.05
13728,3888108,4014.86
13728,3912826,4014.86
13728,3936672,4015.01
13728,3961454,4015.01
13728,3986678,4014.88
13728,4011657,4014.88
13728,4036663,4015.15
13728,4062202,4015.15
13728,4087930,4015.15
13728,4112899,4014.9
13728,4137477,4014.9
13728,4163159,4014.98
13728,4188361,4014.98
13728,4212731,4015
13728,4237949,4015
13728,4262533,4014.95
13728,4287782,4014.95
13728,4312186,4014.95
13728,4335865,4014.95
13728,4359887,4014.95
13728,4383852,4015.02
13728,4407917,4015.02
13728,4432264,4014.96
13728,4457197,4014.96
13728,4481521,4014.96
13728,4505958,4014.95
13728,4530820,4014.95
13728,4555858,4015.03
13728,4580911,4015.03
13728,4606633,4014.91
13728,4631569,4014.91
13728,4656751,4015.03
13728,4682202,4015.03
13728,4707583,4015.03
13728,4732154,4014.83
13728,4756671,4014.83
13728,4780984,4015.05
13728,4805222,4015.05
13728,4830207,4014.94
13728,4854893,4014.94
13728,4879647,4014.94
13728,4904088,4015.01
13728,4929359,4015.01
13728,4944677,4015.05
13728,4944959,4015.05
13728,4945867,4014.53
13728,4961028,4014.53
13728,4986474,4015.21
13728,5011810,4015.21
13728,5036520,4015.21
13728,5061723,4014.94
13728,5086442,4014.94
13728,5111000,4014.82
13728,5135645,4014.82
13728,5159425,4014.97
13728,5183748,4014.97
13728,5208423,4014.97
13728,5232603,4015
13728,5257458,4015
13728,5282413,4014.99
13728,5306718,4014.99
13728,5331524,4014.96
13728,5356252,4014.96
13728,5380948,4014.99
13728,5405297,4014.99
13728,5430421,4014.99
13728,5455060,4014.96
13728,5479441,4014.96
13728,5504109,4014.86
13728,5528554,4014.86
13728,5552742,4014.98
13728,5576921,4014.98
13728,5601010,4014.98
13728,5625187,4014.98
13728,5649144,4014.98
13728,5673579,4015.04
13728,5698665,4015.04
13728,5723110,4015
13728,5747167,4015
13728,5771908,4014.94
13728,5796328,4014.94
13728,5821164,4014.94
13728,5845771,4014.96
13728,5870693,4014.96
13728,5895605,4014.94
13728,5920346,4014.94
13728,5946149,4014.99
13728,5971723,4014.99
13728,5996397,4014.99
13728,6021852,4014.96
13728,6047176,4014.96
13728,6072285,4015.03
13728,6097116,4015.03
13728,6121813,4015
13728,6146672,4015
13728,6159625,4015
13728,6159920,4015.02
13728,6160213,4015.02
13728,6174436,4014.53
13728,6198951,4014.53
13728,6224042,4014.8
13728,6249127,4014.8
13728,6274707,4014.97
13728,6299604,4014.97
13728,6323792,4014.97
13728,6348111,4014.91
13728,6371962,4014.91
13728,6395940,4014.94
13728,6420120,4014.94
13728,6444357,4015.07
13728,6468366,4015.07
13729,56975,4015.03
13729,81890,4014.98
13729,106870,4014.98
13729,132084,4014.98
13729,157020,4014.94
13729,181814,4014.94
13729,206573,4015.01
13729,231743,4015.01
13729,257014,4014.98
13729,282214,4014.98
13729,307483,4015.04
13729,332400,4015.04
13729,357414,4015.04
13729,382298,4015.02
13729,406509,4015.02
13729,430987,4015
13729,455394,4015
13729,480156,4015.01
13729,505567,4015.01
13729,530751,4014.97
13729,556004,4014.97
13729,581162,4014.97
13729,606965,4014.95
13729,632160,4014.95
13729,6513852,4015.04
13729,6538647,4015.04
13729,6563787,4015.07
13729,6589007,4015.07
13729,6614160,4014.97
13729,6639111,4014.97
13729,6664343,4015
13729,6690718,4015
13729,6716804,4015
13729,6742929,4015.01
13729,6768293,4015.01
13729,6793850,4015.06
13729,6819384,4015.06
13729,6844810,4015.05
13729,6870092,4015.05
13729,6895502,4014.95
13729,6920843,4014.95
13729,6946066,4014.95
13729,6971420,4014.96
13729,6996282,4014.96
13729,7021466,4015.05
13729,7046323,4015.05
13729,7071514,4015.03
13729,7096341,4015.03
13729,7121683,4015.04
13729,7146753,4015.04
13729,657282,4015.1
13729,682556,4015.1
13729,708219,4015.07
13729,733673,4015.07
13729,759071,4015.1
13729,784659,4015.1
13729,810222,4015.1
13729,835759,4014.99
13729,860953,4014.99
13729,886363,4015.02
13729,911738,4015.02
13729,937279,4015
13729,962689,4015
13729,987771,4015
13729,1012661,4015.02
13729,1037831,4015.02
13729,1063009,4015.02
13729,1087990,4015.02
13729,1113279,4015
13729,1138379,4015
13729,1163501,4015.01
13729,1189396,4015.01
13729,1215078,4015.01
13729,1240243,4014.94
13729,1265645,4014.94
13729,1290721,4015.03
13729,7171984,4015.04
13729,7197579,4015.02
13729,7222924,4015.02
13729,7248479,4015
13729,7274428,4015
13729,7300104,4015.07
13729,7325882,4015.07
13729,7351295,4014.93
13729,7376474,4014.93
13729,7401348,4014.93
13729,7425800,4014.93
13729,7450532,4014.93
13729,7475222,4015.02
13729,7500504,4015.02
13729,7525849,4015.05
13729,7551499,4015.05
13729,7577210,4014.84
13729,7603004,4014.84
13729,7628421,4014.84
13729,7654078,4015.02
13729,7679669,4015.02
13729,7704912,4015.02
13729,7730592,4015.02
13729,7756286,4015.06
13729,7781709,4015.06
13729,7807260,4015.04
13729,7832631,4015.04
13729,7857795,4015.04
13729,7882443,4015.07
13729,7907078,4015.07
13729,7931657,4015.05
13729,7956852,4015.05
13729,7982229,4014.97
13729,8007846,4014.97
13729,8033797,4014.97
13729,8059409,4015.06
13729,8085128,4015.06
13729,8110866,4014.96
13729,8136593,4014.96
13729,8162069,4014.98
13729,8187480,4014.98
13729,8212694,4014.97
13729,8237824,4014.97
13729,8263314,4014.97
13729,8289172,4014.95
13729,8315527,4014.95
13729,8341677,4015.06
13729,8367442,4015.06
13729,8392716,4015.01
13729,8418022,4015.01
13729,8443366,4014.97
13729,8468145,4014.97
13729,8492934,4014.97
13729,8517856,4015
13729,8543059,4015
13729,8568069,4015.06
13729,8592911,4015.06
13729,8618029,4015.07
13729,8642691,4015.07
13729,8667666,4015.11
13729,8692494,4015.11
13729,8717573,4015.11
13729,8742635,4015.02
13729,8767534,4015.02
13729,8792327,4014.99
13729,8817792,4014.99
13729,8843280,4015.01
13729,8868616,4015.01
13729,8894247,4015
13729,8919682,4015
13729,8945024,4015
13729,8970469,4015.07
13729,8995595,4015.07
13729,9020669,4014.97
13729,9046094,4014.97
13729,9071106,4015.06
13729,9096448,4015.06
13729,9121330,4015.03
13729,9146519,4015.03
13729,9171338,4015.03
13729,9175197,4015.06
13729,9175546,4015.06
13729,9177999,4014.53
13729,9199100,4014.53
13729,9224428,4014.99
13729,9250197,4014.99
13729,9276290,4014.99
13729,9301764,4014.97
13729,9327111,4014.97
13729,9337895,4015.03
13729,9338124,4015.03
13729,9338419,4014.53
13729,9343732,4014.53
13729,9366797,4014.53
13729,9392649,4014.53
13729,9417847,4014.53
13729,9443204,4015.04
13729,9468412,4015.04
13729,9493730,4015.07
13729,9518865,4015.07
13729,9539831,4015.02
13729,9540031,4015.02
13729,9540381,4015.02
13729,9540679,4014.53
13729,9545570,4014.53
13729,9555439,4014.53
13729,9555730,4014.53
13729,9555966,4014.53
13729,9556262,4014.53
13729,9556550,4014.53
13729,9556828,4014.53
13729,9557135,4014.53
13729,9557476,4014.53
13729,9557775,4014.53
13729,9558069,4014.53
13729,9558371,4014.53
13729,9558646,4014.53
13729,9558896,4014.53
13729,9559183,4014.53
13729,9559478,4014.53
13729,9559776,4014.53
13729,9560129,4014.53
13729,9560410,4014.53
13729,9560705,4014.53
13729,9560996,4014.53
13729,9561217,4014.53
13729,9561452,4014.53
13729,9571328,4014.53
13729,9593444,4014.53
13729,9617163,4014.53
13729,9641210,4015.1
13729,9665257,4015.1
13729,9689460,4015.11
13729,9713772,4015.11
13729,9738607,4015.11
13729,9763051,4015.03
13729,9788004,4015.03
13729,9813204,4015.02
13729,9838301,4015.02
13729,9863058,4014.95
13729,9888222,4014.95
13729,9913489,4015.23
13729,9938325,4015.23
13729,9962997,4015.23
13729,9987505,4015.03
13729,10012282,4015.03
13729,10037178,4015.13
13729,10062691,4015.13
13729,10088444,4015.02
13729,10114027,4015.02
13729,10139876,4015.02
13729,10165102,4015.02
13729,10190257,4015.02
13729,10215395,4015.03
13729,10240738,4015.03
13729,10266065,4015.07
13729,10291020,4015.07
13729,10316075,4014.96
13729,10340878,4014.96
13729,10365963,4014.96
13729,10391276,4015.03
13729,10416963,4015.03
13729,10441963,4015.06
13729,10466929,4015.06
13729,10491591,4014.99
13729,10516909,4014.99
13729,10542325,4014.99
13729,10567260,4015.1
13729,10592420,4015.1
13729,10617897,4015.05
13729,10643051,4015.05
13729,10668176,4015.11
13729,10693488,4015.11
13729,10718189,4015.13
13729,10743160,4015.13
13729,10767582,4015.13
13729,10792174,4015.14
13729,10816886,4015.14
13729,10841608,4015.07
13729,10866424,4015.07
13729,10891878,4015.05
13729,10917230,4015.05
13729,10942935,4015.07
13729,10968543,4015.07
13729,10993529,4015.07
13729,11018857,4015.11
13729,11044034,4015.11
13729,11068892,4015.01
13729,11093787,4015.01
13729,11118067,4014.97
13729,11142123,4014.97
13729,11166457,4014.97
13729,11191095,4015.05
13729,11193738,4015.05
13729,11194031,4015.1
13729,11194255,4015.1
13729,11194477,4014.53
13729,11199023,4014.53
13729,11222332,4014.53
13729,11248383,4014.53
13729,11273913,4014.53
13729,11298816,4014.99
13729,11323748,4014.99
13729,11336409,4015.12
13729,11336748,4015.12
13729,11337075,4014.53
13729,11337380,4014.53
13729,11337678,4014.53
13729,11340716,4014.53
13729,11362540,4014.53
13729,11387887,4014.92
13729,11412638,4014.92
13729,11437531,4014.99
13729,11462103,4014.99
13729,11486950,4014.99
13729,11512022,4015
13729,11536994,4015
13729,11562479,4014.95
13729,11587822,4014.95
13729,11613394,4014.85
13729,11639010,4014.85
13729,11664650,4015.01
13729,11689953,4015.01
13729,11715156,4015.01
13729,11740528,4015.03
13729,11765679,4015.03
13729,11790168,4015.03
13729,11814991,4015.03
13729,11839700,4014.91
13729,11864917,4014.91
13729,11890540,4014.98
13729,11915952,4014.98
13729,11941584,4014.98
13729,11967020,4015.09
13729,11992542,4015.09
13729,12017597,4015.09
13729,12042464,4015.09
13729,12066981,4014.98
13729,12091744,4014.98
13729,12116444,4014.98
13729,12141054,4014.95
13729,12165607,4014.95
13729,12190562,4015.08
13729,12215394,4015.08
13729,12240558,4014.89
13729,12265360,4014.89
13729,12290129,4015.04
13729,12314368,4015.04
13729,12338608,4015.04
13729,12362494,4014.99
13729,12386159,4014.99
13729,12410114,4015.07
13729,12434650,4015.07
13729,12459097,4015.01
13729,12483688,4015.01
13729,12508429,4014.98
13729,12533452,4014.98
13729,12558568,4014.98
13729,12583643,4015.06
13729,12608971,4015.06
13729,12634292,4014.98
13729,12659675,4014.98
13729,12685109,4014.98
13729,12710748,4014.98
13729,12736141,4014.98
13729,12761507,4015.04
13729,12787169,4015.04
13729,12812632,4015.05
13729,12838426,4015.05
13729,12863854,4015.09
13729,12888914,4015.09
13729,12914671,4015.06
13729,12940040,4015.06
13729,12965495,4015.06
13729,12991061,4015.04
13729,13016153,4015.04
13729,13041299,4014.94
13729,13065941,4014.94
13729,13090535,4015.02
13729,13115359,4015.02
13729,13140196,4015.02
13729,13164901,4015
13729,13189724,4015
13729,13214414,4014.97
13729,13239119,4014.97
13729,13263236,4015.07
13729,13287531,4015.07
13729,13312237,4015.04
13729,13336834,4015.04
13729,13361236,4015.04
13729,13385647,4014.99
13729,13410266,4014.99
13729,13434998,4015.08
13729,13460201,4015.08
13729,13485490,4015.02
13729,13511130,4015.02
13729,13536372,4015
13729,13559407,4015
13729,13559654,4015
13729,13559925,4015.04
13729,13560235,4015.04
13729,13560583,4014.53
13729,13560818,4014.53
13729,13561523,4014.53
13729,13577539,4014.53
13729,13602180,4014.53
13729,13627720,4015.01
13729,13652756,4015.01
13729,1315955,4015.03
13729,1340779,4015.04
13729,1365963,4015.04
13729,1391085,4015.03
13729,1415794,4015.03
13729,1440996,4015.03
13729,1466039,4014.93
13729,1490987,4014.93
13729,1515842,4015.02
13729,1540971,4015.02
13729,1565845,4015.01
13729,1590780,4015.01
13729,1616062,4015
13729,1641704,4015
13729,1667296,4015
13729,1693036,4015
13729,1718582,4015
13729,1744029,4015.11
13729,1769757,4015.11
13729,1795618,4015.07
13729,1821537,4015.07
13729,1847487,4014.91
13729,1873086,4014.91
13729,1898614,4014.91
13729,1923563,4015
13729,1948145,4015
13729,13677636,4015.01
13729,13702602,4015.01
13729,13727313,4014.98
13729,13751442,4014.98
13729,13776194,4014.98
13729,13801023,4014.98
13729,13825614,4014.98
13729,13850319,4014.95
13729,13875164,4014.95
13729,13899900,4014.94
13729,13924800,4014.94
13729,13949521,4015.09
13729,13974514,4015.09
13729,13998730,4015.09
13729,14023030,4015
13729,14047319,4015
13729,14071758,4015.04
13729,14096150,4015.04
13729,14120477,4014.97
13729,14143700,4014.97
13729,14143980,4014.97
13729,14144267,4015.01
13729,14144937,4015.01
13729,14161332,4014.53
13729,14186810,4014.53
13729,14212597,4014.96
13729,14238213,4014.96
13729,14263187,4014.99
13729,14287267,4014.99
13729,14311667,4014.99
13729,14335806,4015.01
13729,14359988,4015.01
13729,14384311,4015.02
13729,14408504,4015.02
13729,14432695,4015.08
13729,14457019,4015.08
13729,14481471,4015.08
13729,14505536,4015.01
13729,14529578,4015.01
13729,14554045,4015.01
13729,14578393,4015.01
13729,14602943,4015.01
13729,14627815,4015.01
13729,14652325,4015.05
13729,14677293,4015.05
13729,14702479,4015.05
13729,14727990,4014.99
13729,14753469,4014.99
13729,14779067,4014.99
13729,14804543,4014.99
13729,14829425,4015.02
13729,14854181,4015.02
13729,14878774,4015.02
13729,14903337,4015.07
13729,14928277,4015.07
13729,14953658,4014.98
13729,14978796,4014.98
13729,15004124,4015.1
13729,15029550,4015.1
13729,15054649,4015.1
13729,15079993,4015.05
13729,15105434,4015.05
13729,15130804,4015.02
13729,15156102,4015.02
13729,15181401,4015.05
13729,15206693,4015.05
13729,15232046,4015.02
13729,15257270,4015.02
13729,15282051,4015.02
13729,15306571,4015.07
13729,15331231,4015.07
13729,15355955,4014.97
13729,15380499,4014.97
13729,15396926,4015.02
13729,15397210,4015.02
13729,15397506,4014.53
13729,15397843,4014.53
13729,15398065,4014.53
13729,15403820,4014.53
13729,15428140,4014.53
13729,15453982,4015.21
13729,15478824,4015.21
13729,15504136,4015.04
13729,15529005,4015.04
13729,15554148,4015.04
13729,15578780,4015.13
13729,15603388,4015.13
13729,15627822,4015.05
13729,15652631,4015.05
13729,15677347,4015.05
13729,15702024,4015.05
13729,15726613,4015.09
13729,15751053,4015.09
13729,15775773,4015.09
13729,15800861,4014.96
13729,15825949,4014.96
13729,15851446,4015.05
13729,15876534,4015.05
13729,15901736,4014.96
13729,15926975,4014.96
13729,15952176,4014.96
13729,15977230,4014.99
13729,16002483,4014.99
13729,16027573,4014.97
13729,16053516,4014.97
13729,16079141,4014.96
13729,16104558,4014.96
13729,16130065,4015.08
13729,16155416,4015.08
13729,16180275,4015.08
13729,16204459,4014.99
13729,16228520,4014.99
13729,16252581,4015.04
13729,16276509,4015.04
13729,16278011,4015.02
13729,16278366,4015.02
13729,16288044,4015.02
13729,16313710,4014.53
13729,16339950,4014.53
13729,16365448,4014.99
13729,16390651,4014.99
13729,16415862,4015.06
13729,16441062,4015.06
13729,16466057,4015.13
13729,16491007,4015.13
13729,16515874,4015.13
13729,16540895,4015.07
13729,16565407,4015.07
13729,16590080,4015.11
13729,16614928,4015.11
13729,16639469,4015.04
13729,16664420,4015.04
13729,16689662,4015.04
13729,16714737,4014.92
13729,16739723,4014.92
13729,16764916,4015.05
13729,16790644,4015.05
13729,16816045,4015.09
13729,16841200,4015.09
13729,16866450,4015.04
13729,16891883,4015.04
13729,16917260,4015.04
13729,16942570,4015.06
13729,16967562,4015.06
13729,16992320,4015.09
13729,17016811,4015.09
13729,17041157,4014.96
13729,17065346,4014.96
13729,17089933,4015.02
13729,17114223,4015.02
13729,17138534,4015.02
13729,17163115,4014.99
13729,17188226,4014.99
13729,17213958,4015.11
13729,17239529,4015.11
13729,17264917,4015.04
13729,17290341,4015.04
13729,17315319,4015.04
13729,17340435,4014.92
13729,17365291,4014.92
13729,17389674,4015.07
13729,17414111,4015.07
13729,17437431,4015.07
13729,17437656,4015.07
13729,17437956,4014.53
13729,17444360,4014.53
13729,17468599,4014.53
13729,17493994,4015.12
13729,17519232,4015.12
13729,17544324,4015.01
13729,17568788,4015.01
13729,17593695,4015.07
13729,17617827,4015.07
13729,17642079,4015.02
13729,17666372,4015.02
13729,17690890,4015.02
13729,17715964,4015.08
13729,17741517,4015.08
13729,17766894,4015.13
13729,17792424,4015.13
13729,17817745,4015.12
13729,17843199,4015.12
13729,17868555,4015.12
13729,17893360,4015.05
13729,17918019,4015.05
13729,17942667,4015.01
13729,17967157,4015.01
13729,17991936,4015.11
13729,17997584,4015.11
13729,17997826,4014.97
13729,17998308,4014.97
13729,18012837,4014.97
13729,18037210,4014.53
13729,18062211,4014.53
13729,18087262,4014.97
13729,18112228,4014.97
13729,18136602,4014.99
13729,18161103,4014.99
13729,18185797,4014.99
13729,18210373,4014.94
13729,18234717,4014.94
13729,18259387,4015.01
13729,18283744,4015.01
13729,18308330,4014.98
13729,18332560,4014.98
13729,18356952,4014.98
13729,18381292,4014.98
13729,18405929,4014.98
13729,18430693,4015.11
13729,18455362,4015.11
13729,18480107,4014.97
13729,18505076,4014.97
13729,18530904,4015.03
13729,18556378,4015.03
13729,18581513,4015.03
13729,18606563,4015.13
13729,18631534,4015.13
13729,18656108,4014.98
13729,18681166,4014.98
13729,18706266,4015.08
13729,18731361,4015.08
13729,18755294,4015.07
13729,18778968,4015.07
13729,18802916,4015.07
13729,18827010,4014.98
13729,18851541,4014.98
13729,18875545,4015.02
13729,18899933,4015.02
13729,18924796,4015
13729,18949588,4015
13729,18974674,4015.06
13729,19000172,4015.06
13729,19025391,4015.06
13729,19050669,4015.07
13729,19076181,4015.07
13729,19100960,4015.04
13729,19125626,4015.04
13729,19150441,4015.17
13729,19175123,4015.17
13729,19199774,4015.17
13729,19224282,4015.06
13729,19249255,4015.06
13729,19274223,4015.03
13729,19299061,4015.03
13729,19323996,4015.04
13729,19348843,4015.04
13729,19373696,4015.1
13729,19398498,4015.1
13729,19408872,4015.1
13729,19409214,4014.99
13729,19409565,4014.99
13729,19409856,4014.53
13729,19410085,4014.53
13729,19410369,4014.53
13729,19410663,4014.53
13729,19410953,4014.53
13729,19411302,4014.53
13729,19411526,4014.53
13729,19411822,4014.53
13729,19412116,4014.53
13729,19412343,4014.53
13729,19412634,4014.53
13729,19412925,4014.53
13729,19413276,4014.53
13729,19413576,4014.53
13729,19413803,4014.53
13729,19414095,4014.53
13729,19414390,4014.53
13729,19414678,4014.53
13729,19415038,4014.53
13729,19415278,4014.53
13729,19415626,4014.53
13729,19415915,4014.53
13729,19416201,4014.53
13729,19416505,4014.53
13729,19416737,4014.53
13729,19417024,4014.53
13729,19417309,4014.53
13729,19417663,4014.53
13729,19417878,4014.53
13729,19418189,4014.53
13729,19418480,4014.53
13729,19418771,4014.53
13729,19419113,4014.53
13729,19419349,4014.53
13729,19419641,4014.53
13729,19419933,4014.53
13729,19420210,4014.53
13729,19420518,4014.53
13729,19420803,4014.53
13729,19421094,4014.53
13729,19421381,4014.53
13729,19421673,4014.53
13729,19421967,4014.53
13729,19422256,4014.53
13729,19422549,4014.53
13729,19422826,4014.53
13729,19423138,4014.53
13729,19423419,4014.53
13729,19423720,4014.53
13729,19424079,4014.53
13729,19424368,4014.53
13729,19424590,4014.53
13729,19424847,4014.53
13729,19425163,4014.53
13729,19425451,4014.53
13729,19425744,4014.53
13729,19425986,4014.53
13729,19426278,4014.53
13729,19426568,4014.53
13729,19426862,4014.53
13729,19427148,4014.53
13729,19427484,4014.53
13729,19427786,4014.53
13729,19428017,4014.53
13729,19428313,4014.53
13729,19428588,4014.53
13729,19428951,4014.53
13729,19429174,4014.53
13729,19429476,4014.53
13729,19429764,4014.53
13729,19430059,4014.53
13729,19430408,4014.53
13729,19430649,4014.53
13729,19430996,4014.53
13729,19431294,4014.53
13729,19431516,4014.53
13729,19431812,4014.53
13729,19432165,4014.53
13729,19432461,4014.53
13729,19432738,4014.53
13729,19433039,4014.53
13729,19433326,4014.53
13729,19433563,4014.53
13729,19433915,4014.53
13729,19434208,4014.53
13729,19434419,4014.53
13729,19434729,4014.53
13729,19435015,4014.53
13729,19435360,4014.53
13729,19435577,4014.53
13729,19435894,4014.53
13729,19436180,4014.53
13729,19436478,4014.53
13729,19436738,4014.53
13729,19437045,4014.53
13729,19437328,4014.53
13729,19437550,4014.53
13729,19437828,4014.53
13729,19438148,4014.53
13729,19438492,4014.53
13729,19438727,4014.53
13729,19439069,4014.53
13729,19439368,4014.53
13729,19439650,4014.53
13729,19439949,4014.53
13729,19440183,4014.53
13729,19440524,4014.53
13729,19440828,4014.53
13729,19441060,4014.53
13729,19441397,4014.53
13729,19441702,4014.53
13729,19443355,4014.53
13729,19458321,4014.53
13729,19478556,4014.53
13729,19499900,4014.53
13729,19521642,4015
13729,19543458,4015
13729,19565595,4015.05
13729,19588018,4015.05
13729,19610643,4015.03
13729,19634311,4015.03
13729,19658244,4015.05
13729,19682185,4015.05
13729,19705971,4015.05
13729,19729713,4015.01
13729,19753867,4015.01
13729,19778106,4015.01
13729,19802504,4015.01
13729,19826967,4015.02
13729,19851425,4015.02
13729,19875602,4015.02
13729,19899401,4015.01
13729,19922712,4015.01
13729,19946781,4015.01
13729,19970571,4015.01
13729,19995036,4015.06
13729,20019484,4015.06
13729,20043668,4015.06
13729,20068131,4015.03
13729,20092923,4015.03
13729,20117395,4014.98
13729,20141715,4014.98
13729,20166286,4015.01
13729,1973261,4015.04
13729,1998200,4015.04
13729,2023431,4015.06
13729,2048352,4015.06
13729,2073527,4015.06
13729,2098266,4015.09
13729,2123697,4015.09
13729,2149081,4015.03
13729,2174565,4015.03
13729,2199911,4015.09
13729,2225294,4015.09
13729,2250685,4015.07
13729,2276578,4015.07
13729,2277610,4015.07
13729,2277906,4015.03
13729,2278193,4015.03
13729,2283638,4014.53
13729,2305537,4014.53
13729,2330207,4015.08
13729,2355658,4015.08
13729,2380796,4015.02
13729,2405918,4015.02
13729,2430850,4015.02
13729,2455657,4015
13729,2480382,4015
13729,2505441,4014.97
13729,2530310,4014.97
13729,2555142,4014.93
13729,2579794,4014.93
13729,20190783,4015.01
13729,20215264,4015.07
13729,20239755,4015.07
13729,20264213,4015.07
13729,20288502,4015.05
13729,20312841,4015.05
13729,20337042,4015.07
13729,20361295,4015.07
13729,20385856,4015.04
13729,20411040,4015.04
13729,20435723,4015.04
13729,20460454,4015.06
13729,20485266,4015.06
13729,20510389,4015.01
13729,20535518,4015.01
13729,20560594,4015.01
13729,20585513,4015.01
13729,20609934,4015.01
13729,20634554,4015.01
13729,20659107,4015.01
13729,20683530,4015.08
13729,20707978,4015.08
13729,20732442,4015.11
13729,20757216,4015.11
13729,20781710,4015.12
13729,20806733,4015.12
13729,20831902,4015.12
13729,20856777,4015.01
13729,20860846,4015.01
13729,2604535,4014.93
13729,2629244,4015.07
13729,2654481,4015.07
13729,2679350,4015.01
13729,2704776,4015.01
13729,2729616,4015.02
13729,2754613,4015.02
13729,2779661,4014.98
13729,2804469,4014.98
13729,2829586,4014.98
13729,2854520,4015.08
13729,2879367,4015.08
13729,2904579,4014.99
13729,2929292,4014.99
13729,2954284,4014.95
13729,2979331,4014.95
13729,3004402,4015.06
13729,3030004,4015.06
13729,3055948,4015.06
13729,3082256,4015
13729,3107969,4015
13729,3133668,4015.03
13729,3158941,4015.03
13729,3184729,4015.05
13729,3210190,4015.05
13729,3235581,4014.98
13729,3261068,4014.98
13729,3286303,4014.98
13729,3311505,4015
13729,3336744,4015
13729,3362244,4015.01
13729,3387258,4015.01
13729,3411482,4015.05
13729,3436025,4015.05
13729,3460473,4015.02
13729,3484966,4015.02
13729,3509373,4015.02
13729,3533934,4014.94
13729,3558397,4014.94
13729,3583103,4014.94
13729,3608312,4014.94
13729,3633701,4015.03
13729,3658781,4015.03
13729,3684348,4015.03
13729,3709577,4015.07
13729,3734673,4015.07
13729,3759892,4015.09
13729,3785081,4015.09
13729,3810392,4014.96
13729,3835656,4014.96
13729,3861005,4014.93
13729,3886075,4014.93
13729,3910902,4014.93
13729,3936056,4015.01
13729,3961460,4015.01
13729,3986630,4014.99
13729,4012025,4014.99
13729,4037367,4015.05
13729,4062840,4015.05
13729,4088405,4015.06
13729,4113916,4015.06
13729,4139344,4015.06
13729,4164795,4015.05
13729,4190312,4015.05
13729,4215714,4014.86
13729,4241099,4014.86
13729,4266619,4015.11
13729,4291976,4015.11
13729,4316276,4015.02
13729,4316627,4015.02
13729,4316921,4015.02
13729,4326185,4014.53
13729,4352432,4014.53
13729,4378435,4015.04
13729,4403580,4015.04
13729,4428520,4014.97
13729,4453448,4014.97
13729,4478279,4014.97
13729,4503313,4015.05
13729,4528219,4015.05
13729,4553012,4014.99
13729,4578104,4014.99
13729,4603042,4015.04
13729,4628032,4015.04
13729,4652995,4015.16
13729,4678364,4015.16
13729,4703744,4015.16
13729,4729072,4015.01
13729,4753920,4015.01
13729,4778422,4015.15
13729,4803636,4015.15
13729,4828593,4015.02
13729,4853191,4015.02
13729,4878063,4014.97
13729,4903084,4014.97
13729,4928822,4014.97
13729,4954292,4015
13729,4980143,4015
13729,5005370,4015.08
13729,5030332,4015.08
13729,5055032,4015.04
13729,5079619,4015.04
13729,5104182,4015.06
13729,5129144,4015.06
13729,5154108,4015.06
13729,5179509,4015.07
13729,5204618,4015.07
13729,5230141,4015.03
13729,5255866,4015.03
13729,5281174,4015.06
13729,5306418,4015.06
13729,5331759,4015.06
13729,5357104,4015.04
13729,5382606,4015.04
13729,5407935,4015.08
13729,5433467,4015.08
13729,5458884,4014.91
13729,5483955,4014.91
13729,5509318,4015.04
13729,5534404,4015.04
13729,5559472,4015.04
13729,5562201,4015.02
13729,5562492,4015.02
13729,5562782,4014.53
13729,5563125,4014.53
13729,5563420,4014.53
13729,5563675,4014.53
13729,5563943,4014.53
13729,5564291,4014.53
13729,5564587,4014.53
13729,5564815,4014.53
13729,5573267,4014.53
13729,5597218,4014.53
13729,5622528,4014.53
13729,5647914,4015.05
13729,5673083,4015.05
13729,5698326,4015.05
13729,5723402,4014.96
13729,5748622,4014.96
13729,5774066,4015.1
13729,5798694,4015.1
13729,5824085,4015.11
13729,5833296,4015.11
13729,5833595,4015.01
13729,5836174,4015.01
13729,5858037,4015.01
13729,5883858,4014.53
13729,5909356,4014.53
13729,5934355,4015.01
13729,5959308,4015.01
13729,5984262,4015.12
13729,6009350,4015.12
13729,6034380,4015.08
13729,6059272,4015.08
13729,6084231,4015.08
13729,6109333,4015
13729,6134449,4015
13729,6159764,4015.13
13729,6184820,4015.13
13729,6210070,4015.11
13729,6235651,4015.11
13729,6260877,4015.11
13729,6286226,4014.93
13729,6311490,4014.93
13729,6337033,4014.99
13729,6362641,4014.99
13729,6388367,4015.01
13729,6413905,4015.01
13729,6439067,4014.96
13729,6464155,4014.96
13729,6489165,4014.96
13731,58778,4015.01
13731,80246,4015.09
13731,80507,4015.09
13731,80818,4014.97
13731,84848,4014.97
13731,106358,4014.53
13731,130181,4014.53
13731,153736,4014.53
13731,177147,4014.98
13731,200578,4014.98
13731,229054,4015
13731,252889,4015
13731,276433,4015.02
13731,299905,4015.02
13731,323233,4015.01
13731,353667,4015.01
13731,391812,4015.01
13731,423863,4015.01
13731,436984,4015.01
13731,437271,4015.01
13731,437587,4015.01
13731,437874,4014.53
13731,438168,4014.53
13731,438458,4014.53
13731,438745,4014.53
13731,439049,4014.53
13731,439390,4014.53
13731,439681,4014.53
13731,439977,4014.53
13731,440263,4014.53
13731,440505,4014.53
13731,440794,4014.53
13731,441085,4014.53
13731,441383,4014.53
13731,441673,4014.53
13731,441960,4014.53
13731,449302,4014.53
13731,469957,4014.53
13731,492154,4014.53
13731,514565,4014.93
13731,537435,4014.93
13731,560270,4015
13731,583441,4015
13731,606774,4015
13731,629902,4015.08
13731,653307,4015.08
13731,6527973,4015.12
13731,6552038,4015.12
13731,6576062,4014.96
13731,6599710,4014.96
13731,6622917,4014.98
13731,6646521,4014.98
13731,6670009,4014.98
13731,6687368,4015.02
13731,6687590,4015.02
13731,6687916,4014.53
13731,6692499,4014.53
13731,6715663,4014.53
13731,6739801,4014.53
13731,6763910,4014.53
13731,6787459,4015.04
13731,6810879,4015.04
13731,6834206,4015
13731,6858007,4015
13731,6881808,4014.99
13731,6904918,4014.99
13731,6928894,4014.99
13731,6952979,4014.98
13731,6976912,4014.98
13731,7001092,4015.07
13731,7024816,4015.07
13731,7048712,4015.15
13731,7072280,4015.15
13731,7095845,4014.97
13731,7119227,4014.97
13731,7142996,4014.97
13731,7166925,4015.07
13731,661985,4014.93
13731,662207,4014.93
13731,662604,4014.53
13731,670784,4014.53
13731,693696,4014.53
13731,717452,4015.05
13731,741162,4015.05
13731,764992,4014.98
13731,788168,4014.98
13731,811573,4015.01
13731,834812,4015.01
13731,858295,4015.01
13731,881574,4015.1
13731,904737,4015.1
13731,928406,4015.1
13731,951825,4015.1
13731,972559,4015.06
13731,972893,4015.06
13731,973124,4015.06
13731,976985,4014.53
13731,998875,4014.53
13731,1023136,4014.53
13731,1047352,4014.53
13731,1071059,4015.03
13731,1094753,4015.03
13731,1118348,4015.03
13731,1129521,4014.98
13731,1129803,4014.98
13731,1130144,4014.53
13731,1131005,4014.53
13731,1147925,4014.53
13731,1172483,4014.53
13731,1196664,4014.53
13731,1220614,4015
13731,1244615,4015
13731,1268826,4015.13
13731,1292670,4015.13
13731,7191055,4015.07
13731,7215113,4015.03
13731,7238915,4015.03
13731,7250124,4015.04
13731,7250479,4015.04
13731,7250767,4015.04
13731,7251059,4014.53
13731,7257396,4014.53
13731,7281592,4014.53
13731,7305788,4014.53
13731,7329731,4015.01
13731,7353532,4015.01
13731,7377348,4015.01
13731,7401015,4015.03
13731,7424067,4015.03
13731,7447723,4015.03
13731,7471424,4015.03
13731,7495097,4015.04
13731,7518400,4015.04
13731,7542114,4014.96
13731,7566142,4014.96
13731,7590327,4014.96
13731,7614405,4014.99
13731,7637828,4014.99
13731,7661473,4015.06
13731,7685019,4015.06
13731,7708602,4014.96
13731,7732041,4014.96
13731,7755198,4014.96
13731,7778223,4015.07
13731,7801448,4015.07
13731,7825084,4015
13731,7848665,4015
13731,7872475,4015.06
13731,7896445,4015.06
13731,7920645,4015.06
13731,7944760,4015.07
13731,7968585,4015.07
13731,7991748,4015.03
13731,8015130,4015.03
13731,8038766,4014.96
13731,8062335,4014.96
13731,8085730,4014.96
13731,8109155,4015.02
13731,8133049,4015.02
13731,8156731,4014.92
13731,8180674,4014.92
13731,8204432,4015.03
13731,8227987,4015.03
13731,8251713,4015.03
13731,8275378,4015.07
13731,8298812,4015.07
13731,8322354,4015.02
13731,8345519,4015.02
13731,8368778,4014.99
13731,8392310,4014.99
13731,8416302,4014.99
13731,8440193,4014.99
13731,8464178,4014.99
13731,8487710,4015.06
13731,8511565,4015.06
13731,8535873,4015.1
13731,8559827,4015.1
13731,8583546,4015.1
13731,8606792,4015.03
13731,8630090,4015.03
13731,8653635,4014.98
13731,8677035,4014.98
13731,8700602,4015.07
13731,8723911,4015.07
13731,8747463,4015.07
13731,8770704,4015.02
13731,8794053,4015.02
13731,8817769,4014.97
13731,8841748,4014.97
13731,8865984,4015
13731,8889959,4015
13731,8913705,4015.01
13731,8937030,4015.01
13731,8960556,4015.01
13731,8984239,4015.01
13731,9007797,4015.01
13731,9031470,4014.98
13731,9055461,4014.98
13731,9079344,4014.95
13731,9103513,4014.95
13731,9127674,4014.95
13731,9152132,4015
13731,9176400,4015
13731,9200473,4015.07
13731,9224235,4015.07
13731,9247419,4015.04
13731,9270968,4015.04
13731,9294724,4015.04
13731,9318330,4014.99
13731,9341760,4014.99
13731,9365186,4015.04
13731,9388569,4015.04
13731,9412155,4015.02
13731,9435821,4015.02
13731,9459784,4015.02
13731,9484353,4015.01
13731,9508813,4015.01
13731,9532681,4015.07
13731,9556288,4015.07
13731,9579590,4015.03
13731,9602732,4015.03
13731,9625712,4015.12
13731,9649069,4015.12
13731,9672901,4015.12
13731,9697229,4014.99
13731,9721155,4014.99
13731,9745079,4015.03
13731,9769024,4015.03
13731,9792626,4015.1
13731,9816662,4015.1
13731,9840834,4015.1
13731,9864672,4015.04
13731,9888434,4015.04
13731,9912113,4015.09
13731,9935938,4015.09
13731,9959865,4015.03
13731,9983420,4015.03
13731,10006463,4015.03
13731,10024162,4015.09
13731,10024451,4015.09
13731,10024743,4015.06
13731,10030807,4015.06
13731,10054241,4014.53
13731,10077161,4014.53
13731,10099899,4014.53
13731,10122728,4015.02
13731,10145716,4015.02
13731,10169583,4015.04
13731,10193402,4015.04
13731,10217469,4014.99
13731,10241549,4014.99
13731,10265518,4014.99
13731,10289379,4015.16
13731,10313213,4015.16
13731,10337016,4015.08
13731,10361054,4015.08
13731,10384921,4015.13
13731,10408943,4015.13
13731,10432448,4015.01
13731,10455907,4015.01
13731,10479096,4015.01
13731,10502292,4015.15
13731,10525612,4015.15
13731,10549111,4015.08
13731,10572225,4015.08
13731,10595424,4015.03
13731,10618663,4015.03
13731,10642425,4015.03
13731,10666358,4015.06
13731,10690143,4015.06
13731,10713878,4015.08
13731,10737898,4015.08
13731,10762504,4015.09
13731,10786653,4015.09
13731,10810782,4015.09
13731,10834918,4014.99
13731,10858464,4014.99
13731,10882416,4015.02
13731,10906345,4015.02
13731,10929911,4015.12
13731,10953569,4015.12
13731,10977403,4014.99
13731,11001474,4014.99
13731,11025642,4014.99
13731,11049703,4015.1
13731,11073649,4015.1
13731,11097106,4015.04
13731,11120267,4015.04
13731,11143667,4015.06
13731,11166909,4015.06
13731,11190227,4015.06
13731,11213561,4015.13
13731,11236757,4015.13
13731,11260435,4015.06
13731,11284130,4015.06
13731,11307739,4014.95
13731,11331298,4014.95
13731,11354758,4014.95
13731,11378078,4015.06
13731,11401688,4015.06
13731,11425008,4015.03
13731,11448161,4015.03
13731,11471351,4015.08
13731,11494917,4015.08
13731,11518305,4015.08
13731,11542383,4015.02
13731,11566203,4015.02
13731,11590103,4015.05
13731,11613940,4015.05
13731,11637406,4014.96
13731,11661027,4014.96
13731,11684409,4014.96
13731,11707584,4015.08
13731,11730807,4015.08
13731,11753829,4014.99
13731,11776880,4014.99
13731,11800427,4015.04
13731,11823449,4015.04
13731,11847031,4015.01
13731,11870151,4015.01
13731,11893613,4015.01
13731,11916893,4015.01
13731,11940091,4015.01
13731,11963250,4015.09
13731,11986387,4015.09
13731,12009639,4015.01
13731,12032976,4015.01
13731,12056679,4015.01
13731,12080951,4015
13731,12105197,4015
13731,12129267,4015.04
13731,12152949,4015.04
13731,12175747,4015.07
13731,12198536,4015.07
13731,12221286,4015.07
13731,12244068,4015.06
13731,12267745,4015.06
13731,12291317,4015.11
13731,12314896,4015.11
13731,12338673,4015.11
13731,12362363,4015.11
13731,12385905,4015.11
13731,12409720,4015
13731,12433387,4015
13731,12457072,4014.96
13731,12480620,4014.96
13731,12504594,4015.09
13731,12528222,4015.09
13731,12552355,4015.09
13731,12575990,4015
13731,12599749,4015
13731,12622900,4015.04
13731,12646266,4015.04
13731,12669899,4015.02
13731,12693358,4015.02
13731,12716893,4015.02
13731,12740309,4015.02
13731,12763825,4015.02
13731,12787135,4015.02
13731,12810489,4015.02
13731,12834196,4015.02
13731,12849318,4015.02
13731,12849614,4015.02
13731,12849825,4015.06
13731,12850135,4015.06
13731,12850425,4014.53
13731,12850713,4014.53
13731,12851007,4014.53
13731,12856827,4014.53
13731,12857062,4015.02
13731,12857363,4015.02
13731,12857656,4015.02
13731,12858240,4014.53
13731,12861314,4014.53
13731,12876969,4014.53
13731,12899079,4014.53
13731,12921887,4014.94
13731,12945313,4014.94
13731,12968228,4014.94
13731,12991201,4015
13731,13014694,4015
13731,13038055,4015.04
13731,13061396,4015.04
13731,13084986,4015.04
13731,13108517,4015.04
13731,13131786,4014.99
13731,13155479,4014.99
13731,13179229,4014.99
13731,13202704,4015.08
13731,13226606,4015.08
13731,13249799,4015.01
13731,13272759,4015.01
13731,13295747,4015.01
13731,13318726,4015.01
13731,13341846,4015.01
13731,13365343,4015.07
13731,13388808,4015.07
13731,13412123,4015.01
13731,13435939,4015.01
13731,13459486,4015.14
13731,13482728,4015.14
13731,13506282,4015.14
13731,13530013,4015.03
13731,13553110,4015.03
13731,13575692,4015.07
13731,13598336,4015.07
13731,13621402,4014.99
13731,13644074,4014.99
13731,13667071,4014.99
13731,1316089,4015.04
13731,1339666,4015.04
13731,1363316,4014.99
13731,1386814,4014.99
13731,1410337,4014.99
13731,1434002,4015.03
13731,1457374,4015.03
13731,1480980,4015.07
13731,1504506,4015.07
13731,1527943,4015.08
13731,1551813,4015.08
13731,1575396,4015.08
13731,1599107,4015.05
13731,1622906,4015.05
13731,1646928,4015.06
13731,1671174,4015.06
13731,1694999,4014.97
13731,1719036,4014.97
13731,1743509,4014.97
13731,1767943,4015.02
13731,1791806,4015.02
13731,1815564,4015.07
13731,1838988,4015.07
13731,1862302,4014.97
13731,1885820,4014.97
13731,1909240,4014.97
13731,1932285,4015.1
13731,13690396,4014.9
13731,13714204,4014.9
13731,13737954,4015.08
13731,13762180,4015.08
13731,13786193,4015.07
13731,13810068,4015.07
13731,13834350,4014.98
13731,13858211,4014.98
13731,13881762,4014.98
13731,13905496,4015.09
13731,13929109,4015.09
13731,13952924,4014.97
13731,13976858,4014.97
13731,14000662,4015
13731,14024729,4015
13731,14048422,4015
13731,14071281,4015.13
13731,14094107,4015.13
13731,14117257,4015.06
13731,14140812,4015.06
13731,14164161,4015.02
13731,14187655,4015.02
13731,14211080,4015.02
13731,14234644,4014.97
13731,14258081,4014.97
13731,14281350,4015
13731,14304799,4015
13731,14328472,4015.04
13731,14352139,4015.04
13731,14375481,4015.01
13731,14399173,4015.01
13731,14422791,4015.01
13731,14446394,4015.07
13731,14469928,4015.07
13731,14493472,4015.02
13731,14517009,4015.02
13731,14540635,4014.97
13731,14564086,4014.97
13731,14587106,4014.97
13731,14610183,4015.14
13731,14633202,4015.14
13731,14648130,4015.03
13731,14648451,4015.03
13731,14648738,4014.53
13731,14662565,4014.53
13731,14685124,4014.53
13731,14708546,4015.13
13731,14731759,4015.13
13731,14755236,4015.03
13731,14765851,4015.03
13731,14766139,4015.05
13731,14766417,4015.05
13731,14766785,4015.05
13731,14770845,4014.53
13731,14771090,4014.53
13731,14771391,4015.15
13731,14771683,4015.15
13731,14772010,4014.53
13731,14772320,4014.53
13731,14772601,4014.53
13731,14772900,4014.53
13731,14784185,4014.53
13731,14807731,4014.53
13731,14831524,4014.53
13731,14854442,4014.99
13731,14877098,4014.99
13731,14900071,4015.14
13731,14922821,4015.14
13731,14945951,4015.14
13731,14969002,4014.89
13731,14991545,4014.89
13731,15014833,4015.05
13731,15037877,4015.05
13731,15060831,4015.12
13731,15083945,4015.12
13731,15106733,4015.12
13731,15129708,4015.02
13731,15153162,4015.02
13731,15177085,4015.16
13731,15200670,4015.16
13731,15224676,4015.03
13731,15248668,4015.03
13731,15272209,4015.03
13731,15295649,4015.01
13731,15319216,4015.01
13731,15342388,4015.08
13731,15366386,4015.08
13731,15390440,4015.08
13731,15414155,4015.08
13731,15438059,4015.08
13731,15461552,4015.02
13731,15484979,4015.02
13731,15508543,4015
13731,15532070,4015
13731,15555628,4015.02
13731,15579181,4015.02
13731,15602605,4015.02
13731,15626181,4015.02
13731,15649698,4015.02
13731,15673242,4015.06
13731,15693992,4015.06
13731,15694296,4015.01
13731,15694533,4015.01
13731,15694811,4014.53
13731,15697466,4014.53
13731,15717180,4014.53
13731,15740868,4014.53
13731,15764290,4014.53
13731,15787701,4015.05
13731,15811372,4015.05
13731,15835050,4015.03
13731,15858624,4015.03
13731,15882170,4015.03
13731,15905770,4015.04
13731,15929156,4015.04
13731,15952430,4015
13731,15975720,4015
13731,15998945,4014.98
13731,16022926,4014.98
13731,16046684,4014.98
13731,16070313,4015.06
13731,16093821,4015.06
13731,16116827,4015.02
13731,16140212,4015.02
13731,16163699,4015.02
13731,16187186,4015.02
13731,16202847,4015.01
13731,16203157,4015.01
13731,16203397,4015.01
13731,16207799,4014.53
13731,16208106,4014.53
13731,16208344,4014.53
13731,16212216,4014.53
13731,16233068,4014.53
13731,16255708,4014.53
13731,16278246,4014.53
13731,16301313,4015
13731,16324606,4015
13731,16347639,4015.1
13731,16370671,4015.1
13731,16394008,4015.06
13731,16417005,4015.06
13731,16440324,4015.06
13731,16463785,4015.03
13731,16487030,4015.03
13731,16510311,4014.98
13731,16533375,4014.98
13731,16556782,4015.11
13731,16581089,4015.11
13731,16605367,4015.11
13731,16629244,4015.09
13731,16652767,4015.09
13731,16676010,4014.97
13731,16699178,4014.97
13731,16722166,4015.04
13731,16745084,4015.04
13731,16768138,4015
13731,16791655,4015
13731,16815652,4015
13731,16839474,4014.98
13731,16863349,4014.98
13731,16886624,4015.06
13731,16909353,4015.06
13731,16931914,4014.98
13731,16954718,4014.98
13731,16977620,4014.98
13731,17000746,4015.07
13731,17024021,4015.07
13731,17047393,4015.06
13731,17070571,4015.06
13731,17093868,4014.99
13731,17117095,4014.99
13731,17140459,4014.99
13731,17163630,4015.07
13731,17186808,4015.07
13731,17210047,4015.05
13731,17233434,4015.05
13731,17256675,4015.09
13731,17279993,4015.09
13731,17303163,4015.09
13731,17326443,4014.98
13731,17349886,4014.98
13731,17373559,4015.1
13731,17397324,4015.1
13731,17421438,4015.04
13731,17444564,4015.04
13731,17467621,4015.06
13731,17490718,4015.06
13731,17513969,4015.06
13731,17537901,4015.02
13731,17561196,4015.02
13731,17584235,4015.04
13731,17607669,4015.04
13731,17630460,4015.05
13731,17653351,4015.05
13731,17676394,4015.05
13731,17699226,4015.06
13731,17722129,4015.06
13731,17745220,4015
13731,17768263,4015
13731,17791464,4015.01
13731,17814825,4015.01
13731,17838569,4015.01
13731,17862049,4015.08
13731,17885562,4015.08
13731,17909391,4015.14
13731,17932749,4015.14
13731,17956082,4015.02
13731,17979382,4015.02
13731,18002771,4015.02
13731,18026021,4015.06
13731,18049480,4015.06
13731,18073076,4015.08
13731,18096755,4015.08
13731,18120430,4015.06
13731,18144115,4015.06
13731,18167424,4015.02
13731,18190812,4015.02
13731,18214510,4015.02
13731,18238305,4015.1
13731,18261758,4015.1
13731,18285047,4015.04
13731,18308088,4015.04
13731,18330738,4015.07
13731,18353308,4015.07
13731,18375797,4015.07
13731,18398428,4015.07
13731,18421104,4015.07
13731,18438613,4015.02
13731,18438837,4015.02
13731,18439184,4014.53
13731,18440831,4014.53
13731,18458539,4014.53
13731,18480132,4014.53
13731,18502253,4014.53
13731,18524536,4015.09
13731,18547524,4015.09
13731,18570686,4015.11
13731,18593985,4015.11
13731,18618102,4015.03
13731,18642434,4015.03
13731,18666611,4015.03
13731,18690316,4014.95
13731,18714223,4014.95
13731,18737420,4015.05
13731,18761037,4015.05
13731,18784384,4015.08
13731,18808311,4015.08
13731,18831975,4015.08
13731,18855669,4015.02
13731,18879692,4015.02
13731,18903754,4015.05
13731,18927347,4015.05
13731,18950904,4015.09
13731,18973951,4015.09
13731,18996581,4015.09
13731,19019522,4015.01
13731,19041952,4015.01
13731,19065221,4015.04
13731,19088257,4015.04
13731,19111591,4015.02
13731,19134975,4015.02
13731,19158123,4015.02
13731,19181013,4015.01
13731,19204602,4015.01
13731,19228297,4015.03
13731,19252072,4015.03
13731,19275680,4015.04
13731,19299315,4015.04
13731,19322483,4015.04
13731,19346033,4015.07
13731,19369466,4015.07
13731,19393010,4015.04
13731,19416432,4015.04
13731,19440104,4015.06
13731,19463742,4015.06
13731,19487509,4015.12
13731,19511145,4015.12
13731,19534569,4015.12
13731,19558138,4015.06
13731,19582190,4015.06
13731,19606034,4014.86
13731,19629441,4014.86
13731,19652865,4014.99
13731,19676359,4014.99
13731,19699453,4014.99
13731,19722235,4015.07
13731,19744904,4015.07
13731,19767651,4015.08
13731,19790711,4015.08
13731,19813357,4015.03
13731,19836832,4015.03
13731,19860650,4015.03
13731,19884027,4015.02
13731,19907202,4015.02
13731,19930353,4015.03
13731,19953381,4015.03
13731,19976551,4015.04
13731,19999559,4015.04
13731,20004499,4015.02
13731,1955681,4015.1
13731,1979261,4015.02
13731,2002565,4015.02
13731,2025979,4015.08
13731,2049683,4015.08
13731,2073366,4015.08
13731,2097533,4015.08
13731,2121667,4015.08
13731,2145806,4015.05
13731,2169696,4015.05
13731,2193851,4015.06
13731,2217632,4015.06
13731,2241436,4014.96
13731,2265239,4014.96
13731,2289164,4014.96
13731,2312969,4015.13
13731,2336525,4015.13
13731,2360067,4015.11
13731,2383635,4015.11
13731,2407114,4015.09
13731,2430639,4015.09
13731,2454217,4015.09
13731,2477705,4015.01
13731,2501633,4015.01
13731,2526085,4014.98
13731,2550200,4014.98
13731,2574375,4015.07
13731,2598306,4015.07
13731,2622336,4015.07
13731,2646389,4015
13731,2669456,4015
13731,2692614,4015.02
13731,2716425,4015.02
13731,2740212,4015.07
13731,2764221,4015.07
13731,2788240,4015.07
13731,2812306,4015.07
13731,2820442,4015.07
13731,2820794,4014.92
13731,2821024,4014.92
13731,2821356,4014.53
13731,2821658,4014.53
13731,2821950,4014.53
13731,2822175,4014.53
13731,2822487,4014.53
13731,2822774,4014.53
13731,2823105,4014.53
13731,2823358,4014.53
13731,2823647,4014.53
13731,2824003,4014.53
13731,2824292,4014.53
13731,2824579,4014.53
13731,2824822,4014.53
13731,2825368,4014.53
13731,2837388,4014.53
13731,2859797,4014.53
13731,2883336,4014.94
13731,2906642,4014.94
13731,2929947,4014.94
13731,2953341,4015.03
13731,2976331,4015.03
13731,2999961,4015.05
13731,3023432,4015.05
13731,3046663,4015.01
13731,3069956,4015.01
13731,3093274,4015.01
13731,3116690,4014.99
13731,3139967,4014.99
13731,3163392,4015.08
13731,3186708,4015.08
13731,3210394,4014.98
13731,3234285,4014.98
13731,3258281,4014.98
13731,3282324,4015.01
13731,3306643,4015.01
13731,3330725,4015.05
13731,3354506,4015.05
13731,3378063,4015.1
13731,3401171,4015.1
13731,3424522,4015.1
13731,3447569,4015.02
13731,3470604,4015.02
13731,3494154,4015.03
13731,3515794,4015.03
13731,3516018,4013.9
13731,3516304,4013.9
13731,3524125,4013.9
13731,3548312,4014.53
13731,3573385,4014.53
13731,3597222,4014.29
13731,3620895,4014.29
13731,3644362,4015.11
13731,3667877,4015.11
13731,3691540,4015.11
13731,3715005,4014.94
13731,3738778,4014.94
13731,3762703,4015.06
13731,3785765,4015.06
13731,3808529,4015.07
13731,3831579,4015.07
13731,3854438,4015.07
13731,3865394,4015.03
13731,3865636,4015.03
13731,3865928,4014.53
13731,3866221,4014.53
13731,3866511,4014.53
13731,3866802,4014.53
13731,3867130,4014.53
13731,3867433,4014.53
13731,3867732,4014.53
13731,3868007,4014.53
13731,3868318,4014.53
13731,3868469,4014.53
13731,3868678,4014.53
13731,3868895,4014.53
13731,3869248,4014.53
13731,3869547,4014.53
13731,3869826,4014.53
13731,3870120,4014.53
13731,3870364,4014.53
13731,3870653,4014.53
13731,3870944,4014.53
13731,3871242,4014.53
13731,3871528,4014.53
13731,3871861,4014.53
13731,3872458,4014.53
13731,3875273,4014.53
13731,3878470,4014.53
13731,3881710,4015.02
13731,3885002,4015.02
13731,3888337,4014.97
13731,3890641,4014.97
13731,3890956,4014.97
13731,3891268,4015.1
13731,3891559,4015.1
13731,3891803,4014.53
13731,3892099,4014.53
13731,3892391,4014.53
13731,3892671,4014.53
13731,3892973,4014.53
13731,3894443,4014.53
13731,3898939,4014.53
13731,3917153,4014.85
13731,3938580,4014.85
13731,3961133,4014.96
13731,3984242,4014.96
13731,4007463,4015.01
13731,4030522,4015.01
13731,4053439,4015.01
13731,4076140,4015.06
13731,4098500,4015.06
13731,4120881,4015.06
13731,4143254,4015.06
13731,4165961,4015.09
13731,4188724,4015.09
13731,4212402,4015.09
13731,4236198,4015.04
13731,4260008,4015.04
13731,4283852,4014.97
13731,4307949,4014.97
13731,4332108,4015.12
13731,4356423,4015.12
13731,4380092,4015.12
13731,4403628,4015.09
13731,4426907,4015.09
13731,4449484,4015
13731,4472899,4015
13731,4496182,4015.01
13731,4519849,4015.01
13731,4543545,4015.01
13731,4567448,4015.08
13731,4591125,4015.08
13731,4614975,4015.01
13731,4638830,4015.01
13731,4662337,4015.06
13731,4685992,4015.06
13731,4709416,4015.06
13731,4732842,4015.03
13731,4756406,4015.03
13731,4779824,4015.05
13731,4803259,4015.05
13731,4826830,4015.08
13731,4850366,4015.08
13731,4874154,4015
13731,4897522,4015
13731,4921072,4015
13731,4945219,4014.86
13731,4969142,4014.86
13731,4993203,4015.09
13731,5016774,4015.09
13731,5040823,4015.02
13731,5064583,4015.02
13731,5088214,4015.02
13731,5111497,4014.99
13731,5135031,4014.99
13731,5158216,4015.05
13731,5181837,4015.05
13731,5205328,4015
13731,5228587,4015
13731,5252155,4015
13731,5275482,4015.06
13731,5298725,4015.06
13731,5321412,4014.94
13731,5344812,4014.94
13731,5368000,4015.01
13731,5391122,4015.01
13731,5414332,4015.01
13731,5437481,4015.08
13731,5461172,4015.08
13731,5485002,4015.04
13731,5508954,4015.04
13731,5532456,4015.05
13731,5556152,4015.05
13731,5579859,4015.05
13731,5603640,4015.07
13731,5627062,4015.07
13731,5650989,4015.1
13731,5674722,4015.1
13731,5698477,4015.11
13731,5722086,4015.11
13731,5745853,4015
13731,5769777,4015
13731,5793972,4015
13731,5818200,4014.99
13731,5842116,4014.99
13731,5865939,4015.12
13731,5889462,4015.12
13731,5913014,4015.06
13731,5936569,4015.06
13731,5960650,4015.06
13731,5984430,4015.08
13731,6008737,4015.08
13731,6032834,4015.06
13731,6056403,4015.06
13731,6079911,4015.08
13731,6103577,4015.08
13731,6126911,4015.08
13731,6150326,4015.05
13731,6173833,4015.05
13731,6197296,4015.08
13731,6220976,4015.08
13731,6245062,4014.94
13731,6269364,4014.94
13731,6293040,4014.94
13731,6316453,4015.01
13731,6339502,4015.01
13731,6362916,4015
13731,6385987,4015
13731,6409289,4015.03
13731,6432669,4015.03
13731,6456500,4015.09
13731,6480175,4015.09
13731,6504153,4015.09
13732,55012,4015.01
13732,78517,4015.01
13732,102379,4015.09
13732,125816,4015.09
13732,149353,4015.09
13732,172790,4015.1
13732,196350,4015.1
13732,219623,4015.11
13732,242561,4015.11
13732,265068,4015.11
13732,287985,4015.11
13732,311307,4015.11
13732,334960,4014.95
13732,358202,4014.95
13732,381428,4014.94
13732,404707,4014.94
13732,428409,4015.09
13732,452600,4015.09
13732,476640,4015.02
13732,500520,4015.02
13732,524896,4015.02
13732,549115,4015.07
13732,573179,4015.07
13732,597209,4015.06
13732,621301,4015.06
13732,644644,4014.98
13732,6504035,4015.07
13732,6528052,4015.07
13732,6551539,4015.01
13732,6574756,4015.01
13732,6598126,4015.06
13732,6621567,4015.06
13732,6645046,4015.06
13732,6668482,4015.04
13732,6691738,4015.04
13732,6707510,4015.08
13732,6707827,4015.08
13732,6708046,4014.53
13732,6711034,4014.53
13732,6724522,4014.53
13732,6724810,4014.53
13732,6725103,4014.53
13732,6725394,4014.53
13732,6725697,4014.53
13732,6726019,4014.53
13732,6727301,4014.53
13732,6743023,4014.53
13732,6765423,4014.53
13732,6788353,4014.53
13732,6811569,4014.95
13732,6834537,4014.95
13732,6857526,4015.01
13732,6880266,4015.01
13732,6903176,4014.98
13732,6925960,4014.98
13732,6948469,4014.96
13732,6971782,4014.96
13732,6995155,4014.96
13732,7018490,4015.02
13732,7042177,4015.02
13732,7065597,4015
13732,7088287,4015
13732,7111343,4015.01
13732,7134451,4015.01
13732,668131,4014.98
13732,691762,4015.08
13732,715284,4015.08
13732,738644,4015.08
13732,762092,4015.01
13732,785380,4015.01
13732,808768,4015.1
13732,832254,4015.1
13732,855787,4015.07
13732,879480,4015.07
13732,903032,4015.07
13732,926699,4014.99
13732,949726,4014.99
13732,972788,4015.09
13732,996078,4015.09
13732,1019486,4015.01
13732,1042925,4015.01
13732,1066280,4014.95
13732,1089525,4014.95
13732,1113196,4014.95
13732,1137084,4015.01
13732,1161079,4015.01
13732,1184923,4014.99
13732,1209077,4014.99
13732,1232762,4015.06
13732,1256458,4015.06
13732,1279736,4015.06
13732,7157619,4015.01
13732,7181011,4015.11
13732,7204174,4015.11
13732,7227369,4014.97
13732,7250579,4014.97
13732,7274198,4015.03
13732,7297780,4015.03
13732,7320837,4014.99
13732,7344122,4014.99
13732,7367148,4014.99
13732,7389981,4015.09
13732,7412976,4015.09
13732,7435780,4015.02
13732,7458504,4015.02
13732,7481669,4015.07
13732,7504879,4015.07
13732,7527945,4015.03
13732,7551623,4015.03
13732,7575029,4015.03
13732,7598838,4015.1
13732,7623017,4015.1
13732,7646604,4015.01
13732,7670380,4015.01
13732,7694211,4014.98
13732,7717697,4014.98
13732,7741051,4014.98
13732,7764210,4015.01
13732,7787521,4015.01
13732,7810710,4015.07
13732,7833919,4015.07
13732,7856999,4015.01
13732,7879941,4015.01
13732,7902930,4015.01
13732,7925955,4015.03
13732,7948812,4015.03
13732,7971750,4015.04
13732,7994748,4015.04
13732,8017658,4015.01
13732,8040860,4015.01
13732,8064665,4014.95
13732,8088742,4014.95
13732,8112753,4014.95
13732,8136321,4015.01
13732,8160168,4015.01
13732,8183835,4015.24
13732,8207106,4015.24
13732,8230535,4015.1
13732,8253674,4015.1
13732,8276728,4015.1
13732,8299776,4015.08
13732,8323098,4015.08
13732,8346153,4015.01
13732,8369644,4015.01
13732,8392835,4014.94
13732,8416504,4014.94
13732,8439833,4015.01
13732,8463005,4015.01
13732,8486265,4015.01
13732,8509617,4015.07
13732,8533061,4015.07
13732,8556281,4015.06
13732,8579463,4015.06
13732,8603121,4015.07
13732,8626561,4015.07
13732,8650105,4015.06
13732,8673778,4015.06
13732,8697028,4015.06
13732,8720214,4014.99
13732,8743170,4014.99
13732,8766053,4015.03
13732,8788854,4015.03
13732,8812412,4015.01
13732,8836073,4015.01
13732,8859330,4015.01
13732,8882640,4015.06
13732,8905956,4015.06
13732,8929178,4015.05
13732,8952616,4015.05
13732,8975728,4015.08
13732,8998909,4015.08
13732,9022081,4015.03
13732,9045509,4015.03
13732,9068277,4015.03
13732,9091503,4015.02
13732,9114874,4015.02
13732,9138296,4014.94
13732,9161803,4014.94
13732,9185661,4015.04
13732,9209238,4015.04
13732,9232891,4015.11
13732,9255969,4015.11
13732,9279450,4015.11
13732,9302885,4015.01
13732,9326313,4015.01
13732,9349609,4015.14
13732,9372783,4015.14
13732,9375882,4015.06
13732,9376163,4015.06
13732,9376526,4015.06
13732,9376757,4014.53
13732,9377048,4014.53
13732,9377345,4014.53
13732,9377553,4014.53
13732,9377849,4014.53
13732,9378138,4014.53
13732,9378474,4014.53
13732,9378782,4014.53
13732,9379012,4014.53
13732,9379309,4014.53
13732,9379597,4014.53
13732,9379948,4014.53
13732,9380253,4014.53
13732,9380482,4014.53
13732,9380828,4014.53
13732,9381065,4014.53
13732,9381349,4014.53
13732,9381651,4014.53
13732,9382001,4014.53
13732,9382293,4014.53
13732,9382596,4014.53
13732,9382817,4014.53
13732,9383108,4014.53
13732,9383466,4014.53
13732,9383683,4014.53
13732,9383983,4014.53
13732,9384287,4014.53
13732,9384628,4014.53
13732,9384924,4014.53
13732,9385222,4014.53
13732,9385454,4014.53
13732,9385746,4014.53
13732,9386098,4014.53
13732,9386395,4014.53
13732,9386677,4014.53
13732,9386971,4014.53
13732,9387263,4014.53
13732,9387501,4014.53
13732,9387785,4014.53
13732,9388069,4014.53
13732,9388372,4014.53
13732,9388703,4014.53
13732,9389004,4014.53
13732,9389298,4014.53
13732,9389593,4014.53
13732,9389812,4014.53
13732,9390045,4014.53
13732,9390335,4014.53
13732,9390632,4014.53
13732,9390919,4014.53
13732,9391212,4014.53
13732,9391572,4014.53
13732,9391855,4014.53
13732,9392141,4014.53
13732,9392438,4014.53
13732,9392669,4014.53
13732,9392970,4014.53
13732,9393262,4014.53
13732,9393553,4014.53
13732,9393879,4014.53
13732,9394189,4014.53
13732,9394413,4014.53
13732,9394678,4014.53
13732,9394975,4014.53
13732,9395299,4014.53
13732,9395588,4014.53
13732,9395881,4014.53
13732,9396226,4014.53
13732,9396460,4014.53
13732,9396737,4014.53
13732,9397044,4014.53
13732,9397328,4014.53
13732,9397621,4014.53
13732,9397913,4014.53
13732,9398262,4014.53
13732,9398496,4014.53
13732,9398787,4014.53
13732,9399077,4014.53
13732,9399430,4014.53
13732,9399657,4014.53
13732,9399954,4014.53
13732,9400297,4014.53
13732,9400535,4014.53
13732,9400831,4014.53
13732,9401115,4014.53
13732,9401410,4014.53
13732,9401768,4014.53
13732,9401987,4014.53
13732,9402270,4014.53
13732,9402495,4014.53
13732,9402859,4014.53
13732,9403143,4014.53
13732,9403369,4014.53
13732,9403671,4014.53
13732,9404014,4014.53
13732,9404314,4014.53
13732,9404540,4014.53
13732,9404833,4014.53
13732,9405126,4014.53
13732,9405455,4014.53
13732,9405767,4014.53
13732,9406062,4014.53
13732,9406293,4014.53
13732,9406582,4014.53
13732,9406879,4014.53
13732,9407231,4014.53
13732,9407523,4014.53
13732,9407750,4014.53
13732,9408049,4014.53
13732,9408340,4014.53
13732,9408680,4014.53
13732,9408901,4014.53
13732,9409268,4014.53
13732,9409563,4014.53
13732,9409846,4014.53
13732,9410087,4014.53
13732,9410388,4014.53
13732,9410739,4014.53
13732,9411019,4014.53
13732,9411314,4014.53
13732,9411547,4014.53
13732,9411838,4014.53
13732,9412189,4014.53
13732,9412492,4014.53
13732,9412785,4014.53
13732,9413016,4014.53
13732,9413307,4014.53
13732,9413584,4014.53
13732,9413885,4014.53
13732,9414199,4014.53
13732,9414412,4014.53
13732,9414730,4014.53
13732,9414961,4014.53
13732,9415272,4014.53
13732,9415567,4014.53
13732,9415917,4014.53
13732,9416143,4014.53
13732,9416499,4014.53
13732,9416787,4014.53
13732,9417071,4014.53
13732,9417353,4014.53
13732,9417663,4014.53
13732,9417872,4014.53
13732,9418185,4014.53
13732,9418481,4014.53
13732,9418833,4014.53
13732,9419125,4014.53
13732,9419337,4014.53
13732,9419643,4014.53
13732,9419934,4014.53
13732,9420278,4014.53
13732,9420572,4014.53
13732,9420870,4014.53
13732,9421107,4014.53
13732,9421455,4014.53
13732,9421690,4014.53
13732,9422031,4014.53
13732,9422309,4014.53
13732,9422559,4014.53
13732,9422851,4014.53
13732,9423139,4014.53
13732,9423491,4014.53
13732,9423783,4014.53
13732,9424006,4014.53
13732,9424316,4014.53
13732,9424612,4014.53
13732,9424956,4014.53
13732,9425239,4014.53
13732,9425535,4014.53
13732,9425775,4014.53
13732,9426065,4014.53
13732,9426360,4014.53
13732,9426611,4014.53
13732,9426926,4014.53
13732,9427216,4014.53
13732,9427447,4014.53
13732,9427744,4014.53
13732,9428025,4014.53
13732,9428372,4014.53
13732,9428665,4014.53
13732,9428907,4014.53
13732,9429188,4014.53
13732,9429546,4014.53
13732,9429824,4014.53
13732,9430067,4014.53
13732,9430354,4014.53
13732,9430700,4014.53
13732,9430994,4014.53
13732,9431231,4014.53
13732,9431523,4014.53
13732,9431813,4014.53
13732,9432266,4014.53
13732,9442746,4014.53
13732,9448925,4014.53
13732,9449151,4014.9
13732,9449376,4014.9
13732,9449728,4014.53
13732,9459851,4014.53
13732,9481555,4014.53
13732,9503513,4015.01
13732,9525227,4015.01
13732,9546708,4014.96
13732,9568196,4014.96
13732,9589974,4015
13732,9611598,4015
13732,9633744,4015.02
13732,9656538,4015.02
13732,9679055,4015.02
13732,9701489,4014.94
13732,9724595,4014.94
13732,9747543,4014.92
13732,9770400,4014.92
13732,9793464,4014.99
13732,9816399,4014.99
13732,9839584,4014.99
13732,9862729,4015.06
13732,9885911,4015.06
13732,9908929,4015.04
13732,9931933,4015.04
13732,9954763,4015.03
13732,9977291,4015.03
13732,9999577,4014.93
13732,10021848,4014.93
13732,10043895,4014.93
13732,10066880,4015.06
13732,10089918,4015.06
13732,10112830,4014.86
13732,10135788,4014.86
13732,10159251,4015.04
13732,10182722,4015.04
13732,10206080,4015.04
13732,10229690,4015.04
13732,10253092,4015.04
13732,10276546,4014.84
13732,10299729,4014.84
13732,10322400,4015.09
13732,10345151,4015.09
13732,10367662,4015
13732,10390345,4015
13732,10413053,4015
13732,10436338,4015.01
13732,10459742,4015.01
13732,10470023,4015.02
13732,10470387,4015.02
13732,10470681,4014.53
13732,10470911,4014.53
13732,10471206,4014.53
13732,10471555,4014.53
13732,10471767,4014.53
13732,10472143,4014.53
13732,10472356,4014.53
13732,10483680,4014.53
13732,10503910,4014.53
13732,10525102,4015
13732,10547065,4015
13732,10569619,4015
13732,10592563,4015.01
13732,10615555,4015.01
13732,10638817,4015.05
13732,10662363,4015.05
13732,10685819,4015.06
13732,10709488,4015.06
13732,10733535,4015.06
13732,10757229,4015.05
13732,10781027,4015.05
13732,10804736,4015.02
13732,10828069,4015.02
13732,10851697,4015
13732,10874731,4015
13732,10897771,4015.01
13732,10921331,4015.01
13732,10944630,4015.01
13732,10968181,4014.99
13732,10991507,4014.99
13732,11014978,4014.99
13732,11038074,4014.99
13732,11061420,4015.03
13732,11084918,4015.03
13732,11108468,4015
13732,11132664,4015
13732,11156699,4015
13732,11180774,4015.07
13732,11204706,4015.07
13732,11228620,4015
13732,11252341,4015
13732,11276027,4015.07
13732,11299435,4015.07
13732,11322977,4015.01
13732,11346436,4015.01
13732,11370283,4015.01
13732,11394292,4015.03
13732,11417832,4015.03
13732,11441389,4014.98
13732,11464571,4014.98
13732,11487445,4015.02
13732,11510135,4015.02
13732,11533051,4015.02
13732,11555826,4015.02
13732,11579126,4015.02
13732,11602801,4015.01
13732,11626233,4015.01
13732,11649820,4015
13732,11673110,4015
13732,11696607,4014.98
13732,11719934,4014.98
13732,11743273,4014.98
13732,11766645,4014.96
13732,11790175,4014.96
13732,11813919,4015.01
13732,11837799,4015.01
13732,11861371,4015.02
13732,11884398,4015.02
13732,11907703,4015.02
13732,11931370,4015.01
13732,11954953,4015.01
13732,11979022,4014.97
13732,12002922,4014.97
13732,12026737,4014.99
13732,12050523,4014.99
13732,12073998,4015.07
13732,12097402,4015.07
13732,12120586,4015.07
13732,12143486,4014.98
13732,12166127,4014.98
13732,12189168,4015.02
13732,12212322,4015.02
13732,12235555,4014.97
13732,12258810,4014.97
13732,12281964,4014.97
13732,12305385,4014.99
13732,12329065,4014.99
13732,12353002,4014.99
13732,12377084,4014.99
13732,12401352,4014.98
13732,12425317,4014.98
13732,12448608,4015.07
13732,12472304,4015.07
13732,12495602,4015.07
13732,12518682,4014.98
13732,12541535,4014.98
13732,12564619,4014.96
13732,12587489,4014.96
13732,12610527,4014.97
13732,12634007,4014.97
13732,12657430,4014.97
13732,12680944,4014.99
13732,12704570,4014.99
13732,12728480,4015.03
13732,12752358,4015.03
13732,12776060,4014.98
13732,12799543,4014.98
13732,12822850,4015.07
13732,12846115,4015.07
13732,12869219,4015.07
13732,12892527,4015.09
13732,12916203,4015.09
13732,12939525,4015.03
13732,12963171,4015.03
13732,12987193,4015.1
13732,13010958,4015.1
13732,13034555,4015.1
13732,13058201,4014.97
13732,13082080,4014.97
13732,13105251,4014.96
13732,13128606,4014.96
13732,13151549,4014.98
13732,13174497,4014.98
13732,13197933,4014.98
13732,13221488,4015.08
13732,13244733,4015.08
13732,13268160,4015.05
13732,13291787,4015.05
13732,13315688,4015.06
13732,13339804,4015.06
13732,13363738,4014.95
13732,13387585,4014.95
13732,13411690,4014.95
13732,13435746,4014.96
13732,13459654,4014.96
13732,13483001,4015.02
13732,13506396,4015.02
13732,13529695,4015.01
13732,13553249,4015.01
13732,13577333,4015.01
13732,13601511,4014.99
13732,13625633,4014.99
13732,13649646,4015
13732,1303021,4015.05
13732,1326059,4015.05
13732,1349490,4015.08
13732,1372602,4015.08
13732,1395639,4015
13732,1418768,4015
13732,1441381,4015.03
13732,1463825,4015.03
13732,1486307,4015.03
13732,1508968,4014.99
13732,1531494,4014.99
13732,1553914,4015.1
13732,1576689,4015.1
13732,1599458,4015.06
13732,1622997,4015.06
13732,1646703,4015.02
13732,1670385,4015.02
13732,1693819,4015.02
13732,1716984,4015.04
13732,1740022,4015.04
13732,1763452,4015.03
13732,1786924,4015.03
13732,1810037,4015.05
13732,1833531,4015.05
13732,1856833,4015.05
13732,1879918,4014.97
13732,1903473,4014.97
13732,1926819,4015.02
13732,13673832,4015
13732,13697596,4015.02
13732,13721212,4015.02
13732,13744620,4015.02
13732,13767844,4015.02
13732,13790858,4015.02
13732,13814154,4015.05
13732,13837555,4015.05
13732,13860988,4015.05
13732,13884409,4015.05
13732,13907693,4015.01
13732,13931239,4015.01
13732,13955175,4015.01
13732,13979208,4014.99
13732,14003475,4014.99
13732,14027360,4014.98
13732,14050863,4014.98
13732,14074332,4014.85
13732,14097476,4014.85
13732,14120691,4014.96
13732,14143856,4014.96
13732,14167061,4014.96
13732,14174693,4015
13732,14175049,4015
13732,14175279,4014.53
13732,14175571,4014.53
13732,14175870,4014.53
13732,14176199,4014.53
13732,14176496,4014.53
13732,14176790,4014.53
13732,14177008,4014.53
13732,14177320,4014.53
13732,14177613,4014.53
13732,14177904,4014.53
13732,14178265,4014.53
13732,14178554,4014.53
13732,14178969,4014.53
13732,14190801,4014.53
13732,14210343,4014.53
13732,14231322,4014.53
13732,14253585,4014.94
13732,14276124,4014.94
13732,14299324,4015
13732,14322881,4015
13732,14346539,4015
13732,14370346,4015.08
13732,14393637,4015.08
13732,14416794,4014.98
13732,14440283,4014.98
13732,14463646,4015.02
13732,14487150,4015.02
13732,14510307,4015
13732,14533665,4015
13732,14556509,4015
13732,14579515,4014.96
13732,14602534,4014.96
13732,14626322,4014.98
13732,14649984,4014.98
13732,14673616,4015.04
13732,14697641,4015.04
13732,14721804,4015.04
13732,14745641,4014.99
13732,14769451,4014.99
13732,14793162,4014.97
13732,14816543,4014.97
13732,14839645,4015.04
13732,14862507,4015.04
13732,14885436,4014.93
13732,14908563,4014.93
13732,14931645,4014.93
13732,14955092,4015.02
13732,14978580,4015.02
13732,15002070,4015.03
13732,15025827,4015.03
13732,15049250,4014.95
13732,15072748,4014.95
13732,15096107,4014.95
13732,15119468,4015.01
13732,15142427,4015.01
13732,15165594,4014.99
13732,15189230,4014.99
13732,15212633,4015.05
13732,15236371,4015.05
13732,15260119,4014.9
13732,15284065,4014.9
13732,15308129,4014.9
13732,15332613,4015.02
13732,15356319,4015.02
13732,15379478,4015.01
13732,15402891,4015.01
13732,15425954,4015.02
13732,15449747,4015.02
13732,15473557,4015.06
13732,15497443,4015.06
13732,15521378,4015.06
13732,15526617,4014.97
13732,15526906,4014.97
13732,15527649,4014.53
13732,15544405,4014.53
13732,15570608,4014.88
13732,15596206,4014.88
13732,15620932,4014.88
13732,15644735,4015.02
13732,15668349,4015.02
13732,15691649,4015.03
13732,15714642,4015.03
13732,15737830,4015
13732,15760847,4015
13732,15783135,4015.05
13732,15783436,4015.05
13732,15783715,4015.05
13732,15786441,4014.53
13732,15805742,4014.53
13732,15827776,4015.05
13732,15850600,4015.05
13732,15873939,4014.96
13732,15897526,4014.96
13732,15920893,4014.96
13732,15944109,4014.99
13732,15967241,4014.99
13732,15990470,4015
13732,16013489,4015
13732,16036920,4014.98
13732,16060247,4014.98
13732,16083398,4015.08
13732,16106573,4015.08
13732,16129762,4015.08
13732,16152890,4014.98
13732,16175673,4014.98
13732,16199324,4015.01
13732,16222852,4015.01
13732,16246085,4014.99
13732,16269614,4014.99
13732,16293039,4014.99
13732,16316239,4015
13732,16339638,4015
13732,16363313,4015.02
13732,16387142,4015.02
13732,16410898,4014.99
13732,16433920,4014.99
13732,16457017,4015.01
13732,16479550,4015.01
13732,16502466,4015.01
13732,16524353,4015.04
13732,16524669,4015.04
13732,16525024,4015.03
13732,16526021,4015.03
13732,16542660,4014.53
13732,16566065,4014.53
13732,16589417,4014.53
13732,16613277,4015.04
13732,16636725,4015.04
13732,16660420,4015.05
13732,16683894,4015.05
13732,16707393,4015.03
13732,16730800,4015.03
13732,16753977,4014.95
13732,16777008,4014.95
13732,16800229,4014.95
13732,16823436,4015.02
13732,16846930,4015.02
13732,16870636,4014.96
13732,16894690,4014.96
13732,16918574,4015.04
13732,16942523,4015.04
13732,16966073,4015.04
13732,16989169,4015.06
13732,17012246,4015.06
13732,17035593,4015.01
13732,17058872,4015.01
13732,17082105,4015
13732,17105596,4015
13732,17128847,4015.02
13732,17152331,4015.02
13732,17175475,4015.02
13732,17198908,4015
13732,17222330,4015
13732,17245602,4015.02
13732,17268727,4015.02
13732,17292450,4014.94
13732,17316605,4014.94
13732,17339694,4014.94
13732,17339991,4015.04
13732,17340239,4015.04
13732,17340532,4014.53
13732,17340820,4014.53
13732,17341167,4014.53
13732,17341463,4014.53
13732,17341742,4014.53
13732,17342033,4014.53
13732,17344228,4014.53
13732,17364242,4014.53
13732,17388196,4014.53
13732,17412038,4014.98
13732,17435508,4014.98
13732,17458780,4014.98
13732,17481438,4014.98
13732,17504375,4014.98
13732,17527799,4015.04
13732,17550985,4015.04
13732,17574231,4015.01
13732,17597917,4015.01
13732,17621477,4015.04
13732,17644771,4015.04
13732,17667936,4015.01
13732,17691184,4015.01
13732,17714547,4015.01
13732,17737555,4014.93
13732,17760498,4014.93
13732,17783703,4015
13732,17807095,4015
13732,17830750,4014.96
13732,17854612,4014.96
13732,17878684,4014.96
13732,17902442,4014.98
13732,17925913,4014.98
13732,17949419,4015.04
13732,17972454,4015.04
13732,17995752,4015.04
13732,18007593,4015.04
13732,18007880,4015.04
13732,18008219,4015.03
13732,18016548,4015.03
13732,18039113,4014.53
13732,18062519,4014.53
13732,18086323,4014.88
13732,18109732,4014.88
13732,18133339,4014.95
13732,18156829,4014.95
13732,18180257,4014.95
13732,18203634,4014.98
13732,18227373,4014.98
13732,18251083,4015.03
13732,18275106,4015.03
13732,18298977,4015.01
13732,18322587,4015.01
13732,18346050,4015.01
13732,18369521,4015
13732,18393064,4015
13732,18416191,4014.95
13732,18439708,4014.95
13732,18463149,4014.96
13732,18486557,4014.96
13732,18509972,4014.99
13732,18533559,4014.99
13732,18556977,4014.99
13732,18580504,4014.97
13732,18604200,4014.97
13732,18628014,4014.99
13732,18651556,4014.99
13732,18675018,4015.01
13732,18698285,4015.01
13732,18721570,4014.99
13732,18744960,4014.99
13732,18768305,4014.99
13732,18791228,4015.03
13732,18814316,4015.03
13732,18837417,4014.98
13732,18860285,4014.98
13732,18883511,4015
13732,18906412,4015
13732,18929836,4015
13732,18953396,4015
13732,18976653,4015
13732,19000421,4014.98
13732,19024050,4014.98
13732,19047725,4014.99
13732,19071042,4014.99
13732,19094318,4015.06
13732,19117503,4015.06
13732,19140777,4015.06
13732,19164321,4015.02
13732,19188130,4015.02
13732,19211921,4015.02
13732,19235633,4015.02
13732,19259263,4015.01
13732,19283011,4015.01
13732,19306944,4015.01
13732,19330553,4014.98
13732,19353283,4014.98
13732,19376041,4014.97
13732,19398850,4014.97
13732,19421498,4014.98
13732,19444529,4014.98
13732,19467548,4014.98
13732,19490597,4014.98
13732,19513609,4014.98
13732,19536952,4015
13732,19560384,4015
13732,19583285,4015.03
13732,19606435,4015.03
13732,19629799,4015
13732,19653345,4015
13732,19676968,4015
13732,19700639,4015.02
13732,19724196,4015.02
13732,19747620,4014.98
13732,19771566,4014.98
13732,19795491,4015.03
13732,19819217,4015.03
13732,19843018,4015.03
13732,19866412,4015
13732,19889954,4015
13732,19912571,4015
13732,19935658,4015
13732,19958809,4014.89
13732,19982106,4014.89
13732,20005149,4014.99
13732,20028027,4014.99
13732,20051232,4014.99
13732,20074606,4015.03
13732,20098345,4015.03
13732,20121899,4015.02
13732,20145321,4015.02
13732,20168474,4015.01
13732,1950579,4015.02
13732,1974014,4015.03
13732,1997861,4015.03
13732,2021879,4015.08
13732,2045318,4015.08
13732,2068887,4015.08
13732,2092257,4015.03
13732,2115435,4015.03
13732,2138477,4015.03
13732,2162218,4015.03
13732,2185957,4014.95
13732,2210025,4014.95
13732,2233841,4015.01
13732,2257403,4015.01
13732,2281470,4015.01
13732,2305190,4015.04
13732,2328625,4015.04
13732,2351735,4015.11
13732,2374506,4015.11
13732,2397552,4014.99
13732,2421051,4014.99
13732,2445024,4015.03
13732,2468957,4015.03
13732,2492520,4015.03
13732,2515900,4014.99
13732,2538700,4014.99
13732,2561977,4015.05
13732,20191936,4015.01
13732,20215582,4015.01
13732,20239258,4015.04
13732,20263522,4015.04
13732,20287287,4015.02
13732,20311087,4015.02
13732,20334742,4014.98
13732,20358001,4014.98
13732,20380729,4014.98
13732,20403765,4014.98
13732,20426472,4014.98
13732,20449448,4015.01
13732,20472608,4015.01
13732,20496039,4015.01
13732,20519642,4015.01
13732,20543339,4015.04
13732,20566821,4015.04
13732,20590446,4015.04
13732,20613668,4015.04
13732,20636970,4015.04
13732,20659489,4014.99
13732,20681784,4014.99
13732,20704306,4015.01
13732,20726763,4015.01
13732,20750006,4015.07
13732,20773019,4015.07
13732,20796210,4015.07
13732,20819373,4014.98
13732,20842798,4014.98
13732,20866228,4014.99
13732,20889629,4014.99
13732,20913202,4015.01
13732,20936608,4015.01
13732,20957975,4015.05
13732,20958195,4015.05
13732,20958537,4015.05
13732,20960911,4014.53
13732,20981097,4014.53
13732,21003499,4015.2
13732,21026279,4015.2
13732,21049471,4014.95
13732,21073138,4014.95
13732,21096815,4014.95
13732,21120499,4015.02
13732,21143643,4015.02
13732,21166916,4015
13732,21190399,4015
13732,21214321,4015.06
13732,21237737,4015.06
13732,21261778,4014.99
13732,21285474,4014.99
13732,21309947,4014.99
13732,21334215,4014.98
13732,21357995,4014.98
13732,21381632,4014.98
13732,21386074,4014.98
13732,2585280,4015.05
13732,2608176,4015.03
13732,2631191,4015.03
13732,2654308,4015.03
13732,2677480,4015.09
13732,2700653,4015.09
13732,2703936,4015.12
13732,2704277,4015.12
13732,2704573,4014.53
13732,2707647,4014.53
13732,2729165,4014.53
13732,2752712,4014.53
13732,2775876,4014.53
13732,2799567,4015.04
13732,2822544,4015.04
13732,2845882,4015.06
13732,2869065,4015.06
13732,2892382,4015.05
13732,2915910,4015.05
13732,2939593,4014.97
13732,2963273,4014.97
13732,2969616,4014.97
13732,2969911,4015.05
13732,2970273,4015.05
13732,2970576,4014.53
13732,2970873,4014.53
13732,2971067,4014.53
13732,2971469,4014.53
13732,2971751,4014.53
13732,2971987,4014.53
13732,2972335,4014.53
13732,2972634,4014.53
13732,2972923,4014.53
13732,2973165,4014.53
13732,2973446,4014.53
13732,2973739,4014.53
13732,2974032,4014.53
13732,2974376,4014.53
13732,2974666,4014.53
13732,2974953,4014.53
13732,2975236,4014.53
13732,2975554,4014.53
13732,2980948,4014.53
13732,2999901,4014.53
13732,3019784,4014.53
13732,3041185,4014.84
13732,3062649,4014.84
13732,3084669,4015.03
13732,3107079,4015.03
13732,3129722,4015.02
13732,3152746,4015.02
13732,3175773,4015.07
13732,3198848,4015.07
13732,3222059,4015.07
13732,3245330,4015.06
13732,3269015,4015.06
13732,3292462,4015.02
13732,3315808,4015.02
13732,3339262,4015.04
13732,3362491,4015.04
13732,3385693,4015.05
13732,3408950,4015.05
13732,3432833,4015.05
13732,3456379,4015.01
13732,3480330,4015.01
13732,3503838,4015.13
13732,3527655,4015.13
13732,3551113,4015.03
13732,3574675,4015.03
13732,3598355,4015.03
13732,3617930,4015.06
13732,3618260,4015.06
13732,3618553,4015.04
13732,3618799,4015.04
13732,3619088,4014.53
13732,3619973,4014.53
13732,3633569,4014.53
13732,3657905,4014.53
13732,3682070,4014.53
13732,3705510,4015.05
13732,3729068,4015.05
13732,3752241,4015.01
13732,3775713,4015.01
13732,3798632,4015.08
13732,3821724,4015.08
13732,3844781,4014.99
13732,3867545,4014.99
13732,3890122,4014.99
13732,3912746,4015.06
13732,3935666,4015.06
13732,3959152,4015.19
13732,3982894,4015.19
13732,4006871,4015.03
13732,4030848,4015.03
13732,4054211,4015.03
13732,4077605,4015.01
13732,4100598,4015.01
13732,4123798,4014.97
13732,4146696,4014.97
13732,4169671,4015.02
13732,4192393,4015.02
13732,4214973,4015.01
13732,4237741,4015.01
13732,4261604,4015.01
13732,4285743,4015.05
13732,4309416,4015.05
13732,4333087,4015.05
13732,4356245,4015.05
13732,4378756,4015.05
13732,4401056,4015.05
13732,4423960,4015.06
13732,4446889,4015.06
13732,4470181,4015.06
13732,4493853,4014.98
13732,4517601,4014.98
13732,4540940,4014.93
13732,4564508,4014.93
13732,4587931,4015.06
13732,4611610,4015.06
13732,4634788,4015.06
13732,4658220,4015.1
13732,4681786,4015.1
13732,4705174,4014.91
13732,4728470,4014.91
13732,4728996,4014.06
13732,4729288,4014.06
13732,4729580,4014.53
13732,4729873,4014.53
13732,4730161,4014.53
13732,4730508,4014.53
13732,4730799,4014.53
13732,4731082,4014.53
13732,4731300,4014.53
13732,4731610,4014.53
13732,4731957,4014.53
13732,4732253,4014.53
13732,4732485,4014.53
13732,4732835,4014.53
13732,4733115,4014.53
13732,4733427,4014.53
13732,4733708,4014.53
13732,4734000,4014.53
13732,4734292,4014.53
13732,4734585,4014.53
13732,4734881,4014.53
13732,4735119,4014.53
13732,4735474,4014.53
13732,4735685,4014.53
13732,4735995,4014.53
13732,4736282,4014.53
13732,4736571,4014.53
13732,4736797,4014.53
13732,4737084,4014.53
13732,4737431,4014.53
13732,4737716,4014.53
13732,4738015,4014.53
13732,4738313,4014.53
13732,4738590,4014.53
13732,4738818,4014.53
13732,4739126,4014.53
13732,4739465,4014.53
13732,4739754,4014.53
13732,4740047,4014.53
13732,4740339,4014.53
13732,4740636,4014.53
13732,4740856,4014.53
13732,4741157,4014.53
13732,4741458,4014.53
13732,4741748,4014.53
13732,4742040,4014.53
13732,4742326,4014.53
13732,4742657,4014.53
13732,4742965,4014.53
13732,4743250,4014.53
13732,4743554,4014.53
13732,4743845,4014.53
13732,4744131,4014.53
13732,4744410,4014.53
13732,4744657,4014.53
13732,4744945,4014.53
13732,4745242,4014.53
13732,4745536,4014.53
13732,4745828,4014.53
13732,4749261,4014.53
13732,4749568,4014.53
13732,4749853,4014.53
13732,4751657,4014.53
13732,4767170,4014.53
13732,4785091,4014.85
13732,4804648,4014.85
13732,4825274,4014.85
13732,4847039,4015.04
13732,4852837,4015.04
13732,4852986,4015.13
13732,4853292,4015.13
13732,4853641,4014.53
13732,4853936,4014.53
13732,4854609,4014.53
13732,4870554,4014.53
13732,4893541,4014.53
13732,4916430,4015.18
13732,4917274,4015.18
13732,4917497,4015
13732,4918524,4015
13732,4933532,4014.53
13732,4955520,4014.53
13732,4977864,4014.53
13732,4999981,4015.03
13732,5022610,4015.03
13732,5044906,4015.08
13732,5067923,4015.08
13732,5090319,4014.89
13732,5113095,4014.89
13732,5135639,4014.99
13732,5158566,4014.99
13732,5181387,4014.99
13732,5204410,4015.05
13732,5227808,4015.05
13732,5251226,4015.19
13732,5274610,4015.19
13732,5297931,4015.02
13732,5321409,4015.02
13732,5345398,4015.01
13732,5368858,4015.01
13732,5391527,4015.01
13732,5413737,4015.07
13732,5436439,4015.07
13732,5459554,4014.99
13732,5482586,4014.99
13732,5505468,4015.1
13732,5528594,4015.1
13732,5551767,4015.1
13732,5574896,4015.05
13732,5598226,4015.05
13732,5621665,4015.04
13732,5645050,4015.04
13732,5668627,4015.04
13732,5691927,4015.04
13732,5715552,4015.04
13732,5739073,4015.04
13732,5762731,4015.04
13732,5786008,4015
13732,5803626,4015
13732,5803959,4015.08
13732,5804253,4015.08
13732,5807984,4014.53
13732,5830327,4014.53
13732,5852794,4014.53
13732,5875016,4015.01
13732,5897565,4015.01
13732,5920240,4015.18
13732,5943092,4015.18
13732,5965997,4015.04
13732,5988966,4015.04
13732,6012011,4015.11
13732,6034841,4015.11
13732,6058209,4015.11
13732,6081304,4015.04
13732,6104934,4015.04
13732,6128880,4014.97
13732,6152946,4014.97
13732,6176978,4014.93
13732,6200303,4014.93
13732,6223883,4015.02
13732,6247143,4015.02
13732,6270599,4015.02
13732,6293986,4015.06
13732,6317646,4015.06
13732,6340848,4015.04
13732,6364217,4015.04
13732,6387324,4015
13732,6410234,4015
13732,6433200,4015
13732,6456440,4015.02
13732,6479989,4015.02
13734,57776,4014.99
13734,81253,4015
13734,104805,4015
13734,128236,4014.89
13734,151698,4014.89
13734,175222,4014.89
13734,199013,4015.03
13734,222575,4015.03
13734,245576,4014.98
13734,268782,4014.98
13734,287573,4015.04
13734,287745,4015.04
13734,287957,4014.53
13734,288170,4014.53
13734,296024,4014.53
13734,318388,4014.53
13734,340423,4014.53
13734,363081,4014.93
13734,385999,4014.93
13734,408804,4015.03
13734,432074,4015.03
13734,455480,4015.03
13734,478891,4014.98
13734,502274,4014.98
13734,525636,4015.02
13734,548950,4015.02
13734,572606,4015
13734,596486,4015
13734,619863,4015
13734,643026,4015.07
13734,6565398,4015.01
13734,6588891,4015.01
13734,6612613,4014.96
13734,6613888,4014.96
13734,6614098,4014.53
13734,6616041,4014.53
13734,6636909,4014.53
13734,6662616,4014.53
13734,6687207,4014.53
13734,6711127,4014.99
13734,6734717,4014.99
13734,6758108,4015
13734,6782032,4015
13734,6806099,4015.08
13734,6829923,4015.08
13734,6853663,4015.08
13734,6877669,4015.04
13734,6901229,4015.04
13734,6925171,4014.97
13734,6948776,4014.97
13734,6972586,4015.02
13734,6996447,4015.02
13734,7020771,4015.03
13734,7044887,4015.03
13734,7068890,4015.03
13734,7092967,4015
13734,7116900,4015
13734,7140695,4015
13734,7164923,4015
13734,7188581,4014.94
13734,666340,4015.07
13734,689445,4015.07
13734,712675,4015.07
13734,735941,4015
13734,758533,4015
13734,781643,4015.02
13734,804803,4015.02
13734,817467,4015.02
13734,817646,4015.01
13734,817866,4015.01
13734,822880,4014.53
13734,845774,4014.53
13734,870361,4015.13
13734,894722,4015.13
13734,918502,4015.06
13734,941956,4015.06
13734,965714,4015.06
13734,989005,4014.99
13734,1012042,4014.99
13734,1035353,4015.01
13734,1058517,4015.01
13734,1082037,4015.01
13734,1105752,4015.01
13734,1129549,4014.99
13734,1153281,4014.99
13734,1177192,4014.99
13734,1200832,4015.09
13734,1224765,4015.09
13734,1248655,4015.04
13734,1272164,4015.04
13734,1296073,4015.03
13734,7212094,4014.94
13734,7235767,4014.94
13734,7258898,4015.03
13734,7282042,4015.03
13734,7305537,4014.94
13734,7328593,4014.94
13734,7351745,4014.96
13734,7374833,4014.96
13734,7398061,4014.99
13734,7421676,4014.99
13734,7445065,4014.99
13734,7468024,4015.01
13734,7491166,4015.01
13734,7513815,4015.05
13734,7537124,4015.05
13734,7560755,4014.96
13734,7584863,4014.96
13734,7609001,4014.99
13734,7633242,4014.99
13734,7656934,4014.99
13734,7679953,4015.02
13734,7702768,4015.02
13734,7725297,4015.06
13734,7727461,4015.06
13734,7727614,4014.97
13734,7727927,4014.97
13734,7728089,4014.97
13734,7728357,4014.53
13734,7728519,4014.53
13734,7728728,4014.53
13734,7728927,4014.53
13734,7730283,4014.53
13734,7747438,4014.53
13734,7771423,4015.07
13734,7795206,4015.07
13734,7817978,4015.07
13734,7840340,4015.01
13734,7862428,4015.01
13734,7884530,4014.94
13734,7907189,4014.94
13734,7930209,4015.01
13734,7953867,4015.01
13734,7970544,4015.01
13734,7970702,4014.98
13734,7970917,4014.98
13734,7974307,4014.53
13734,7996723,4014.53
13734,8019119,4015.08
13734,8040854,4015.08
13734,8062758,4014.98
13734,8084891,4014.98
13734,8107680,4014.98
13734,8130987,4014.99
13734,8154532,4014.99
13734,8178024,4014.98
13734,8201508,4014.98
13734,8225185,4014.98
13734,8248602,4014.98
13734,8271658,4015.01
13734,8294690,4015.01
13734,8318058,4015.01
13734,8341167,4014.98
13734,8364489,4014.98
13734,8387890,4014.94
13734,8410669,4014.94
13734,8433965,4015.01
13734,8457376,4015.01
13734,8480452,4015.01
13734,8503724,4015.01
13734,8527021,4015.01
13734,8550575,4015.06
13734,8573977,4015.06
13734,8597280,4015.01
13734,8620622,4015.01
13734,8643620,4015.02
13734,8666669,4015.02
13734,8690310,4015.02
13734,8713893,4014.97
13734,8737509,4014.97
13734,8760931,4015.04
13734,8784431,4015.04
13734,8807732,4015.01
13734,8831081,4015.01
13734,8854329,4015
13734,8877477,4015
13734,8900598,4015
13734,8923908,4014.99
13734,8946848,4014.99
13734,8969662,4015.04
13734,8992818,4015.04
13734,9015858,4015.01
13734,9038915,4015.01
13734,9061934,4015.01
13734,9084852,4015.01
13734,9107492,4015.01
13734,9130007,4014.98
13734,9152929,4014.98
13734,9176167,4015.03
13734,9199504,4015.03
13734,9222339,4014.97
13734,9245505,4014.97
13734,9268618,4014.97
13734,9291306,4015.02
13734,9314107,4015.02
13734,9337281,4015
13734,9360549,4015
13734,9367887,4015
13734,9368101,4015
13734,9371633,4015
13734,9393524,4014.53
13734,9415687,4014.53
13734,9438320,4014.92
13734,9460985,4014.92
13734,9484056,4014.97
13734,9506939,4014.97
13734,9529465,4014.98
13734,9551881,4014.98
13734,9574938,4014.98
13734,9597578,4014.97
13734,9620737,4014.97
13734,9644311,4015
13734,9668086,4015
13734,9692293,4015.05
13734,9716272,4015.05
13734,9739848,4015.07
13734,9762712,4015.07
13734,9785951,4015.07
13734,9808760,4014.99
13734,9831681,4014.99
13734,9854722,4014.96
13734,9877858,4014.96
13734,9901785,4014.98
13734,9926055,4014.98
13734,9949383,4015.01
13734,9972860,4015.01
13734,9996672,4015.01
13734,10020502,4014.99
13734,10043941,4014.99
13734,10067467,4015
13734,10090004,4015
13734,10112691,4014.98
13734,10135206,4014.98
13734,10158229,4014.98
13734,10180983,4015.01
13734,10203592,4015.01
13734,10226259,4014.97
13734,10248945,4014.97
13734,10271737,4015
13734,10295168,4015
13734,10318508,4014.97
13734,10342186,4014.97
13734,10366077,4014.97
13734,10389962,4015.02
13734,10413294,4015.02
13734,10436340,4014.94
13734,10459787,4014.94
13734,10483344,4015
13734,10506990,4015
13734,10530177,4014.95
13734,10553859,4014.95
13734,10576641,4014.95
13734,10599051,4014.97
13734,10621079,4014.97
13734,10643201,4015.02
13734,10665618,4015.02
13734,10688373,4014.97
13734,10711624,4014.97
13734,10735029,4014.97
13734,10758388,4015.04
13734,10781960,4015.04
13734,10805815,4015.03
13734,10829693,4015.03
13734,10853110,4015.04
13734,10876174,4015.04
13734,10899652,4015.03
13734,10922768,4015.03
13734,10945926,4015.03
13734,10968866,4015.03
13734,10992014,4015.03
13734,11014911,4014.89
13734,11038333,4014.89
13734,11061519,4015
13734,11084909,4015
13734,11108228,4015
13734,11131651,4014.97
13734,11154947,4014.97
13734,11178380,4014.97
13734,11201930,4014.97
13734,11225336,4014.99
13734,11248781,4014.99
13734,11272111,4014.99
13734,11296072,4014.99
13734,11319701,4014.99
13734,11343151,4015
13734,11366659,4015
13734,11389965,4015.01
13734,11413512,4015.01
13734,11436711,4015.01
13734,11459709,4015.01
13734,11482560,4014.99
13734,11505420,4014.99
13734,11528568,4014.99
13734,11551066,4015.02
13734,11574020,4015.02
13734,11596845,4015.01
13734,11620214,4015.01
13734,11643785,4015.06
13734,11667134,4015.06
13734,11690491,4015.05
13734,11713906,4015.05
13734,11737357,4015.05
13734,11760878,4014.93
13734,11784328,4014.93
13734,11807897,4014.99
13734,11830540,4014.99
13734,11852967,4014.96
13734,11875589,4014.96
13734,11897760,4014.98
13734,11920018,4014.98
13734,11942283,4014.98
13734,11964294,4014.95
13734,11986569,4014.95
13734,12009038,4015
13734,12032380,4015
13734,12055833,4014.95
13734,12079149,4014.95
13734,12102489,4014.95
13734,12125678,4014.99
13734,12149256,4014.99
13734,12172557,4014.98
13734,12195985,4014.98
13734,12219446,4014.98
13734,12243214,4014.98
13734,12267009,4015.01
13734,12290026,4015.01
13734,12312718,4015.01
13734,12334464,4014.99
13734,12356349,4014.99
13734,12377869,4015.01
13734,12399999,4015.01
13734,12422546,4014.96
13734,12445320,4014.96
13734,12468346,4015.05
13734,12491687,4015.05
13734,12515191,4015.05
13734,12538491,4014.96
13734,12562113,4014.96
13734,12585594,4014.98
13734,12608886,4014.98
13734,12631682,4014.96
13734,12654436,4014.96
13734,12677519,4014.96
13734,12700326,4014.97
13734,12722837,4014.97
13734,12745731,4015.05
13734,12768504,4015.05
13734,12790921,4015
13734,12813764,4015
13734,12836471,4015.02
13734,12859531,4015.02
13734,12882555,4015.02
13734,12905037,4015.02
13734,12927879,4015.02
13734,12950928,4015
13734,12974370,4015
13734,12997621,4015.04
13734,13020548,4015.04
13734,13043834,4015.04
13734,13066698,4015.06
13734,13088887,4015.06
13734,13111432,4014.85
13734,13133588,4014.85
13734,13155986,4014.95
13734,13178618,4014.95
13734,13201673,4015.03
13734,13224457,4015.03
13734,13247755,4015.03
13734,13271126,4015.01
13734,13294521,4015.01
13734,13317566,4015.04
13734,13340466,4015.04
13734,13363318,4015.02
13734,13386197,4015.02
13734,13409038,4014.96
13734,13431985,4014.96
13734,13455115,4014.96
13734,13477998,4014.95
13734,13500808,4014.95
13734,13523724,4015.03
13734,13545938,4015.03
13734,13568110,4014.99
13734,13590539,4014.99
13734,13613263,4014.95
13734,13635633,4014.95
13734,13658279,4014.95
13734,13680935,4015.07
13734,13703583,4015.07
13734,13726345,4015.04
13734,1319641,4015.03
13734,1343173,4015.03
13734,1366622,4014.97
13734,1390048,4014.97
13734,1413260,4014.99
13734,1436501,4014.99
13734,1460452,4014.99
13734,1484061,4014.99
13734,1508181,4014.99
13734,1532758,4014.99
13734,1556710,4014.99
13734,1580742,4014.96
13734,1604809,4014.96
13734,1628193,4015.01
13734,1651162,4015.01
13734,1674391,4015
13734,1697638,4015
13734,1720666,4015.01
13734,1744094,4015.01
13734,1767764,4015.01
13734,1791185,4014.97
13734,1814881,4014.97
13734,1838454,4014.98
13734,1862098,4014.98
13734,1879776,4015.06
13734,1879916,4015.06
13734,1880129,4015.06
13734,1883020,4014.53
13734,1903108,4014.53
13734,1925522,4014.91
13734,1948176,4014.91
13734,13749615,4015.04
13734,13773351,4014.97
13734,13797169,4014.97
13734,13820825,4014.97
13734,13844490,4014.99
13734,13868186,4014.99
13734,13891719,4014.95
13734,13914417,4014.95
13734,13937104,4014.96
13734,13959625,4014.96
13734,13982123,4015.02
13734,14004647,4015.02
13734,14027640,4015.02
13734,14050543,4014.95
13734,14073857,4014.95
13734,14097401,4015.01
13734,14120810,4015.01
13734,14143872,4014.95
13734,14167285,4014.95
13734,14190214,4014.95
13734,14212618,4014.93
13734,14235076,4014.93
13734,14257543,4014.96
13734,14280004,4014.96
13734,14302695,4014.98
13734,14324917,4014.98
13734,14347252,4014.98
13734,14369806,4014.98
13734,14392335,4014.98
13734,14415107,4014.97
13734,14438423,4014.97
13734,14462082,4014.98
13734,14485503,4014.98
13734,14509283,4015.02
13734,14532751,4015.02
13734,14556282,4015.02
13734,14579707,4015.01
13734,14603258,4015.01
13734,14626304,4015.01
13734,14649591,4015.01
13734,14672609,4015.02
13734,14695822,4015.02
13734,14719108,4015.03
13734,14741624,4015.03
13734,14764422,4015.03
13734,14787195,4014.97
13734,14809864,4014.97
13734,14832517,4015.06
13734,14854978,4015.06
13734,14877793,4014.98
13734,14900986,4014.98
13734,14924535,4014.98
13734,14947786,4014.99
13734,14971346,4014.99
13734,14995321,4015.02
13734,15018517,4015.02
13734,15042049,4014.97
13734,15065477,4014.97
13734,15089119,4014.99
13734,15111962,4014.99
13734,15134914,4014.99
13734,15157887,4015.01
13734,15180746,4015.01
13734,15203724,4015.01
13734,15226231,4015.01
13734,15248905,4015
13734,15271555,4015
13734,15294452,4015.18
13734,15317544,4015.18
13734,15341190,4015.18
13734,15365241,4015.04
13734,15389310,4015.04
13734,15412982,4014.92
13734,15436333,4014.92
13734,15459849,4015.03
13734,15482919,4015.03
13734,15505821,4015.03
13734,15528932,4015.02
13734,15551499,4015.02
13734,15574558,4014.98
13734,15597598,4014.98
13734,15620874,4015.03
13734,15644293,4015.03
13734,15667217,4015.02
13734,15690758,4015.02
13734,15714195,4015.02
13734,15738021,4015.02
13734,15761666,4015.02
13734,15785090,4015
13734,15808474,4015
13734,15831179,4014.97
13734,15854196,4014.97
13734,15877371,4014.98
13734,15899915,4014.98
13734,15922435,4014.98
13734,15944846,4014.91
13734,15967143,4014.91
13734,15969719,4014.97
13734,15969823,4014.97
13734,15970081,4014.53
13734,15973805,4014.53
13734,15995177,4014.53
13734,16017008,4014.53
13734,16039343,4014.53
13734,16062009,4014.95
13734,16084521,4014.95
13734,16108004,4014.96
13734,16131749,4014.96
13734,16154862,4015.01
13734,16177568,4015.01
13734,16183353,4015.01
13734,16183521,4015
13734,16183737,4015
13734,16191096,4014.53
13734,16214123,4014.53
13734,16236896,4015
13734,16259274,4015
13734,16281451,4014.98
13734,16303602,4014.98
13734,16326165,4014.98
13734,16348552,4014.97
13734,16370851,4014.97
13734,16393394,4014.91
13734,16416348,4014.91
13734,16439261,4014.98
13734,16462043,4014.98
13734,16484816,4014.98
13734,16507375,4014.96
13734,16529889,4014.96
13734,16552708,4014.98
13734,16575443,4014.98
13734,16598178,4015.03
13734,16620905,4015.03
13734,16643247,4014.99
13734,16666208,4014.99
13734,16689514,4014.99
13734,16713050,4015
13734,16736482,4015
13734,16760169,4015.02
13734,16783433,4015.02
13734,16806413,4015.01
13734,16811542,4015.01
13734,16811705,4014.53
13734,16811907,4014.53
13734,16812183,4014.53
13734,16812398,4014.53
13734,16812557,4014.53
13734,16812814,4014.53
13734,16813032,4014.53
13734,16813233,4014.53
13734,16813399,4014.53
13734,16813658,4014.53
13734,16813874,4014.53
13734,16814080,4014.53
13734,16814280,4014.53
13734,16814485,4014.53
13734,16814668,4014.53
13734,16814924,4014.53
13734,16815138,4014.53
13734,16817902,4014.53
13734,16836217,4014.53
13734,16857274,4015.09
13734,16879100,4015.09
13734,16900933,4014.99
13734,16923381,4014.99
13734,16946418,4014.95
13734,16969234,4014.95
13734,16972534,4014.95
13734,16972808,4015.08
13734,16972967,4015.08
13734,16974750,4014.53
13734,16993246,4014.53
13734,17014286,4015.26
13734,17035939,4015.26
13734,17057395,4014.96
13734,17079448,4014.96
13734,17101714,4014.96
13734,17124258,4014.99
13734,17146561,4014.99
13734,17169688,4015.08
13734,17192480,4015.08
13734,17215514,4014.93
13734,17238541,4014.93
13734,17261609,4014.93
13734,17284381,4014.99
13734,17306999,4014.99
13734,17328922,4014.95
13734,17350579,4014.95
13734,17372707,4015
13734,17395207,4015
13734,17417831,4014.95
13734,17440655,4014.95
13734,17463576,4014.95
13734,17486579,4015.05
13734,17509389,4015.05
13734,17531786,4015.04
13734,17554594,4015.04
13734,17577514,4015.01
13734,17600509,4015.01
13734,17623825,4014.98
13734,17627772,4014.98
13734,17627989,4014.98
13734,17628970,4014.53
13734,17644986,4014.53
13734,17666526,4014.88
13734,17688536,4014.88
13734,17711048,4014.98
13734,17733579,4014.98
13734,17755977,4014.98
13734,17778809,4014.99
13734,17801657,4014.99
13734,17824319,4014.96
13734,17847013,4014.96
13734,17870194,4014.98
13734,17893742,4014.98
13734,17916880,4014.98
13734,17940286,4014.98
13734,17963599,4014.98
13734,17986395,4014.91
13734,18009035,4014.91
13734,18031575,4014.99
13734,18054365,4014.99
13734,18067654,4015.02
13734,18067863,4015.02
13734,18068134,4015.02
13734,18068666,4014.53
13734,18081971,4014.53
13734,18103470,4014.53
13734,18125472,4014.53
13734,18147393,4014.87
13734,18169522,4014.87
13734,18191803,4014.91
13734,18198309,4014.91
13734,18198526,4014.91
13734,18199414,4014.53
13734,18216575,4014.53
13734,18239740,4014.53
13734,18262898,4014.53
13734,18285611,4015
13734,18308337,4015
13734,18330482,4015
13734,18352368,4014.96
13734,18374486,4014.96
13734,18396569,4014.97
13734,18419564,4014.97
13734,18442861,4015
13734,18466302,4015
13734,18489574,4014.91
13734,18512934,4014.91
13734,18536694,4014.91
13734,18560046,4014.99
13734,18582763,4014.99
13734,18604793,4014.99
13734,18626812,4014.99
13734,18649855,4014.98
13734,18672923,4014.98
13734,18696420,4014.98
13734,18719213,4014.93
13734,18742124,4014.93
13734,18765050,4014.99
13734,18787687,4014.99
13734,18810856,4015
13734,18834326,4015
13734,18857452,4014.95
13734,18880371,4014.95
13734,18903497,4014.95
13734,18926662,4014.96
13734,18949634,4014.96
13734,18972539,4014.99
13734,18995348,4014.99
13734,19018090,4014.99
13734,19040378,4014.99
13734,19063664,4014.98
13734,19070972,4014.98
13734,1971065,4014.97
13734,1993984,4014.97
13734,2014466,4015
13734,2014626,4015
13734,2014835,4015
13734,2015856,4014.53
13734,2032673,4014.53
13734,2057999,4014.53
13734,2082774,4014.53
13734,2106364,4014.92
13734,2130174,4014.92
13734,2153460,4014.92
13734,2176895,4014.9
13734,2200370,4014.9
13734,2224123,4014.99
13734,2247541,4014.99
13734,2270834,4014.96
13734,2293622,4014.96
13734,2316544,4015.04
13734,2339352,4015.04
13734,2362516,4015.04
13734,2386153,4014.98
13734,2409823,4014.98
13734,2433788,4015.02
13734,2457641,4015.02
13734,2481264,4014.98
13734,2504558,4014.98
13734,2527857,4014.98
13734,2550882,4014.98
13734,2574313,4014.98
13734,2597693,4015.01
13734,2621562,4015.01
13734,2644983,4014.99
13734,2668400,4014.99
13734,2692205,4014.97
13734,2715875,4014.97
13734,2739690,4014.97
13734,2764028,4015.08
13734,2788036,4015.08
13734,2811895,4015.02
13734,2835582,4015.02
13734,2859145,4014.98
13734,2882929,4014.98
13734,2906621,4015.06
13734,2930625,4015.06
13734,2954256,4015.06
13734,2977791,4014.96
13734,3001656,4014.96
13734,3005237,4014.95
13734,3005445,4014.95
13734,3006658,4014.53
13734,3024593,4014.53
13734,3049307,4015.07
13734,3073817,4015.07
13734,3097946,4015.07
13734,3121472,4014.97
13734,3145327,4014.97
13734,3169035,4015.04
13734,3192519,4015.04
13734,3215940,4014.98
13734,3238849,4014.98
13734,3262029,4014.98
13734,3285064,4014.98
13734,3307727,4014.98
13734,3330744,4015.02
13734,3354182,4015.02
13734,3378267,4015
13734,3402187,4015
13734,3425762,4015.01
13734,3449376,4015.01
13734,3472677,4015.01
13734,3495620,4015.05
13734,3518273,4015.05
13734,3541052,4015.03
13734,3564357,4015.03
13734,3587805,4014.98
13734,3611460,4014.98
13734,3635406,4014.99
13734,3659590,4014.99
13734,3683801,4014.99
13734,3706964,4014.98
13734,3730764,4014.98
13734,3754070,4014.95
13734,3777496,4014.95
13734,3800390,4015
13734,3823060,4015
13734,3845931,4014.96
13734,3868994,4014.96
13734,3892172,4014.96
13734,3915588,4014.97
13734,3938494,4014.97
13734,3961929,4015.02
13734,3984987,4015.02
13734,4008401,4014.98
13734,4032086,4014.98
13734,4055430,4014.95
13734,4078661,4014.95
13734,4101958,4014.95
13734,4125151,4014.97
13734,4148435,4014.97
13734,4171862,4014.97
13734,4195586,4014.97
13734,4219153,4015.01
13734,4242841,4015.01
13734,4266397,4015.01
13734,4289906,4014.99
13734,4313278,4014.99
13734,4336588,4015.01
13734,4359874,4015.01
13734,4383298,4015.03
13734,4406736,4015.03
13734,4430303,4014.99
13734,4453980,4014.99
13734,4477288,4014.99
13734,4501069,4014.99
13734,4524674,4014.99
13734,4548180,4015
13734,4571469,4015
13734,4595263,4015.05
13734,4618957,4015.05
13734,4642215,4015.05
13734,4665634,4014.97
13734,4689094,4014.97
13734,4712892,4015
13734,4736333,4015
13734,4759898,4015
13734,4783313,4015
13734,4806087,4014.99
13734,4828715,4014.99
13734,4851531,4014.99
13734,4874971,4014.99
13734,4898340,4014.99
13734,4922582,4014.94
13734,4946877,4014.94
13734,4971197,4015.01
13734,4995522,4015.01
13734,5019835,4014.96
13734,5043869,4014.96
13734,5068228,4014.96
13734,5092418,4014.99
13734,5116096,4014.99
13734,5139901,4015.01
13734,5163084,4015.01
13734,5186695,4015.02
13734,5210051,4015.02
13734,5222398,4015.08
13734,5222570,4015.08
13734,5222827,4015.08
13734,5230463,4014.53
13734,5253518,4014.53
13734,5276971,4015.07
13734,5300728,4015.07
13734,5323963,4014.95
13734,5347401,4014.95
13734,5370941,4014.95
13734,5394717,4015.01
13734,5418519,4015.01
13734,5442037,4014.97
13734,5465744,4014.97
13734,5488764,4015.05
13734,5511692,4015.05
13734,5534977,4014.94
13734,5558728,4014.94
13734,5582387,4014.94
13734,5605891,4014.97
13734,5628748,4014.97
13734,5651458,4014.96
13734,5674312,4014.96
13734,5696910,4015.03
13734,5719927,4015.03
13734,5743626,4015.03
13734,5767223,4015.01
13734,5791065,4015.01
13734,5814751,4015.01
13734,5837962,4015.01
13734,5861383,4015.02
13734,5885078,4015.02
13734,5908542,4014.97
13734,5932041,4014.97
13734,5955483,4014.97
13734,5978159,4015.02
13734,6000838,4015.02
13734,6023199,4015
13734,6045843,4015
13734,6068475,4015.01
13734,6091647,4015.01
13734,6115223,4015.01
13734,6138713,4014.98
13734,6162230,4014.98
13734,6185937,4014.97
13734,6209800,4014.97
13734,6234127,4014.99
13734,6257738,4014.99
13734,6281473,4014.96
13734,6305178,4014.96
13734,6328690,4014.96
13734,6352369,4015.06
13734,6375807,4015.06
13734,6398998,4015.01
13734,6422016,4015.01
13734,6445827,4015.02
13734,6470093,4015.02
13734,6494023,4014.99
13734,6517782,4014.99
13734,6541737,4014.99
13736,56422,4015.01
13736,78927,4015.01
13736,101452,4014.93
13736,124386,4014.93
13736,147797,4014.93
13736,171129,4014.99
13736,194657,4014.99
13736,218272,4014.95
13736,241697,4014.95
13736,265092,4015.02
13736,287968,4015.02
13736,310369,4014.97
13736,332841,4014.97
13736,355615,4014.97
13736,377885,4015.01
13736,400088,4015.01
13736,422850,4014.99
13736,445139,4014.99
13736,468000,4015.02
13736,491361,4015.02
13736,514931,4014.98
13736,538124,4014.98
13736,561342,4014.98
13736,584421,4014.91
13736,607584,4014.91
13736,630382,4015.03
13736,653108,4015.03
13736,6545678,4015
13736,6568713,4015
13736,6591632,4015
13736,6613958,4015
13736,6636701,4014.98
13736,6659208,4014.98
13736,6681815,4014.99
13736,6704270,4014.99
13736,6726318,4014.99
13736,6748054,4014.88
13736,6770307,4014.88
13736,6793234,4015.02
13736,6815827,4015.02
13736,6838428,4014.97
13736,6861954,4014.97
13736,6885257,4014.91
13736,6908348,4014.91
13736,6931231,4014.91
13736,6953907,4014.97
13736,6976461,4014.97
13736,6999058,4015.04
13736,7021454,4015.04
13736,7043411,4015.05
13736,7065610,4015.05
13736,7088866,4015.05
13736,7111821,4014.92
13736,7134183,4014.92
13736,7156373,4014.99
13736,7178636,4014.99
13736,675934,4015.06
13736,698832,4015.06
13736,721758,4015.03
13736,744587,4015.03
13736,767434,4015.03
13736,790365,4014.98
13736,813397,4014.98
13736,836176,4014.96
13736,858872,4014.96
13736,881619,4015.04
13736,904022,4015.04
13736,926527,4015.04
13736,949327,4014.93
13736,972619,4014.93
13736,995898,4014.99
13736,1019227,4014.99
13736,1042779,4015.01
13736,1066068,4015.01
13736,1089000,4014.95
13736,1111640,4014.95
13736,1134671,4014.95
13736,1157729,4014.98
13736,1180893,4014.98
13736,1203590,4015.08
13736,1226498,4015.08
13736,1249409,4014.97
13736,1272033,4014.97
13736,1294668,4014.99
13736,7201360,4014.94
13736,7224331,4014.94
13736,7247382,4015.04
13736,7270495,4015.04
13736,7293218,4015.04
13736,7316343,4014.97
13736,7339404,4014.97
13736,7362322,4014.96
13736,7384514,4014.96
13736,7407238,4015
13736,7429730,4015
13736,7451531,4015.03
13736,7473953,4015.03
13736,7496464,4015.03
13736,7519372,4014.94
13736,7542671,4014.94
13736,7565961,4014.98
13736,7588780,4014.98
13736,7612565,4014.98
13736,7636255,4014.98
13736,7659683,4014.98
13736,7682970,4015.01
13736,7705624,4015.01
13736,7728430,4014.99
13736,7751448,4014.99
13736,7774220,4014.99
13736,7796354,4014.99
13736,7818775,4015
13736,7841056,4015
13736,7863559,4015
13736,7886654,4015.01
13736,7909905,4015.01
13736,7933409,4015
13736,7956555,4015
13736,7979148,4015.02
13736,8001871,4015.02
13736,8024869,4015.02
13736,8047586,4015.02
13736,8070422,4015.02
13736,8093726,4014.98
13736,8116249,4014.98
13736,8138649,4014.94
13736,8146155,4014.94
13736,8146347,4014.98
13736,8146558,4014.98
13736,8146767,4014.98
13736,8146977,4014.53
13736,8147282,4014.53
13736,8149358,4014.53
13736,8167281,4014.53
13736,8190082,4015.01
13736,8212988,4015.01
13736,8235766,4015.04
13736,8258537,4015.04
13736,8281919,4015.04
13736,8305383,4014.97
13736,8329095,4014.97
13736,8352862,4015.02
13736,8376332,4015.02
13736,8399459,4014.95
13736,8422492,4014.95
13736,8445047,4014.95
13736,8468075,4014.94
13736,8490781,4014.94
13736,8513012,4015.05
13736,8535342,4015.05
13736,8557681,4015.03
13736,8580306,4015.03
13736,8602539,4015.04
13736,8625013,4015.04
13736,8648218,4015.04
13736,8671463,4015.01
13736,8694971,4015.01
13736,8718837,4015.03
13736,8742034,4015.03
13736,8764785,4015.01
13736,8788024,4015.01
13736,8810672,4015.01
13736,8833769,4015.03
13736,8857075,4015.03
13736,8879960,4015
13736,8902526,4015
13736,8925183,4015.05
13736,8948008,4015.05
13736,8971146,4014.98
13736,8994417,4014.98
13736,9017906,4014.98
13736,9041155,4014.98
13736,9064023,4014.98
13736,9087100,4014.97
13736,9110001,4014.97
13736,9132691,4014.92
13736,9155784,4014.92
13736,9178986,4014.92
13736,9202166,4015.01
13736,9225205,4015.01
13736,9247996,4014.99
13736,9271015,4014.99
13736,9293782,4015.06
13736,9315719,4015.06
13736,9338093,4015
13736,9360464,4015
13736,9382913,4015
13736,9405549,4015.04
13736,9428204,4015.04
13736,9451252,4015
13736,9474172,4015
13736,9497450,4014.99
13736,9520547,4014.99
13736,9543427,4014.99
13736,9566315,4014.99
13736,9589230,4014.99
13736,9611849,4015
13736,9633986,4015
13736,9655791,4015.02
13736,9678306,4015.02
13736,9701111,4014.99
13736,9724270,4014.99
13736,9747642,4014.99
13736,9771101,4014.98
13736,9794799,4014.98
13736,9809270,4015.02
13736,9809468,4015.02
13736,9809926,4014.53
13736,9822978,4014.53
13736,9843332,4014.53
13736,9864589,4015.07
13736,9886969,4015.07
13736,9909997,4014.92
13736,9932489,4014.92
13736,9954813,4014.98
13736,9976967,4014.98
13736,9999100,4015.05
13736,10021128,4015.05
13736,10043540,4015.05
13736,10065981,4015
13736,10088952,4015
13736,10111695,4014.98
13736,10134390,4014.98
13736,10157223,4014.93
13736,10180096,4014.93
13736,10203118,4014.93
13736,10225941,4014.97
13736,10248537,4014.97
13736,10270979,4014.96
13736,10293389,4014.96
13736,10315402,4014.98
13736,10338043,4014.98
13736,10360459,4014.89
13736,10382975,4014.89
13736,10405387,4014.89
13736,10428175,4015
13736,10450563,4015
13736,10472865,4015.02
13736,10495275,4015.02
13736,10517654,4014.99
13736,10540124,4014.99
13736,10562710,4014.96
13736,10585373,4014.96
13736,10607994,4014.96
13736,10630780,4015.01
13736,10653053,4015.01
13736,10675597,4015
13736,10697864,4015
13736,10720773,4014.96
13736,10743356,4014.96
13736,10766604,4014.96
13736,10789624,4015.03
13736,10813059,4015.03
13736,10836347,4014.96
13736,10859394,4014.96
13736,10882434,4014.96
13736,10904821,4014.96
13736,10927145,4014.94
13736,10949124,4014.94
13736,10971665,4014.94
13736,10994427,4014.94
13736,11017221,4014.94
13736,11040647,4015.05
13736,11063692,4015.05
13736,11086485,4014.88
13736,11109356,4014.88
13736,11132194,4014.88
13736,11155192,4014.98
13736,11177852,4014.98
13736,11200528,4015.01
13736,11223531,4015.01
13736,11246472,4015.01
13736,11269781,4015.01
13736,11292917,4014.99
13736,11316105,4014.99
13736,11338768,4014.99
13736,11361792,4014.98
13736,11384264,4014.98
13736,11406765,4015.03
13736,11429131,4015.03
13736,11451662,4015
13736,11474660,4015
13736,11497259,4015
13736,11520518,4014.99
13736,11543925,4014.99
13736,11567217,4015
13736,11589647,4015
13736,11611662,4015.03
13736,11633576,4015.03
13736,11655561,4015.03
13736,11677937,4014.91
13736,11700475,4014.91
13736,11723030,4015
13736,11745450,4015
13736,11768025,4015.07
13736,11790473,4015.07
13736,11812873,4015.07
13736,11835604,4015.11
13736,11858141,4015.11
13736,11880528,4015.05
13736,11903508,4015.05
13736,11926429,4015
13736,11949405,4015
13736,11971589,4015.04
13736,11993850,4015.04
13736,12016510,4015.04
13736,12039183,4014.93
13736,12061355,4014.93
13736,12084087,4015.06
13736,12106620,4015.06
13736,12129876,4015.06
13736,12153469,4015.06
13736,12176505,4015.06
13736,12198917,4015.03
13736,12221439,4015.03
13736,12243563,4014.97
13736,12265632,4014.97
13736,12287822,4015.03
13736,12310010,4015.03
13736,12332187,4015.03
13736,12354466,4014.99
13736,12377094,4014.99
13736,12399624,4014.96
13736,12422367,4014.96
13736,12445129,4015
13736,12468368,4015
13736,12491532,4014.96
13736,12514701,4014.96
13736,12538058,4014.96
13736,12561297,4015.02
13736,12584754,4015.02
13736,12608000,4015.04
13736,12631119,4015.04
13736,12654456,4015
13736,12676370,4015
13736,12697978,4015.04
13736,12720558,4015.04
13736,12743362,4015.04
13736,12766457,4015
13736,12789458,4015
13736,12812919,4014.9
13736,12835858,4014.9
13736,12858306,4015.01
13736,12880642,4015.01
13736,12903436,4015.01
13736,12926156,4015.01
13736,12948984,4015.01
13736,12971658,4015.04
13736,12994639,4015.04
13736,13017388,4015.03
13736,13039992,4015.03
13736,13062183,4015.02
13736,13084414,4015.02
13736,13106567,4015.02
13736,13113566,4014.98
13736,13113727,4014.98
13736,13113940,4014.53
13736,13114199,4014.53
13736,13115896,4014.53
13736,13132701,4014.53
13736,13152275,4014.53
13736,13172772,4015.09
13736,13194553,4015.09
13736,13216790,4015.08
13736,13239319,4015.08
13736,13261718,4015.02
13736,13284263,4015.02
13736,13306647,4014.94
13736,13328842,4014.94
13736,13350901,4014.94
13736,13373074,4014.91
13736,13395247,4014.91
13736,13418666,4014.98
13736,13441943,4014.98
13736,13464053,4014.99
13736,13486441,4014.99
13736,13509134,4014.99
13736,13531575,4015
13736,13554071,4015
13736,13576602,4015.02
13736,13599162,4015.02
13736,13621410,4014.99
13736,13643915,4014.99
13736,13666301,4014.99
13736,13689363,4014.97
13736,13712800,4014.97
13736,1317464,4014.99
13736,1340651,4014.99
13736,1363438,4014.96
13736,1386349,4014.96
13736,1409171,4014.96
13736,1432423,4014.96
13736,1455468,4014.99
13736,1478652,4014.99
13736,1501354,4014.99
13736,1523946,4014.95
13736,1546713,4014.95
13736,1569303,4015.03
13736,1591759,4015.03
13736,1614755,4014.95
13736,1637729,4014.95
13736,1660824,4014.97
13736,1683670,4014.97
13736,1706779,4014.97
13736,1729965,4014.98
13736,1753026,4014.98
13736,1776555,4014.95
13736,1800121,4014.95
13736,1823307,4014.99
13736,1845867,4014.99
13736,1868007,4015
13736,1890401,4015
13736,1913309,4015
13736,1936338,4014.94
13736,13736578,4014.96
13736,13759886,4014.96
13736,13783186,4015
13736,13806385,4015
13736,13828885,4015
13736,13851201,4015
13736,13873429,4015
13736,13896105,4014.96
13736,13919138,4014.96
13736,13942082,4015.03
13736,13965221,4015.03
13736,13988385,4014.98
13736,14011490,4014.98
13736,14034344,4014.99
13736,14056722,4014.99
13736,14078998,4014.99
13736,14101395,4014.97
13736,14123680,4014.97
13736,14146078,4014.96
13736,14168462,4014.96
13736,14190549,4015.03
13736,14213414,4015.03
13736,14236150,4015.03
13736,14258842,4014.99
13736,14281778,4014.99
13736,14304667,4014.98
13736,14327315,4014.98
13736,14349971,4014.98
13736,14372807,4014.98
13736,14395408,4014.97
13736,14417806,4014.97
13736,14440216,4014.97
13736,14462499,4015.06
13736,14485015,4015.06
13736,14507553,4015.06
13736,14530073,4015.06
13736,14553508,4015
13736,14576354,4015
13736,14598954,4015
13736,14621470,4014.99
13736,14643982,4014.99
13736,14666456,4015.01
13736,14689447,4015.01
13736,14712233,4015.01
13736,14735173,4015.01
13736,14758117,4014.96
13736,14781220,4014.96
13736,14804230,4014.96
13736,14827150,4014.95
13736,14849991,4014.95
13736,14873099,4014.94
13736,14895507,4014.94
13736,14917561,4015.02
13736,14939292,4015.02
13736,14961064,4014.9
13736,14982826,4014.9
13736,15004715,4014.9
13736,15026462,4015.03
13736,15048474,4015.03
13736,15070889,4014.98
13736,15093066,4014.98
13736,15116048,4014.96
13736,15139089,4014.96
13736,15161923,4014.96
13736,15184956,4015.01
13736,15207439,4015.01
13736,15229971,4015.02
13736,15252534,4015.02
13736,15275932,4014.98
13736,15299236,4014.98
13736,15322264,4014.88
13736,15344542,4014.88
13736,15367197,4014.88
13736,15389321,4015
13736,15411220,4015
13736,15433376,4014.94
13736,15455603,4014.94
13736,15477942,4014.99
13736,15500792,4014.99
13736,15523366,4014.99
13736,15546522,4014.97
13736,15569526,4014.97
13736,15584617,4014.98
13736,15584770,4014.98
13736,15584984,4014.53
13736,15585252,4014.53
13736,15585745,4014.53
13736,15598184,4014.53
13736,15619020,4014.53
13736,15640727,4015.13
13736,15662552,4015.13
13736,15685081,4014.99
13736,15708384,4014.99
13736,15731809,4014.92
13736,15755214,4014.92
13736,15778390,4014.92
13736,15801665,4014.98
13736,15824205,4014.98
13736,15846565,4014.98
13736,15868643,4014.98
13736,15891032,4015
13736,15913688,4015
13736,15936097,4015
13736,15958611,4014.97
13736,15981324,4014.97
13736,16004072,4015.05
13736,16027467,4015.05
13736,16050767,4014.99
13736,16074142,4014.99
13736,16097519,4014.95
13736,16121047,4014.95
13736,16144733,4014.95
13736,16167048,4015.02
13736,16189819,4015.02
13736,16212445,4014.98
13736,16234816,4014.98
13736,16257571,4014.94
13736,16280060,4014.94
13736,16297679,4015
13736,16297804,4015
13736,16298073,4015
13736,16298737,4014.53
13736,16312821,4014.53
13736,16334465,4014.53
13736,16356227,4014.53
13736,16378358,4014.92
13736,16400621,4014.92
13736,16422801,4014.92
13736,16445119,4014.94
13736,16467557,4014.94
13736,16490002,4015.01
13736,16512394,4015.01
13736,16535313,4014.93
13736,16558213,4014.93
13736,16581622,4015.03
13736,16604674,4015.03
13736,16627772,4015.03
13736,16650877,4014.97
13736,16674184,4014.97
13736,16697298,4014.98
13736,16720761,4014.98
13736,16743723,4014.98
13736,16766544,4014.98
13736,16789263,4015
13736,16811889,4015
13736,16834397,4015
13736,16856721,4014.99
13736,16878972,4014.99
13736,16901906,4015
13736,16924727,4015
13736,16948116,4015
13736,16971524,4015
13736,16994952,4015
13736,17018112,4014.92
13736,17040759,4014.92
13736,17063236,4014.98
13736,17085954,4014.98
13736,17108755,4015.07
13736,17131786,4015.07
13736,17154166,4014.96
13736,17176569,4014.96
13736,17198301,4014.96
13736,17220286,4015.02
13736,17242271,4015.02
13736,17264649,4014.99
13736,17286913,4014.99
13736,17309581,4015.06
13736,17332125,4015.06
13736,17354517,4015.06
13736,17376270,4014.99
13736,17398772,4014.99
13736,17420431,4014.97
13736,17442575,4014.97
13736,17465093,4015.03
13736,17487745,4015.03
13736,17510221,4015.03
13736,17532791,4015.03
13736,17555721,4015.03
13736,17578506,4014.95
13736,17601468,4014.95
13736,17624809,4015.01
13736,17648903,4015.01
13736,17672602,4014.98
13736,17695511,4014.98
13736,17717898,4015.07
13736,17740554,4015.07
13736,17762944,4015.07
13736,17785782,4015.05
13736,17809044,4015.05
13736,17831815,4015.03
13736,17854199,4015.03
13736,17876744,4014.96
13736,17899162,4014.96
13736,17921911,4014.96
13736,17944184,4014.96
13736,17966464,4014.96
13736,17988605,4014.98
13736,18010822,4014.98
13736,18033157,4015.03
13736,18056611,4015.03
13736,18079918,4014.95
13736,18103180,4014.95
13736,18126578,4014.95
13736,18149560,4015.01
13736,18172934,4015.01
13736,18195591,4014.96
13736,18218101,4014.96
13736,18241011,4014.98
13736,18264106,4014.98
13736,18287147,4014.98
13736,18310087,4014.95
13736,18332950,4014.95
13736,18355726,4014.99
13736,18378549,4014.99
13736,18401284,4014.95
13736,18424057,4014.95
13736,18446858,4015.02
13736,18469388,4015.02
13736,18492167,4015.02
13736,18514842,4014.96
13736,18537084,4014.96
13736,18559621,4014.99
13736,18582016,4014.99
13736,18604426,4015.01
13736,18626814,4015.01
13736,18649441,4015.01
13736,18671744,4014.96
13736,18694274,4014.96
13736,18716799,4014.97
13736,18739464,4014.97
13736,18762243,4014.97
13736,18785658,4014.97
13736,18808825,4014.92
13736,18832203,4014.92
13736,18855035,4014.92
13736,18877827,4015.02
13736,18900722,4015.02
13736,18923515,4015.03
13736,18946178,4015.03
13736,18968748,4014.9
13736,18991501,4014.9
13736,19014407,4014.97
13736,19037262,4014.97
13736,19060244,4014.97
13736,19083388,4014.98
13736,19106042,4014.98
13736,19129127,4014.9
13736,19152019,4014.9
13736,19175182,4014.92
13736,19198482,4014.92
13736,19222412,4014.95
13736,19246729,4014.95
13736,19270252,4014.95
13736,19293581,4014.98
13736,19316167,4014.98
13736,19339149,4015.02
13736,19362055,4015.02
13736,19384843,4014.95
13736,19407080,4014.95
13736,19429878,4014.95
13736,19453125,4015.04
13736,19476142,4015.04
13736,19499387,4015.02
13736,19522187,4015.02
13736,19545092,4014.89
13736,19567611,4014.89
13736,19590139,4015.03
13736,19612867,4015.03
13736,19635727,4015.03
13736,19658757,4014.97
13736,19681929,4014.97
13736,19705248,4015.03
13736,19728249,4015.03
13736,19750882,4015
13736,19773702,4015
13736,19796451,4015
13736,19818925,4015.03
13736,19842038,4015.03
13736,19865473,4014.94
13736,19888764,4014.94
13736,19911679,4015.05
13736,19934394,4015.05
13736,19957260,4014.98
13736,19979905,4014.98
13736,20002489,4014.98
13736,20025210,4014.95
13736,20039416,4014.95
13736,1959443,4014.94
13736,1981792,4015.03
13736,1981926,4015.03
13736,1982197,4014.53
13736,1982395,4014.53
13736,1982607,4014.53
13736,1982884,4014.53
13736,1983039,4014.53
13736,1983254,4014.53
13736,1983468,4014.53
13736,1983680,4014.53
13736,1983891,4014.53
13736,1984049,4014.53
13736,1984323,4014.53
13736,1984533,4014.53
13736,1984738,4014.53
13736,1984952,4014.53
13736,1985156,4014.53
13736,1985315,4014.53
13736,1985534,4014.53
13736,1985746,4014.53
13736,1986010,4014.53
13736,1986208,4014.53
13736,1986434,4014.53
13736,1986692,4014.53
13736,1986848,4014.53
13736,1987068,4014.53
13736,1987276,4014.53
13736,1987484,4014.53
13736,1987707,4014.53
13736,1987911,4014.53
13736,1988083,4014.53
13736,1988290,4014.53
13736,1988456,4014.53
13736,1988667,4014.53
13736,1988922,4014.53
13736,1989144,4014.53
13736,1989302,4014.53
13736,1989598,4014.53
13736,1989776,4014.53
13736,1991318,4014.53
13736,2005648,4014.53
13736,2024096,4015.23
13736,2043696,4015.23
13736,2064272,4015.23
13736,2085068,4014.99
13736,2106167,4014.99
13736,2127879,4014.99
13736,2149790,4014.99
13736,2172923,4014.99
13736,2196100,4014.99
13736,2219399,4015.02
13736,2242708,4015.02
13736,2265242,4015.02
13736,2287906,4014.9
13736,2310800,4014.9
13736,2333748,4015.02
13736,2356370,4015.02
13736,2379268,4014.97
13736,2402423,4014.97
13736,2425010,4014.97
13736,2447879,4015
13736,2470940,4015
13736,2493962,4015.02
13736,2516879,4015.02
13736,2539657,4015.02
13736,2562214,4015.02
13736,2584715,4014.95
13736,2606990,4014.95
13736,2629532,4014.95
13736,2652192,4014.95
13736,2674338,4014.95
13736,2697010,4015.02
13736,2719974,4015.02
13736,2742715,4014.96
13736,2765746,4014.96
13736,2788673,4015.02
13736,2811807,4015.02
13736,2835102,4015.02
13736,2858504,4015.02
13736,2881403,4015.02
13736,2904062,4014.98
13736,2926669,4014.98
13736,2949278,4015.03
13736,2972174,4015.03
13736,2994972,4015.03
13736,3017914,4015.06
13736,3040692,4015.06
13736,3063614,4014.96
13736,3086521,4014.96
13736,3109532,4014.94
13736,3132163,4014.94
13736,3154978,4015.01
13736,3177626,4015.01
13736,3200643,4015.01
13736,3223842,4015.02
13736,3246752,4015.02
13736,3269527,4015
13736,3292086,4015
13736,3315199,4014.99
13736,3338396,4014.99
13736,3361293,4015.03
13736,3384349,4015.03
13736,3407250,4015.03
13736,3429926,4015.04
13736,3452557,4015.04
13736,3475213,4014.97
13736,3498338,4014.97
13736,3521295,4014.95
13736,3544462,4014.95
13736,3567777,4014.95
13736,3591388,4015.02
13736,3614874,4015.02
13736,3638428,4014.98
13736,3661713,4014.98
13736,3685020,4014.98
13736,3688459,4014.98
13736,3688673,4014.96
13736,3690065,4014.96
13736,3707623,4014.96
13736,3728829,4014.53
13736,3750229,4014.53
13736,3771992,4015.03
13736,3793891,4015.03
13736,3817003,4014.94
13736,3840344,4014.94
13736,3863644,4015.03
13736,3887449,4015.03
13736,3911226,4015.03
13736,3934692,4014.97
13736,3958256,4014.97
13736,3981665,4014.96
13736,4004757,4014.96
13736,4026466,4014.96
13736,4048215,4014.96
13736,4070112,4014.96
13736,4093010,4015.02
13736,4115929,4015.02
13736,4138968,4014.94
13736,4162273,4014.94
13736,4185895,4014.99
13736,4209258,4014.99
13736,4232291,4014.94
13736,4254941,4014.94
13736,4277525,4014.94
13736,4300255,4015.03
13736,4322908,4015.03
13736,4345193,4015.03
13736,4368111,4015.03
13736,4390835,4015.01
13736,4413552,4015.01
13736,4436309,4014.96
13736,4459216,4014.96
13736,4482031,4014.96
13736,4505196,4014.96
13736,4527997,4014.96
13736,4550888,4015.03
13736,4573657,4015.03
13736,4596327,4014.97
13736,4619117,4014.97
13736,4642058,4015
13736,4664812,4015
13736,4687195,4015
13736,4694146,4014.95
13736,4694385,4014.95
13736,4694548,4014.53
13736,4705778,4014.53
13736,4727158,4014.77
13736,4749115,4014.77
13736,4771185,4014.77
13736,4793187,4014.97
13736,4815454,4014.97
13736,4837597,4014.96
13736,4860104,4014.96
13736,4882810,4015
13736,4905060,4015
13736,4927780,4014.99
13736,4950726,4014.99
13736,4973821,4014.99
13736,4996596,4015.04
13736,5019371,4015.04
13736,5042170,4015.03
13736,5064940,4015.03
13736,5087993,4015
13736,5111407,4015
13736,5135075,4015
13736,5158524,4014.99
13736,5182444,4014.99
13736,5205884,4014.97
13736,5229085,4014.97
13736,5252304,4014.95
13736,5275002,4014.95
13736,5298024,4014.98
13736,5320421,4014.98
13736,5343199,4014.98
13736,5366132,4015.02
13736,5388897,4015.02
13736,5411998,4015.02
13736,5435001,4015.02
13736,5458152,4014.99
13736,5481314,4014.99
13736,5504582,4014.99
13736,5527703,4015.06
13736,5550820,4015.06
13736,5573875,4014.98
13736,5596520,4014.98
13736,5619700,4014.91
13736,5642999,4014.91
13736,5666271,4015.04
13736,5689574,4015.04
13736,5712741,4015.04
13736,5736165,4014.9
13736,5759471,4014.9
13736,5778787,4015.07
13736,5779023,4015.07
13736,5779226,4014.53
13736,5779832,4014.53
13736,5792933,4014.53
13736,5815815,4014.53
13736,5838924,4014.53
13736,5861559,4014.92
13736,5884711,4014.92
13736,5907988,4014.98
13736,5931411,4014.98
13736,5954440,4015.03
13736,5977242,4015.03
13736,5999924,4015.03
13736,6022701,4014.99
13736,6045711,4014.99
13736,6069287,4015.03
13736,6092689,4015.03
13736,6115872,4015.01
13736,6139023,4015.01
13736,6161582,4014.99
13736,6183843,4014.99
13736,6206376,4014.99
13736,6229137,4015.02
13736,6251793,4015.02
13736,6274491,4014.98
13736,6297620,4014.98
13736,6321031,4014.99
13736,6344343,4014.99
13736,6367385,4014.99
13736,6390163,4015
13736,6411799,4015
13736,6433793,4014.99
13736,6455942,4014.99
13736,6477988,4014.92
13736,6500288,4014.92
13736,6523045,4015
13737,58594,4014.97
13737,81652,4014.97
13737,104279,4015
13737,127006,4015
13737,149588,4014.98
13737,172026,4014.98
13737,194828,4014.98
13737,217715,4014.99
13737,241121,4014.99
13737,264801,4015.02
13737,287846,4015.02
13737,310589,4014.99
13737,333284,4014.99
13737,355690,4014.99
13737,378257,4014.98
13737,401231,4014.98
13737,423454,4014.99
13737,446316,4014.99
13737,469491,4015
13737,492304,4015
13737,515578,4015.03
13737,538602,4015.03
13737,561635,4015.03
13737,584737,4014.94
13737,608369,4014.94
13737,631973,4014.99
13737,655630,4014.99
13737,679397,4014.99
13737,702870,4014.99
13737,726388,4014.99
13737,749820,4014.99
13737,773050,4014.99
13737,795742,4014.95
13737,818537,4014.95
13737,840815,4015.03
13737,862828,4015.03
13737,869576,4014.93
13737,869737,4014.93
13737,874433,4014.93
13737,896944,4014.53
13737,918697,4014.53
13737,940709,4014.91
13737,962898,4014.91
13737,985282,4014.95
13737,1007791,4014.95
13737,1030191,4014.97
13737,1052520,4014.97
13737,1075430,4014.97
13737,1098176,4014.97
13737,1121061,4014.97
13737,1144002,4014.96
13737,1167565,4014.96
13737,1191079,4014.93
13737,1214169,4014.93
13737,1236913,4014.94
13737,1260267,4014.94
13737,1283247,4014.94
13737,1306173,4014.98
13737,1328486,4014.98
13737,1351213,4014.96
13737,1374048,4014.96
13737,1396924,4014.96
13737,1419695,4014.96
13737,1442498,4014.96
13737,1465027,4014.95
13737,1487405,4014.95
13737,1509817,4014.97
13737,1532203,4014.97
13737,1554904,4014.92
13737,1577901,4014.92
13737,1600756,4014.97
13737,1623239,4014.97
13737,1646241,4014.97
13737,1648399,4014.98
13737,1648575,4014.98
13737,1648785,4014.53
13737,1648987,4014.53
13737,1649196,4014.53
13737,1649411,4014.53
13737,1649621,4014.53
13737,1649733,4014.53
13737,1649940,4014.53
13737,1650253,4014.53
13737,1650414,4014.53
13737,1650626,4014.53
13737,1650841,4014.53
13737,1651053,4014.53
13737,1651255,4014.53
13737,1651415,4014.53
13737,1660692,4014.53
13737,1679522,4014.53
13737,1699979,4015.06
13737,1721231,4015.06
13737,1742673,4014.97
13737,1764630,4014.97
13737,1787038,4014.97
13737,1809401,4014.97
13737,1832078,4014.97
13737,1855010,4014.99
13737,1878021,4014.99
13737,1900947,4014.99
13737,1923976,4014.99
13737,1946983,4014.98
13737,1969944,4014.98
13737,1993369,4014.98
13737,2016739,4014.99
13737,2039958,4014.99
13737,2063236,4014.98
13737,2085918,4014.98
13737,2109204,4014.95
13737,2132246,4014.95
13737,2155118,4015
13737,2178329,4015
13737,2201408,4015
13737,2224417,4014.93
13737,2247634,4014.93
13737,2270987,4014.97
13737,2294175,4014.97
13737,2317161,4014.96
13737,2340231,4014.96
13737,2363610,4014.96
13737,2386699,4014.96
13737,2409503,4014.96
13737,2432419,4015.04
13737,2455309,4015.04
13737,2478042,4014.98
13737,2500767,4014.98
13737,2523556,4014.98
13737,2547221,4014.98
13737,2570783,4014.98
13737,2594048,4014.98
13737,2617478,4014.98
13737,2640669,4015.13
13737,2664081,4015.13
13737,2686715,4014.93
13737,2708744,4014.93
13737,2731821,4014.99
13737,2754975,4014.99
13737,2778867,4014.99
13737,2802708,4014.94
13737,2826640,4014.94
13737,2850449,4015.03
13737,2873567,4015.03
13737,2896783,4015.07
13737,2919756,4015.07
13737,2942886,4015.07
13737,2965909,4014.97
13737,2988569,4014.97
13737,3011232,4014.92
13737,3033756,4014.92
13737,3056539,4014.96
13737,3079671,4014.96
13737,3102982,4014.96
13737,3125751,4014.99
13737,3148172,4014.99
13737,3170710,4015.01
13737,3193260,4015.01
13737,3215753,4014.99
13737,3217966,4014.99
13737,3218149,4014.53
13737,3219793,4014.53
13737,3236816,4014.53
13737,3256372,4014.53
13737,3277937,4014.53
13737,3300057,4015.01
13737,3322697,4015.01
13737,3345621,4014.99
13737,3368829,4014.99
13737,3391951,4014.98
13737,3415235,4014.98
13737,3438517,4014.98
13737,3461863,4015
13737,3485433,4015
13737,3508696,4014.98
13737,3532616,4014.98
13737,3556303,4015.03
13737,3579899,4015.03
13737,3603559,4015.03
13737,3627429,4014.98
13737,3650922,4014.98
13737,3674256,4015
13737,3697248,4015
13737,3720229,4015
13737,3743249,4015
13737,3766491,4014.99
13737,3785584,4014.99
13737,3785782,4014.99
13737,3786001,4015.01
13737,3788716,4015.01
13737,3809057,4014.53
13737,3833159,4014.53
13737,3856669,4014.98
13737,3879849,4014.98
13737,3902610,4014.98
13737,3925271,4015.01
13737,3948052,4015.01
13737,3970935,4015.01
13737,3993727,4015.01
13737,4002251,4015.03
13737,4002414,4015.03
13737,4002953,4014.53
13737,4015761,4014.53
13737,4038672,4014.53
13737,4061508,4014.93
13737,4083716,4014.93
13737,4106674,4015.04
13737,4129812,4015.04
13737,4153127,4014.97
13737,4176015,4014.97
13737,4198593,4014.97
13737,4221200,4014.97
13737,4243753,4014.97
13737,4266251,4015
13737,4289062,4015
13737,4311704,4015.02
13737,4334882,4015.02
13737,4357920,4014.93
13737,4380573,4014.93
13737,4403361,4014.93
13737,4426380,4014.97
13737,4449320,4014.97
13737,4472086,4015
13737,4494741,4015
13737,4498676,4015.01
13737,4498889,4015.01
13737,4499047,4014.53
13737,4499354,4014.53
13737,4499526,4014.53
13737,4499791,4014.53
13737,4499902,4014.53
13737,4500107,4014.53
13737,4500320,4014.53
13737,4500535,4014.53
13737,4500749,4014.53
13737,4501016,4014.53
13737,4501218,4014.53
13737,4501439,4014.53
13737,4501593,4014.53
13737,4501863,4014.53
13737,4502019,4014.53
13737,4502242,4014.53
13737,4502444,4014.53
13737,4502656,4014.53
13737,4502870,4014.53
13737,4503028,4014.53
13737,4503231,4014.53
13737,4503506,4014.53
13737,4503655,4014.53
13737,4503871,4014.53
13737,4504142,4014.53
13737,4504295,4014.53
13737,4504502,4014.53
13737,4504817,4014.53
13737,4504965,4014.53
13737,4505135,4014.53
13737,4505345,4014.53
13737,4505616,4014.53
13737,4505779,4014.53
13737,4506092,4014.53
13737,4506234,4014.53
13737,4506410,4013.33
13737,4506619,4013.33
13737,4506882,4013.33
13737,4507068,4013.33
13737,4507240,4013.33
13737,4507884,4013.33
13737,4519802,4013.33
13737,4538458,4013.33
13737,4558686,4013.33
13737,4579805,4014.63
13737,4601413,4014.63
13737,4622956,4014.88
13737,4645115,4014.88
13737,4667233,4014.82
13737,4689630,4014.82
13737,4712378,4014.82
13737,4735453,4014.84
13737,4758643,4014.84
13737,4781854,4014.79
13737,4805105,4014.79
13737,4828003,4014.84
13737,4850655,4014.84
13737,4873034,4014.84
13737,4895454,4014.84
13737,4918371,4014.84
13737,4941531,4014.83
13737,4965102,4014.83
13737,4988124,4014.84
13737,5011557,4014.84
13737,5034849,4014.86
13737,5058019,4014.86
13737,5080955,4014.86
13737,5103781,4014.85
13737,5127016,4014.85
13737,5149985,4014.86
13737,5173400,4014.86
13737,5196396,4014.85
13737,5219393,4014.85
13737,5242103,4014.85
13737,5264955,4014.86
13737,5286944,4014.86
13737,5309159,4014.84
13737,5331464,4014.84
13737,5353592,4014.81
13737,5375880,4014.81
13737,5398411,4014.82
13737,5421306,4014.82
13737,5444085,4014.82
13737,5466859,4014.87
13737,5489756,4014.87
13737,5513064,4014.86
13737,5535755,4014.86
13737,5558638,4014.83
13737,5581667,4014.83
13737,5604698,4014.83
13737,5614638,4014.84
13737,5614856,4014.84
13737,5615011,4013.33
13737,5619126,4013.33
13737,5642925,4013.33
13737,5667779,4013.33
13737,5691316,4014.77
13737,5714882,4014.77
13737,5738595,4014.77
13737,5762224,4014.85
13737,5785315,4014.85
13737,5808190,4014.78
13737,5831210,4014.78
13737,5854043,4014.85
13737,5876647,4014.85
13737,5899560,4014.85
13737,5922489,4014.89
13737,5944872,4014.89
13737,5967409,4014.76
13737,5990196,4014.76
13737,6013355,4014.81
13737,6036540,4014.81
13737,6059735,4014.86
13737,6083035,4014.86
13737,6105911,4014.86
13737,6106685,4014.79
13737,6106795,4014.79
13737,6107112,4013.33
13737,6110994,4013.33
13737,6130339,4013.33
13737,6130339,4014.78
13746,74470,4014.83
13746,86260,4014.86
13746,86473,4014.86
13746,86685,4013.33
13746,86847,4013.33
13746,87103,4013.33
13746,87327,4013.33
13746,92147,4013.33
13746,113909,4013.33
13746,135734,4013.33
13746,158058,4014.7
13746,180240,4014.7
13746,202546,4014.81
13746,224735,4014.81
13746,247238,4014.81
13746,269727,4014.86
13746,292220,4014.86
13746,315271,4014.85
13746,338919,4014.85
13746,362461,4014.86
13746,386295,4014.86
13746,409941,4014.84
13746,433444,4014.84
13746,456416,4014.84
13746,479498,4014.87
13746,502273,4014.87
13746,525040,4014.86
13746,547859,4014.86
13746,570677,4014.78
13746,571100,4014.78
13746,571312,4014.78
13746,583186,4013.33
13746,606050,4013.33
13746,629253,4014.95
13746,652744,4014.95
13746,6543143,4014.84
13746,6566502,4014.85
13746,6589667,4014.85
13746,6613355,4014.87
13746,6637412,4014.87
13746,6661097,4014.96
13746,6684901,4014.96
13746,6708568,4014.96
13746,6731788,4014.96
13746,6755293,4014.96
13746,6778602,4014.88
13746,6801642,4014.88
13746,6824548,4014.92
13746,6847655,4014.92
13746,6870963,4014.92
13746,6894560,4015
13746,6918203,4015
13746,6941548,4014.84
13746,6949030,4014.84
13746,6949243,4014.93
13746,6949461,4014.93
13746,6949661,4013.33
13746,6949885,4013.33
13746,6950098,4013.33
13746,6950284,4013.33
13746,6950516,4013.33
13746,6950680,4013.33
13746,6950987,4013.33
13746,6951149,4013.33
13746,6951358,4013.33
13746,6951628,4013.33
13746,6951733,4013.33
13746,6951948,4013.33
13746,6952158,4013.33
13746,6952420,4013.33
13746,6952680,4013.33
13746,6952893,4013.33
13746,6953005,4013.33
13746,6953320,4013.33
13746,6953477,4013.33
13746,6958703,4013.33
13746,6978131,4013.33
13746,6999523,4015.4
13746,7021527,4015.4
13746,7025447,4015
13746,7025660,4015
13746,7025815,4015
13746,7025982,4013.33
13746,7026249,4013.33
13746,7026439,4013.33
13746,7026672,4013.33
13746,7026869,4013.33
13746,7027046,4013.33
13746,7027250,4013.33
13746,7027467,4013.33
13746,7027736,4013.33
13746,7027937,4013.33
13746,7028160,4013.33
13746,7028368,4013.33
13746,7028530,4013.33
13746,7028691,4013.33
13746,7028899,4013.33
13746,7029164,4013.33
13746,7029322,4013.33
13746,7029584,4013.33
13746,7029802,4013.33
13746,7030003,4013.33
13746,7030171,4013.33
13746,7030426,4013.33
13746,7030640,4013.33
13746,7031572,4013.33
13746,7045476,4013.33
13746,7067694,4013.33
13746,7090090,4013.33
13746,7112252,4014.55
13746,7134139,4014.55
13746,7156152,4014.89
13746,7178435,4014.89
13746,676174,4014.88
13746,699298,4014.88
13746,722246,4014.82
13746,745163,4014.82
13746,767951,4014.82
13746,790879,4014.78
13746,813575,4014.78
13746,836130,4014.88
13746,859106,4014.88
13746,881750,4014.87
13746,904768,4014.87
13746,928167,4014.87
13746,952134,4014.85
13746,976138,4014.85
13746,999750,4014.84
13746,1023219,4014.84
13746,1046927,4014.83
13746,1070632,4014.83
13746,1094003,4014.83
13746,1117618,4014.83
13746,1141186,4014.83
13746,1164757,4014.87
13746,1188310,4014.87
13746,1211733,4014.85
13746,1235115,4014.85
13746,1258642,4014.82
13746,1281913,4014.82
13746,7200323,4014.89
13746,7222624,4014.85
13746,7244724,4014.85
13746,7267260,4014.93
13746,7289683,4014.93
13746,7312574,4014.94
13746,7335224,4014.94
13746,7358394,4014.94
13746,7381461,4014.8
13746,7404348,4014.8
13746,7427374,4014.81
13746,7439879,4014.81
13746,7440086,4014.91
13746,7440351,4014.91
13746,7440508,4013.33
13746,7440675,4013.33
13746,7440886,4013.33
13746,7441153,4013.33
13746,7441417,4013.33
13746,7441520,4013.33
13746,7441787,4013.33
13746,7441999,4013.33
13746,7442202,4013.33
13746,7442374,4013.33
13746,7442585,4013.33
13746,7442744,4013.33
13746,7443007,4013.33
13746,7443221,4013.33
13746,7443371,4013.33
13746,7443642,4013.33
13746,7443901,4013.33
13746,7444064,4013.33
13746,7444273,4013.33
13746,7444485,4013.33
13746,7444742,4013.33
13746,7444845,4013.33
13746,7445064,4013.33
13746,7445281,4013.33
13746,7445493,4013.33
13746,7445706,4013.33
13746,7445963,4013.33
13746,7446164,4013.33
13746,7446441,4013.33
13746,7446555,4013.33
13746,7446769,4013.33
13746,7447028,4013.33
13746,7447189,4013.33
13746,7447398,4013.33
13746,7447608,4013.33
13746,7447817,4013.33
13746,7448033,4013.33
13746,7448305,4013.33
13746,7449720,4013.33
13746,7464314,4013.33
13746,7484297,4013.33
13746,7506129,4013.33
13746,7528703,4014.83
13746,7551113,4014.83
13746,7573389,4014.98
13746,7594916,4014.98
13746,7616925,4014.92
13746,7639026,4014.92
13746,7661677,4014.92
13746,7684191,4014.91
13746,7707256,4014.91
13746,7730055,4014.88
13746,7753185,4014.88
13746,7776413,4014.9
13746,7799311,4014.9
13746,7822248,4014.9
13746,7845001,4014.89
13746,7868027,4014.89
13746,7891285,4014.86
13746,7914967,4014.86
13746,7938024,4014.89
13746,7960834,4014.89
13746,7984133,4014.81
13746,8007559,4014.81
13746,8030847,4014.81
13746,8054015,4014.85
13746,8077439,4014.85
13746,8100981,4014.89
13746,8124285,4014.89
13746,8147613,4014.87
13746,8171072,4014.87
13746,8194735,4014.87
13746,8218383,4014.84
13746,8242116,4014.84
13746,8265398,4014.86
13746,8289160,4014.86
13746,8312577,4014.87
13746,8336251,4014.87
13746,8360081,4014.88
13746,8383354,4014.88
13746,8407036,4014.88
13746,8430219,4014.92
13746,8453835,4014.92
13746,8476778,4014.85
13746,8499847,4014.85
13746,8523127,4014.86
13746,8528618,4014.86
13746,8528773,4014.91
13746,8529045,4014.91
13746,8531112,4014.91
13746,8549911,4013.33
13746,8573799,4013.33
13746,8597330,4014.76
13746,8620594,4014.76
13746,8644017,4014.91
13746,8648015,4014.91
13746,8648277,4014.91
13746,8648389,4013.33
13746,8648603,4013.33
13746,8648809,4013.33
13746,8649013,4013.33
13746,8649221,4013.33
13746,8649493,4013.33
13746,8649699,4013.33
13746,8649914,4013.33
13746,8650133,4013.33
13746,8650393,4013.33
13746,8650555,4013.33
13746,8650769,4013.33
13746,8652696,4013.33
13746,8668109,4013.33
13746,8691365,4013.33
13746,8714607,4013.33
13746,8737841,4014.57
13746,8760784,4014.57
13746,8784009,4014.89
13746,8807076,4014.89
13746,8830346,4014.93
13746,8853608,4014.93
13746,8876660,4014.93
13746,8899756,4014.92
13746,8912126,4014.92
13746,8912328,4015.02
13746,8912542,4015.02
13746,8912709,4013.33
13746,8912921,4013.33
13746,8913124,4013.33
13746,8913337,4013.33
13746,8913605,4013.33
13746,8913817,4013.33
13746,8914022,4013.33
13746,8914236,4013.33
13746,8914451,4013.33
13746,8914717,4013.33
13746,8914879,4013.33
13746,8915095,4013.33
13746,8915288,4013.33
13746,8915456,4013.33
13746,8915727,4013.33
13746,8915939,4013.33
13746,8916094,4013.33
13746,8916310,4013.33
13746,8916626,4013.33
13746,8916785,4013.33
13746,8916991,4013.33
13746,8917255,4013.33
13746,8917416,4013.33
13746,8917636,4013.33
13746,8917850,4013.33
13746,8918067,4013.33
13746,8918282,4013.33
13746,8918492,4013.33
13746,8918704,4013.33
13746,8918922,4013.33
13746,8919112,4013.33
13746,8919345,4013.33
13746,8919499,4013.33
13746,8919713,4013.33
13746,8919981,4013.33
13746,8920239,4013.33
13746,8920346,4013.33
13746,8925190,4013.33
13746,8944119,4013.33
13746,8964884,4015.14
13746,8971197,4015.14
13746,8971502,4013.33
13746,8971668,4013.33
13746,8971860,4013.33
13746,8972080,4013.33
13746,8972298,4013.33
13746,8972509,4013.33
13746,8972710,4013.33
13746,8972878,4013.33
13746,8973197,4013.33
13746,8973351,4013.33
13746,8973517,4013.33
13746,8973778,4013.33
13746,8974050,4013.33
13746,8974152,4013.33
13746,8974361,4013.33
13746,8974623,4013.33
13746,8974828,4013.33
13746,8975044,4013.33
13746,8975263,4013.33
13746,8975421,4013.33
13746,8975632,4013.33
13746,8975842,4013.33
13746,8976102,4013.33
13746,8976315,4013.33
13746,8981874,4013.33
13746,8999709,4013.33
13746,9018479,4015.48
13746,9038338,4015.48
13746,9059435,4014.76
13746,9081146,4014.76
13746,9103203,4014.76
13746,9125347,4014.76
13746,9147090,4014.76
13746,9147389,4014.87
13746,9147598,4014.87
13746,9147760,4013.33
13746,9147974,4013.33
13746,9148194,4013.33
13746,9148407,4013.33
13746,9148612,4013.33
13746,9148781,4013.33
13746,9148990,4013.33
13746,9149254,4013.33
13746,9149460,4013.33
13746,9149679,4013.33
13746,9149938,4013.33
13746,9160239,4013.33
13746,9180640,4013.33
13746,9202016,4013.33
13746,9224098,4014.59
13746,9246443,4014.59
13746,9268816,4014.92
13746,9290987,4014.92
13746,9313776,4014.88
13746,9336308,4014.88
13746,9359070,4014.83
13746,9381865,4014.83
13746,9404636,4014.83
13746,9427683,4014.94
13746,9450466,4014.94
13746,9473628,4014.87
13746,9496916,4014.87
13746,9505764,4015.07
13746,9505935,4015.07
13746,9506152,4015.07
13746,9506423,4013.33
13746,9506625,4013.33
13746,9506834,4013.33
13746,9507103,4013.33
13746,9507246,4013.33
13746,9507419,4013.33
13746,9507630,4013.33
13746,9507890,4013.33
13746,9508051,4013.33
13746,9508259,4013.33
13746,9508531,4013.33
13746,9515919,4013.33
13746,9537264,4013.33
13746,9559791,4014.82
13746,9582434,4014.82
13746,9605266,4014.82
13746,9628110,4014.63
13746,9650994,4014.63
13746,9674200,4014.88
13746,9697290,4014.88
13746,9720448,4014.86
13746,9743641,4014.86
13746,9767146,4014.83
13746,9790894,4014.83
13746,9815225,4014.83
13746,9839348,4014.92
13746,9862795,4014.92
13746,9886289,4014.85
13746,9910116,4014.85
13746,9933607,4014.89
13746,9957405,4014.89
13746,9980875,4014.85
13746,10004623,4014.85
13746,10027921,4014.85
13746,10051822,4014.87
13746,10075295,4014.87
13746,10099222,4014.86
13746,10122638,4014.86
13746,10146195,4014.84
13746,10169738,4014.84
13746,10192978,4014.84
13746,10216696,4014.89
13746,10240192,4014.89
13746,10263689,4014.9
13746,10287372,4014.9
13746,10310529,4014.91
13746,10333870,4014.91
13746,10357211,4014.83
13746,10380690,4014.83
13746,10403681,4014.83
13746,10426987,4014.82
13746,10450366,4014.82
13746,10473983,4014.91
13746,10497578,4014.91
13746,10520467,4014.89
13746,10543593,4014.89
13746,10566796,4014.88
13746,10589650,4014.88
13746,10612421,4014.88
13746,10635085,4014.8
13746,10657557,4014.8
13746,10680198,4014.88
13746,10703211,4014.88
13746,10726567,4014.89
13746,10749856,4014.89
13746,10773248,4014.89
13746,10796936,4014.9
13746,10820235,4014.9
13746,10844273,4014.8
13746,10867731,4014.8
13746,10891662,4014.82
13746,10915127,4014.82
13746,10938674,4014.89
13746,10962194,4014.89
13746,10985405,4014.89
13746,11008915,4014.81
13746,11032338,4014.81
13746,11055510,4014.8
13746,11078805,4014.8
13746,11101956,4014.93
13746,11125156,4014.93
13746,11148189,4014.89
13746,11171046,4014.89
13746,11193880,4014.89
13746,11216673,4014.89
13746,11239697,4014.89
13746,11262682,4014.9
13746,11285907,4014.9
13746,11309204,4014.84
13746,11332873,4014.84
13746,11356292,4014.84
13746,11379727,4014.86
13746,11403648,4014.86
13746,11427393,4014.88
13746,11450511,4014.88
13746,11473693,4014.92
13746,11497087,4014.92
13746,11520603,4014.86
13746,11544408,4014.86
13746,11568043,4014.86
13746,11591579,4014.93
13746,11615143,4014.93
13746,11638424,4014.82
13746,11661808,4014.82
13746,11685647,4014.88
13746,11709488,4014.88
13746,11732892,4014.88
13746,11756530,4014.9
13746,11779881,4014.9
13746,11803802,4014.87
13746,11827162,4014.87
13746,11850606,4014.89
13746,11874035,4014.89
13746,11897711,4014.88
13746,11920530,4014.88
13746,11943691,4014.88
13746,11966869,4014.83
13746,11990477,4014.83
13746,12014099,4014.93
13746,12037704,4014.93
13746,12061513,4014.82
13746,12085021,4014.82
13746,12108800,4014.82
13746,12132354,4014.86
13746,12155654,4014.86
13746,12171742,4014.9
13746,12171952,4014.9
13746,12172157,4013.33
13746,12172374,4013.33
13746,12184564,4013.33
13746,12208264,4013.33
13746,12231547,4013.33
13746,12254710,4014.73
13746,12277754,4014.73
13746,12300755,4014.92
13746,12323848,4014.92
13746,12346849,4014.83
13746,12369920,4014.83
13746,12393349,4014.89
13746,12416634,4014.89
13746,12439806,4014.89
13746,12463369,4014.81
13746,12486653,4014.81
13746,12510251,4014.9
13746,12533704,4014.9
13746,12557245,4014.82
13746,12580606,4014.82
13746,12603902,4014.82
13746,12627000,4014.85
13746,12650363,4014.85
13746,12673910,4014.87
13746,12697469,4014.87
13746,12698020,4014.94
13746,12698179,4014.94
13746,12699715,4014.94
13746,12716796,4013.33
13746,12739774,4013.33
13746,12763321,4015.22
13746,12787100,4015.22
13746,12810168,4014.83
13746,12833262,4014.83
13746,12856213,4014.84
13746,12879434,4014.84
13746,12902071,4014.84
13746,12924748,4014.77
13746,12947879,4014.77
13746,12971798,4014.86
13746,12995138,4014.86
13746,13018756,4014.89
13746,13042511,4014.89
13746,13066715,4014.89
13746,13090810,4014.84
13746,13115219,4014.84
13746,13139363,4014.87
13746,13163948,4014.87
13746,13188661,4014.92
13746,13212731,4014.92
13746,13236653,4014.9
13746,13260389,4014.9
13746,13284799,4014.9
13746,13308465,4014.92
13746,13331844,4014.92
13746,13355210,4014.89
13746,13378506,4014.89
13746,13402094,4014.85
13746,13425481,4014.85
13746,13449287,4014.85
13746,13472712,4014.85
13746,13496193,4014.85
13746,13519794,4014.88
13746,13543487,4014.88
13746,13567127,4014.92
13746,13590701,4014.92
13746,13614330,4014.88
13746,13637831,4014.88
13746,13661423,4014.88
13746,1305301,4014.82
13746,1329103,4014.85
13746,1352545,4014.85
13746,1375815,4014.85
13746,1398805,4014.85
13746,1421860,4014.83
13746,1445070,4014.83
13746,1468087,4014.78
13746,1491146,4014.78
13746,1514440,4014.78
13746,1537989,4014.66
13746,1561594,4014.66
13746,1584984,4014.82
13746,1608253,4014.82
13746,1631680,4014.79
13746,1654599,4014.79
13746,1677446,4014.88
13746,1700044,4014.88
13746,1722778,4014.88
13746,1745585,4014.84
13746,1768664,4014.84
13746,1792088,4014.8
13746,1815373,4014.8
13746,1838747,4014.78
13746,1862085,4014.78
13746,1885203,4014.78
13746,1908430,4014.77
13746,1929558,4014.77
13746,1929778,4014.84
13746,1929997,4014.84
13746,1930208,4013.33
13746,1930417,4013.33
13746,1930939,4013.33
13746,1944100,4013.33
13746,13685275,4014.85
13746,13705267,4014.85
13746,13705424,4014.88
13746,13705639,4014.88
13746,13705800,4013.33
13746,13706552,4013.33
13746,13721857,4013.33
13746,13746077,4013.33
13746,13770020,4013.33
13746,13793492,4014.6
13746,13816909,4014.6
13746,13839820,4014.92
13746,13863036,4014.92
13746,13886062,4014.91
13746,13909784,4014.91
13746,13933216,4014.91
13746,13957172,4014.84
13746,13980724,4014.84
13746,14003909,4014.85
13746,14027119,4014.85
13746,14050114,4014.84
13746,14057665,4014.84
13746,14057927,4014.89
13746,14058088,4014.89
13746,14058308,4014.89
13746,14058519,4013.33
13746,14058731,4013.33
13746,14058943,4013.33
13746,14059152,4013.33
13746,14059315,4013.33
13746,14059582,4013.33
13746,14059798,4013.33
13746,14059959,4013.33
13746,14060174,4013.33
13746,14060383,4013.33
13746,14060591,4013.33
13746,1967702,4013.33
13746,1991222,4015.25
13746,2014523,4015.25
13746,2037687,4014.77
13746,2060662,4014.77
13746,2083213,4014.85
13746,2106403,4014.85
13746,2129431,4014.75
13746,2152493,4014.75
13746,2175992,4014.75
13746,2199043,4014.89
13746,2222000,4014.89
13746,2245169,4014.88
13746,2268316,4014.88
13746,2291261,4014.86
13746,2314570,4014.86
13746,2337328,4014.86
13746,2360565,4014.86
13746,2383781,4014.86
13746,2406836,4014.85
13746,2430137,4014.85
13746,2453052,4014.88
13746,2476438,4014.88
13746,2499389,4014.97
13746,2522281,4014.97
13746,2545310,4014.97
13746,2567980,4014.86
13746,2590963,4014.86
13746,2613923,4014.87
13746,2637418,4014.87
13746,2661270,4014.85
13746,2684806,4014.85
13746,2707763,4014.85
13746,2730942,4014.88
13746,2753709,4014.88
13746,2776113,4014.91
13746,2799021,4014.91
13746,2821717,4014.97
13746,2844604,4014.97
13746,2867749,4014.9
13746,2871941,4014.9
13746,2872116,4014.9
13746,2872385,4013.33
13746,2872543,4013.33
13746,2872760,4013.33
13746,2885268,4013.33
13746,2907149,4014.69
13746,2929181,4014.69
13746,2950839,4014.69
13746,2972819,4014.74
13746,2994847,4014.74
13746,3017040,4014.9
13746,3039198,4014.9
13746,3061937,4014.9
13746,3084819,4014.9
13746,3107648,4015.03
13746,3130665,4015.03
13746,3153815,4015.03
13746,3177301,4014.86
13746,3200803,4014.86
13746,3224352,4014.86
13746,3247860,4014.86
13746,3271489,4014.88
13746,3294865,4014.88
13746,3295046,4014.88
13746,3295351,4014.88
13746,3303760,4014.88
13746,3327726,4013.33
13746,3351557,4013.33
13746,3374983,4014.44
13746,3397893,4014.44
13746,3420912,4014.86
13746,3444101,4014.86
13746,3466915,4014.86
13746,3489915,4014.94
13746,3512949,4014.94
13746,3536172,4014.88
13746,3559306,4014.88
13746,3582323,4014.9
13746,3604805,4014.9
13746,3627503,4014.94
13746,3650280,4014.94
13746,3673153,4014.94
13746,3696008,4014.81
13746,3719048,4014.81
13746,3742145,4014.93
13746,3765542,4014.93
13746,3788658,4015.01
13746,3811931,4015.01
13746,3835318,4015.01
13746,3859070,4014.84
13746,3882483,4014.84
13746,3905524,4014.91
13746,3928440,4014.91
13746,3951181,4014.95
13746,3974272,4014.95
13746,3996820,4014.97
13746,4008932,4014.97
13746,4009208,4014.97
13746,4009369,4014.91
13746,4009614,4014.91
13746,4009785,4013.33
13746,4019690,4013.33
13746,4042555,4014.46
13746,4065470,4014.46
13746,4088327,4014.56
13746,4111202,4014.56
13746,4134133,4014.56
13746,4157159,4014.93
13746,4180330,4014.93
13746,4203352,4014.96
13746,4226267,4014.96
13746,4249947,4014.83
13746,4273896,4014.83
13746,4297315,4014.83
13746,4321246,4014.85
13746,4345074,4014.85
13746,4368292,4014.88
13746,4392033,4014.88
13746,4415458,4014.88
13746,4439016,4014.88
13746,4461720,4014.83
13746,4484456,4014.83
13746,4507225,4014.83
13746,4529783,4014.86
13746,4552428,4014.86
13746,4576107,4014.96
13746,4599659,4014.96
13746,4623468,4014.9
13746,4646986,4014.9
13746,4670240,4014.9
13746,4693699,4014.93
13746,4716866,4014.93
13746,4740050,4014.91
13746,4763112,4014.91
13746,4786397,4014.91
13746,4809570,4014.91
13746,4832839,4014.94
13746,4855911,4014.94
13746,4879155,4014.94
13746,4902127,4014.92
13746,4925108,4014.92
13746,4947991,4014.93
13746,4970967,4014.93
13746,4994184,4014.9
13746,5017314,4014.9
13746,5039845,4014.91
13746,5062766,4014.91
13746,5085538,4014.91
13746,5108564,4015
13746,5131632,4015
13746,5154774,4014.91
13746,5177824,4014.91
13746,5200630,4015
13746,5203547,4015
13746,5203754,4015
13746,5203921,4013.33
13746,5204187,4013.33
13746,5204380,4013.33
13746,5204658,4013.33
13746,5204848,4013.33
13746,5205023,4013.33
13746,5205235,4013.33
13746,5205445,4013.33
13746,5205615,4013.33
13746,5205879,4013.33
13746,5206042,4013.33
13746,5206253,4013.33
13746,5206467,4013.33
13746,5206680,4013.33
13746,5206940,4013.33
13746,5211206,4013.33
13746,5232567,4013.33
13746,5255530,4013.33
13746,5278716,4014.68
13746,5279672,4014.68
13746,5279879,4014.88
13746,5280084,4014.88
13746,5280298,4014.88
13746,5280519,4013.33
13746,5280726,4013.33
13746,5280941,4013.33
13746,5281094,4013.33
13746,5281358,4013.33
13746,5281518,4013.33
13746,5281733,4013.33
13746,5281936,4013.33
13746,5282104,4013.33
13746,5282317,4013.33
13746,5283185,4013.33
13746,5295253,4013.33
13746,5318098,4013.33
13746,5340420,4014.57
13746,5363294,4014.57
13746,5386097,4014.57
13746,5408406,4014.87
13746,5430393,4014.87
13746,5452708,4014.89
13746,5475036,4014.89
13746,5497219,4014.91
13746,5519838,4014.91
13746,5542877,4014.88
13746,5566304,4014.88
13746,5589395,4014.88
13746,5612449,4014.92
13746,5635785,4014.92
13746,5658532,4014.81
13746,5681120,4014.81
13746,5703538,4014.85
13746,5726311,4014.85
13746,5749578,4014.85
13746,5772734,4014.82
13746,5795893,4014.82
13746,5819136,4014.86
13746,5842420,4014.86
13746,5865830,4014.82
13746,5889666,4014.82
13746,5912793,4014.85
13746,5936219,4014.85
13746,5959792,4014.85
13746,5983468,4014.93
13746,6006988,4014.93
13746,6030462,4014.78
13746,6053736,4014.78
13746,6077016,4014.88
13746,6100592,4014.88
13746,6124029,4014.88
13746,6146935,4014.84
13746,6170664,4014.84
13746,6194269,4014.82
13746,6217960,4014.82
13746,6242281,4014.95
13746,6265690,4014.95
13746,6288865,4014.86
13746,6311912,4014.86
13746,6335085,4014.86
13746,6358005,4015.04
13746,6381147,4015.04
13746,6404128,4014.88
13746,6427235,4014.88
13746,6450405,4014.96
13746,6473574,4014.96
13746,6496611,4014.96
13746,6519839,4014.84
13748,1880,4013.33
13748,19754,4013.33
13748,43488,4013.33
13748,67199,4013.33
13748,91328,4014.73
13748,114965,4014.73
13748,138399,4014.97
13748,161749,4014.97
13748,167831,4014.97
13748,168093,4014.97
13748,168250,4014.97
13748,168468,4013.33
13748,168675,4013.33
13748,168888,4013.33
13748,169153,4013.33
13748,169359,4013.33
13748,169522,4013.33
13748,169787,4013.33
13748,169995,4013.33
13748,170206,4013.33
13748,173504,4013.33
13748,193034,4013.33
13748,215093,4013.33
13748,237360,4014.64
13748,259836,4014.64
13748,282368,4015.04
13748,305470,4015.04
13748,328397,4015.04
13748,351179,4014.98
13748,374063,4014.98
13748,396732,4014.89
13748,419116,4014.89
13748,441668,4014.86
13748,464569,4014.86
13748,486859,4014.86
13748,509230,4014.85
13748,532838,4014.85
13748,556223,4014.88
13748,579786,4014.88
13748,603484,4014.89
13748,626718,4014.89
13748,6452178,4014.87
13748,6475721,4015.01
13748,6499465,4015.01
13748,6523210,4014.89
13748,6547431,4014.89
13748,6571017,4014.96
13748,6594767,4014.96
13748,6618446,4014.96
13748,6641747,4014.9
13748,6664910,4014.9
13748,6687829,4014.88
13748,6710858,4014.88
13748,6734341,4014.88
13748,6757330,4014.88
13748,6780517,4014.88
13748,6804043,4014.8
13748,6828108,4014.8
13748,6852359,4014.84
13748,6875531,4014.84
13748,6898509,4014.89
13748,6901935,4014.89
13748,6902090,4014.89
13748,6902254,4013.33
13748,6903673,4013.33
13748,6918037,4013.33
13748,6942316,4013.33
13748,6966543,4014.58
13748,6990306,4014.58
13748,7013882,4014.87
13748,7037611,4014.87
13748,7061025,4014.87
13748,649543,4014.89
13748,672663,4014.99
13748,695896,4014.99
13748,719161,4014.93
13748,742283,4014.93
13748,757530,4014.86
13748,757698,4014.86
13748,757905,4014.86
13748,758123,4013.33
13748,758336,4013.33
13748,758540,4013.33
13748,758810,4013.33
13748,758967,4013.33
13748,759235,4013.33
13748,759435,4013.33
13748,759600,4013.33
13748,759819,4013.33
13748,759979,4013.33
13748,760192,4013.33
13748,761099,4013.33
13748,775435,4013.33
13748,794886,4013.33
13748,815372,4014.67
13748,827375,4014.67
13748,827593,4014.93
13748,827798,4014.93
13748,828000,4014.93
13748,828176,4013.33
13748,828492,4013.33
13748,828644,4013.33
13748,828812,4013.33
13748,829108,4013.33
13748,829279,4013.33
13748,829447,4013.33
13748,829642,4013.33
13748,829869,4013.33
13748,830080,4013.33
13748,830339,4013.33
13748,830549,4013.33
13748,830764,4013.33
13748,830978,4013.33
13748,831134,4013.33
13748,831458,4013.33
13748,831609,4013.33
13748,831834,4013.33
13748,832044,4013.33
13748,832255,4013.33
13748,832459,4013.33
13748,832624,4013.33
13748,832832,4013.33
13748,833102,4013.33
13748,833324,4013.33
13748,833528,4013.33
13748,833682,4013.33
13748,833898,4013.33
13748,835880,4013.33
13748,851893,4013.33
13748,873027,4013.33
13748,894398,4015.06
13748,916436,4015.06
13748,938646,4015.01
13748,961211,4015.01
13748,983488,4014.91
13748,1006513,4014.91
13748,1029209,4014.91
13748,1051712,4015
13748,1074610,4015
13748,1097407,4014.91
13748,1120606,4014.91
13748,1143492,4014.9
13748,1166660,4014.9
13748,1190068,4014.9
13748,1212989,4014.93
13748,1236282,4014.93
13748,1259516,4014.91
13748,1283110,4014.91
13748,7083746,4014.88
13748,7106810,4014.88
13748,7130358,4014.94
13748,7154271,4014.94
13748,7178222,4014.87
13748,7202154,4014.87
13748,7225331,4014.87
13748,7249011,4014.96
13748,7271840,4014.96
13748,7294574,4014.85
13748,7317385,4014.85
13748,7340011,4014.87
13748,7363052,4014.87
13748,7385835,4014.87
13748,7408608,4014.91
13748,7431673,4014.91
13748,7455169,4014.9
13748,7478836,4014.9
13748,7502299,4014.93
13748,7525712,4014.93
13748,7549048,4014.93
13748,7572722,4014.87
13748,7596792,4014.87
13748,7619964,4014.93
13748,7643496,4014.93
13748,7667128,4014.86
13748,7690549,4014.86
13748,7714166,4014.94
13748,7737981,4014.94
13748,7761657,4014.94
13748,7785155,4014.91
13748,7808668,4014.91
13748,7831803,4014.92
13748,7855085,4014.92
13748,7878387,4014.99
13748,7902210,4014.99
13748,7926262,4014.99
13748,7950056,4014.95
13748,7974112,4014.95
13748,7997559,4014.93
13748,8020062,4014.93
13748,8042723,4014.86
13748,8065617,4014.86
13748,8089051,4014.93
13748,8112751,4014.93
13748,8136310,4014.93
13748,8159849,4014.87
13748,8183407,4014.87
13748,8206745,4014.91
13748,8230625,4014.91
13748,8253922,4014.93
13748,8277165,4014.93
13748,8300699,4014.93
13748,8323824,4014.87
13748,8346720,4014.87
13748,8369433,4014.92
13748,8392205,4014.92
13748,8415084,4014.97
13748,8438251,4014.97
13748,8454820,4014.97
13748,8454971,4014.96
13748,8455181,4014.96
13748,8455394,4013.33
13748,8459114,4013.33
13748,8480417,4013.33
13748,8504599,4013.33
13748,8528056,4013.33
13748,8551200,4014.79
13748,8574636,4014.79
13748,8597932,4014.84
13748,8621284,4014.84
13748,8644715,4014.97
13748,8668316,4014.97
13748,8692572,4014.97
13748,8716119,4014.94
13748,8739742,4014.94
13748,8763448,4014.97
13748,8787242,4014.97
13748,8811095,4014.92
13748,8834863,4014.92
13748,8859015,4014.92
13748,8882282,4014.78
13748,8905890,4014.78
13748,8928938,4014.92
13748,8952243,4014.92
13748,8975061,4014.79
13748,8998426,4014.79
13748,9021740,4014.79
13748,9045418,4014.88
13748,9069223,4014.88
13748,9092737,4014.99
13748,9116312,4014.99
13748,9140008,4014.85
13748,9163800,4014.85
13748,9187618,4014.85
13748,9211279,4014.93
13748,9234560,4014.93
13748,9258314,4014.91
13748,9282205,4014.91
13748,9305638,4014.93
13748,9328843,4014.93
13748,9352135,4014.93
13748,9375216,4014.93
13748,9398817,4014.93
13748,9423005,4014.92
13748,9446691,4014.92
13748,9470362,4014.93
13748,9493911,4014.93
13748,9517613,4014.91
13748,9541268,4014.91
13748,9564733,4014.91
13748,9588218,4015
13748,9611825,4015
13748,9634940,4014.86
13748,9658137,4014.86
13748,9661128,4014.81
13748,9661346,4014.81
13748,9663728,4013.33
13748,9683675,4013.33
13748,9708480,4013.33
13748,9732458,4015.2
13748,9756106,4015.2
13748,9779741,4014.94
13748,9803323,4014.94
13748,9826987,4014.94
13748,9850865,4014.91
13748,9874144,4014.91
13748,9897688,4014.91
13748,9918815,4014.91
13748,9919118,4014.86
13748,9919316,4014.86
13748,9930381,4013.33
13748,9955070,4013.33
13748,9979489,4013.33
13748,10003472,4014.66
13748,10027276,4014.66
13748,10051074,4014.92
13748,10074428,4014.92
13748,10097819,4014.92
13748,10121215,4014.94
13748,10144502,4014.94
13748,10167805,4014.88
13748,10191242,4014.88
13748,10214128,4014.88
13748,10237954,4014.88
13748,10262274,4014.85
13748,10286347,4014.85
13748,10310005,4014.85
13748,10333601,4014.84
13748,10357244,4014.84
13748,10380883,4014.9
13748,10404695,4014.9
13748,10428553,4014.84
13748,10451931,4014.84
13748,10475252,4014.84
13748,10496767,4014.94
13748,10496896,4014.94
13748,10497110,4014.91
13748,10501461,4014.91
13748,10525169,4013.33
13748,10549238,4013.33
13748,10573540,4013.33
13748,10597727,4014.73
13748,10621415,4014.73
13748,10645095,4014.86
13748,10668739,4014.86
13748,10692052,4014.91
13748,10715603,4014.91
13748,10739173,4014.91
13748,10762608,4014.88
13748,10786415,4014.88
13748,10809564,4014.95
13748,10832711,4014.95
13748,10856039,4014.9
13748,10879326,4014.9
13748,10906920,4014.93
13748,10930266,4014.93
13748,10953809,4014.93
13748,10977114,4014.88
13748,11013089,4014.9
13748,11036576,4014.9
13748,11060866,4014.9
13748,11085019,4014.86
13748,11108590,4014.86
13748,11132499,4014.86
13748,11156839,4014.86
13748,11181424,4014.87
13748,11205603,4014.87
13748,11229160,4014.87
13748,11252836,4014.9
13748,11276641,4014.9
13748,11299809,4014.84
13748,11323093,4014.84
13748,11346350,4014.9
13748,11369887,4014.9
13748,11393440,4014.9
13748,11416814,4014.9
13748,11440486,4014.9
13748,11463404,4014.87
13748,11486752,4014.87
13748,11510326,4014.91
13748,11533752,4014.91
13748,11556711,4014.91
13748,11579873,4014.88
13748,11602893,4014.88
13748,11625581,4014.82
13748,11648369,4014.82
13748,11671512,4014.91
13748,11694308,4014.91
13748,11717458,4014.91
13748,11740312,4014.86
13748,11763675,4014.86
13748,11787063,4014.89
13748,11810467,4014.89
13748,11834086,4014.96
13748,11857133,4014.96
13748,11880423,4014.96
13748,11903430,4014.87
13748,11926236,4014.87
13748,11949122,4014.94
13748,11972170,4014.94
13748,11995539,4014.94
13748,12018848,4014.87
13748,12042735,4014.87
13748,12066157,4014.86
13748,12089869,4014.86
13748,12113590,4014.92
13748,12136999,4014.92
13748,12160605,4014.92
13748,12183934,4014.86
13748,12207073,4014.86
13748,12230514,4014.91
13748,12253541,4014.91
13748,12277217,4014.91
13748,12300384,4014.91
13748,12324089,4014.91
13748,12347363,4014.88
13748,12370665,4014.88
13748,12393952,4014.92
13748,12417381,4014.92
13748,12440675,4014.94
13748,12464084,4014.94
13748,12487309,4014.94
13748,12511203,4014.95
13748,12534508,4014.95
13748,12557792,4014.94
13748,12581488,4014.94
13748,12604823,4014.92
13748,12627849,4014.92
13748,12650991,4014.92
13748,12674684,4014.85
13748,12698217,4014.85
13748,12721875,4014.84
13748,12745813,4014.84
13748,12769775,4014.91
13748,12793840,4014.91
13748,12818196,4014.91
13748,12841962,4014.89
13748,12866008,4014.89
13748,12889583,4014.98
13748,12912697,4014.98
13748,12936533,4014.91
13748,12960177,4014.91
13748,12982893,4014.91
13748,13005678,4014.9
13748,13028727,4014.9
13748,13051859,4014.87
13748,13075301,4014.87
13748,13098859,4014.88
13748,13122293,4014.88
13748,13145827,4014.88
13748,13168987,4014.87
13748,13192302,4014.87
13748,13215722,4014.89
13748,13238762,4014.89
13748,13261868,4014.87
13748,13284947,4014.87
13748,13308030,4014.87
13748,13331420,4014.91
13748,13355376,4014.91
13748,13379314,4014.84
13748,13403244,4014.84
13748,13427048,4014.84
13748,13450144,4014.84
13748,13473523,4014.84
13748,13497304,4014.8
13748,1306994,4014.91
13748,1330351,4015.02
13748,1353531,4015.02
13748,1376752,4014.87
13748,1399865,4014.87
13748,1423268,4014.89
13748,1446447,4014.89
13748,1469736,4014.89
13748,1493754,4014.99
13748,1518000,4014.99
13748,1542304,4014.92
13748,1566272,4014.92
13748,1590188,4014.92
13748,1614319,4015.02
13748,1637798,4015.02
13748,1657252,4014.98
13748,1657424,4014.98
13748,1657642,4013.33
13748,1657854,4013.33
13748,1658118,4013.33
13748,1658324,4013.33
13748,1658539,4013.33
13748,1658734,4013.33
13748,1658912,4013.33
13748,1659170,4013.33
13748,1659445,4013.33
13748,1659559,4013.33
13748,1659870,4013.33
13748,1660014,4013.33
13748,1660190,4013.33
13748,1660815,4013.33
13748,1672721,4013.33
13748,1694996,4013.33
13748,1718170,4013.33
13748,1741835,4014.74
13748,1765229,4014.74
13748,1787953,4014.92
13748,1810970,4014.92
13748,1833620,4014.92
13748,1856278,4014.91
13748,1879152,4014.91
13748,1902235,4014.9
13748,1925517,4014.9
13748,1930112,4014.94
13748,1930371,4014.94
13748,1930534,4014.94
13748,1935975,4013.33
13748,13520744,4014.8
13748,13544135,4014.84
13748,13568104,4014.84
13748,13591370,4014.85
13748,13614556,4014.85
13748,13637971,4014.85
13748,13661253,4014.93
13748,13684697,4014.93
13748,13708138,4014.88
13748,13731425,4014.88
13748,13754713,4014.87
13748,13778735,4014.87
13748,13802456,4014.87
13748,13825923,4014.92
13748,13849939,4014.92
13748,13873774,4014.95
13748,13897320,4014.95
13748,13920480,4014.81
13748,13943528,4014.81
13748,13966570,4014.81
13748,13989447,4014.91
13748,14012393,4014.91
13748,14036275,4014.93
13748,14059731,4014.93
13748,14083804,4014.9
13748,14107611,4014.9
13748,14131498,4014.9
13748,14155351,4014.9
13748,14179081,4014.9
13748,14202654,4014.96
13748,14226181,4014.96
13748,14249686,4014.85
13748,14272987,4014.85
13748,14296355,4014.9
13748,14319965,4014.9
13748,14343839,4014.9
13748,14367247,4014.88
13748,14391012,4014.88
13748,14414981,4014.92
13748,14438367,4014.92
13748,14463113,4014.96
13748,14486637,4014.96
13748,14510294,4014.96
13748,14533710,4014.87
13748,14556687,4014.87
13748,14580056,4014.88
13748,14603370,4014.88
13748,14626921,4014.94
13748,14627569,4014.94
13748,14627785,4014.94
13748,14634523,4013.33
13748,14658376,4013.33
13748,14683298,4015.44
13748,14707017,4015.44
13748,14730662,4014.9
13748,14755115,4014.9
13748,14778921,4014.9
13748,14802465,4014.9
13748,14825892,4014.9
13748,14849316,4014.9
13748,14872622,4014.9
13748,14895515,4014.85
13748,14918683,4014.85
13748,14941474,4014.9
13748,14964507,4014.9
13748,14987806,4014.9
13748,15011621,4014.9
13748,15035102,4014.9
13748,15058608,4014.94
13748,15082653,4014.94
13748,15107490,4014.92
13748,15132078,4014.92
13748,15156175,4014.92
13748,15180059,4014.96
13748,15203272,4014.96
13748,15226751,4014.91
13748,15250140,4014.91
13748,15273892,4014.93
13748,15297724,4014.93
13748,15321904,4014.93
13748,15345569,4014.87
13748,15369261,4014.87
13748,15393047,4014.93
13748,15416739,4014.93
13748,15439799,4014.92
13748,15463198,4014.92
13748,15486691,4014.92
13748,15509675,4014.89
13748,15533055,4014.89
13748,15556627,4014.9
13748,15580686,4014.9
13748,15604157,4014.92
13748,15627736,4014.92
13748,15650965,4014.92
13748,15674189,4014.83
13748,15697573,4014.83
13748,15721041,4014.88
13748,15744917,4014.88
13748,15768687,4014.85
13748,15792609,4014.85
13748,15816496,4014.86
13748,15840668,4014.86
13748,15864085,4014.86
13748,15887907,4014.92
13748,15911444,4014.92
13748,15935135,4014.95
13748,15959182,4014.95
13748,15983018,4014.77
13748,16006955,4014.77
13748,16030768,4014.77
13748,16054511,4014.82
13748,16077864,4014.82
13748,16101989,4014.96
13748,16125731,4014.96
13748,16148904,4014.85
13748,16172005,4014.85
13748,16195632,4014.85
13748,16219351,4014.88
13748,16243101,4014.88
13748,16267031,4014.86
13748,16290599,4014.86
13748,16302279,4014.87
13748,16302475,4014.87
13748,16302676,4014.87
13748,16302829,4013.33
13748,16306040,4013.33
13748,16327558,4013.33
13748,16352008,4013.33
13748,16376071,4013.33
13748,16400129,4014.73
13748,16423887,4014.73
13748,16447142,4014.84
13748,16470031,4014.84
13748,16493509,4014.88
13748,16517184,4014.88
13748,16540534,4014.88
13748,16564109,4014.89
13748,16587659,4014.89
13748,16605166,4014.91
13748,16605284,4014.91
13748,16605500,4013.33
13748,16605813,4013.33
13748,16605977,4013.33
13748,16606191,4013.33
13748,16607987,4013.33
13748,16626568,4013.33
13748,16650492,4013.33
13748,16674433,4014.61
13748,16697386,4014.61
13748,16720526,4014.61
13748,16743566,4014.85
13748,16766936,4014.85
13748,16790240,4014.85
13748,16813551,4014.85
13748,16836992,4014.87
13748,16860311,4014.87
13748,16884111,4014.87
13748,16907887,4014.94
13748,16931592,4014.94
13748,16955191,4014.87
13748,16978529,4014.87
13748,17002173,4014.91
13748,17025387,4014.91
13748,17048365,4014.91
13748,17071247,4014.9
13748,17094152,4014.9
13748,17117301,4014.93
13748,17140677,4014.93
13748,17163864,4014.93
13748,17187323,4014.84
13748,17211190,4014.84
13748,17234941,4014.82
13748,17258619,4014.82
13748,17282210,4014.89
13748,17305995,4014.89
13748,17329921,4014.89
13748,17353720,4014.91
13748,17377547,4014.91
13748,17400947,4014.85
13748,17424779,4014.85
13748,17448380,4014.85
13748,17472128,4014.92
13748,17495549,4014.92
13748,17519281,4014.94
13748,17542920,4014.94
13748,17565944,4014.83
13748,17585254,4014.83
13748,17585380,4014.83
13748,17585592,4014.89
13748,17585901,4014.89
13748,17586070,4013.33
13748,17586227,4013.33
13748,17586433,4013.33
13748,17586734,4013.33
13748,17586895,4013.33
13748,17587168,4013.33
13748,17587332,4013.33
13748,17587539,4013.33
13748,17587765,4013.33
13748,17587979,4013.33
13748,17588189,4013.33
13748,17588406,4013.33
13748,17588621,4013.33
13748,17588843,4013.33
13748,17589048,4013.33
13748,17589255,4013.33
13748,17595558,4013.33
13748,17616173,4013.33
13748,17638392,4013.33
13748,17661109,4014.35
13748,17684140,4014.35
13748,17707078,4014.84
13748,17729957,4014.84
13748,17752499,4014.84
13748,17775548,4014.93
13748,17798275,4014.93
13748,17821224,4014.84
13748,17843913,4014.84
13748,17866401,4014.87
13748,17889581,4014.87
13748,17913151,4014.87
13748,17936696,4014.84
13748,17960250,4014.84
13748,17983418,4014.79
13748,18006315,4014.79
13748,18029284,4014.93
13748,18052263,4014.93
13748,18075046,4014.93
13748,18097834,4015.02
13748,18120992,4015.02
13748,18144288,4014.89
13748,18167607,4014.89
13748,18191150,4014.92
13748,18214963,4014.92
13748,18238939,4014.92
13748,18262456,4014.91
13748,18286233,4014.91
13748,18309729,4014.84
13748,18333185,4014.84
13748,18356648,4014.92
13748,18379952,4014.92
13748,18403237,4014.92
13748,18426409,4014.87
13748,18449753,4014.87
13748,18473162,4014.92
13748,18496336,4014.92
13748,18519596,4014.92
13748,18542897,4014.92
13748,18566696,4014.92
13748,18589739,4014.95
13748,18612956,4014.95
13748,18636474,4014.9
13748,18659785,4014.9
13748,18683326,4014.9
13748,18706491,4014.96
13748,18729925,4014.96
13748,18753073,4014.86
13748,18767685,4014.86
13748,18767884,4014.93
13748,18769081,4014.93
13748,18785653,4014.93
13748,18808936,4013.33
13748,18832458,4013.33
13748,18855757,4014.83
13748,18878583,4014.83
13748,18901337,4014.83
13748,18924106,4014.91
13748,18947320,4014.91
13748,18970429,4014.88
13748,18993502,4014.88
13748,19016784,4014.94
13748,19040346,4014.94
13748,19064008,4014.85
13748,19087906,4014.85
13748,19109701,4014.85
13748,19109906,4014.95
13748,19112447,4014.95
13748,19131996,4013.33
13748,19155550,4013.33
13748,19178586,4013.33
13748,19201503,4014.37
13748,19224894,4014.37
13748,19247818,4014.85
13748,19270986,4014.85
13748,19294161,4014.92
13748,19316946,4014.92
13748,19340240,4014.92
13748,19363605,4014.86
13748,19387281,4014.86
13748,19410511,4014.82
13748,19433973,4014.82
13748,19457428,4015
13748,19481033,4015
13748,19504840,4015
13748,19528343,4014.86
13748,19551493,4014.86
13748,19574800,4014.98
13748,19598300,4014.98
13748,19621344,4014.89
13748,19644388,4014.89
13748,19667264,4014.89
13748,19690330,4014.87
13748,19713459,4014.87
13748,19736547,4014.85
13748,19759571,4014.85
13748,19783093,4014.87
13748,19806298,4014.87
13748,19828944,4014.87
13748,19852381,4014.87
13748,19875905,4014.87
13748,19899364,4014.96
13748,1958952,4013.33
13748,1982239,4015.32
13748,2005546,4015.32
13748,2029353,4014.91
13748,2052502,4014.91
13748,2075747,4014.86
13748,2099245,4014.86
13748,2122574,4014.86
13748,2145849,4014.97
13748,2169004,4014.97
13748,2192057,4015
13748,2215205,4015
13748,2238468,4014.9
13748,2261572,4014.9
13748,2284993,4014.9
13748,2308186,4014.93
13748,2331585,4014.93
13748,2354748,4014.99
13748,2378403,4014.99
13748,2401602,4014.86
13748,2425282,4014.86
13748,2448868,4014.86
13748,2472499,4014.96
13748,2495544,4014.96
13748,2518861,4014.98
13748,2542277,4014.98
13748,2566212,4014.95
13748,19922389,4014.96
13748,19945748,4014.97
13748,19969560,4014.97
13748,19993634,4014.97
13748,19996549,4014.91
13748,2589763,4014.95
13748,2613299,4014.95
13748,2636845,4014.95
13748,2660518,4014.95
13748,2684213,4014.91
13748,2707629,4014.91
13748,2731069,4014.88
13748,2754881,4014.88
13748,2778113,4014.84
13748,2801731,4014.84
13748,2825398,4014.84
13748,2848358,4014.97
13748,2871605,4014.97
13748,2895023,4014.85
13748,2918731,4014.85
13748,2942253,4014.88
13748,2965548,4014.88
13748,2988844,4014.88
13748,3012164,4014.92
13748,3035966,4014.92
13748,3059768,4014.9
13748,3083454,4014.9
13748,3107555,4014.95
13748,3131494,4014.95
13748,3154727,4014.95
13748,3178177,4014.95
13748,3201396,4014.95
13748,3224969,4014.97
13748,3248552,4014.97
13748,3271493,4014.97
13748,3290277,4014.97
13748,3290441,4014.89
13748,3290757,4014.89
13748,3290910,4014.89
13748,3292078,4013.33
13748,3308663,4013.33
13748,3332283,4013.91
13748,3355637,4013.91
13748,3378783,4014.82
13748,3402082,4014.82
13748,3425567,4014.82
13748,3448630,4014.88
13748,3471854,4014.88
13748,3495780,4014.92
13748,3519078,4014.92
13748,3542255,4014.94
13748,3565430,4014.94
13748,3588579,4014.94
13748,3612238,4014.97
13748,3635554,4014.97
13748,3659247,4014.87
13748,3683173,4014.87
13748,3706594,4014.93
13748,3729896,4014.93
13748,3753344,4014.93
13748,3776759,4014.9
13748,3800191,4014.9
13748,3823730,4014.91
13748,3847412,4014.91
13748,3871073,4014.86
13748,3894545,4014.86
13748,3917545,4014.81
13748,3941110,4014.81
13748,3964787,4014.81
13748,3989106,4014.95
13748,4013101,4014.95
13748,4031742,4014.9
13748,4031904,4014.9
13748,4032171,4013.33
13748,4032385,4013.33
13748,4032685,4013.33
13748,4043467,4013.33
13748,4066890,4013.33
13748,4090570,4015.3
13748,4107830,4015.3
13748,4108012,4014.85
13748,4108169,4014.85
13748,4108380,4014.85
13748,4113693,4013.33
13748,4121937,4013.33
13748,4122103,4015.29
13748,4122369,4015.29
13748,4125563,4013.33
13748,4148292,4013.33
13748,4173076,4014.87
13748,4196614,4014.87
13748,4219964,4014.87
13748,4243672,4014.94
13748,4266883,4014.94
13748,4290317,4014.93
13748,4313991,4014.93
13748,4337419,4014.82
13748,4360361,4014.82
13748,4383789,4014.82
13748,4406920,4014.93
13748,4429596,4014.93
13748,4452294,4014.9
13748,4475275,4014.9
13748,4498324,4014.91
13748,4521489,4014.91
13748,4544405,4014.91
13748,4567575,4014.93
13748,4590602,4014.93
13748,4613520,4014.9
13748,4636952,4014.9
13748,4659601,4014.92
13748,4659745,4014.92
13748,4660055,4013.33
13748,4660215,4013.33
13748,4665429,4013.33
13748,4689685,4013.33
13748,4713812,4013.33
13748,4737149,4014.62
13748,4760793,4014.62
13748,4784212,4014.75
13748,4807651,4014.75
13748,4831308,4014.75
13748,4854610,4014.98
13748,4877798,4014.98
13748,4900686,4015.01
13748,4923674,4015.01
13748,4946905,4014.9
13748,4970388,4014.9
13748,4993622,4014.9
13748,5016753,4014.97
13748,5040285,4014.97
13748,5064272,4014.93
13748,5088214,4014.93
13748,5112195,4014.87
13748,5136138,4014.87
13748,5160160,4014.87
13748,5183922,4014.77
13748,5207886,4014.77
13748,5231945,4014.99
13748,5256025,4014.99
13748,5279872,4014.87
13748,5303327,4014.87
13748,5327001,4014.85
13748,5350488,4014.85
13748,5373536,4014.85
13748,5396576,4014.88
13748,5419866,4014.88
13748,5443050,4014.89
13748,5466200,4014.89
13748,5489621,4014.82
13748,5513185,4014.82
13748,5536852,4014.82
13748,5560398,4014.79
13748,5583843,4014.79
13748,5607089,4014.84
13748,5630931,4014.84
13748,5653979,4014.9
13748,5676513,4014.9
13748,5699303,4014.9
13748,5722565,4015.02
13748,5746044,4015.02
13748,5769942,4014.89
13748,5793497,4014.89
13748,5817571,4014.91
13748,5841466,4014.91
13748,5866140,4014.94
13748,5889874,4014.94
13748,5913681,4014.94
13748,5937175,4014.9
13748,5960912,4014.9
13748,5984466,4014.91
13748,6008037,4014.91
13748,6031322,4014.86
13748,6054787,4014.86
13748,6078031,4014.86
13748,6101040,4014.88
13748,6124529,4014.88
13748,6148090,4014.86
13748,6171175,4014.86
13748,6194007,4014.92
13748,6217167,4014.92
13748,6240558,4014.92
13748,6264043,4014.98
13748,6287828,4014.98
13748,6311379,4014.92
13748,6335193,4014.92
13748,6358606,4014.89
13748,6382159,4014.89
13748,6405469,4014.87
13748,6429015,4014.87
13749,70000,4014.98
13749,94102,4014.98
13749,117608,4014.98
13749,141279,4014.86
13749,164879,4014.86
13749,188559,4014.95
13749,211704,4014.95
13749,234740,4014.93
13749,258171,4014.93
13749,281202,4014.93
13749,304407,4014.91
13749,327544,4014.91
13749,350690,4014.99
13749,374259,4014.99
13749,397601,4015.01
13749,420765,4015.01
13749,444642,4015.01
13749,468199,4014.96
13749,492256,4014.96
13749,515742,4015
13749,539474,4015
13749,562686,4014.95
13749,585780,4014.95
13749,608870,4014.95
13749,631655,4015.02
13749,6432382,4014.84
13749,6455940,4014.89
13749,6479371,4014.89
13749,6502861,4014.89
13749,6526347,4014.95
13749,6549761,4014.95
13749,6572960,4014.88
13749,6596105,4014.88
13749,6618887,4014.88
13749,6641950,4014.87
13749,6665082,4014.87
13749,6688211,4014.83
13749,6711716,4014.83
13749,6734852,4014.82
13749,6758675,4014.82
13749,6782226,4014.82
13749,6805517,4014.87
13749,6828979,4014.87
13749,6852850,4014.91
13749,6876556,4014.91
13749,6899967,4014.85
13749,6923697,4014.85
13749,6947622,4014.85
13749,6971387,4014.93
13749,6995388,4014.93
13749,7019319,4014.87
13749,7043078,4014.87
13749,654960,4015.02
13749,678042,4014.85
13749,701303,4014.85
13749,724472,4014.92
13749,747779,4014.92
13749,771412,4014.94
13749,795085,4014.94
13749,818409,4014.94
13749,841706,4014.92
13749,864873,4014.92
13749,887906,4014.81
13749,911029,4014.81
13749,934267,4014.91
13749,957682,4014.91
13749,977790,4014.91
13749,977948,4014.88
13749,978113,4014.88
13749,978371,4013.33
13749,978588,4013.33
13749,981213,4013.33
13749,1000863,4013.33
13749,1024223,4013.33
13749,1047733,4015.08
13749,1070571,4015.08
13749,1093557,4014.85
13749,1116455,4014.85
13749,1139230,4014.97
13749,1161841,4014.97
13749,1184624,4014.97
13749,1207467,4014.97
13749,1230774,4014.97
13749,1254409,4014.86
13749,1254774,4014.86
13749,1254979,4013.33
13749,1255191,4013.33
13749,1255408,4013.33
13749,1260104,4013.33
13749,1281234,4013.33
13749,7066679,4014.87
13749,7090106,4014.9
13749,7113210,4014.9
13749,7136921,4014.84
13749,7160593,4014.84
13749,7183502,4014.85
13749,7206665,4014.85
13749,7229713,4014.85
13749,7252989,4014.85
13749,7276082,4014.85
13749,7299469,4014.87
13749,7323024,4014.87
13749,7346383,4014.9
13749,7370507,4014.9
13749,7394339,4014.9
13749,7418002,4014.8
13749,7441676,4014.8
13749,7465606,4014.8
13749,7489271,4014.8
13749,7512446,4014.92
13749,7535360,4014.92
13749,7558781,4014.92
13749,7582266,4014.88
13749,7606251,4014.88
13749,7629971,4014.86
13749,7653825,4014.86
13749,7677181,4014.88
13749,7701250,4014.88
13749,7725311,4014.88
13749,7749885,4014.75
13749,7773698,4014.75
13749,7797012,4014.87
13749,7820175,4014.87
13749,7843728,4014.87
13749,7867024,4014.87
13749,7890186,4014.87
13749,7913475,4014.87
13749,7936716,4014.87
13749,7959931,4014.88
13749,7983293,4014.88
13749,8006307,4014.88
13749,8029716,4014.83
13749,8053885,4014.83
13749,8078422,4014.89
13749,8102824,4014.89
13749,8126786,4014.93
13749,8150541,4014.93
13749,8173705,4014.93
13749,8196607,4014.87
13749,8219789,4014.87
13749,8243222,4014.89
13749,8266233,4014.89
13749,8289545,4014.88
13749,8312636,4014.88
13749,8335226,4014.88
13749,8357887,4014.93
13749,8381041,4014.93
13749,8404357,4014.89
13749,8427794,4014.89
13749,8451991,4014.79
13749,8476037,4014.79
13749,8499505,4014.79
13749,8523177,4014.85
13749,8547341,4014.85
13749,8570855,4014.85
13749,8594184,4014.85
13749,8617476,4014.9
13749,8641156,4014.9
13749,8664726,4014.9
13749,8688238,4014.94
13749,8711557,4014.94
13749,8734397,4014.83
13749,8757257,4014.83
13749,8780404,4014.83
13749,8803658,4014.91
13749,8826888,4014.91
13749,8850364,4014.79
13749,8873853,4014.79
13749,8897322,4014.87
13749,8921088,4014.87
13749,8944888,4014.87
13749,8968184,4014.85
13749,8991239,4014.85
13749,9014336,4014.79
13749,9037566,4014.79
13749,9061007,4014.87
13749,9084423,4014.87
13749,9107984,4014.87
13749,9131781,4014.87
13749,9155471,4014.87
13749,9179475,4014.82
13749,9203519,4014.82
13749,9227265,4014.88
13749,9251063,4014.88
13749,9274625,4014.88
13749,9298505,4014.85
13749,9322366,4014.85
13749,9346297,4014.85
13749,9370245,4014.85
13749,9394049,4014.84
13749,9417714,4014.84
13749,9441400,4014.84
13749,9465101,4014.83
13749,9489023,4014.83
13749,9512741,4014.86
13749,9536275,4014.86
13749,9560070,4014.86
13749,9583757,4014.85
13749,9607242,4014.85
13749,9631363,4014.89
13749,9655163,4014.89
13749,9678609,4014.88
13749,9702009,4014.88
13749,9725330,4014.88
13749,9748733,4014.86
13749,9772049,4014.86
13749,9795331,4014.89
13749,9819180,4014.89
13749,9843088,4014.83
13749,9866760,4014.83
13749,9890544,4014.83
13749,9914255,4014.85
13749,9937674,4014.85
13749,9961110,4014.82
13749,9984048,4014.82
13749,10006535,4014.93
13749,10029321,4014.93
13749,10052221,4014.93
13749,10075781,4014.88
13749,10099538,4014.88
13749,10123083,4014.83
13749,10146979,4014.83
13749,10171405,4014.83
13749,10195853,4014.84
13749,10219766,4014.84
13749,10243805,4014.85
13749,10267871,4014.85
13749,10291585,4014.85
13749,10315133,4014.89
13749,10338810,4014.89
13749,10362533,4014.79
13749,10385787,4014.79
13749,10408992,4014.86
13749,10432391,4014.86
13749,10456076,4014.86
13749,10480019,4014.82
13749,10503827,4014.82
13749,10527484,4014.84
13749,10551212,4014.84
13749,10575130,4014.86
13749,10598789,4014.86
13749,10621884,4014.86
13749,10644773,4014.93
13749,10667814,4014.93
13749,10690911,4014.84
13749,10714008,4014.84
13749,10737266,4014.84
13749,10760317,4014.85
13749,10783315,4014.85
13749,10806536,4014.81
13749,10829331,4014.81
13749,10830135,4014.96
13749,10830311,4014.96
13749,10830471,4014.96
13749,10830735,4013.33
13749,10831303,4013.33
13749,10844157,4013.33
13749,10868746,4013.33
13749,10893051,4013.33
13749,10916488,4014.75
13749,10939782,4014.75
13749,10962814,4014.9
13749,10986002,4014.9
13749,11009170,4014.92
13749,11032209,4014.92
13749,11055572,4014.92
13749,11079213,4014.89
13749,11102857,4014.89
13749,11126890,4014.8
13749,11150586,4014.8
13749,11174275,4014.86
13749,11197580,4014.86
13749,11220609,4014.86
13749,11243285,4014.91
13749,11265851,4014.91
13749,11288455,4014.9
13749,11311247,4014.9
13749,11334151,4014.88
13749,11357732,4014.88
13749,11381513,4014.88
13749,11405458,4014.88
13749,11429287,4014.88
13749,11453571,4014.85
13749,11477632,4014.85
13749,11501911,4014.85
13749,11525506,4014.87
13749,11549019,4014.87
13749,11572272,4014.9
13749,11595425,4014.9
13749,11618561,4014.95
13749,11641731,4014.95
13749,11664832,4014.95
13749,11687931,4014.81
13749,11711123,4014.81
13749,11733905,4014.87
13749,11756684,4014.87
13749,11779962,4014.88
13749,11803187,4014.88
13749,11826955,4014.88
13749,11850898,4014.91
13749,11874310,4014.91
13749,11898377,4014.93
13749,11921937,4014.93
13749,11931705,4014.91
13749,11931868,4014.91
13749,11933914,4014.91
13749,11953230,4013.33
13749,11977787,4013.33
13749,12001616,4014.88
13749,12025312,4014.88
13749,12049250,4014.81
13749,12072719,4014.81
13749,12095838,4014.81
13749,12119122,4014.91
13749,12142367,4014.91
13749,12165699,4014.83
13749,12188840,4014.83
13749,12211530,4014.84
13749,12234584,4014.84
13749,12257871,4014.84
13749,12281194,4014.9
13749,12304485,4014.9
13749,12327764,4014.82
13749,12351451,4014.82
13749,12374501,4014.82
13749,12398058,4014.87
13749,12421154,4014.87
13749,12444369,4014.88
13749,12467403,4014.88
13749,12490695,4014.84
13749,12514138,4014.84
13749,12537548,4014.84
13749,12560464,4014.81
13749,12583653,4014.81
13749,12606547,4014.84
13749,12629611,4014.84
13749,12652498,4014.84
13749,12675474,4014.84
13749,12687401,4014.84
13749,12687547,4014.93
13749,12687808,4014.93
13749,12698541,4013.33
13749,12709840,4013.33
13749,12710044,4013.33
13749,12710211,4014.7
13749,12710478,4014.7
13749,12710685,4013.33
13749,12710891,4013.33
13749,12711093,4013.33
13749,12711269,4013.33
13749,12711584,4013.33
13749,12722529,4013.33
13749,12745610,4013.33
13749,12768662,4014.91
13749,12792159,4014.91
13749,12815243,4014.84
13749,12838409,4014.84
13749,12861727,4014.84
13749,12884384,4014.91
13749,12906801,4014.91
13749,12929539,4014.91
13749,12952340,4014.91
13749,12974983,4014.91
13749,12997724,4014.78
13749,13020564,4014.78
13749,13043358,4014.9
13749,13067038,4014.9
13749,13090458,4014.92
13749,13113758,4014.92
13749,13136923,4014.92
13749,13159714,4014.95
13749,13182862,4014.95
13749,13205827,4014.83
13749,13229105,4014.83
13749,13252132,4014.88
13749,13275410,4014.88
13749,13280698,4014.88
13749,13280909,4014.89
13749,13283239,4014.89
13749,13286859,4013.33
13749,13287073,4013.33
13749,13287284,4013.33
13749,13289730,4013.33
13749,13308418,4013.33
13749,13331982,4014.29
13749,13355651,4014.29
13749,13378835,4014.88
13749,13401741,4014.88
13749,13424555,4014.88
13749,13447201,4014.84
13749,1293080,4015.2
13749,1293311,4015.2
13749,1293474,4015.2
13749,1293680,4013.33
13749,1293949,4013.33
13749,1294128,4013.33
13749,1294369,4013.33
13749,1294466,4013.33
13749,1294780,4013.33
13749,1294946,4013.33
13749,1295150,4013.33
13749,1295314,4013.33
13749,1295526,4013.33
13749,1295737,4013.33
13749,1307349,4013.33
13749,1328712,4013.33
13749,1351256,4013.33
13749,1373181,4014.55
13749,1395751,4014.55
13749,1418612,4014.86
13749,1442033,4014.86
13749,1465775,4014.86
13749,1488850,4014.91
13749,1512390,4014.91
13749,1536190,4014.91
13749,1559497,4014.91
13749,1582894,4014.89
13749,1606438,4014.89
13749,1629776,4014.89
13749,1653343,4014.95
13749,1676500,4014.95
13749,1699777,4014.94
13749,1722949,4014.94
13749,1746263,4014.86
13749,1769568,4014.86
13749,1792854,4014.86
13749,1816284,4014.93
13749,1839408,4014.93
13749,1862483,4014.89
13749,1885478,4014.89
13749,1908678,4014.95
13749,13470239,4014.84
13749,13492986,4014.85
13749,13516038,4014.85
13749,13528673,4014.88
13749,13528921,4014.88
13749,13529118,4014.88
13749,13529375,4013.33
13749,13529959,4013.33
13749,13529959,4013.33
13749,13529959,4013.33
13749,13529959,4014.82
13749,13529959,4014.82
13749,13529959,4014.82
13749,13529959,4014.74
13749,13529959,4014.74
13749,13529959,4014.81
13749,13529959,4014.81
13749,13529959,4014.81
13749,13529959,4014.96
13749,1931730,4014.95
13749,1954910,4014.95
13749,1978067,4014.92
13749,2001319,4014.92
13749,2024800,4014.95
13749,2047782,4014.95
13749,2071636,4014.89
13749,2095822,4014.89
13749,2119369,4014.89
13749,2142897,4014.85
13749,2166364,4014.85
13749,2189723,4014.86
13749,2212436,4014.86
13749,2235481,4014.89
13749,2258677,4014.89
13749,2282036,4014.89
13749,2305285,4014.91
13749,2328932,4014.91
13749,2352482,4014.89
13749,2376280,4014.89
13749,2400208,4014.89
13749,2423755,4014.93
13749,2447075,4014.93
13749,2470490,4014.87
13749,2494150,4014.87
13749,2517579,4014.87
13749,2541151,4015.03
13749,2564552,4015.03
13749,2588103,4014.89
13749,2611679,4014.89
13749,2635213,4014.98
13749,2658639,4014.98
13749,2682708,4014.98
13749,2706523,4014.92
13749,2730082,4014.92
13749,2753162,4014.82
13749,2776029,4014.82
13749,2799027,4014.82
13749,2822323,4014.82
13749,2845417,4014.82
13749,2868258,4014.94
13749,2891218,4014.94
13749,2914771,4014.85
13749,2938322,4014.85
13749,2961756,4014.85
13749,2985107,4014.91
13749,3008454,4014.91
13749,3031744,4014.87
13749,3055588,4014.87
13749,3078998,4014.87
13749,3102411,4014.87
13749,3126049,4014.87
13749,3149381,4014.92
13749,3172451,4014.92
13749,3195995,4014.93
13749,3219662,4014.93
13749,3243222,4014.97
13749,3266513,4014.97
13749,3289816,4014.97
13749,3313016,4014.96
13749,3336286,4014.96
13749,3359259,4014.92
13749,3382366,4014.92
13749,3405408,4014.92
13749,3428312,4015
13749,3451106,4015
13749,3452994,4014.9
13749,3453207,4014.9
13749,3458035,4013.33
13749,3480064,4013.33
13749,3504387,4013.33
13749,3528191,4015.24
13749,3551473,4015.24
13749,3574774,4014.95
13749,3597944,4014.95
13749,3621326,4014.93
13749,3644545,4014.93
13749,3667552,4014.93
13749,3690881,4014.85
13749,3713665,4014.85
13749,3736444,4014.91
13749,3759365,4014.91
13749,3782271,4014.92
13749,3805579,4014.92
13749,3828609,4014.92
13749,3851909,4014.98
13749,3874839,4014.98
13749,3898476,4014.94
13749,3914007,4014.94
13749,3914171,4014.94
13749,3914384,4014.91
13749,3914651,4014.91
13749,3914863,4013.33
13749,3915076,4013.33
13749,3918020,4013.33
13749,3939040,4013.33
13749,3963719,4013.33
13749,3987426,4015.21
13749,4010910,4015.21
13749,4034527,4014.89
13749,4058174,4014.89
13749,4081250,4014.9
13749,4103931,4014.9
13749,4127190,4014.9
13749,4150228,4014.94
13749,4173001,4014.94
13749,4196244,4014.99
13749,4219495,4014.99
13749,4243002,4014.94
13749,4266837,4014.94
13749,4290641,4014.94
13749,4314734,4014.91
13749,4338876,4014.91
13749,4362712,4014.96
13749,4386416,4014.96
13749,4409810,4014.96
13749,4433182,4014.91
13749,4456794,4014.91
13749,4480028,4014.93
13749,4503435,4014.93
13749,4526554,4014.96
13749,4529665,4014.96
13749,4529875,4014.96
13749,4530087,4013.33
13749,4530295,4013.33
13749,4530456,4013.33
13749,4530762,4013.33
13749,4530936,4013.33
13749,4531138,4013.33
13749,4531355,4013.33
13749,4531571,4013.33
13749,4531769,4013.33
13749,4531938,4013.33
13749,4532148,4013.33
13749,4532419,4013.33
13749,4532629,4013.33
13749,4532785,4013.33
13749,4532999,4013.33
13749,4533210,4013.33
13749,4533702,4013.33
13749,4545028,4013.33
13749,4567552,4014.66
13749,4590806,4014.66
13749,4614186,4014.66
13749,4637147,4014.93
13749,4659929,4014.93
13749,4682956,4014.86
13749,4705429,4014.86
13749,4727894,4014.86
13749,4750027,4014.88
13749,4772253,4014.88
13749,4795221,4014.8
13749,4818399,4014.8
13749,4841451,4014.85
13749,4864472,4014.85
13749,4887615,4014.85
13749,4910542,4014.9
13749,4933592,4014.9
13749,4956772,4014.83
13749,4979797,4014.83
13749,5003218,4014.85
13749,5026570,4014.85
13749,5049879,4014.85
13749,5073036,4014.81
13749,5095985,4014.81
13749,5118666,4014.83
13749,5141330,4014.83
13749,5164139,4014.83
13749,5187238,4014.88
13749,5210320,4014.88
13749,5233660,4014.87
13749,5257174,4014.87
13749,5280889,4014.85
13749,5304676,4014.85
13749,5328483,4014.83
13749,5351883,4014.83
13749,5374738,4014.83
13749,5376005,4014.91
13749,5376217,4014.91
13749,5376424,4013.33
13749,5385826,4013.33
13749,5410661,4013.33
13749,5435139,4014.3
13749,5458709,4014.3
13749,5482082,4014.83
13749,5505271,4014.83
13749,5528225,4014.85
13749,5551499,4014.85
13749,5575109,4014.85
13749,5598087,4014.86
13749,5620727,4014.86
13749,5643796,4014.91
13749,5666938,4014.91
13749,5689981,4014.89
13749,5712652,4014.89
13749,5735167,4014.89
13749,5758039,4014.86
13749,5780997,4014.86
13749,5804549,4014.87
13749,5828115,4014.87
13749,5851771,4014.79
13749,5875321,4014.79
13749,5899030,4014.79
13749,5922836,4014.84
13749,5946468,4014.84
13749,5969932,4014.9
13749,5993209,4014.9
13749,6016526,4014.89
13749,6039442,4014.89
13749,6061817,4014.89
13749,6084847,4014.88
13749,6107778,4014.88
13749,6130699,4014.87
13749,6153868,4014.87
13749,6176800,4014.86
13749,6199949,4014.86
13749,6223204,4014.86
13749,6246410,4014.92
13749,6269440,4014.92
13749,6292689,4014.87
13749,6316342,4014.87
13749,6339723,4014.87
13749,6362890,4014.88
13749,6386119,4014.88
13749,6409474,4014.84
13753,58242,4014.9
13753,81768,4014.9
13753,105317,4014.9
13753,129007,4014.9
13753,152425,4014.9
13753,175601,4014.9
13753,198964,4014.93
13753,221770,4014.93
13753,231355,4014.92
13753,231546,4014.92
13753,232763,4014.92
13753,250585,4013.33
13753,260114,4013.33
13753,260315,4014.69
13753,260680,4014.69
13753,272727,4013.33
13753,296500,4013.33
13753,319808,4013.33
13753,343245,4014.44
13753,366681,4014.44
13753,390355,4014.87
13753,413912,4014.87
13753,437098,4014.91
13753,460141,4014.91
13753,482911,4014.91
13753,505108,4014.85
13753,528234,4014.85
13753,551005,4014.89
13753,573531,4014.89
13753,596180,4014.89
13753,619213,4014.91
13753,641882,4014.91
13753,6430228,4014.92
13753,6452736,4014.86
13753,6475523,4014.86
13753,6498523,4014.89
13753,6521329,4014.89
13753,6544141,4014.89
13753,6566793,4014.84
13753,6566936,4014.84
13753,6567144,4014.93
13753,6567307,4014.93
13753,6567519,4013.33
13753,6567783,4013.33
13753,6569729,4013.33
13753,6588672,4013.33
13753,6612082,4013.33
13753,6616944,4015.12
13753,6617216,4015.12
13753,6617425,4013.33
13753,6617589,4013.33
13753,6617788,4013.33
13753,6619770,4013.33
13753,6638473,4013.33
13753,6662288,4013.33
13753,6685602,4013.33
13753,6708263,4014.76
13753,6730776,4014.76
13753,6753666,4014.88
13753,6776121,4014.88
13753,6798577,4014.88
13753,6821013,4014.9
13753,6843361,4014.9
13753,6865798,4014.91
13753,6888704,4014.91
13753,6912128,4014.93
13753,6935176,4014.93
13753,6958345,4014.96
13753,6981380,4014.96
13753,7003753,4014.96
13753,7025797,4014.93
13753,7047033,4014.93
13753,664798,4014.92
13753,688444,4014.92
13753,712172,4014.9
13753,736058,4014.9
13753,759525,4014.9
13753,782846,4014.87
13753,806079,4014.87
13753,829148,4014.88
13753,852075,4014.88
13753,875214,4014.89
13753,898409,4014.89
13753,922066,4014.89
13753,946149,4014.88
13753,969584,4014.88
13753,993375,4014.92
13753,1017318,4014.92
13753,1040745,4014.88
13753,1064295,4014.88
13753,1087647,4014.88
13753,1110745,4014.91
13753,1133786,4014.91
13753,1156491,4014.88
13753,1179284,4014.88
13753,1202037,4014.9
13753,1225081,4014.9
13753,1248477,4014.9
13753,1271609,4014.94
13753,7068546,4014.95
13753,7090976,4014.95
13753,7113365,4014.95
13753,7135889,4014.95
13753,7158703,4014.95
13753,7181605,4014.96
13753,7204483,4014.96
13753,7227532,4014.92
13753,7250381,4014.92
13753,7273113,4015.02
13753,7296003,4015.02
13753,7318729,4014.89
13753,7341316,4014.89
13753,7363207,4014.89
13753,7383551,4014.87
13753,7403620,4014.87
13753,7419645,4014.83
13753,7419808,4014.83
13753,7420027,4013.33
13753,7420232,4013.33
13753,7420456,4013.33
13753,7420668,4013.33
13753,7420860,4013.33
13753,7421093,4013.33
13753,7421307,4013.33
13753,7421467,4013.33
13753,7421731,4013.33
13753,7421935,4013.33
13753,7422092,4013.33
13753,7422397,4013.33
13753,7422567,4013.33
13753,7422777,4013.33
13753,7422947,4013.33
13753,7423149,4013.33
13753,7423364,4013.33
13753,7423578,4013.33
13753,7423791,4013.33
13753,7424058,4013.33
13753,7424270,4013.33
13753,7424485,4013.33
13753,7424638,4013.33
13753,7424955,4013.33
13753,7425117,4013.33
13753,7425384,4013.33
13753,7425549,4013.33
13753,7425753,4013.33
13753,7425917,4013.33
13753,7426170,4013.33
13753,7426383,4013.33
13753,7426602,4013.33
13753,7426814,4013.33
13753,7426977,4013.33
13753,7427189,4013.33
13753,7427458,4013.33
13753,7427659,4013.33
13753,7427861,4013.33
13753,7427980,4013.33
13753,7428240,4013.33
13753,7428448,4013.33
13753,7428666,4013.33
13753,7428870,4013.33
13753,7429028,4013.33
13753,7429352,4013.33
13753,7429559,4013.33
13753,7429725,4013.33
13753,7429937,4013.33
13753,7430138,4013.33
13753,7430300,4013.33
13753,7430566,4013.33
13753,7430771,4013.33
13753,7430937,4013.33
13753,7431147,4013.33
13753,7431408,4013.33
13753,7431618,4013.33
13753,7431836,4013.33
13753,7432047,4013.33
13753,7432261,4013.33
13753,7432473,4013.33
13753,7432686,4013.33
13753,7432893,4013.33
13753,7433106,4013.33
13753,7433315,4013.33
13753,7433533,4013.33
13753,7433748,4013.33
13753,7433903,4013.33
13753,7434111,4013.33
13753,7434321,4013.33
13753,7434539,4013.33
13753,7434752,4013.33
13753,7434964,4013.33
13753,7435181,4013.33
13753,7435446,4013.33
13753,7435607,4013.33
13753,7435858,4013.33
13753,7436024,4013.33
13753,7436231,4013.33
13753,7436446,4013.33
13753,7436658,4013.33
13753,7436872,4013.33
13753,7437034,4013.33
13753,7437296,4013.33
13753,7437505,4013.33
13753,7437706,4013.33
13753,7437975,4013.33
13753,7438136,4013.33
13753,7438299,4013.33
13753,7438511,4013.33
13753,7438724,4013.33
13753,7438935,4013.33
13753,7439197,4013.33
13753,7439411,4013.33
13753,7439625,4013.33
13753,7439836,4013.33
13753,7440049,4013.33
13753,7440262,4013.33
13753,7440472,4013.33
13753,7440676,4013.33
13753,7440846,4013.33
13753,7441099,4013.33
13753,7441319,4013.33
13753,7441533,4013.33
13753,7441745,4013.33
13753,7441955,4013.33
13753,7442167,4013.33
13753,7442375,4013.33
13753,7442595,4013.33
13753,7444789,4013.33
13753,7462191,4013.33
13753,7483530,4014.86
13753,7504981,4014.86
13753,7526092,4014.97
13753,7547135,4014.97
13753,7568553,4014.97
13753,7590194,4014.88
13753,7611962,4014.88
13753,7633851,4014.95
13753,7655923,4014.95
13753,7678484,4014.93
13753,7700900,4014.93
13753,7723817,4014.93
13753,7746871,4014.92
13753,7770164,4014.92
13753,7793435,4014.96
13753,7816819,4014.96
13753,7840117,4014.94
13753,7863248,4014.94
13753,7886261,4014.86
13753,7910074,4014.86
13753,7933525,4014.86
13753,7956872,4014.91
13753,7980023,4014.91
13753,8003622,4014.89
13753,8026801,4014.89
13753,8049846,4014.87
13753,8073006,4014.87
13753,8096306,4014.91
13753,8119463,4014.91
13753,8142638,4014.91
13753,8166056,4014.86
13753,8189483,4014.86
13753,8213108,4014.97
13753,8236781,4014.97
13753,8260148,4014.97
13753,8283443,4014.82
13753,8306724,4014.82
13753,8330416,4014.92
13753,8353961,4014.92
13753,8377168,4014.88
13753,8400616,4014.88
13753,8423886,4014.88
13753,8447547,4014.89
13753,8470569,4014.89
13753,8493492,4014.92
13753,8493647,4014.92
13753,8493858,4014.89
13753,8494065,4014.89
13753,8498510,4013.33
13753,8520901,4013.33
13753,8544713,4013.33
13753,8568428,4014.54
13753,8591832,4014.54
13753,8614822,4014.89
13753,8637900,4014.89
13753,8661519,4014.9
13753,8684877,4014.9
13753,8708243,4014.9
13753,8731507,4014.94
13753,8755142,4014.94
13753,8778747,4014.83
13753,8802323,4014.83
13753,8825757,4014.93
13753,8849359,4014.93
13753,8872662,4014.91
13753,8895976,4014.91
13753,8919529,4014.91
13753,8943289,4014.93
13753,8966713,4014.93
13753,8989555,4014.91
13753,9012679,4014.91
13753,9036002,4014.9
13753,9059308,4014.9
13753,9082978,4014.9
13753,9106630,4014.86
13753,9130575,4014.86
13753,9154120,4014.89
13753,9177822,4014.89
13753,9201265,4014.93
13753,9224705,4014.93
13753,9248480,4014.97
13753,9272032,4014.97
13753,9295709,4014.97
13753,9319464,4014.93
13753,9342916,4014.93
13753,9366015,4014.96
13753,9389428,4014.96
13753,9412562,4014.88
13753,9435353,4014.88
13753,9435567,4014.88
13753,9435775,4014.93
13753,9446096,4014.93
13753,9469424,4013.33
13753,9493093,4013.33
13753,9516919,4014.56
13753,9540822,4014.56
13753,9564266,4014.56
13753,9582172,4014.88
13753,9582351,4014.88
13753,9583543,4014.93
13753,9601558,4014.93
13753,9626837,4013.33
13753,9641818,4013.33
13753,9642068,4014.77
13753,9642227,4014.77
13753,9642444,4014.77
13753,9642647,4013.33
13753,9642865,4013.33
13753,9643076,4013.33
13753,9643177,4013.33
13753,9643392,4013.33
13753,9643714,4013.33
13753,9643814,4013.33
13753,9644029,4013.33
13753,9644341,4013.33
13753,9650647,4013.33
13753,9672810,4013.33
13753,9695722,4015.41
13753,9718762,4015.41
13753,9742075,4014.93
13753,9765233,4014.93
13753,9788725,4014.93
13753,9811863,4014.91
13753,9834857,4014.91
13753,9858008,4014.93
13753,9881100,4014.93
13753,9904327,4014.99
13753,9927143,4014.99
13753,9950055,4014.91
13753,9972966,4014.91
13753,9995757,4014.91
13753,10018791,4014.89
13753,10041458,4014.89
13753,10064373,4014.96
13753,10087513,4014.96
13753,10110425,4014.95
13753,10133269,4014.95
13753,10156366,4014.95
13753,10179589,4014.86
13753,10202722,4014.86
13753,10226033,4014.9
13753,10249433,4014.9
13753,10273272,4014.9
13753,10296784,4014.9
13753,10320535,4015.01
13753,10344037,4015.01
13753,10367955,4015.01
13753,10391420,4014.9
13753,10415060,4014.9
13753,10438459,4014.94
13753,10461958,4014.94
13753,10485592,4014.84
13753,10508766,4014.84
13753,10532184,4014.84
13753,10555607,4014.88
13753,10578832,4014.88
13753,10602595,4014.89
13753,10625897,4014.89
13753,10648955,4014.92
13753,10672025,4014.92
13753,10694976,4014.83
13753,10718228,4014.83
13753,10741158,4014.83
13753,10764253,4014.9
13753,10787654,4014.9
13753,10810713,4014.89
13753,10834032,4014.89
13753,10857325,4014.94
13753,10881108,4014.94
13753,10904686,4014.94
13753,10927835,4014.84
13753,10951131,4014.84
13753,10974446,4014.86
13753,10997479,4014.86
13753,11011835,4014.97
13753,11012015,4014.97
13753,11012286,4014.97
13753,11012391,4013.33
13753,11012655,4013.33
13753,11012853,4013.33
13753,11013027,4013.33
13753,11013282,4013.33
13753,11013450,4013.33
13753,11013652,4013.33
13753,11013874,4013.33
13753,11014182,4013.33
13753,11015466,4013.33
13753,11031986,4013.33
13753,11055003,4014.7
13753,11077972,4014.7
13753,11100853,4014.88
13753,11120823,4014.88
13753,11121015,4014.88
13753,11121177,4014.97
13753,11121440,4014.97
13753,11121651,4013.33
13753,11121863,4013.33
13753,11122075,4013.33
13753,11122293,4013.33
13753,11122503,4013.33
13753,11122665,4013.33
13753,11122878,4013.33
13753,11123197,4013.33
13753,11123361,4013.33
13753,11123565,4013.33
13753,11123776,4013.33
13753,11123991,4013.33
13753,11124207,4013.33
13753,11124420,4013.33
13753,11124626,4013.33
13753,11124839,4013.33
13753,11124989,4013.33
13753,11125202,4013.33
13753,11125470,4013.33
13753,11125672,4013.33
13753,11125902,4013.33
13753,11126057,4013.33
13753,11126267,4013.33
13753,11126434,4013.33
13753,11126636,4013.33
13753,11126904,4013.33
13753,11127067,4013.33
13753,11127275,4013.33
13753,11127539,4013.33
13753,11127751,4013.33
13753,11127953,4013.33
13753,11128110,4013.33
13753,11128334,4013.33
13753,11128593,4013.33
13753,11128802,4013.33
13753,11129024,4013.33
13753,11129230,4013.33
13753,11129445,4013.33
13753,11129648,4013.33
13753,11129846,4013.33
13753,11130080,4013.33
13753,11130289,4013.33
13753,11130500,4013.33
13753,11130660,4013.33
13753,11130907,4013.33
13753,11131083,4013.33
13753,11131390,4013.33
13753,11131554,4013.33
13753,11131759,4013.33
13753,11131921,4013.33
13753,11132234,4013.33
13753,11132346,4013.33
13753,11132605,4013.33
13753,11132876,4013.33
13753,11133278,4013.33
13753,11143015,4013.33
13753,11162856,4013.33
13753,11183445,4014.84
13753,11204838,4014.84
13753,11226213,4014.84
13753,11248133,4014.89
13753,11270378,4014.89
13753,11292779,4014.99
13753,11315340,4014.99
13753,11337697,4014.85
13753,11360396,4014.85
13753,11383267,4014.9
13753,11406247,4014.9
13753,11429309,4014.9
13753,11452793,4014.92
13753,11476538,4014.92
13753,11500008,4014.88
13753,11523003,4014.88
13753,11545880,4014.82
13753,11568938,4014.82
13753,11592156,4014.82
13753,11615134,4014.82
13753,11637985,4014.82
13753,11660692,4014.93
13753,11683761,4014.93
13753,11706746,4014.87
13753,11730408,4014.87
13753,11753802,4014.82
13753,11776842,4014.82
13753,11800531,4014.82
13753,11824250,4014.88
13753,11847893,4014.88
13753,11871333,4014.85
13753,11894815,4014.85
13753,11918383,4014.87
13753,11941582,4014.87
13753,11964511,4014.87
13753,11987325,4014.93
13753,12010301,4014.93
13753,12033702,4014.92
13753,12046680,4014.92
13753,12046893,4014.86
13753,12047053,4014.86
13753,12047321,4014.86
13753,12047508,4013.33
13753,12047683,4013.33
13753,12047888,4013.33
13753,12048204,4013.33
13753,12048363,4013.33
13753,12048629,4013.33
13753,12048732,4013.33
13753,12048953,4013.33
13753,12049161,4013.33
13753,12049430,4013.33
13753,12050006,4013.33
13753,12062489,4013.33
13753,12084961,4013.33
13753,12108250,4014.71
13753,12131344,4014.71
13753,12154337,4014.71
13753,12177514,4014.92
13753,12199886,4014.92
13753,12222875,4014.88
13753,12245993,4014.88
13753,12268772,4014.88
13753,12289877,4014.88
13753,12290074,4014.96
13753,12290292,4014.96
13753,12290503,4014.96
13753,12290707,4013.33
13753,12291024,4013.33
13753,12291184,4013.33
13753,12291349,4013.33
13753,12291549,4013.33
13753,12291764,4013.33
13753,12291976,4013.33
13753,12292244,4013.33
13753,12292401,4013.33
13753,12292658,4013.33
13753,12292863,4013.33
13753,12293077,4013.33
13753,12293293,4013.33
13753,12293506,4013.33
13753,12293719,4013.33
13753,12293923,4013.33
13753,12294138,4013.33
13753,12301252,4013.33
13753,12321840,4013.33
13753,12343835,4013.33
13753,12366162,4013.33
13753,12388376,4014.63
13753,12410928,4014.63
13753,12433677,4014.85
13753,12455972,4014.85
13753,12478542,4014.9
13753,12501663,4014.9
13753,12524311,4014.89
13753,12546952,4014.89
13753,12569266,4014.89
13753,12591548,4014.96
13753,12613946,4014.96
13753,12636412,4014.91
13753,12659238,4014.91
13753,12681631,4014.94
13753,12704166,4014.94
13753,12727186,4014.92
13753,12750419,4014.92
13753,12773943,4014.92
13753,12797600,4014.87
13753,12820388,4014.87
13753,12843238,4014.87
13753,12853944,4014.87
13753,12854097,4014.91
13753,12854310,4014.91
13753,12854525,4014.91
13753,12854740,4013.33
13753,12854893,4013.33
13753,12855119,4013.33
13753,12855333,4013.33
13753,12855584,4013.33
13753,12855798,4013.33
13753,12855958,4013.33
13753,12856229,4013.33
13753,12856432,4013.33
13753,12856599,4013.33
13753,12856857,4013.33
13753,12857051,4013.33
13753,12857229,4013.33
13753,12857442,4013.33
13753,12857655,4013.33
13753,12857870,4013.33
13753,12858083,4013.33
13753,12858287,4013.33
13753,12858505,4013.33
13753,12858663,4013.33
13753,12859236,4013.33
13753,12867542,4013.33
13753,12888668,4013.33
13753,12911036,4015.51
13753,12933473,4015.51
13753,12955763,4014.9
13753,12978374,4014.9
13753,13001058,4014.94
13753,13023823,4014.94
13753,13046500,4014.94
13753,13069361,4014.87
13753,13092380,4014.87
13753,13115599,4014.98
13753,13138755,4014.98
13753,13162463,4014.94
13753,13185680,4014.94
13753,13208908,4014.94
13753,13232280,4014.86
13753,13256038,4014.86
13753,13279307,4014.91
13753,13302223,4014.91
13753,13325237,4014.89
13753,13348430,4014.89
13753,13371344,4014.89
13753,13394759,4014.95
13753,13418438,4014.95
13753,13442006,4014.9
13753,13465438,4014.9
13753,1294514,4014.94
13753,1317714,4014.92
13753,1341326,4014.92
13753,1364455,4014.88
13753,1387625,4014.88
13753,1410550,4014.89
13753,1433493,4014.89
13753,1456240,4014.89
13753,1479222,4014.9
13753,1501914,4014.9
13753,1525120,4014.88
13753,1548524,4014.88
13753,1571771,4014.91
13753,1595243,4014.91
13753,1618536,4014.91
13753,1642258,4014.86
13753,1666266,4014.86
13753,1689901,4014.86
13753,1713487,4014.86
13753,1737074,4014.86
13753,1760482,4014.95
13753,1783297,4014.95
13753,1806316,4014.96
13753,1829473,4014.96
13753,1852433,4014.88
13753,1875418,4014.88
13753,1898734,4014.87
13753,1922019,4014.87
13753,13489402,4014.95
13753,13512783,4014.95
13753,13535991,4014.92
13753,13554504,4014.92
13753,13554629,4014.92
13753,13554893,4014.84
13753,13555146,4014.84
13753,13555317,4013.33
13753,13555513,4013.33
13753,13555692,4013.33
13753,13555947,4013.33
13753,13556162,4013.33
13753,13556327,4013.33
13753,13556591,4013.33
13753,13556847,4013.33
13753,13556991,4013.33
13753,13557222,4013.33
13753,13557431,4013.33
13753,13557597,4013.33
13753,13557853,4013.33
13753,13558024,4013.33
13753,13566817,4013.33
13753,13588826,4013.33
13753,13611365,4013.54
13753,13633418,4013.54
13753,13655390,4014.7
13753,13677654,4014.7
13753,13699772,4014.7
13753,13722309,4014.79
13753,13745100,4014.79
13753,13759562,4014.94
13753,1945272,4014.87
13753,1968473,4014.91
13753,1991387,4014.91
13753,2014184,4014.88
13753,2036975,4014.88
13753,2060306,4014.94
13753,2083693,4014.94
13753,2106984,4014.94
13753,2130011,4014.91
13753,2153176,4014.91
13753,2177208,4014.79
13753,2200792,4014.79
13753,2224597,4014.89
13753,2248160,4014.89
13753,2271984,4014.84
13753,2295527,4014.84
13753,2318559,4014.84
13753,2341047,4014.91
13753,2363757,4014.91
13753,2386284,4014.93
13753,2408686,4014.93
13753,2431579,4014.87
13753,2454361,4014.87
13753,2477463,4014.87
13753,2500842,4014.89
13753,2523762,4014.89
13753,2546901,4014.89
13753,2569968,4014.89
13753,2593256,4014.89
13753,2616558,4014.89
13753,2639851,4014.93
13753,2662891,4014.93
13753,2685524,4014.93
13753,2708504,4014.91
13753,2731352,4014.91
13753,2754274,4014.99
13753,2777585,4014.99
13753,2800862,4014.94
13753,2824096,4014.94
13753,2847600,4014.94
13753,2870889,4014.95
13753,2894311,4014.95
13753,2917469,4014.86
13753,2940445,4014.86
13753,2963302,4014.85
13753,2986138,4014.85
13753,3009107,4014.91
13753,3032281,4014.91
13753,3055841,4014.91
13753,3079123,4014.85
13753,3102466,4014.85
13753,3126219,4014.93
13753,3149174,4014.93
13753,3172190,4014.93
13753,3194973,4014.93
13753,3217760,4014.93
13753,3240660,4014.97
13753,3263711,4014.97
13753,3286697,4014.92
13753,3309525,4014.92
13753,3332495,4014.89
13753,3355662,4014.89
13753,3378858,4014.9
13753,3401963,4014.9
13753,3425366,4014.9
13753,3448432,4014.92
13753,3471836,4014.92
13753,3494885,4014.89
13753,3518054,4014.89
13753,3540949,4014.96
13753,3564144,4014.96
13753,3587581,4014.96
13753,3610849,4014.88
13753,3634413,4014.88
13753,3657965,4014.92
13753,3681513,4014.92
13753,3705178,4014.87
13753,3728862,4014.87
13753,3752292,4014.87
13753,3775682,4014.87
13753,3798886,4014.87
13753,3821813,4014.91
13753,3844587,4014.91
13753,3867629,4014.87
13753,3890386,4014.87
13753,3913321,4014.88
13753,3935993,4014.88
13753,3958630,4014.88
13753,3981808,4014.83
13753,4004961,4014.83
13753,4028123,4014.93
13753,4051472,4014.93
13753,4074837,4014.8
13753,4098274,4014.8
13753,4121597,4014.93
13753,4144858,4014.93
13753,4168158,4014.93
13753,4191207,4014.84
13753,4214490,4014.84
13753,4236812,4014.95
13753,4259445,4014.95
13753,4281970,4014.88
13753,4304626,4014.88
13753,4314283,4014.88
13753,4314477,4014.9
13753,4314679,4014.9
13753,4314899,4013.33
13753,4317888,4013.33
13753,4339205,4013.33
13753,4363999,4013.33
13753,4388291,4014.55
13753,4411495,4014.55
13753,4434654,4014.55
13753,4457941,4014.95
13753,4480780,4014.95
13753,4503839,4014.89
13753,4526547,4014.89
13753,4549330,4014.89
13753,4571916,4014.89
13753,4594531,4014.89
13753,4617231,4014.9
13753,4640194,4014.9
13753,4663554,4014.82
13753,4686919,4014.82
13753,4710449,4014.94
13753,4733781,4014.94
13753,4757227,4014.94
13753,4780999,4014.87
13753,4805300,4014.87
13753,4828745,4014.88
13753,4852444,4014.88
13753,4875705,4014.94
13753,4898771,4014.94
13753,4921975,4014.94
13753,4944972,4014.89
13753,4967892,4014.89
13753,4990463,4014.82
13753,5013326,4014.82
13753,5036104,4014.84
13753,5058848,4014.84
13753,5081803,4014.88
13753,5104916,4014.88
13753,5128161,4014.88
13753,5151385,4014.84
13753,5174700,4014.84
13753,5197935,4014.88
13753,5221271,4014.88
13753,5244366,4014.84
13753,5267662,4014.84
13753,5290691,4014.84
13753,5313758,4014.92
13753,5337136,4014.92
13753,5360119,4014.86
13753,5383302,4014.86
13753,5406758,4014.81
13753,5429962,4014.81
13753,5453517,4014.94
13753,5476873,4014.94
13753,5499972,4014.94
13753,5523346,4014.85
13753,5546663,4014.85
13753,5570255,4014.81
13753,5593351,4014.81
13753,5616734,4014.87
13753,5640260,4014.87
13753,5663336,4014.87
13753,5686472,4014.85
13753,5709652,4014.85
13753,5733317,4014.81
13753,5756613,4014.81
13753,5780182,4014.9
13753,5803490,4014.9
13753,5826821,4014.82
13753,5850063,4014.82
13753,5873395,4014.82
13753,5896694,4014.82
13753,5920085,4014.82
13753,5943376,4014.82
13753,5966687,4014.82
13753,5989978,4014.92
13753,6013142,4014.92
13753,6036830,4014.92
13753,6059353,4014.77
13753,6078898,4014.77
13753,6079018,4014.8
13753,6079230,4014.8
13753,6079493,4013.33
13753,6079655,4013.33
13753,6086246,4013.33
13753,6108899,4013.33
13753,6132403,4013.33
13753,6155711,4014.64
13753,6178736,4014.64
13753,6201803,4014.78
13753,6224715,4014.78
13753,6242295,4014.95
13753,6242423,4014.95
13753,6242626,4014.95
13753,6242879,4013.33
13753,6243053,4013.33
13753,6249471,4013.33
13753,6271627,4013.33
13753,6294725,4015.01
13753,6317567,4015.01
13753,6340234,4014.85
13753,6363013,4014.85
13753,6385149,4014.85
13753,6407798,4014.92
13754,53729,4014.85
13754,76908,4014.87
13754,100066,4014.87
13754,123712,4015.03
13754,147744,4015.03
13754,168415,4014.87
13754,168574,4014.87
13754,168788,4013.33
13754,168947,4013.33
13754,169265,4013.33
13754,169429,4013.33
13754,169629,4013.33
13754,169849,4013.33
13754,170107,4013.33
13754,170269,4013.33
13754,170478,4013.33
13754,170696,4013.33
13754,170898,4013.33
13754,171065,4013.33
13754,171274,4013.33
13754,171489,4013.33
13754,171755,4013.33
13754,171966,4013.33
13754,172126,4013.33
13754,172381,4013.33
13754,172651,4013.33
13754,172810,4013.33
13754,173022,4013.33
13754,173220,4013.33
13754,173430,4013.33
13754,173660,4013.33
13754,173984,4013.33
13754,185124,4013.33
13754,207376,4013.33
13754,229274,4013.33
13754,252020,4014.48
13754,274451,4014.48
13754,297643,4014.77
13754,320356,4014.77
13754,342800,4014.77
13754,365466,4014.95
13754,388211,4014.95
13754,411167,4015
13754,434194,4015
13754,457744,4014.83
13754,481055,4014.83
13754,504226,4014.9
13754,527376,4014.9
13754,550826,4014.9
13754,573980,4014.89
13754,597006,4014.89
13754,620362,4014.92
13754,644114,4014.92
13754,652692,4014.9
13754,652903,4014.9
13754,653071,4014.9
13754,653269,4013.33
13754,653488,4013.33
13754,653699,4013.33
13754,653914,4013.33
13754,654128,4013.33
13754,654342,4013.33
13754,654558,4013.33
13754,654771,4013.33
13754,654983,4013.33
13754,655134,4013.33
13754,655354,4013.33
13754,655620,4013.33
13754,658144,4013.33
13754,677027,4013.33
13754,699989,4013.33
13754,722846,4013.33
13754,745609,4014.55
13754,768798,4014.55
13754,791690,4014.92
13754,814777,4014.92
13754,837642,4014.9
13754,860543,4014.9
13754,883091,4014.9
13754,883242,4014.94
13754,883447,4014.94
13754,883656,4013.33
13754,883869,4013.33
13754,884078,4013.33
13754,884285,4013.33
13754,884498,4013.33
13754,884706,4013.33
13754,884966,4013.33
13754,885140,4013.33
13754,885353,4013.33
13754,885563,4013.33
13754,885722,4013.33
13754,885931,4013.33
13754,886235,4013.33
13754,886402,4013.33
13754,886618,4013.33
13754,886780,4013.33
13754,887094,4013.33
13754,887250,4013.33
13754,887467,4013.33
13754,887676,4013.33
13754,887891,4013.33
13754,888099,4013.33
13754,888316,4013.33
13754,888525,4013.33
13754,888743,4013.33
13754,888946,4013.33
13754,889211,4013.33
13754,889371,4013.33
13754,889585,4013.33
13754,889796,4013.33
13754,889948,4013.33
13754,890165,4013.33
13754,890419,4013.33
13754,890578,4013.33
13754,890847,4013.33
13754,891064,4013.33
13754,891275,4013.33
13754,891465,4013.33
13754,891744,4013.33
13754,891909,4013.33
13754,892060,4013.33
13754,892328,4013.33
13754,892542,4013.33
13754,892754,4013.33
13754,892969,4013.33
13754,893182,4013.33
13754,893395,4013.33
13754,893549,4013.33
13754,893766,4013.33
13754,893977,4013.33
13754,894183,4013.33
13754,894396,4013.33
13754,894607,4013.33
13754,894822,4013.33
13754,895036,4013.33
13754,895246,4013.33
13754,895400,4013.33
13754,895667,4013.33
13754,895830,4013.33
13754,896089,4013.33
13754,896302,4013.33
13754,896475,4013.33
13754,896730,4013.33
13754,896936,4013.33
13754,897138,4013.33
13754,897302,4013.33
13754,897611,4013.33
13754,897731,4013.33
13754,897942,4013.33
13754,898209,4013.33
13754,898413,4013.33
13754,898629,4013.33
13754,898835,4013.33
13754,899044,4013.33
13754,899267,4013.33
13754,899479,4013.33
13754,899639,4013.33
13754,899894,4013.33
13754,900112,4013.33
13754,900320,4013.33
13754,900529,4013.33
13754,900736,4013.33
13754,900905,4013.33
13754,901169,4013.33
13754,901376,4013.33
13754,901594,4013.33
13754,901795,4013.33
13754,902046,4013.33
13754,902217,4013.33
13754,902434,4013.33
13754,902643,4013.33
13754,902855,4013.33
13754,903069,4013.33
13754,903283,4013.33
13754,903488,4013.33
13754,903603,4013.33
13754,903821,4013.33
13754,904080,4013.33
13754,904295,4013.33
13754,904559,4013.33
13754,904757,4013.33
13754,904921,4013.33
13754,905086,4013.33
13754,905391,4013.33
13754,905568,4013.33
13754,905782,4013.33
13754,905996,4013.33
13754,906202,4013.33
13754,906415,4013.33
13754,906619,4013.33
13754,906830,4013.33
13754,907054,4013.33
13754,907207,4013.33
13754,907525,4013.33
13754,907686,4013.33
13754,907850,4013.33
13754,908109,4013.33
13754,908323,4013.33
13754,908542,4013.33
13754,908750,4013.33
13754,908905,4013.33
13755,51692,4014.9
13755,73706,4014.98
13755,95840,4014.98
13755,117936,4014.97
13755,140060,4014.97
13755,162660,4014.94
13755,184942,4014.94
13755,207235,4014.94
13755,229497,4014.97
13755,252131,4014.97
13755,274799,4014.91
13755,297593,4014.91
13755,303473,4015.02
13755,303742,4015.02
13755,304552,4015.02
13755,321476,4013.33
13755,344604,4013.33
13755,367549,4015.33
13755,390265,4015.33
13755,412872,4014.96
13755,435396,4014.96
13755,458175,4014.97
13755,480691,4014.97
13755,502567,4014.97
13755,524491,4014.97
13755,546959,4014.97
13755,569553,4014.97
13755,592103,4014.97
13755,614849,4014.96
13755,637340,4014.96
13755,6384742,4014.94
13755,6407872,4014.95
13755,6431490,4014.95
13755,6455192,4014.94
13755,6478852,4014.94
13755,6502539,4014.94
13755,6526443,4014.96
13755,6550009,4014.96
13755,6573469,4015.01
13755,6595770,4015.01
13755,6618260,4014.99
13755,6641449,4014.99
13755,6664676,4014.99
13755,6687773,4014.84
13755,6711067,4014.84
13755,6734440,4014.89
13755,6757667,4014.89
13755,6781075,4014.96
13755,6804566,4014.96
13755,6827932,4014.97
13755,6828157,4014.97
13755,6828371,4014.97
13755,6830988,4013.33
13755,6850963,4013.33
13755,6875054,4015.36
13755,6898876,4015.36
13755,6922157,4014.77
13755,6946037,4014.77
13755,6968929,4014.77
13755,6992042,4014.88
13755,7015266,4014.88
13755,660112,4014.96
13755,682709,4014.98
13755,705786,4014.98
13755,728449,4014.9
13755,751280,4014.9
13755,774335,4014.88
13755,797248,4014.88
13755,820169,4014.97
13755,843033,4014.97
13755,865731,4014.97
13755,888773,4014.97
13755,911814,4014.97
13755,934956,4014.99
13755,957620,4014.99
13755,980910,4014.88
13755,1003778,4014.88
13755,1026489,4014.93
13755,1049106,4014.93
13755,1071902,4014.93
13755,1094879,4014.99
13755,1117496,4014.99
13755,1140173,4015.01
13755,1162679,4015.01
13755,1185581,4014.91
13755,1208449,4014.91
13755,1231162,4014.91
13755,1235253,4014.96
13755,1235462,4014.96
13755,1235771,4013.33
13755,1235882,4013.33
13755,1236092,4013.33
13755,1243142,4013.33
13755,1266429,4013.33
13755,7038385,4014.98
13755,7061008,4014.98
13755,7083538,4014.93
13755,7106264,4014.93
13755,7129224,4014.99
13755,7151972,4014.99
13755,7175330,4014.99
13755,7198470,4014.95
13755,7221923,4014.95
13755,7245370,4014.95
13755,7268517,4014.95
13755,7291931,4015.07
13755,7314692,4015.07
13755,7337740,4015.07
13755,7360780,4015
13755,7383947,4015
13755,7406922,4014.97
13755,7430171,4014.97
13755,7453055,4014.98
13755,7476071,4014.98
13755,7499578,4014.94
13755,7523130,4014.94
13755,7546512,4014.94
13755,7570169,4014.96
13755,7593913,4014.96
13755,7617634,4015
13755,7640872,4015
13755,7664523,4014.99
13755,7688371,4014.99
13755,7711649,4014.99
13755,7735365,4014.94
13755,7758818,4014.94
13755,7782436,4014.88
13755,7805695,4014.88
13755,7829290,4015.05
13755,7852941,4015.05
13755,7868337,4015.04
13755,7868495,4015.04
13755,7869244,4015.04
13755,7884875,4013.33
13755,7909183,4013.33
13755,7932328,4015.27
13755,7956075,4015.27
13755,7979980,4014.93
13755,8003672,4014.93
13755,8027597,4015.06
13755,8050645,4015.06
13755,8073410,4015.06
13755,8095703,4014.95
13755,8118021,4014.95
13755,8140387,4014.95
13755,8163443,4014.95
13755,8186405,4014.85
13755,8209934,4014.85
13755,8233453,4014.85
13755,8257410,4014.92
13755,8281536,4014.92
13755,8305300,4015.04
13755,8328775,4015.04
13755,8352060,4015
13755,8375237,4015
13755,8398166,4014.93
13755,8421198,4014.93
13755,8444347,4014.93
13755,8467281,4014.91
13755,8490694,4014.91
13755,8506237,4014.91
13755,8506485,4014.91
13755,8506709,4013.33
13755,8510495,4013.33
13755,8533284,4013.33
13755,8557296,4013.33
13755,8581310,4013.33
13755,8605149,4014.69
13755,8628778,4014.69
13755,8646513,4014.95
13755,8646674,4014.95
13755,8646937,4013.33
13755,8647103,4013.33
13755,8647314,4013.33
13755,8647519,4013.33
13755,8647727,4013.33
13755,8647898,4013.33
13755,8648108,4013.33
13755,8648316,4013.33
13755,8648535,4013.33
13755,8648801,4013.33
13755,8649056,4013.33
13755,8649223,4013.33
13755,8649436,4013.33
13755,8649591,4013.33
13755,8649808,4013.33
13755,8650012,4013.33
13755,8650229,4013.33
13755,8650489,4013.33
13755,8650700,4013.33
13755,8650918,4013.33
13755,8651124,4013.33
13755,8651285,4013.33
13755,8651552,4013.33
13755,8651716,4013.33
13755,8651981,4013.33
13755,8652190,4013.33
13755,8652412,4013.33
13755,8652672,4013.33
13755,8652836,4013.33
13755,8653095,4013.33
13755,8653264,4013.33
13755,8653477,4013.33
13755,8653682,4013.33
13755,8653847,4013.33
13755,8654162,4013.33
13755,8654325,4013.33
13755,8654484,4013.33
13755,8654691,4013.33
13755,8654906,4013.33
13755,8655121,4013.33
13755,8655427,4013.33
13755,8655588,4013.33
13755,8655803,4013.33
13755,8655954,4013.33
13755,8656220,4013.33
13755,8656431,4013.33
13755,8656594,4013.33
13755,8656852,4013.33
13755,8657067,4013.33
13755,8657280,4013.33
13755,8657434,4013.33
13755,8657637,4013.33
13755,8657862,4013.33
13755,8658074,4013.33
13755,8658231,4013.33
13755,8658495,4013.33
13755,8658705,4013.33
13755,8658968,4013.33
13755,8659078,4013.33
13755,8659287,4013.33
13755,8659709,4013.33
13755,8668022,4013.33
13755,8688256,4013.33
13755,8709489,4015.65
13755,8731314,4015.65
13755,8753423,4014.87
13755,8775675,4014.87
13755,8797945,4014.95
13755,8820345,4014.95
13755,8843156,4014.96
13755,8865550,4014.96
13755,8887938,4014.96
13755,8910309,4014.86
13755,8932456,4014.86
13755,8955029,4014.92
13755,8977622,4014.92
13755,9000251,4014.92
13755,9022995,4014.92
13755,9045985,4014.92
13755,9069389,4014.9
13755,9092493,4014.9
13755,9115424,4014.94
13755,9138428,4014.94
13755,9161742,4014.98
13755,9184633,4014.98
13755,9207724,4014.98
13755,9230713,4014.98
13755,9253625,4014.98
13755,9276920,4014.88
13755,9299967,4014.88
13755,9322895,4014.97
13755,9346192,4014.97
13755,9368974,4015.03
13755,9391537,4015.03
13755,9414606,4014.96
13755,9437423,4014.96
13755,9459980,4014.96
13755,9482882,4014.94
13755,9505784,4014.94
13755,9528760,4014.93
13755,9552239,4014.93
13755,9575368,4014.86
13755,9598736,4014.86
13755,9621752,4014.97
13755,9644725,4014.97
13755,9667975,4014.97
13755,9691150,4015
13755,9713917,4015
13755,9737163,4014.96
13755,9760775,4014.96
13755,9784273,4014.95
13755,9807496,4014.95
13755,9830779,4014.95
13755,9853568,4014.99
13755,9876299,4014.99
13755,9898877,4014.99
13755,9921693,4014.99
13755,9944577,4014.93
13755,9967360,4014.93
13755,9990530,4014.93
13755,10013525,4015
13755,10036229,4015
13755,10058892,4014.87
13755,10081683,4014.87
13755,10104831,4014.92
13755,10127885,4014.92
13755,10150739,4014.92
13755,10173303,4014.92
13755,10196496,4014.92
13755,10219898,4014.97
13755,10223942,4014.97
13755,10224208,4014.93
13755,10224317,4014.93
13755,10224582,4013.33
13755,10224770,4013.33
13755,10224943,4013.33
13755,10225261,4013.33
13755,10225427,4013.33
13755,10225581,4013.33
13755,10225850,4013.33
13755,10226016,4013.33
13755,10226317,4013.33
13755,10226540,4013.33
13755,10226638,4013.33
13755,10226913,4013.33
13755,10227124,4013.33
13755,10227339,4013.33
13755,10227547,4013.33
13755,10227712,4013.33
13755,10227975,4013.33
13755,10228169,4013.33
13755,10228397,4013.33
13755,10228550,4013.33
13755,10228803,4013.33
13755,10229077,4013.33
13755,10230181,4013.33
13755,10245232,4013.33
13755,10267064,4013.33
13755,10289196,4014.49
13755,10310974,4014.49
13755,10333071,4014.49
13755,10355272,4014.98
13755,10377295,4014.98
13755,10399296,4014.8
13755,10422063,4014.8
13755,10445036,4014.93
13755,10468402,4014.93
13755,10491359,4014.93
13755,10514998,4014.93
13755,10538098,4014.93
13755,10560813,4014.94
13755,10583594,4014.94
13755,10606386,4014.95
13755,10628866,4014.95
13755,10652057,4014.99
13755,10675012,4014.99
13755,10697708,4014.99
13755,10721476,4014.95
13755,10744376,4014.95
13755,10767666,4014.94
13755,10790852,4014.94
13755,10814136,4014.89
13755,10837125,4014.89
13755,10860343,4014.89
13755,10883214,4014.99
13755,10906429,4014.99
13755,10929715,4014.99
13755,10952371,4014.99
13755,10975801,4015.01
13755,10998323,4015.01
13755,11021615,4015.01
13755,11044944,4014.93
13755,11068099,4014.93
13755,11091162,4015.03
13755,11114162,4015.03
13755,11137136,4014.91
13755,11160001,4014.91
13755,11182648,4015.03
13755,11204780,4015.03
13755,11227577,4015.03
13755,11235917,4014.95
13755,11235917,4014.95
13755,11235917,4015.01
13755,11235917,4015.01
13755,11235917,4014.88
13755,11235917,4014.88
13755,11235917,4014.88
13755,11235917,4014.96
13755,11235917,4014.96
13755,11235917,4014.9
13755,11235917,4014.9
13755,1290010,4014.62
13755,1313415,4014.62
13755,1336464,4014.76
13755,1359386,4014.76
13755,1382816,4014.91
13755,1405870,4014.91
13755,1428881,4014.88
13755,1451482,4014.88
13755,1473950,4014.88
13755,1496514,4014.95
13755,1518760,4014.95
13755,1541016,4014.98
13755,1563276,4014.98
13755,1586051,4014.96
13755,1608518,4014.96
13755,1631832,4014.96
13755,1654573,4014.86
13755,1677630,4014.86
13755,1700380,4014.97
13755,1723661,4014.97
13755,1746593,4014.95
13755,1769610,4014.95
13755,1792526,4014.94
13755,1815309,4014.94
13755,1838233,4014.94
13755,1861263,4015
13755,1883787,4015
13755,1906741,4014.99
13755,1929482,4014.99
13755,1952553,4014.93
13755,1975559,4014.93
13755,1998423,4014.9
13755,2021558,4014.9
13755,2044438,4014.9
13755,2067595,4015
13755,2091020,4015
13755,2114328,4015.02
13755,2156299,4015.02
13755,2180234,4015.02
13755,2204331,4014.83
13755,2228125,4014.83
13755,2253906,4014.99
13755,2276872,4014.99
13755,2299807,4014.98
13755,2322843,4014.98
13755,2345727,4014.98
13755,2374551,4014.99
13755,2397274,4014.99
13755,2423235,4014.84
13755,2451016,4014.84
13755,2473884,4015.04
13755,2496666,4015.04
13755,2520468,4015.04
13755,2543129,4014.81
13755,2566022,4014.81
13755,2589213,4014.99
13755,2612219,4014.99
13755,2635437,4014.9
13755,2658578,4014.9
13755,2681896,4014.9
13755,2705425,4014.94
13755,2728976,4014.94
13755,2752153,4014.89
13755,2776254,4014.89
13755,2799709,4014.99
13755,2823023,4014.99
13755,2846185,4014.94
13755,2869219,4014.94
13755,2892551,4014.94
13755,2915494,4015.02
13755,2938625,4015.02
13755,2962323,4014.97
13755,2985234,4014.97
13755,3008260,4014.95
13755,3031181,4014.95
13755,3054727,4014.95
13755,3078501,4014.88
13755,3101705,4014.88
13755,3125089,4014.98
13755,3148006,4014.98
13755,3171100,4014.92
13755,3194323,4014.92
13755,3217423,4014.88
13755,3240719,4014.88
13755,3263921,4014.88
13755,3287196,4014.99
13755,3310495,4014.99
13755,3333619,4015.02
13755,3357085,4015.02
13755,3380244,4014.91
13755,3403671,4014.91
13755,3426949,4014.98
13755,3450399,4014.98
13755,3473860,4014.98
13755,3497218,4014.95
13755,3520412,4014.95
13755,3543808,4014.88
13755,3567329,4014.88
13755,3590020,4014.96
13755,3612941,4014.96
13755,3636220,4014.96
13755,3659549,4014.9
13755,3682448,4014.9
13755,3705095,4015
13755,3728004,4015
13755,3750722,4015.01
13755,3773840,4015.01
13755,3796945,4014.91
13755,3820020,4014.91
13755,3843201,4014.91
13755,3866906,4014.86
13755,3890084,4014.86
13755,3913486,4014.92
13755,3937342,4014.92
13755,3961934,4014.98
13755,3985324,4014.98
13755,4009500,4014.98
13755,4032650,4014.92
13755,4055575,4014.92
13755,4078214,4014.98
13755,4101345,4014.98
13755,4124399,4014.93
13755,4146955,4014.93
13755,4169855,4014.9
13755,4192810,4014.9
13755,4216102,4014.9
13755,4239130,4014.93
13755,4262712,4014.93
13755,4285665,4015.02
13755,4308756,4015.02
13755,4332464,4014.96
13755,4356020,4014.96
13755,4378902,4015
13755,4401831,4015
13755,4425012,4015
13755,4448260,4014.86
13755,4471718,4014.86
13755,4495135,4014.93
13755,4518021,4014.93
13755,4541215,4014.88
13755,4564311,4014.88
13755,4587626,4014.88
13755,4610692,4014.96
13755,4633498,4014.96
13755,4656518,4014.94
13755,4680337,4014.94
13755,4704007,4015
13755,4727193,4015
13755,4750491,4015
13755,4774145,4014.93
13755,4798346,4014.93
13755,4821969,4014.99
13755,4845944,4014.99
13755,4869523,4014.92
13755,4892814,4014.92
13755,4915987,4014.98
13755,4939404,4014.98
13755,4962584,4014.98
13755,4985997,4014.91
13755,5009303,4014.91
13755,5032790,4014.95
13755,5056405,4014.95
13755,5079555,4014.94
13755,5102713,4014.94
13755,5126171,4015.06
13755,5149469,4015.06
13755,5172762,4015.06
13755,5195530,4014.97
13755,5218971,4014.97
13755,5242519,4015
13755,5266196,4015
13755,5290802,4014.9
13755,5314553,4014.9
13755,5337894,4014.9
13755,5361601,4014.94
13755,5385143,4014.94
13755,5408527,4014.96
13755,5432120,4014.96
13755,5454723,4014.94
13755,5477885,4014.94
13755,5500560,4014.89
13755,5523338,4014.89
13755,5546217,4014.89
13755,5569091,4014.92
13755,5592243,4014.92
13755,5615008,4014.92
13755,5638459,4014.92
13755,5661890,4014.95
13755,5685394,4014.95
13755,5709066,4014.95
13755,5732370,4014.97
13755,5756030,4014.97
13755,5779605,4014.99
13755,5802578,4014.99
13755,5825713,4014.86
13755,5849374,4014.86
13755,5872403,4014.92
13755,5895316,4014.92
13755,5918588,4014.92
13755,5941894,4014.96
13755,5964737,4014.96
13755,5987559,4014.92
13755,6010648,4014.92
13755,6033985,4014.97
13755,6056801,4014.97
13755,6080274,4014.94
13755,6104204,4014.94
13755,6128224,4014.94
13755,6151885,4014.93
13755,6175588,4014.93
13755,6198998,4015.02
13755,6222424,4015.02
13755,6245374,4014.92
13755,6268948,4014.92
13755,6292364,4014.92
13755,6314910,4014.94
13755,6338253,4014.94
13755,6361499,4014.94
13756,1082,4013.33
13756,17607,4013.33
13756,41788,4014.65
13756,65601,4014.65
13756,72237,4014.65
13756,72446,4014.85
13756,72663,4014.85
13756,72827,4013.33
13756,76558,4013.33
13756,98178,4013.33
13756,121756,4013.33
13756,144657,4014.71
13756,167953,4014.71
13756,190980,4014.71
13756,213917,4015.03
13756,236938,4015.03
13756,259834,4014.95
13756,282999,4014.95
13756,306112,4015.05
13756,329703,4015.05
13756,353635,4015.05
13756,372992,4014.95
13756,373022,4014.95
13756,373022,4014.88
13756,373022,4014.88
13756,373022,4015.02
13756,373022,4015.02
13756,373022,4015.02
13757,58094,4014.97
13757,80795,4015
13757,103783,4015
13757,126901,4015
13757,150244,4015.01
13757,173418,4015.01
13757,196323,4014.94
13757,219518,4014.94
13757,242795,4014.93
13757,265844,4014.93
13757,288748,4014.93
13757,311653,4014.87
13757,335020,4014.87
13757,358127,4014.9
13757,378489,4014.9
13757,378520,4014.94
13757,378520,4014.94
13757,378520,4014.96
13757,378520,4014.96
13757,378520,4014.96
13757,378520,4014.98
13758,68465,4015
13758,91892,4015
13758,115180,4015
13758,138928,4015
13758,162205,4014.96
13758,185597,4014.96
13758,208629,4014.97
13758,231869,4014.97
13758,255353,4014.93
13758,278624,4014.93
13758,302065,4014.93
13758,325571,4014.95
13758,349019,4014.95
13758,372476,4014.9
13758,376432,4014.9
13758,376432,4014.97
13758,376432,4014.97
13758,376432,4014.97
13758,376432,4014.92
13758,376432,4014.92
13758,376432,4014.92
13760,57326,4014.97
13760,81105,4014.97
13760,104822,4014.92
13760,128617,4014.92
13760,152185,4014.92
13760,175734,4014.92
13760,199144,4014.92
13760,222322,4014.95
13760,245873,4014.95
13760,269465,4014.93
13760,292914,4014.93
13760,315622,4014.94
13760,338811,4014.94
13760,362234,4014.93
13760,374581,4014.93
13760,374581,4014.93
13760,374581,4015
13760,374581,4015
13760,374581,4014.95
13760,374581,4014.95
13761,63317,4014.94
13761,86319,4014.94
13761,109368,4014.99
13761,132202,4014.99
13761,154968,4014.96
13761,178276,4014.96
13761,202080,4014.96
13761,225737,4014.96
13761,249193,4014.96
13761,272880,4015.03
13761,296162,4015.03
13761,319400,4014.99
13761,342248,4014.99
13761,365160,4014.99
13761,378234,4014.99
13761,378234,4014.99
13761,378234,4014.98
13761,378234,4014.98
13761,378234,4014.94
13761,378234,4014.94
13761,378234,4014.92
13761,378234,4014.92
13761,378234,4014.93
13761,378234,4014.93
13761,378234,4014.93
13761,378234,4013.33
13761,378234,4013.33
13761,378234,4014.69
13761,378234,4014.69
13761,378234,4014.98
13761,378234,4014.98
13761,378234,4014.98
13761,378234,4014.89
13761,378234,4014.89
13761,378234,4014.96
13761,378234,4014.96
13761,378234,4014.97
13761,378234,4014.97
13761,378234,4014.97
13761,378234,4014.97
13761,378234,4014.97
13761,378234,4014.92
13761,378234,4014.92
13761,378234,4014.93
13761,378234,4014.93
13761,378234,4014.89
13761,378234,4014.89
13761,378234,4014.89
13761,378234,4014.95
13761,378234,4014.95
13761,378234,4015.03
13761,378234,4015.03
13761,378234,4015
13761,378234,4015
13761,378234,4015
13761,378234,4014.98
13761,378234,4014.98
13761,378234,4015
13761,378234,4015
13761,378234,4014.97
13761,378234,4014.97
13761,378234,4014.97
13761,378234,4014.97
13761,378234,4014.97
13761,378234,4014.99
13761,378234,4014.99
13761,378234,4014.99
13761,378234,4014.99
13761,378234,4014.99
13761,378234,4014.99
13761,378234,4014.99
13761,378234,4014.93
13761,378234,4014.93
13761,378234,4014.89
13761,378234,4014.89
13761,378234,4014.94
13761,378234,4014.94
13761,378234,4014.97
13761,378234,4014.97
13761,378234,4014.97
13761,378234,4014.99
13761,378234,4014.99
13761,378234,4014.94
13761,378234,4014.94
13761,378234,4014.97
13761,378234,4014.97
13761,378234,4014.97
13761,378234,4014.99
13761,378234,4014.99
13761,378234,4014.92
13761,378234,4014.92
13761,378234,4014.92
13761,378234,4014.92
13761,378234,4014.98
13761,378234,4014.98
13761,378234,4014.98
13761,378234,4014.94
13761,378234,4014.94
13761,378234,4014.87
13761,378234,4014.87
13761,378234,4014.96
13761,378234,4014.96
13761,378234,4014.96
13761,378234,4014.98
13761,378234,4014.98
13761,378234,4015.01
13761,378234,4015.01
13761,378234,4015.01
13761,378234,4014.91
13761,378234,4014.91
13761,378234,4014.93
13761,378234,4014.93
13761,378234,4014.99
13761,378234,4014.99
13761,378234,4014.99
13761,378234,4014.93
13761,378234,4014.93
13761,378234,4014.91
13761,378234,4014.91
13761,378234,4014.98
13761,378234,4014.98
13761,378234,4014.92
13761,378234,4014.92
13761,378234,4014.92
13761,378234,4014.89
13761,378234,4014.89
13761,378234,4014.92
13764,53731,4014.9
13764,76271,4014.9
13764,99429,4014.99
13764,122467,4014.99
13764,145378,4014.99
13764,168435,4015
13764,191467,4015
13764,215285,4014.96
13764,238508,4014.96
13764,261902,4014.91
13764,285411,4014.91
13764,308976,4015
13764,332409,4015
13764,355928,4015
13764,379517,4014.95
13764,403172,4014.95
13764,426614,4014.98
13764,450099,4014.98
13764,473498,4014.95
13764,496694,4014.95
13764,519903,4014.95
13764,542822,4015.04
13764,565671,4015.04
13764,588729,4014.95
13764,611618,4014.95
13764,634598,4014.94
13764,6378228,4015.04
13764,6401390,4015.04
13764,6407953,4014.95
13764,6408138,4014.95
13764,6408449,4014.95
13764,6408592,4013.33
13764,6409559,4013.33
13764,6425258,4013.33
13764,6449130,4013.33
13764,6472175,4014.63
13764,6495324,4014.63
13764,6517994,4014.63
13764,6540655,4014.83
13764,6563289,4014.83
13764,6585950,4014.93
13764,6608487,4014.93
13764,6631393,4015
13764,6654436,4015
13764,6678109,4014.96
13764,6701679,4014.96
13764,6720262,4014.96
13764,6720463,4014.93
13764,6720671,4014.93
13764,6720884,4013.33
13764,6721051,4013.33
13764,6721264,4013.33
13764,6721467,4013.33
13764,6722242,4013.33
13764,6736334,4013.33
13764,6759474,4013.33
13764,6782411,4014.83
13764,6805706,4014.83
13764,6828617,4014.96
13764,6851888,4014.96
13764,6874802,4014.96
13764,6897848,4014.9
13764,6920642,4014.9
13764,6943417,4014.96
13764,6966327,4014.96
13764,6989361,4014.93
13764,657544,4014.94
13764,680602,4014.94
13764,703342,4014.94
13764,726136,4014.94
13764,748900,4015.04
13764,771753,4015.04
13764,794609,4014.95
13764,817894,4014.95
13764,840557,4014.99
13764,863392,4014.99
13764,886304,4014.99
13764,909049,4014.96
13764,932411,4014.96
13764,955255,4014.96
13764,978242,4014.96
13764,1001456,4014.91
13764,1024380,4014.91
13764,1047140,4015.01
13764,1070374,4015.01
13764,1093253,4015.01
13764,1116273,4014.95
13764,1139702,4014.95
13764,1162989,4015.01
13764,1186125,4015.01
13764,1209202,4014.96
13764,1232365,4014.96
13764,1255286,4014.96
13764,7012254,4014.93
13764,7035274,4014.99
13764,7058235,4014.99
13764,7063658,4014.99
13764,7063880,4014.95
13764,7064043,4014.95
13764,7064249,4013.33
13764,7064463,4013.33
13764,7064680,4013.33
13764,7064840,4013.33
13764,7072283,4013.33
13764,7095300,4013.33
13764,7118528,4013.33
13764,7142036,4014.7
13764,7165453,4014.7
13764,7188330,4014.97
13764,7211803,4014.97
13764,7235216,4014.95
13764,7258018,4014.95
13764,7280926,4014.95
13764,7303790,4014.88
13764,7327094,4014.88
13764,7349663,4015
13764,7372814,4015
13764,7395738,4015.02
13764,7418494,4015.02
13764,7441425,4014.96
13764,7464349,4014.96
13764,7487142,4014.96
13764,7510183,4015.01
13764,7532958,4015.01
13764,7556106,4014.92
13764,7578780,4014.92
13764,7601804,4014.95
13764,7625117,4014.95
13764,7648153,4014.95
13764,7670795,4014.94
13764,7693601,4014.94
13764,7716381,4014.96
13764,7738709,4014.96
13764,7761402,4015
13764,7784211,4015
13764,7807584,4014.9
13764,7830944,4014.9
13764,7854373,4014.9
13764,7877669,4014.97
13764,7900427,4014.97
13764,7922974,4015.01
13764,7945226,4015.01
13764,7967813,4014.95
13764,7990410,4014.95
13764,8013218,4014.95
13764,8035997,4014.94
13764,8058838,4014.94
13764,8081696,4014.95
13764,8104344,4014.95
13764,8126987,4014.95
13764,8149785,4014.95
13764,8172826,4014.99
13764,8195604,4014.99
13764,8218516,4014.99
13764,8241305,4014.99
13764,8264212,4014.99
13764,8287763,4014.96
13764,8311309,4014.96
13764,8334495,4014.99
13764,8358304,4014.99
13764,8381583,4014.99
13764,8404428,4014.9
13764,8427676,4014.9
13764,8450692,4015.01
13764,8473739,4015.01
13764,8496550,4015.03
13764,8519825,4015.03
13764,8542895,4015.02
13764,8566048,4015.02
13764,8589327,4015.02
13764,8612762,4014.94
13764,8636134,4014.94
13764,8659594,4014.93
13764,8683068,4014.93
13764,8706388,4014.88
13764,8729501,4014.88
13764,8752416,4014.95
13764,8775691,4014.95
13764,8799386,4014.95
13764,8822796,4014.92
13764,8846365,4014.92
13764,8869394,4014.94
13764,8892818,4014.94
13764,8916017,4015.05
13764,8938899,4015.05
13764,8962058,4015.05
13764,8985355,4014.87
13764,9008699,4014.87
13764,9032132,4015.02
13764,9055388,4015.02
13764,9078428,4014.89
13764,9101474,4014.89
13764,9124602,4014.97
13764,9147040,4014.97
13764,9169675,4014.97
13764,9191845,4014.88
13764,9214491,4014.88
13764,9237280,4014.93
13764,9260555,4014.93
13764,9283702,4014.95
13764,9306846,4014.95
13764,9329978,4014.95
13764,9353004,4014.92
13764,9376426,4014.92
13764,9399972,4014.92
13764,9423247,4014.92
13764,9446044,4014.91
13764,9468946,4014.91
13764,9491739,4014.96
13764,9514771,4014.96
13764,9537686,4014.96
13764,9560594,4014.95
13764,9583861,4014.95
13764,9606427,4014.98
13764,9616802,4014.98
13764,9617017,4014.99
13764,9617221,4014.99
13764,9617423,4014.99
13764,9617606,4013.33
13764,9617815,4013.33
13764,1278081,4014.97
13764,1300941,4014.97
13764,1323760,4014.89
13764,1346514,4014.89
13764,1369845,4015.04
13764,1393316,4015.04
13764,1416544,4014.88
13764,1439554,4014.88
13764,1462753,4014.88
13764,1485657,4014.95
13764,1508345,4014.95
13764,1531257,4014.96
13764,1554106,4014.96
13764,1577139,4014.93
13764,1600106,4014.93
13764,1623429,4014.93
13764,1646894,4014.97
13764,1670356,4014.97
13764,1693926,4015.26
13764,1717490,4015.26
13764,1733522,4014.76
13764,1733729,4014.76
13764,1733943,4014.76
13764,1734155,4013.33
13764,1734371,4013.33
13764,1734576,4013.33
13764,1734795,4013.33
13764,1735006,4013.33
13764,1735258,4013.33
13764,1735443,4013.33
13764,1735649,4013.33
13764,1735862,4013.33
13764,1736074,4013.33
13764,1736235,4013.33
13764,1736443,4013.33
13764,1736612,4013.33
13764,1736875,4013.33
13764,1737037,4013.33
13764,1737348,4013.33
13764,1737451,4013.33
13764,1737778,4013.33
13764,1737940,4013.33
13764,1738152,4013.33
13764,1738363,4013.33
13764,1738581,4013.33
13764,1738794,4013.33
13764,1739006,4013.33
13764,1739225,4013.33
13764,1739428,4013.33
13764,1739642,4013.33
13764,1739848,4013.33
13764,1742574,4013.33
13764,1760105,4013.33
13764,1760322,4013.33
13764,1760535,4013.33
13764,1761013,4013.33
13764,1772528,4013.33
13764,1776418,4014
13764,1776619,4014
13764,1776897,4013.33
13764,1789062,4013.33
13764,1798823,4013.33
13764,1798925,4014.89
13764,1799143,4014.89
13764,1799345,4013.33
13764,1799558,4013.33
13764,1799962,4013.33
13764,1809468,4013.33
13764,1832235,4013.33
13764,1855263,4015.07
13764,1877633,4015.07
13764,1899959,4014.74
13764,1922344,4014.74
13764,1944246,4014.86
13764,1966168,4014.86
13764,1988408,4014.99
13764,2010674,4014.99
13764,2033077,4014.99
13764,2055595,4014.91
13764,2078438,4014.91
13764,2101348,4014.99
13764,2124593,4014.99
13764,2147885,4014.97
13764,2171236,4014.97
13764,2194484,4014.97
13764,2217666,4014.87
13764,2240835,4014.87
13764,2263713,4014.98
13764,2286641,4014.98
13764,2309678,4014.94
13764,2332641,4014.94
13764,2355731,4014.95
13764,2379197,4014.95
13764,2402318,4014.95
13764,2425657,4014.96
13764,2449205,4014.96
13764,2472370,4014.93
13764,2495291,4014.93
13764,2518140,4015
13764,2540800,4015
13764,2563774,4015
13764,2586638,4015.03
13764,2609717,4015.03
13764,2633438,4014.93
13764,2656793,4014.93
13764,2679993,4014.94
13764,2702782,4014.94
13764,2725609,4014.94
13764,2748095,4014.94
13764,2770521,4014.94
13764,2793658,4014.95
13764,2816422,4014.95
13764,2839354,4014.87
13764,2862746,4014.87
13764,2872721,4014.94
13764,2872903,4014.94
13764,2873114,4014.94
13764,2874647,4013.33
13764,2891104,4013.33
13764,2915467,4013.33
13764,2939145,4013.33
13764,2962389,4014.71
13764,2985248,4014.71
13764,3008037,4014.94
13764,3030309,4014.94
13764,3052825,4014.94
13764,3075347,4014.85
13764,3097896,4014.85
13764,3120805,4014.97
13764,3144174,4014.97
13764,3167241,4014.93
13764,3190308,4014.93
13764,3213922,4014.93
13764,3237398,4014.96
13764,3260881,4014.96
13764,3284645,4014.98
13764,3307923,4014.98
13764,3330715,4015.03
13764,3353478,4015.03
13764,3376621,4015.03
13764,3399933,4014.92
13764,3423500,4014.92
13764,3446673,4014.93
13764,3469598,4014.93
13764,3493144,4014.9
13764,3515995,4014.9
13764,3538592,4014.92
13764,3561628,4014.92
13764,3584798,4014.92
13764,3607677,4014.98
13764,3630825,4014.98
13764,3653838,4014.96
13764,3677072,4014.96
13764,3700250,4014.96
13764,3722905,4014.96
13764,3745187,4014.96
13764,3767698,4014.93
13764,3790369,4014.93
13764,3813131,4014.96
13764,3836258,4014.96
13764,3859194,4015
13764,3882010,4015
13764,3904986,4014.96
13764,3928120,4014.96
13764,3950736,4014.96
13764,3973572,4014.92
13764,3996162,4014.92
13764,4018840,4014.95
13764,4041475,4014.95
13764,4063794,4014.97
13764,4086845,4014.97
13764,4109570,4014.94
13764,4132639,4014.94
13764,4156169,4014.94
13764,4179340,4014.93
13764,4202732,4014.93
13764,4225774,4014.96
13764,4248987,4014.96
13764,4272231,4015.02
13764,4295327,4015.02
13764,4317732,4015.02
13764,4340118,4014.97
13764,4362522,4014.97
13764,4385044,4014.95
13764,4407690,4014.95
13764,4430564,4014.96
13764,4453652,4014.96
13764,4477067,4014.98
13764,4500493,4014.98
13764,4523678,4014.98
13764,4546838,4015.02
13764,4569219,4015.02
13764,4591514,4014.96
13764,4614253,4014.96
13764,4636706,4014.9
13764,4659354,4014.9
13764,4681990,4014.9
13764,4704667,4014.85
13764,4727563,4014.85
13764,4750788,4014.9
13764,4773739,4014.9
13764,4797079,4014.95
13764,4820513,4014.95
13764,4843421,4014.95
13764,4866127,4014.93
13764,4888977,4014.93
13764,4911644,4014.97
13764,4934332,4014.97
13764,4957067,4014.85
13764,4979661,4014.85
13764,5002766,4014.93
13764,5025323,4014.93
13764,5048282,4014.93
13764,5071059,4014.92
13764,5094031,4014.92
13764,5116730,4014.89
13764,5139695,4014.89
13764,5162785,4015.02
13764,5186069,4015.02
13764,5209106,4014.95
13764,5232287,4014.95
13764,5254793,4014.95
13764,5277475,4014.97
13764,5300071,4014.97
13764,5323436,4014.95
13764,5346751,4014.95
13764,5370382,4014.94
13764,5393307,4014.94
13764,5416469,4014.94
13764,5439527,4014.94
13764,5462432,4014.94
13764,5485456,4014.96
13764,5508505,4014.96
13764,5531700,4014.98
13764,5555039,4014.98
13764,5578209,4014.93
13764,5601104,4014.93
13764,5624220,4014.93
13764,5647899,4015.06
13764,5670926,4015.06
13764,5693843,4014.95
13764,5717154,4014.95
13764,5740109,4014.96
13764,5762956,4014.96
13764,5786271,4014.96
13764,5809305,4014.98
13764,5832131,4014.98
13764,5854984,4014.97
13764,5878170,4014.97
13764,5901482,4014.98
13764,5925276,4014.98
13764,5933663,4014.91
13764,5933933,4014.91
13764,5934133,4014.91
13764,5934355,4013.33
13764,5938795,4013.33
13764,5961378,4013.33
13764,5984889,4013.33
13764,6008656,4014.77
13764,6032224,4014.77
13764,6055651,4014.98
13764,6079199,4014.98
13764,6102132,4014.98
13764,6125044,4014.95
13764,6147960,4014.95
13764,6170791,4014.99
13764,6194042,4014.99
13764,6217326,4014.96
13764,6240233,4014.96
13764,6263288,4014.96
13764,6286174,4014.95
13764,6309105,4014.95
13764,6332407,4015.01
13764,6355148,4015.01
13765,54242,4014.89
13765,77031,4014.89
13765,89111,4014.88
13765,89271,4014.88
13765,89485,4013.33
13765,94880,4013.33
13765,118245,4013.33
13765,142138,4013.33
13765,165821,4013.33
13765,188755,4014.78
13765,211745,4014.78
13765,234387,4014.96
13765,257046,4014.96
13765,279822,4014.91
13765,302612,4014.91
13765,324401,4014.91
13765,347155,4014.95
13765,369689,4014.95
13765,392640,4014.9
13765,415897,4014.9
13765,439317,4015.04
13765,462369,4015.04
13765,485899,4014.96
13765,508821,4014.96
13765,531993,4014.96
13765,554946,4014.96
13765,577196,4014.96
13765,599703,4014.98
13765,621970,4014.98
13765,6373976,4014.98
13765,6397217,4014.98
13765,6420320,4014.99
13765,6443664,4014.99
13765,6466302,4014.96
13765,6489210,4014.96
13765,6512536,4014.96
13765,6535635,4014.94
13765,6558182,4014.94
13765,6581009,4014.98
13765,6603608,4014.98
13765,6626128,4014.98
13765,6648739,4014.98
13765,6671635,4014.98
13765,6694198,4014.96
13765,6716721,4014.96
13765,6739329,4014.96
13765,6761987,4014.96
13765,6784815,4014.94
13765,6807436,4014.94
13765,6830222,4014.92
13765,6853011,4014.92
13765,6875926,4014.92
13765,6899282,4014.94
13765,6922295,4014.94
13765,6945538,4015
13765,6968716,4015
13765,644756,4014.94
13765,667302,4014.94
13765,690188,4014.94
13765,712829,4014.97
13765,735591,4014.97
13765,758277,4014.93
13765,780954,4014.93
13765,804121,4015.01
13765,827174,4015.01
13765,850667,4014.97
13765,873875,4014.97
13765,897192,4014.97
13765,920261,4014.83
13765,942934,4014.83
13765,965485,4015.03
13765,988202,4015.03
13765,1010906,4014.91
13765,1033000,4014.91
13765,1055612,4014.91
13765,1078388,4015.04
13765,1100983,4015.04
13765,1123478,4014.91
13765,1145933,4014.91
13765,1168973,4015.01
13765,1191844,4015.01
13765,1215130,4014.96
13765,1238158,4014.96
13765,1261300,4014.96
13765,6991761,4015
13765,7014483,4015
13765,7037250,4015
13765,7060270,4015.01
13765,7083149,4015.01
13765,7105673,4014.91
13765,7128576,4014.91
13765,7151161,4015
13765,7173577,4015
13765,7196292,4015
13765,7218957,4014.97
13765,7241613,4014.97
13765,7264480,4014.95
13765,7286781,4014.95
13765,7309186,4014.94
13765,7331930,4014.94
13765,7354312,4014.94
13765,7376781,4014.93
13765,7399373,4014.93
13765,7422218,4015.03
13765,7445358,4015.03
13765,7468210,4014.96
13765,7491074,4014.96
13765,7514048,4014.97
13765,7536764,4014.97
13765,7559449,4014.97
13765,7582091,4014.96
13765,7598221,4014.96
13765,7598390,4014.95
13765,7598594,4014.95
13765,7598814,4013.33
13765,7602288,4013.33
13765,7625580,4013.33
13765,7650283,4013.33
13765,7674480,4013.33
13765,7698156,4014.78
13765,7721318,4014.78
13765,7744319,4014.92
13765,7767149,4014.92
13765,7789818,4014.87
13765,7812706,4014.87
13765,7835748,4014.87
13765,7858584,4014.94
13765,7881181,4014.94
13765,7903850,4015.05
13765,7926366,4015.05
13765,7949020,4014.92
13765,7971591,4014.92
13765,7994277,4014.93
13765,8016897,4014.93
13765,8039800,4014.93
13765,8062571,4015.01
13765,8085738,4015.01
13765,8108643,4015.04
13765,8131575,4015.04
13765,8154604,4015
13765,8177522,4015
13765,8199663,4015
13765,8222025,4014.93
13765,8244341,4014.93
13765,8266763,4014.95
13765,8289554,4014.95
13765,8312432,4014.96
13765,8335639,4014.96
13765,8358644,4014.95
13765,8381788,4014.95
13765,8405148,4014.95
13765,8427768,4014.98
13765,8450523,4014.98
13765,8473051,4015.01
13765,8495830,4015.01
13765,8518776,4014.98
13765,8542099,4014.98
13765,8565133,4014.98
13765,8588509,4014.93
13765,8611434,4014.93
13765,8634602,4015.01
13765,8657524,4015.01
13765,8680554,4014.95
13765,8703733,4014.95
13765,8727027,4015
13765,8749919,4015
13765,8773027,4015
13765,8795895,4014.87
13765,8818401,4014.87
13765,8840560,4014.97
13765,8863036,4014.97
13765,8886559,4014.98
13765,8909844,4014.98
13765,8932970,4014.98
13765,8956002,4014.91
13765,8979063,4014.91
13765,9002341,4014.99
13765,9025142,4014.99
13765,9048429,4014.93
13765,9071513,4014.93
13765,9094637,4014.99
13765,9117431,4014.99
13765,9140616,4014.99
13765,9163507,4014.96
13765,9186155,4014.96
13765,9208871,4014.95
13765,9231605,4014.95
13765,9254109,4014.93
13765,9276658,4014.93
13765,9299364,4014.95
13765,9322474,4014.95
13765,9345362,4014.95
13765,9368556,4014.9
13765,9391752,4014.9
13765,9415014,4014.99
13765,9438337,4014.99
13765,9461489,4014.97
13765,9484596,4014.97
13765,9508075,4014.97
13765,9531753,4014.97
13765,9555038,4014.97
13765,9578101,4014.97
13765,9601248,4014.97
13765,9624179,4014.9
13765,9647197,4014.9
13765,9669853,4015
13765,9692918,4015
13765,9716205,4015
13765,9739342,4014.91
13765,9762282,4014.91
13765,9785435,4014.97
13765,9808608,4014.97
13765,9831777,4014.91
13765,9854943,4014.91
13765,9877997,4014.95
13765,9901038,4014.95
13765,9924072,4014.95
13765,9947108,4014.92
13765,9970018,4014.92
13765,9993334,4014.9
13765,10016461,4014.9
13765,10039312,4014.99
13765,10062960,4014.99
13765,10072400,4014.99
13765,10072605,4014.93
13765,10072605,4014.93
13765,1284395,4014.95
13765,1307292,4014.95
13765,1330583,4015.07
13765,1353671,4015.07
13765,1377169,4014.94
13765,1380481,4014.94
13765,1380699,4013.33
13765,1380903,4013.33
13765,1383239,4013.33
13765,1402808,4013.33
13765,1426591,4013.33
13765,1450058,4014.74
13765,1473028,4014.74
13765,1496019,4014.98
13765,1519091,4014.98
13765,1541705,4014.98
13765,1564504,4014.97
13765,1587269,4014.97
13765,1609911,4014.91
13765,1632312,4014.91
13765,1655352,4014.93
13765,1678263,4014.93
13765,1701307,4014.96
13765,1723972,4014.96
13765,1733668,4014.96
13765,1733885,4014.92
13765,1734987,4014.92
13765,1750579,4013.33
13765,1774804,4013.33
13765,1798601,4014.73
13765,1822364,4014.73
13765,1845785,4014.73
13765,1868398,4014.96
13765,1890565,4014.96
13765,1912719,4014.93
13765,1935293,4014.93
13765,1958591,4014.98
13765,1981919,4014.98
13765,2005207,4014.89
13765,2028618,4014.89
13765,2052128,4014.89
13765,2074959,4014.93
13765,2097868,4014.93
13765,2120630,4014.97
13765,2143346,4014.97
13765,2166066,4014.98
13765,2188943,4014.98
13765,2211917,4015
13765,2235340,4015
13765,2258877,4015
13765,2282210,4014.96
13765,2305833,4014.96
13765,2329545,4014.98
13765,2353199,4014.98
13765,2376397,4014.95
13765,2399299,4014.95
13765,2422194,4014.95
13765,2432703,4014.9
13765,2432894,4014.9
13765,2433091,4013.33
13765,2436453,4013.33
13765,2457927,4013.33
13765,2481453,4013.33
13765,2504409,4014.76
13765,2527451,4014.76
13765,2550593,4014.76
13765,2573726,4014.96
13765,2576596,4014.96
13765,2576809,4014.97
13765,2577080,4014.97
13765,2582749,4013.33
13765,2606052,4013.33
13765,2630280,4013.33
13765,2653547,4015.13
13765,2676843,4015.13
13765,2699692,4014.92
13765,2722786,4014.92
13765,2745365,4015
13765,2768090,4015
13765,2790874,4014.96
13765,2813927,4014.96
13765,2836475,4014.96
13765,2859071,4014.93
13765,2882013,4014.93
13765,2905181,4014.94
13765,2928191,4014.94
13765,2951352,4014.89
13765,2974291,4014.89
13765,2997715,4014.89
13765,3020946,4014.97
13765,3044324,4014.97
13765,3067227,4014.93
13765,3089887,4014.93
13765,3112576,4014.87
13765,3135194,4014.87
13765,3157734,4014.98
13765,3180644,4014.98
13765,3203545,4014.98
13765,3226975,4014.89
13765,3250220,4014.89
13765,3273400,4014.99
13765,3296223,4014.99
13765,3319513,4014.86
13765,3342918,4014.86
13765,3366518,4014.86
13765,3389931,4014.94
13765,3413020,4014.94
13765,3435871,4014.95
13765,3458548,4014.95
13765,3480809,4014.91
13765,3503599,4014.91
13765,3526808,4014.91
13765,3549928,4014.96
13765,3573328,4014.96
13765,3596630,4014.95
13765,3619795,4014.95
13765,3643239,4014.89
13765,3666544,4014.89
13765,3690081,4014.86
13765,3713638,4014.86
13765,3736800,4014.86
13765,3759928,4014.95
13765,3783011,4014.95
13765,3806172,4014.94
13765,3829525,4014.94
13765,3852515,4014.93
13765,3875646,4014.93
13765,3898509,4014.93
13765,3921891,4014.96
13765,3944831,4014.96
13765,3967826,4014.86
13765,3990744,4014.86
13765,4013793,4014.96
13765,4037139,4014.96
13765,4061273,4014.93
13765,4084582,4014.93
13765,4108008,4014.93
13765,4131300,4014.95
13765,4154449,4014.95
13765,4177604,4014.98
13765,4200397,4014.98
13765,4223149,4015.01
13765,4245889,4015.01
13765,4268570,4015.02
13765,4291539,4015.02
13765,4314210,4015.02
13765,4337240,4014.97
13765,4360051,4014.97
13765,4382876,4014.94
13765,4406116,4014.94
13765,4429435,4014.95
13765,4452710,4014.95
13765,4475925,4014.95
13765,4498991,4014.95
13765,4521956,4014.95
13765,4544720,4014.92
13765,4567273,4014.92
13765,4589781,4014.99
13765,4612705,4014.99
13765,4635737,4015.01
13765,4658804,4015.01
13765,4682331,4015.01
13765,4705634,4014.94
13765,4716632,4014.94
13765,4716801,4014.93
13765,4717009,4014.93
13765,4720401,4013.33
13765,4742196,4013.33
13765,4765672,4015.22
13765,4789525,4015.22
13765,4812698,4015.22
13765,4835699,4014.93
13765,4858346,4014.93
13765,4880869,4014.99
13765,4903461,4014.99
13765,4926486,4014.96
13765,4949554,4014.96
13765,4972348,4014.98
13765,4995682,4014.98
13765,5018777,4014.98
13765,5041915,4014.94
13765,5065669,4014.94
13765,5088796,4014.92
13765,5111799,4014.92
13765,5134377,4014.77
13765,5157047,4014.77
13765,5179926,4014.77
13765,5202786,4015.01
13765,5225398,4015.01
13765,5248171,4014.92
13765,5271330,4014.92
13765,5294608,4015.01
13765,5318160,4015.01
13765,5341654,4014.95
13765,5364565,4014.95
13765,5387910,4014.95
13765,5410983,4014.98
13765,5434201,4014.98
13765,5457444,4014.91
13765,5480435,4014.91
13765,5503013,4014.92
13765,5525521,4014.92
13765,5547704,4014.92
13765,5570015,4014.98
13765,5592855,4014.98
13765,5616003,4015.02
13765,5639460,4015.02
13765,5662936,4015.02
13765,5686263,4015.02
13765,5709403,4014.98
13765,5732134,4014.98
13765,5754712,4014.98
13765,5777258,4014.96
13765,5800100,4014.96
13765,5801440,4014.98
13765,5801708,4014.98
13765,5801922,4013.33
13765,5802131,4013.33
13765,5802301,4013.33
13765,5802502,4013.33
13765,5802655,4013.33
13765,5802964,4013.33
13765,5803140,4013.33
13765,5803344,4013.33
13765,5803559,4013.33
13765,5803769,4013.33
13765,5807378,4013.33
13765,5828501,4013.33
13765,5851567,4015.76
13765,5874840,4015.76
13765,5897854,4014.6
13765,5920258,4014.6
13765,5943294,4014.84
13765,5965998,4014.84
13765,5988690,4014.84
13765,6011211,4014.96
13765,6033918,4014.96
13765,6056338,4014.93
13765,6079237,4014.93
13765,6101891,4014.88
13765,6124358,4014.88
13765,6146820,4014.88
13765,6169058,4014.92
13765,6191617,4014.92
13765,6214137,4014.87
13765,6236825,4014.87
13765,6259532,4014.96
13765,6282241,4014.96
13765,6304913,4014.9
13765,6327471,4014.9
13765,6350599,4014.9
13766,55053,4014.93
13766,77986,4014.96
13766,100824,4014.96
13766,124057,4014.95
13766,147427,4014.95
13766,170701,4014.95
13766,194168,4014.99
13766,217630,4014.99
13766,240731,4014.96
13766,263634,4014.96
13766,286551,4014.96
13766,309585,4014.96
13766,332249,4014.92
13766,354550,4014.92
13766,377067,4014.92
13766,399762,4014.96
13766,422900,4014.96
13766,446183,4014.91
13766,469345,4014.91
13766,492566,4015.03
13766,498585,4015.03
13766,498782,4014.96
13766,499052,4014.96
13766,499205,4014.96
13766,499482,4013.33
13766,500719,4013.33
13766,516336,4013.33
13766,540263,4013.33
13766,563755,4014.72
13766,586770,4014.72
13766,609363,4014.72
13766,632431,4014.95
13766,6347394,4014.96
13766,6370435,4014.94
13766,6393653,4014.94
13766,6416304,4014.9
13766,6439189,4014.9
13766,6461846,4014.9
13766,6484903,4014.97
13766,6507610,4014.97
13766,6529980,4014.98
13766,6552608,4014.98
13766,6575841,4014.92
13766,6599342,4014.92
13766,6622762,4014.97
13766,6646162,4014.97
13766,6669081,4014.97
13766,6691864,4014.96
13766,6714526,4014.96
13766,6737319,4014.99
13766,6760240,4014.99
13766,6783151,4014.96
13766,6806227,4014.96
13766,6828837,4014.94
13766,6851765,4014.94
13766,6874425,4014.94
13766,6897327,4015
13766,6920109,4015
13766,6943057,4014.9
13766,6966323,4014.9
13766,654867,4014.95
13766,677528,4014.98
13766,699881,4014.98
13766,722319,4014.99
13766,744653,4014.99
13766,767269,4014.86
13766,789973,4014.86
13766,812664,4014.86
13766,835712,4014.85
13766,859004,4014.85
13766,882149,4014.97
13766,905600,4014.97
13766,924509,4014.97
13766,924689,4014.97
13766,924897,4013.33
13766,925060,4013.33
13766,925324,4013.33
13766,925485,4013.33
13766,933931,4013.33
13766,957317,4013.33
13766,981248,4013.33
13766,1004807,4014.74
13766,1027715,4014.74
13766,1050833,4014.74
13766,1074281,4014.95
13766,1096982,4014.95
13766,1119897,4014.94
13766,1142298,4014.94
13766,1164983,4014.92
13766,1187840,4014.92
13766,1211153,4014.94
13766,1234704,4014.94
13766,1258383,4014.94
13766,6989611,4015
13766,7012660,4015
13766,7036190,4015
13766,7059508,4014.99
13766,7082934,4014.99
13766,7106480,4015.01
13766,7129497,4015.01
13766,7152309,4014.98
13766,7174967,4014.98
13766,7197855,4014.98
13766,7220819,4014.98
13766,7243567,4014.98
13766,7266377,4014.95
13766,7289379,4014.95
13766,7312180,4014.98
13766,7334961,4014.98
13766,7357649,4015
13766,7380656,4015
13766,7403668,4015
13766,7426121,4014.95
13766,7448374,4014.95
13766,7470586,4015.03
13766,7492915,4015.03
13766,7515700,4014.93
13766,7538585,4014.93
13766,7561555,4014.93
13766,7584964,4014.93
13766,7608487,4014.93
13766,7631772,4015.02
13766,7654685,4015.02
13766,7677439,4014.93
13766,7700639,4014.93
13766,7723982,4015.04
13766,7747284,4015.04
13766,7770842,4015.04
13766,7794348,4014.99
13766,7817949,4014.99
13766,7840815,4015.07
13766,7863452,4015.07
13766,7886237,4014.98
13766,7908635,4014.98
13766,7931557,4014.98
13766,7954392,4015.02
13766,7976877,4015.02
13766,7999526,4014.92
13766,8022299,4014.92
13766,8045331,4014.91
13766,8068396,4014.91
13766,8091941,4015
13766,8115112,4015
13766,8138179,4015
13766,8161205,4015
13766,8183761,4015
13766,8206244,4014.98
13766,8228643,4014.98
13766,8250923,4014.95
13766,8273478,4014.95
13766,8296170,4015.02
13766,8319136,4015.02
13766,8342524,4015.02
13766,8365866,4014.96
13766,8389083,4014.96
13766,8412190,4015.01
13766,8435339,4015.01
13766,8458550,4015.01
13766,8481469,4015.01
13766,8504513,4015.01
13766,8527538,4014.96
13766,8550481,4014.96
13766,8573810,4014.95
13766,8597293,4014.95
13766,8620322,4014.97
13766,8643383,4014.97
13766,8666535,4014.97
13766,8689708,4014.97
13766,8712940,4014.97
13766,8735533,4014.92
13766,8758524,4014.92
13766,8781639,4014.92
13766,8804432,4014.92
13766,8828064,4014.92
13766,8851296,4014.99
13766,8874513,4014.99
13766,8897513,4014.93
13766,8920370,4014.93
13766,8943543,4014.89
13766,8966817,4014.89
13766,8990242,4014.89
13766,9013405,4014.93
13766,9036324,4014.93
13766,9059109,4015.02
13766,9082303,4015.02
13766,9105450,4015.01
13766,9128374,4015.01
13766,9151381,4015
13766,9174438,4015
13766,9197593,4015
13766,9220956,4014.93
13766,9244140,4014.93
13766,9266994,4014.97
13766,9290037,4014.97
13766,9312955,4014.95
13766,9335969,4014.95
13766,9358991,4014.95
13766,9382105,4014.97
13766,9405362,4014.97
13766,9427748,4014.93
13766,9450290,4014.93
13766,9472671,4014.99
13766,9495126,4014.99
13766,9518009,4014.96
13766,9541138,4014.96
13766,9564067,4014.96
13766,9586870,4014.9
13766,9609789,4014.9
13766,9632632,4014.92
13766,9655573,4014.92
13766,9678351,4015
13766,9701046,4015
13766,9723710,4014.92
13766,9746666,4014.92
13766,9769685,4014.92
13766,9793191,4015.01
13766,9816253,4015.01
13766,9839281,4014.91
13766,9862575,4014.91
13766,9886115,4014.97
13766,9909622,4014.97
13766,9933060,4014.97
13766,9956651,4014.89
13766,9979954,4014.89
13766,10002925,4014.88
13766,10025624,4014.88
13766,10048596,4014.95
13766,10071346,4014.95
13766,10094162,4014.92
13766,10117032,4014.92
13766,10140179,4014.92
13766,10163689,4014.86
13766,10187122,4014.86
13766,10210477,4014.98
13766,10218946,4014.98
13766,10219042,4014.92
13766,1282049,4014.95
13766,1306015,4014.95
13766,1329548,4014.88
13766,1353092,4014.88
13766,1376651,4014.9
13766,1399947,4014.9
13766,1423417,4014.93
13766,1446787,4014.93
13766,1469975,4014.93
13766,1493272,4014.89
13766,1516203,4014.89
13766,1538852,4015
13766,1561873,4015
13766,1584653,4014.93
13766,1607706,4014.93
13766,1631066,4015
13766,1654163,4015
13766,1677712,4015
13766,1701126,4014.92
13766,1724697,4014.92
13766,1748484,4014.93
13766,1771923,4014.93
13766,1794934,4014.98
13766,1817485,4014.98
13766,1840234,4014.91
13766,1862673,4014.91
13766,1885009,4014.91
13766,1907222,4014.92
13766,1929972,4014.92
13766,1952656,4014.95
13766,1975417,4014.95
13766,1998543,4014.98
13766,2021505,4014.98
13766,2044826,4014.98
13766,2068111,4014.91
13766,2091534,4014.91
13766,2115177,4014.96
13766,2138386,4014.96
13766,2162046,4014.91
13766,2185413,4014.91
13766,2209163,4015.02
13766,2232061,4015.02
13766,2254991,4015.02
13766,2277886,4014.95
13766,2300693,4014.95
13766,2323609,4014.94
13766,2346521,4014.94
13766,2369255,4015.03
13766,2392137,4015.03
13766,2415167,4014.92
13766,2438155,4014.92
13766,2461192,4014.92
13766,2484221,4014.97
13766,2507396,4014.97
13766,2530630,4014.8
13766,2553384,4014.8
13766,2575743,4014.91
13766,2598168,4014.91
13766,2621181,4014.91
13766,2644375,4014.99
13766,2667126,4014.99
13766,2689932,4014.95
13766,2713422,4014.95
13766,2736765,4014.99
13766,2760070,4014.99
13766,2783491,4014.91
13766,2806692,4014.91
13766,2830086,4014.91
13766,2852995,4014.99
13766,2875780,4014.99
13766,2898449,4014.99
13766,2921231,4014.99
13766,2943902,4014.98
13766,2967166,4014.98
13766,2991109,4014.96
13766,3014528,4014.96
13766,3037977,4014.96
13766,3061393,4015.04
13766,3084457,4015.04
13766,3107107,4014.96
13766,3130131,4014.96
13766,3152914,4014.98
13766,3175941,4014.98
13766,3199103,4014.93
13766,3222470,4014.93
13766,3246129,4014.93
13766,3269766,4015.01
13766,3293720,4015.01
13766,3317131,4014.97
13766,3339908,4014.97
13766,3362599,4015
13766,3385228,4015
13766,3408397,4015
13766,3431193,4014.96
13766,3453897,4014.96
13766,3476252,4014.97
13766,3498947,4014.97
13766,3521702,4014.96
13766,3544955,4014.96
13766,3567883,4014.96
13766,3591056,4015.02
13766,3614198,4015.02
13766,3637433,4014.97
13766,3660426,4014.97
13766,3683821,4015
13766,3707027,4015
13766,3729673,4014.9
13766,3752885,4014.9
13766,3775753,4014.9
13766,3798652,4015.07
13766,3821832,4015.07
13766,3845258,4014.93
13766,3868166,4014.93
13766,3891198,4014.99
13766,3914505,4014.99
13766,3938096,4014.93
13766,3961397,4014.93
13766,3984639,4014.93
13766,4007449,4014.95
13766,4030485,4014.95
13766,4054166,4014.94
13766,4077465,4014.94
13766,4100119,4014.98
13766,4122784,4014.98
13766,4145874,4014.99
13766,4168855,4014.99
13766,4191497,4014.99
13766,4214022,4014.92
13766,4236138,4014.92
13766,4258949,4014.95
13766,4281596,4014.95
13766,4304378,4014.95
13766,4327019,4014.95
13766,4350354,4014.95
13766,4373324,4014.98
13766,4396161,4014.98
13766,4419067,4015.01
13766,4442115,4015.01
13766,4465049,4015
13766,4487959,4015
13766,4510845,4014.94
13766,4534241,4014.94
13766,4557198,4014.94
13766,4580097,4014.94
13766,4603266,4014.94
13766,4626270,4014.92
13766,4649443,4014.92
13766,4672069,4014.95
13766,4694920,4014.95
13766,4717703,4014.95
13766,4740623,4014.96
13766,4763401,4014.96
13766,4785802,4015.01
13766,4808468,4015.01
13766,4831233,4014.98
13766,4854042,4014.98
13766,4876292,4014.97
13766,4898559,4014.97
13766,4921092,4014.97
13766,4943884,4014.97
13766,4967571,4014.97
13766,4991276,4014.96
13766,5014920,4014.96
13766,5038566,4015.01
13766,5062678,4015.01
13766,5086100,4015.01
13766,5109959,4015.04
13766,5133258,4015.04
13766,5156480,4014.94
13766,5179684,4014.94
13766,5202871,4014.96
13766,5225878,4014.96
13766,5249168,4014.98
13766,5272051,4014.98
13766,5294671,4014.98
13766,5317664,4014.87
13766,5340557,4014.87
13766,5363713,4015.05
13766,5387032,4015.05
13766,5410189,4014.93
13766,5433612,4014.93
13766,5457176,4014.93
13766,5480203,4014.93
13766,5503519,4014.93
13766,5526554,4014.93
13766,5528836,4014.93
13766,5529042,4014.92
13766,5529253,4014.92
13766,5542745,4013.33
13766,5567981,4013.33
13766,5592593,4013.33
13766,5616457,4014.46
13766,5640009,4014.46
13766,5663317,4014.92
13766,5686608,4014.92
13766,5710031,4014.98
13766,5732630,4014.98
13766,5755339,4014.93
13766,5777865,4014.93
13766,5783023,4014.93
13766,5783233,4014.96
13766,5783452,4014.96
13766,5786930,4013.33
13766,5810379,4013.33
13766,5835540,4015.42
13766,5859743,4015.42
13766,5883524,4015.42
13766,5906669,4014.97
13766,5929609,4014.97
13766,5952299,4015
13766,5975084,4015
13766,5997917,4014.91
13766,6020644,4014.91
13766,6043231,4014.87
13766,6066103,4014.87
13766,6088605,4014.87
13766,6111657,4014.94
13766,6135111,4014.94
13766,6158760,4014.95
13766,6182298,4014.95
13766,6206110,4014.94
13766,6229689,4014.94
13766,6253348,4014.99
13766,6276912,4014.99
13766,6300587,4014.99
13766,6324270,4014.96
13767,36776,4014.76
13767,36982,4014.76
13767,37181,4014.76
13767,47368,4013.33
13767,70395,4013.33
13767,93321,4015.41
13767,98011,4015.41
13767,98219,4014.96
13767,98386,4014.96
13767,98655,4013.33
13767,98871,4013.33
13767,99076,4013.33
13767,99283,4013.33
13767,99502,4013.33
13767,99708,4013.33
13767,99977,4013.33
13767,100121,4013.33
13767,100298,4013.33
13767,100565,4013.33
13767,100775,4013.33
13767,100937,4013.33
13767,101150,4013.33
13767,101407,4013.33
13767,101577,4013.33
13767,101736,4013.33
13767,101940,4013.33
13767,102204,4013.33
13767,102416,4013.33
13767,102634,4013.33
13767,102844,4013.33
13767,103048,4013.33
13767,103262,4013.33
13767,109244,4013.33
13767,128515,4013.33
13767,149412,4013.33
13767,170778,4014.63
13767,192345,4014.63
13767,214193,4015.02
13767,236079,4015.02
13767,257732,4014.94
13767,279807,4014.94
13767,301640,4014.94
13767,323903,4014.92
13767,346173,4014.92
13767,368181,4014.92
13767,390474,4014.92
13767,412976,4014.98
13767,435197,4014.98
13767,457437,4014.92
13767,480074,4014.92
13767,503057,4014.92
13767,525837,4014.98
13767,549142,4014.98
13767,571842,4014.94
13767,595243,4014.94
13767,618474,4014.89
13767,6344016,4014.59
13767,6367426,4015.17
13767,6390845,4015.17
13767,6413650,4014.9
13767,6436725,4014.9
13767,6459330,4014.9
13767,6481841,4014.98
13767,6504632,4014.98
13767,6527705,4015.03
13767,6550660,4015.03
13767,6573634,4014.97
13767,6596824,4014.97
13767,6620058,4015.04
13767,6643099,4015.04
13767,6666561,4015.04
13767,6689825,4014.97
13767,6713153,4014.97
13767,6736347,4015
13767,6758976,4015
13767,6782040,4014.95
13767,6805024,4014.95
13767,6827890,4015.01
13767,6850900,4015.01
13767,6873629,4015.01
13767,6896717,4014.9
13767,6919892,4014.9
13767,6942936,4014.97
13767,6966585,4014.97
13767,641225,4014.89
13767,663913,4014.89
13767,687056,4014.96
13767,710048,4014.96
13767,732554,4014.9
13767,755402,4014.9
13767,778036,4014.98
13767,801079,4014.98
13767,824041,4014.97
13767,846784,4014.97
13767,869710,4014.97
13767,892748,4014.91
13767,916007,4014.91
13767,939312,4014.97
13767,962256,4014.97
13767,984770,4014.93
13767,1007947,4014.93
13767,1030681,4014.93
13767,1052993,4014.95
13767,1075658,4014.95
13767,1098677,4014.94
13767,1121482,4014.94
13767,1144535,4015.02
13767,1167428,4015.02
13767,1190474,4014.99
13767,1213384,4014.99
13767,1236045,4014.99
13767,1258935,4014.95
13767,6989910,4014.84
13767,7012863,4014.84
13767,7035992,4014.84
13767,7058770,4014.99
13767,7081866,4014.99
13767,7104904,4015.06
13767,7127858,4015.06
13767,7151172,4014.91
13767,7174209,4014.91
13767,7197506,4015.02
13767,7221023,4015.02
13767,7243857,4015.02
13767,7266882,4014.95
13767,7289670,4014.95
13767,7312614,4015
13767,7335764,4015
13767,7358793,4015
13767,7381821,4015
13767,7404612,4015
13767,7427378,4014.98
13767,7450585,4014.98
13767,7473604,4014.97
13767,7496653,4014.97
13767,7501478,4014.9
13767,7501646,4014.9
13767,7502603,4013.33
13767,7518737,4013.33
13767,7543300,4013.33
13767,7567121,4015.43
13767,7590026,4015.43
13767,7613070,4014.87
13767,7636112,4014.87
13767,7659053,4014.95
13767,7681563,4014.95
13767,7704081,4014.95
13767,7726899,4014.95
13767,7749817,4014.95
13767,7772427,4015.01
13767,7794836,4015.01
13767,7817364,4014.94
13767,7839913,4014.94
13767,7862526,4014.86
13767,7885155,4014.86
13767,7908358,4014.86
13767,7931277,4014.92
13767,7944159,4014.92
13767,7944322,4014.97
13767,7944529,4014.97
13767,7948148,4013.33
13767,7948322,4013.33
13767,7948627,4013.33
13767,7948741,4013.33
13767,7949014,4013.33
13767,7949204,4013.33
13767,7949380,4013.33
13767,7949647,4013.33
13767,7949855,4013.33
13767,7950015,4013.33
13767,7950227,4013.33
13767,7950444,4013.33
13767,7952962,4013.33
13767,7971766,4013.33
13767,7994743,4015.25
13767,8018242,4015.25
13767,8041255,4015.25
13767,8064308,4014.99
13767,8087218,4014.99
13767,8109633,4015
13767,8132026,4015
13767,8154807,4015.01
13767,8177719,4015.01
13767,8200690,4015.01
13767,8223658,4014.94
13767,8246441,4014.94
13767,8269158,4014.96
13767,8292313,4014.96
13767,8315442,4014.93
13767,8338619,4014.93
13767,8361514,4014.95
13767,8384311,4014.95
13767,8406963,4014.95
13767,8429617,4014.92
13767,8452280,4014.92
13767,8474964,4014.99
13767,8497701,4014.99
13767,8520748,4015.04
13767,8544176,4015.04
13767,8567369,4015.04
13767,8583365,4014.97
13767,8583526,4014.97
13767,8583747,4014.97
13767,8583747,4014.97
13767,1281857,4014.95
13767,1304599,4014.86
13767,1327087,4014.86
13767,1350145,4015.02
13767,1372736,4015.02
13767,1395516,4015.02
13767,1418440,4014.89
13767,1441670,4014.89
13767,1464509,4014.94
13767,1487106,4014.94
13767,1509572,4014.99
13767,1532229,4014.99
13767,1554371,4014.99
13767,1576842,4014.98
13767,1599467,4014.98
13767,1622117,4015.03
13767,1645334,4015.03
13767,1668159,4014.94
13767,1691449,4014.94
13767,1714522,4014.94
13767,1737791,4015.01
13767,1760837,4015.01
13767,1783944,4014.93
13767,1806660,4014.93
13767,1829442,4014.94
13767,1852641,4014.94
13767,1875831,4015.05
13767,1898566,4015.05
13767,1921425,4015.05
13767,1944253,4014.93
13767,1967180,4014.93
13767,1990117,4014.94
13767,2012954,4014.94
13767,2035770,4015.06
13767,2058808,4015.06
13767,2081479,4015.06
13767,2104400,4014.98
13767,2127283,4014.98
13767,2150231,4015
13767,2173369,4015
13767,2196283,4014.95
13767,2219339,4014.95
13767,2242250,4015
13767,2264813,4015
13767,2287309,4015
13767,2310324,4014.97
13767,2333550,4014.97
13767,2356542,4014.91
13767,2379541,4014.91
13767,2402304,4015.01
13767,2425917,4015.01
13767,2449259,4015.01
13767,2472831,4014.89
13767,2496339,4014.89
13767,2519729,4014.94
13767,2543164,4014.94
13767,2566364,4014.9
13767,2589512,4014.9
13767,2612296,4014.97
13767,2635070,4014.97
13767,2657865,4014.97
13767,2680646,4015.03
13767,2703447,4015.03
13767,2726206,4014.99
13767,2748726,4014.99
13767,2771720,4015.01
13767,2794817,4015.01
13767,2818105,4015
13767,2840989,4015
13767,2863813,4015
13767,2886064,4014.95
13767,2908359,4014.95
13767,2930763,4014.92
13767,2953404,4014.92
13767,2976011,4014.95
13767,2998782,4014.95
13767,3021257,4014.95
13767,3044215,4014.95
13767,3067242,4014.95
13767,3090507,4014.97
13767,3113672,4014.97
13767,3136703,4014.99
13767,3160007,4014.99
13767,3183088,4014.99
13767,3206470,4014.98
13767,3229618,4014.98
13767,3252810,4015.01
13767,3276054,4015.01
13767,3299268,4015.06
13767,3322299,4015.06
13767,3345733,4015.06
13767,3368689,4014.9
13767,3391927,4014.9
13767,3415092,4014.96
13767,3438230,4014.96
13767,3461040,4014.96
13767,3484087,4014.96
13767,3507456,4014.96
13767,3530783,4014.95
13767,3554108,4014.95
13767,3577270,4015.01
13767,3600309,4015.01
13767,3623347,4014.91
13767,3646532,4014.91
13767,3669664,4014.95
13767,3692745,4014.95
13767,3715910,4014.95
13767,3739322,4014.96
13767,3762725,4014.96
13767,3785547,4014.98
13767,3808317,4014.98
13767,3831088,4015.02
13767,3853756,4015.02
13767,3877029,4015.02
13767,3899973,4015.01
13767,3923648,4015.01
13767,3946937,4014.97
13767,3970378,4014.97
13767,3993879,4014.95
13767,4016818,4014.95
13767,4039483,4014.99
13767,4062408,4014.99
13767,4085191,4014.99
13767,4107915,4014.98
13767,4130538,4014.98
13767,4153219,4014.92
13767,4175822,4014.92
13767,4198722,4015.01
13767,4221495,4015.01
13767,4244352,4015.04
13767,4267022,4015.04
13767,4289732,4015.04
13767,4312245,4015.01
13767,4335151,4015.01
13767,4357693,4014.96
13767,4380109,4014.96
13767,4402811,4015.03
13767,4425403,4015.03
13767,4448202,4015.03
13767,4471339,4014.91
13767,4494787,4014.91
13767,4517980,4014.97
13767,4541743,4014.97
13767,4564657,4014.97
13767,4587912,4014.97
13767,4610748,4014.97
13767,4633481,4015.03
13767,4655617,4015.03
13767,4678164,4014.98
13767,4700615,4014.98
13767,4723070,4015.01
13767,4745804,4015.01
13767,4769239,4015.01
13767,4792115,4015
13767,4815809,4015
13767,4838716,4014.89
13767,4862001,4014.89
13767,4884914,4014.98
13767,4908352,4014.98
13767,4931644,4014.98
13767,4954718,4015.05
13767,4978114,4015.05
13767,5001266,4015.01
13767,5024587,4015.01
13767,5047221,4014.95
13767,5070602,4014.95
13767,5092663,4014.95
13767,5114934,4014.95
13767,5137327,4014.95
13767,5159229,4014.94
13767,5181654,4014.94
13767,5204673,4014.92
13767,5227841,4014.92
13767,5251305,4014.96
13767,5274611,4014.96
13767,5285214,4014.99
13767,5285331,4014.99
13767,5285655,4014.99
13767,5293008,4013.33
13767,5314557,4013.33
13767,5336139,4015.16
13767,5358014,4015.16
13767,5380215,4014.89
13767,5403072,4014.89
13767,5426169,4014.89
13767,5449334,4014.98
13767,5472464,4014.98
13767,5495709,4014.91
13767,5518936,4014.91
13767,5542105,4014.89
13767,5564876,4014.89
13767,5587572,4014.93
13767,5610246,4014.93
13767,5632960,4014.93
13767,5655101,4014.93
13767,5677506,4014.93
13767,5700023,4014.93
13767,5722653,4014.93
13767,5745737,4014.99
13767,5768655,4014.99
13767,5792069,4014.99
13767,5814987,4014.95
13767,5838048,4014.95
13767,5861185,4014.88
13767,5884182,4014.88
13767,5907012,4014.89
13767,5929804,4014.89
13767,5952565,4014.82
13767,5975252,4014.82
13767,5998007,4014.82
13767,6020922,4014.97
13767,6043837,4014.97
13767,6066614,4014.93
13767,6089540,4014.93
13767,6112452,4015.09
13767,6135339,4015.09
13767,6158224,4015.09
13767,6181216,4014.97
13767,6203859,4014.97
13767,6226513,4014.94
13767,6249019,4014.94
13767,6268867,4014.99
13767,6269019,4014.99
13767,6269236,4013.33
13767,6273224,4013.33
13767,6295948,4013.33
13767,6319902,4014.59
13770,18342,4013.33
13770,42217,4013.33
13770,66638,4013.33
13770,90330,4014.8
13770,113896,4014.8
13770,137386,4014.88
13770,160829,4014.88
13770,184177,4014.95
13770,203479,4014.95
13770,203710,4014.95
13770,203983,4014.91
13770,204137,4014.91
13770,204392,4013.33
13770,204566,4013.33
13770,204829,4013.33
13770,205048,4013.33
13770,205257,4013.33
13770,205466,4013.33
13770,205673,4013.33
13770,205942,4013.33
13770,206110,4013.33
13770,206369,4013.33
13770,206889,4013.33
13770,219874,4013.33
13770,243904,4013.33
13770,267772,4013.33
13770,290476,4014.65
13770,313142,4014.65
13770,6335070,4014.95
13770,6358858,4014.95
13770,6382576,4014.95
13770,6406349,4014.95
13770,6429797,4014.95
13770,6452965,4014.95
13770,6475981,4014.95
13770,6498810,4014.96
13770,6521914,4014.96
13770,6544572,4014.98
13770,6567647,4014.98
13770,6590427,4014.94
13770,6613363,4014.94
13770,6636385,4014.94
13770,6659194,4014.9
13770,6682101,4014.9
13770,6705531,4014.93
13770,6728798,4014.93
13770,6752285,4015
13770,6775798,4015
13770,6799171,4014.96
13770,6822457,4014.96
13770,6845923,4014.96
13770,6869356,4014.93
13770,6892261,4014.93
13770,6915272,4014.95
13770,6938369,4014.95
13770,645917,4015.03
13770,668719,4015.03
13770,691980,4014.92
13770,715900,4014.92
13770,739066,4014.92
13770,762746,4014.99
13770,786321,4014.99
13770,809735,4014.97
13770,833260,4014.97
13770,856318,4014.85
13770,879418,4014.85
13770,902925,4014.85
13770,925976,4014.94
13770,949091,4014.94
13770,972426,4014.91
13770,995584,4014.91
13770,1019252,4014.95
13770,1042315,4014.95
13770,1065613,4014.96
13770,1089028,4014.96
13770,1112159,4014.96
13770,1135253,4015
13770,1158949,4015
13770,1183610,4015.04
13770,1207761,4015.04
13770,1231250,4014.94
13770,1254454,4014.94
13770,6961342,4015.03
13770,6984051,4015.03
13770,7007201,4015.03
13770,7028573,4014.96
13770,7028733,4014.96
13770,7028895,4014.98
13770,7031776,4014.98
13770,7052397,4013.33
13770,7076511,4013.33
13770,7100996,4013.33
13770,7124457,4014.63
13770,7148141,4014.63
13770,7171815,4015.03
13770,7195353,4015.03
13770,7218650,4014.94
13770,7241835,4014.94
13770,7264861,4015.07
13770,7288044,4015.07
13770,7310718,4015.07
13770,7333463,4015.03
13770,7356392,4015.03
13770,7379184,4014.89
13770,7402092,4014.89
13770,7424612,4015.02
13770,7447785,4015.02
13770,7471332,4015.02
13770,7494621,4014.93
13770,7518304,4014.93
13770,7542040,4014.98
13770,7565843,4014.98
13770,7589512,4014.95
13770,7613549,4014.95
13770,7637580,4014.95
13770,7661657,4014.98
13770,7684898,4014.98
13770,7707889,4014.92
13770,7730926,4014.92
13770,7753967,4014.97
13770,7776990,4014.97
13770,7800328,4014.91
13770,7817847,4014.91
13770,7818005,4014.91
13770,7818212,4014.91
13770,7818819,4014.91
13770,7832683,4013.33
13770,7857240,4013.33
13770,7881441,4014.66
13770,7905372,4014.66
13770,7928803,4015.03
13770,7952220,4015.03
13770,7975761,4015.03
13770,7998999,4014.91
13770,8022380,4014.91
13770,8045656,4014.86
13770,8068717,4014.86
13770,8091412,4015
13770,8114209,4015
13770,8137169,4015
13770,8160370,4014.94
13770,8183251,4014.94
13770,8206161,4014.84
13770,8229089,4014.84
13770,8251894,4014.96
13770,8275172,4014.96
13770,8299132,4015.02
13770,8323097,4015.02
13770,8346535,4015.02
13770,8370080,4014.96
13770,8393311,4014.96
13770,8416599,4014.91
13770,8440094,4014.91
13770,8463452,4014.91
13770,8486511,4014.91
13770,8509392,4014.97
13770,8532048,4014.97
13770,8555488,4014.97
13770,8578400,4014.91
13770,8601358,4014.91
13770,8624352,4014.96
13770,8647017,4014.96
13770,8669655,4015.05
13770,8692568,4015.05
13770,8715475,4015.05
13770,8739093,4014.94
13770,8762065,4014.94
13770,8786043,4014.97
13770,8809921,4014.97
13770,8833691,4014.92
13770,8857381,4014.92
13770,8880993,4015
13770,8904614,4015
13770,8928095,4015
13770,8951283,4014.96
13770,8974689,4014.96
13770,8998346,4014.93
13770,9021653,4014.93
13770,9045223,4014.93
13770,9068794,4014.93
13770,9091716,4014.93
13770,9114585,4014.93
13770,9137991,4014.93
13770,9160319,4014.96
13770,9183530,4014.96
13770,9207013,4014.98
13770,9229908,4014.98
13770,9253845,4014.82
13770,9276883,4014.82
13770,9300317,4014.82
13770,9323691,4014.96
13770,9347560,4014.96
13770,9371139,4014.99
13770,9394625,4014.99
13770,9418333,4014.94
13770,9441124,4014.94
13770,9464429,4014.94
13770,9487709,4014.97
13770,9510504,4014.97
13770,9533891,4014.92
13770,9557082,4014.92
13770,9580640,4015.04
13770,9603709,4015.04
13770,9627214,4015.04
13770,9650224,4014.93
13770,9674145,4014.93
13770,9698064,4014.95
13770,9721826,4014.95
13770,9745374,4014.99
13770,9769023,4014.99
13770,9792686,4014.98
13770,9815490,4014.98
13770,9838440,4014.98
13770,9861864,4014.95
13770,9885150,4014.95
13770,9908699,4014.95
13770,9932522,4014.95
13770,9956955,4014.96
13770,9980268,4014.96
13770,10004330,4014.96
13770,10027877,4014.99
13770,10051410,4014.99
13770,10074735,4014.89
13770,10098646,4014.89
13770,10121923,4015.04
13770,10144860,4015.04
13770,10167443,4015.04
13770,10190446,4015.04
13770,10213369,4015.04
13770,10236153,4014.91
13770,10258664,4014.91
13770,10281168,4015.01
13770,10304102,4015.01
13770,10327129,4014.93
13770,10350176,4014.93
13770,10373897,4014.93
13770,10392263,4015
13770,10392263,4015
13770,1277759,4014.94
13770,1300998,4014.95
13770,1324160,4014.95
13770,1347480,4014.91
13770,1370645,4014.91
13770,1393638,4014.96
13770,1416988,4014.96
13770,1439859,4015.01
13770,1463049,4015.01
13770,1486741,4015.01
13770,1510017,4014.91
13770,1533443,4014.91
13770,1556109,4015
13770,1578767,4015
13770,1601422,4014.97
13770,1624449,4014.97
13770,1647370,4014.97
13770,1670193,4014.97
13770,1692931,4014.97
13770,1715991,4014.99
13770,1738753,4014.99
13770,1761946,4014.98
13770,1785630,4014.98
13770,1808512,4014.91
13770,1831629,4014.91
13770,1855261,4014.91
13770,1879058,4014.96
13770,1902697,4014.96
13770,1926136,4014.95
13770,1949325,4014.95
13770,1972438,4014.99
13770,1995826,4014.99
13770,2018931,4014.99
13770,2042119,4014.99
13770,2065697,4014.99
13770,2088704,4015.01
13770,2112149,4015.01
13770,2135992,4014.85
13770,2159642,4014.85
13770,2182554,4014.93
13770,2205628,4014.93
13770,2228652,4014.93
13770,2251489,4014.96
13770,2274185,4014.96
13770,2296971,4014.98
13770,2319494,4014.98
13770,2342304,4014.98
13770,2365120,4014.98
13770,2388012,4014.97
13770,2410650,4014.97
13770,2433434,4014.97
13770,2456968,4014.97
13770,2480613,4014.97
13770,2504328,4014.85
13770,2527769,4014.85
13770,2550868,4014.97
13770,2574226,4014.97
13770,2597121,4014.97
13770,2620293,4014.94
13770,2643820,4014.94
13770,2667672,4014.98
13770,2691339,4014.98
13770,2715024,4014.94
13770,2739077,4014.94
13770,2762627,4014.9
13770,2786184,4014.9
13770,2809621,4014.9
13770,2833423,4014.98
13770,2857351,4014.98
13770,2880794,4015.01
13770,2904382,4015.01
13770,2928006,4014.99
13770,2951449,4014.99
13770,2973835,4014.99
13770,2993809,4015.01
13770,2993923,4015.01
13770,2996809,4014.97
13770,3018703,4014.97
13770,3044151,4015.43
13770,3068594,4015.43
13770,3092431,4014.81
13770,3116373,4014.81
13770,3140343,4014.81
13770,3163963,4014.95
13770,3187897,4014.95
13770,3211541,4014.96
13770,3235639,4014.96
13770,3259732,4014.89
13770,3283397,4014.89
13770,3306940,4014.93
13770,3330625,4014.93
13770,3354555,4014.93
13770,3377329,4014.93
13770,3400388,4014.93
13770,3423559,4014.99
13770,3436946,4014.99
13770,3437148,4014.92
13770,3437360,4014.92
13770,3437560,4014.92
13770,3437735,4013.33
13770,3437982,4013.33
13770,3438256,4013.33
13770,3438361,4013.33
13770,3438677,4013.33
13770,3448077,4013.33
13770,3471360,4013.33
13770,3495030,4015.08
13770,3518220,4015.08
13770,3541376,4014.76
13770,3564289,4014.76
13770,3587205,4014.91
13770,3610107,4014.91
13770,3633035,4014.92
13770,3655538,4014.92
13770,3677935,4014.92
13770,3700366,4014.98
13770,3723154,4014.98
13770,3746034,4014.99
13770,3769304,4014.99
13770,3792499,4015.02
13770,3815723,4015.02
13770,3839626,4015.02
13770,3863181,4015.02
13770,3886856,4015.02
13770,3909901,4014.94
13770,3933525,4014.94
13770,3957333,4014.9
13770,3981051,4014.9
13770,4004368,4015.01
13770,4028152,4015.01
13770,4051697,4015.01
13770,4075153,4014.98
13770,4098148,4014.98
13770,4121566,4014.97
13770,4144556,4014.97
13770,4167682,4015.02
13770,4191064,4015.02
13770,4215098,4015.05
13770,4238977,4015.05
13770,4262792,4015.05
13770,4286962,4014.98
13770,4310583,4014.98
13770,4334088,4014.96
13770,4357062,4014.96
13770,4380292,4014.96
13770,4403190,4014.96
13770,4426305,4014.96
13770,4444635,4015.01
13770,4444825,4015.01
13770,4444990,4013.33
13770,4445211,4013.33
13770,4445413,4013.33
13770,4445622,4013.33
13770,4445890,4013.33
13770,4449176,4013.33
13770,4470130,4013.33
13770,4493859,4014.62
13770,4517261,4014.62
13770,4540707,4014.81
13770,4564260,4014.81
13770,4587625,4014.92
13770,4610477,4014.92
13770,4633617,4014.92
13770,4656679,4014.97
13770,4679306,4014.97
13770,4702231,4014.95
13770,4725158,4014.95
13770,4748474,4014.92
13770,4771326,4014.92
13770,4794665,4014.93
13770,4817828,4014.93
13770,4841233,4014.93
13770,4864720,4015.03
13770,4887837,4015.03
13770,4911443,4014.96
13770,4935072,4014.96
13770,4958735,4014.98
13770,4982956,4014.98
13770,5005997,4014.99
13770,5029402,4014.99
13770,5052824,4014.99
13770,5075612,4014.95
13770,5098660,4014.95
13770,5121575,4014.93
13770,5144618,4014.93
13770,5167902,4014.87
13770,5191388,4014.87
13770,5214347,4014.87
13770,5237269,4014.96
13770,5260433,4014.96
13770,5283369,4014.99
13770,5299833,4014.99
13770,5300092,4014.93
13770,5300249,4014.93
13770,5301446,4013.33
13770,5318101,4013.33
13770,5342058,4013.33
13770,5365459,4015.24
13770,5389021,4015.24
13770,5411947,4014.84
13770,5435289,4014.84
13770,5458398,4014.89
13770,5481168,4014.89
13770,5503849,4014.89
13770,5526788,4014.93
13770,5549543,4014.93
13770,5572698,4014.98
13770,5595821,4014.98
13770,5619032,4014.93
13770,5642589,4014.93
13770,5666122,4014.95
13770,5689554,4014.95
13770,5713158,4014.95
13770,5736550,4014.94
13770,5760196,4014.94
13770,5783403,4014.97
13770,5806455,4014.97
13770,5818170,4014.93
13770,5818369,4014.93
13770,5818646,4014.93
13770,5818864,4013.33
13770,5827803,4013.33
13770,5851992,4013.33
13770,5875943,4013.33
13770,5890195,4014.69
13770,5890349,4014.69
13770,5890559,4013.33
13770,5890771,4013.33
13770,5895140,4013.33
13770,5917614,4013.33
13770,5942127,4013.33
13770,5965685,4014.7
13770,5988837,4014.7
13770,6011982,4014.96
13770,6035407,4014.96
13770,6058726,4014.9
13770,6081763,4014.9
13770,6104567,4014.9
13770,6127191,4014.99
13770,6150384,4014.99
13770,6173070,4014.97
13770,6196011,4014.97
13770,6218970,4014.99
13770,6242165,4014.99
13770,6265088,4014.99
13770,6288476,4014.91
13770,6311743,4014.91
13771,62560,4014.94
13771,85892,4014.94
13771,108786,4014.98
13771,131577,4014.98
13771,154820,4014.98
13771,178031,4014.99
13771,201296,4014.99
13771,224356,4014.89
13771,247412,4014.89
13771,270537,4014.94
13771,293598,4014.94
13771,316906,4014.96
13771,339716,4014.96
13771,363121,4014.96
13771,386286,4014.93
13771,409450,4014.93
13771,432735,4015.06
13771,455792,4015.06
13771,479382,4014.93
13771,503135,4014.93
13771,526828,4014.93
13771,550129,4015.01
13771,573611,4015.01
13771,597163,4014.96
13771,621152,4014.96
13771,644585,4014.96
13771,668163,4014.96
13771,691695,4014.93
13771,715365,4014.93
13771,738871,4014.93
13771,762019,4014.97
13771,784993,4014.97
13771,807532,4014.93
13771,830328,4014.93
13771,853092,4014.93
13771,876073,4014.93
13771,899043,4014.93
13771,922708,4014.86
13771,946042,4014.86
13771,969337,4014.96
13771,992722,4014.96
13771,1016086,4014.92
13771,1039432,4014.92
13771,1062646,4014.99
13771,1085597,4014.99
13771,1108746,4014.99
13771,1131954,4014.97
13771,1155145,4014.97
13771,1178467,4014.92
13771,1202018,4014.92
13771,1225454,4014.98
13771,1249111,4014.98
13771,1272575,4015.02
13771,1296032,4015.02
13771,1319288,4015.02
13771,1343135,4014.88
13771,1366758,4014.88
13771,1390457,4014.98
13771,1414056,4014.98
13771,1437543,4014.96
13771,1461220,4014.96
13771,1484920,4014.96
13771,1486089,4014.98
13771,1487258,4014.98
13771,1504577,4013.33
13771,1530142,4013.33
13771,1554464,4014.72
13771,1577870,4014.72
13771,1600805,4014.72
13771,1623744,4014.98
13771,1646978,4014.98
13771,1669830,4014.97
13771,1693015,4014.97
13771,1716203,4014.98
13771,1739767,4014.98
13771,1763027,4014.93
13771,1786390,4014.93
13771,1810415,4014.93
13771,1834526,4015
13771,1858125,4015
13771,1881614,4014.98
13771,1905047,4014.98
13771,1928755,4014.93
13771,1951769,4014.93
13771,1974949,4014.93
13771,1997873,4014.97
13771,2021096,4014.97
13771,2044435,4014.89
13771,2067619,4014.89
13771,2090543,4014.99
13771,2114003,4014.99
13771,2137111,4014.97
13771,2160867,4014.97
13771,2184485,4014.97
13771,2208405,4014.9
13771,2231818,4014.9
13771,2255530,4014.96
13771,2279774,4014.96
13771,2303021,4014.9
13771,2326560,4014.9
13771,2349458,4014.99
13771,2372567,4014.99
13771,2395436,4014.99
13771,2418108,4014.96
13771,2441239,4014.96
13771,2464451,4014.98
13771,2487583,4014.98
13771,2510451,4015.01
13771,2521203,4014.97
13773,66347,4014.99
13773,89971,4014.97
13773,113634,4014.97
13773,136680,4014.87
13773,160428,4014.87
13773,183376,4014.93
13773,206683,4014.93
13773,229517,4014.9
13773,253025,4014.9
13773,275822,4014.9
13773,298720,4015
13773,322409,4015
13773,345964,4015.02
13773,369743,4015.02
13773,392928,4014.97
13773,416463,4014.97
13773,440285,4014.97
13773,463650,4014.92
13773,486829,4014.92
13773,510059,4014.94
13773,533632,4014.94
13773,557291,4014.99
13773,580154,4014.99
13773,604004,4014.96
13773,627693,4014.96
13773,6374197,4014.99
13773,6397779,4014.99
13773,6420892,4014.92
13773,6423728,4014.92
13773,6424020,4014.92
13773,6424260,4013.33
13773,6424558,4013.33
13773,6424844,4013.33
13773,6425142,4013.33
13773,6425498,4013.33
13773,6425787,4013.33
13773,6426070,4013.33
13773,6426365,4013.33
13773,6426589,4013.33
13773,6426885,4013.33
13773,6427176,4013.33
13773,6427528,4013.33
13773,6427820,4013.33
13773,6428122,4013.33
13773,6428401,4013.33
13773,6428624,4013.33
13773,6428980,4013.33
13773,6429268,4013.33
13773,6429565,4013.33
13773,6429861,4013.33
13773,6430093,4013.33
13773,6430383,4013.33
13773,6430674,4013.33
13773,6430960,4013.33
13773,6431255,4013.33
13773,6431544,4013.33
13773,6431833,4013.33
13773,6432126,4013.33
13773,6432427,4013.33
13773,6433343,4013.33
13773,6445589,4013.33
13773,6467385,4015.49
13773,6489453,4015.49
13773,6511760,4015.49
13773,6533951,4014.84
13773,6556331,4014.84
13773,6578742,4014.95
13773,6601546,4014.95
13773,6624449,4014.91
13773,6647227,4014.91
13773,6669844,4014.91
13773,6692670,4014.95
13773,6715829,4014.95
13773,6738772,4014.96
13773,6762166,4014.96
13773,6785298,4014.95
13773,6808839,4014.95
13773,6832065,4014.95
13773,6855698,4014.96
13773,6879004,4014.96
13773,6901950,4014.9
13773,6924680,4014.9
13773,6947509,4014.91
13773,6970186,4014.91
13773,6993351,4014.91
13773,651151,4014.96
13773,674804,4014.99
13773,698486,4014.99
13773,722133,4014.95
13773,745691,4014.95
13773,768948,4014.95
13773,792310,4014.95
13773,815855,4014.95
13773,839025,4015.01
13773,862290,4015.01
13773,885483,4014.9
13773,908659,4014.9
13773,931552,4014.93
13773,954712,4014.93
13773,977893,4015
13773,1001051,4015
13773,1024369,4015
13773,1047645,4014.88
13773,1070863,4014.88
13773,1093865,4014.97
13773,1117041,4014.97
13773,1140192,4015
13773,1163598,4015
13773,1187184,4015
13773,1210948,4014.91
13773,1234337,4014.91
13773,1258456,4014.98
13773,7016388,4014.89
13773,7039555,4014.89
13773,7062695,4014.92
13773,7086107,4014.92
13773,7109954,4014.92
13773,7133348,4014.92
13773,7156930,4014.99
13773,7180389,4014.99
13773,7203939,4014.99
13773,7227318,4014.97
13773,7250887,4014.97
13773,7274288,4014.94
13773,7297608,4014.94
13773,7321006,4014.9
13773,7344333,4014.9
13773,7367735,4014.9
13773,7390663,4014.87
13773,7413829,4014.87
13773,7436734,4014.96
13773,7459889,4014.96
13773,7483062,4014.97
13773,7507001,4014.97
13773,7530492,4014.94
13773,7553778,4014.94
13773,7577058,4014.94
13773,7600896,4015.04
13773,7624199,4015.04
13773,7647418,4014.88
13773,7671107,4014.88
13773,7695035,4014.94
13773,7718809,4014.94
13773,7742781,4014.94
13773,7765948,4014.95
13773,7788961,4014.95
13773,7812034,4014.98
13773,7835835,4014.98
13773,7859250,4014.94
13773,7883084,4014.94
13773,7906323,4014.94
13773,7930049,4014.94
13773,7953754,4014.94
13773,7977366,4015
13773,8001077,4015
13773,8024813,4014.95
13773,8048473,4014.95
13773,8071621,4015
13773,8094954,4015
13773,8118647,4014.94
13773,8142476,4014.94
13773,8165697,4014.94
13773,8189189,4014.95
13773,8212633,4014.95
13773,8235965,4014.94
13773,8259271,4014.94
13773,8282429,4014.96
13773,8305737,4014.96
13773,8329405,4014.96
13773,8353151,4014.96
13773,8377019,4014.96
13773,8401536,4015
13773,8425776,4015
13773,8449084,4014.9
13773,8473034,4014.9
13773,8496831,4014.9
13773,8520132,4014.94
13773,8543317,4014.94
13773,8566557,4014.98
13773,8589771,4014.98
13773,8612550,4014.94
13773,8635411,4014.94
13773,8658635,4014.97
13773,8681536,4014.97
13773,8704837,4014.97
13773,8727993,4014.97
13773,8751548,4014.97
13773,8774791,4014.92
13773,8798191,4014.92
13773,8821731,4014.93
13773,8845497,4014.93
13773,8869044,4014.93
13773,8893296,4014.83
13773,8917188,4014.83
13773,8940600,4015
13773,8964493,4015
13773,8988097,4014.95
13773,9011752,4014.95
13773,9034635,4014.93
13773,9057229,4014.93
13773,9080022,4014.93
13773,9103436,4014.93
13773,9127357,4014.93
13773,9151026,4014.92
13773,9175377,4014.92
13773,9199431,4014.94
13773,9222835,4014.94
13773,9246516,4014.94
13773,9269981,4014.92
13773,9294140,4014.92
13773,9318068,4015.02
13773,9342009,4015.02
13773,9365919,4014.97
13773,9389491,4014.97
13773,9413397,4014.97
13773,9437117,4014.95
13773,9460295,4014.95
13773,9483784,4014.95
13773,9506982,4014.95
13773,9530413,4014.92
13773,9553366,4014.92
13773,9577012,4014.94
13773,9600584,4014.94
13773,9624161,4014.94
13773,9648332,4014.96
13773,9672264,4014.96
13773,9696448,4014.9
13773,9720101,4014.9
13773,9744046,4014.96
13773,9767604,4014.96
13773,9791647,4014.96
13773,9815254,4014.87
13773,9838913,4014.87
13773,9862492,4014.96
13773,9885856,4014.96
13773,9908909,4014.9
13773,9932288,4014.9
13773,9955563,4014.95
13773,9979204,4014.95
13773,9995005,4014.95
13773,9995279,4014.95
13773,9995572,4014.95
13773,9995786,4013.33
13773,1283052,4014.98
13773,1306601,4014.97
13773,1330271,4014.97
13773,1354097,4014.87
13773,1377504,4014.87
13773,1400930,4014.87
13773,1424867,4014.91
13773,1448149,4014.91
13773,1471839,4014.95
13773,1495788,4014.95
13773,1519486,4015.01
13773,1542777,4015.01
13773,1566264,4015.01
13773,1589337,4014.95
13773,1605525,4014.95
13773,1605795,4014.93
13773,1606712,4014.93
13773,1624348,4013.33
13773,1649967,4013.33
13773,1674171,4013.33
13773,1698054,4014.67
13773,1722043,4014.67
13773,1745351,4014.93
13773,1769026,4014.93
13773,1792436,4015.05
13773,1815360,4015.05
13773,1838077,4015.04
13773,1861147,4015.04
13773,1884565,4015.04
13773,1908140,4014.9
13773,1931587,4014.9
13773,1955383,4014.96
13773,1978953,4014.96
13773,2002494,4014.93
13773,2025750,4014.93
13773,2049534,4014.93
13773,2072626,4014.98
13773,2095735,4014.98
13773,2119358,4014.98
13773,2142556,4014.98
13773,2165831,4014.94
13773,2189376,4014.94
13773,2212657,4014.94
13773,2235866,4015
13773,2259512,4015
13773,2282427,4014.96
13773,2305967,4014.96
13773,2329592,4014.87
13773,2353218,4014.87
13773,2354375,4014.87
13773,2354666,4015.02
13773,2354957,4015.02
13773,2355257,4013.33
13773,2355538,4013.33
13773,2355831,4013.33
13773,2356131,4013.33
13773,2356419,4013.33
13773,2356705,4013.33
13773,2356998,4013.33
13773,2357295,4013.33
13773,2357568,4013.33
13773,2357882,4013.33
13773,2358162,4013.33
13773,2358457,4013.33
13773,2358814,4013.33
13773,2359096,4013.33
13773,2359335,4013.33
13773,2359666,4013.33
13773,2359918,4013.33
13773,2360206,4013.33
13773,2360500,4013.33
13773,2360850,4013.33
13773,2361141,4013.33
13773,2361418,4013.33
13773,2361714,4013.33
13773,2362015,4013.33
13773,2371341,4013.33
13773,2391604,4013.33
13773,2412990,4013.33
13773,2435353,4014.64
13773,2458367,4014.64
13773,2481316,4014.64
13773,2504107,4014.97
13773,2526759,4014.97
13773,2549909,4015
13773,2573079,4015
13773,2596381,4014.91
13773,2619564,4014.91
13773,2642490,4014.97
13773,2665594,4014.97
13773,2688803,4014.97
13773,2712173,4014.99
13773,2736032,4014.99
13773,2759905,4014.99
13773,2783833,4014.99
13773,2807937,4014.93
13773,2831909,4014.93
13773,2855335,4014.93
13773,2878998,4014.95
13773,2902476,4014.95
13773,2926065,4014.91
13773,2949912,4014.91
13773,2973959,4015.02
13773,2997275,4015.02
13773,3020185,4015.02
13773,3043104,4015.02
13773,3066145,4015.02
13773,3088743,4014.95
13773,3111845,4014.95
13773,3135187,4014.93
13773,3158440,4014.93
13773,3181862,4014.93
13773,3204944,4014.94
13773,3228314,4014.94
13773,3251604,4015
13773,3274794,4015
13773,3298598,4015
13773,3322031,4015
13773,3345069,4014.94
13773,3368372,4014.94
13773,3391758,4014.94
13773,3415163,4014.93
13773,3438501,4014.93
13773,3461559,4014.89
13773,3485468,4014.89
13773,3509422,4014.97
13773,3533607,4014.97
13773,3556770,4014.97
13773,3580076,4015.01
13773,3603118,4015.01
13773,3626924,4014.94
13773,3650203,4014.94
13773,3673391,4015
13773,3696393,4015
13773,3719514,4015.02
13773,3742863,4015.02
13773,3766019,4015.02
13773,3788970,4014.91
13773,3812164,4014.91
13773,3836084,4014.96
13773,3859724,4014.96
13773,3883750,4014.94
13773,3907379,4014.94
13773,3931039,4014.94
13773,3954457,4014.92
13773,3978032,4014.92
13773,4001647,4014.91
13773,4025114,4014.91
13773,4034102,4014.94
13773,4034315,4014.94
13773,4034942,4013.33
13773,4049477,4013.33
13773,4074448,4013.33
13773,4098547,4015.45
13773,4121857,4015.45
13773,4145137,4014.87
13773,4168450,4014.87
13773,4191236,4014.95
13773,4214677,4014.95
13773,4237576,4014.95
13773,4261639,4014.95
13773,4285521,4014.95
13773,4309455,4014.95
13773,4332976,4014.95
13773,4356722,4014.92
13773,4379912,4014.92
13773,4403212,4015.03
13773,4426740,4015.03
13773,4449859,4015.03
13773,4473656,4014.94
13773,4497206,4014.94
13773,4520636,4014.96
13773,4543988,4014.96
13773,4567692,4014.93
13773,4591195,4014.93
13773,4614389,4014.93
13773,4637506,4014.93
13773,4660697,4014.93
13773,4683788,4014.95
13773,4707324,4014.95
13773,4730497,4015.04
13773,4754049,4015.04
13773,4777105,4014.9
13773,4800901,4014.9
13773,4824453,4014.9
13773,4847861,4014.91
13773,4863183,4014.91
13773,4863471,4014.96
13773,4863761,4014.96
13773,4864058,4013.33
13773,4864289,4013.33
13773,4864582,4013.33
13773,4864871,4013.33
13773,4865166,4013.33
13773,4866576,4013.33
13773,4882989,4013.33
13773,4907038,4014.73
13773,4931579,4014.73
13773,4955283,4014.92
13773,4978406,4014.92
13773,5001364,4014.92
13773,5024682,4014.97
13773,5048091,4014.97
13773,5071638,4015
13773,5094945,4015
13773,5118506,4014.87
13773,5141915,4014.87
13773,5147290,4014.87
13773,5147519,4014.96
13773,5147829,4014.96
13773,5148173,4013.33
13773,5148452,4013.33
13773,5148755,4013.33
13773,5149046,4013.33
13773,5149260,4013.33
13773,5149576,4013.33
13773,5149870,4013.33
13773,5150157,4013.33
13773,5150445,4013.33
13773,5150738,4013.33
13773,5151017,4013.33
13773,5151330,4013.33
13773,5151623,4013.33
13773,5151918,4013.33
13773,5152243,4013.33
13773,5152547,4013.33
13773,5152837,4013.33
13773,5153129,4013.33
13773,5153423,4013.33
13773,5153705,4013.33
13773,5154015,4013.33
13773,5154292,4013.33
13773,5154601,4013.33
13773,5154877,4013.33
13773,5155092,4013.33
13773,5155408,4013.33
13773,5155764,4013.33
13773,5156056,4013.33
13773,5156346,4013.33
13773,5156641,4013.33
13773,5156934,4013.33
13773,5157226,4013.33
13773,5157448,4013.33
13773,5157732,4013.33
13773,5157968,4013.33
13773,5158258,4013.33
13773,5158548,4013.33
13773,5158843,4013.33
13773,5159121,4013.33
13773,5159422,4013.33
13773,5159728,4013.33
13773,5160078,4013.33
13773,5160367,4013.33
13773,5160646,4013.33
13773,5160951,4013.33
13773,5161237,4013.33
13773,5161468,4013.33
13773,5161770,4013.33
13773,5162059,4013.33
13773,5162363,4013.33
13773,5162649,4013.33
13773,5162942,4013.33
13773,5163236,4013.33
13773,5163530,4013.33
13773,5163871,4013.33
13773,5164166,4013.33
13773,5164451,4013.33
13773,5164688,4013.33
13773,5164968,4013.33
13773,5165270,4013.33
13773,5165564,4013.33
13773,5165859,4013.33
13773,5166151,4013.33
13773,5166436,4013.33
13773,5166787,4013.33
13773,5167086,4013.33
13773,5167370,4013.33
13773,5167664,4013.33
13773,5167950,4013.33
13773,5168253,4013.33
13773,5168551,4013.33
13773,5168842,4013.33
13773,5169122,4013.33
13773,5169415,4013.33
13773,5169650,4013.33
13773,5169946,4013.33
13773,5170161,4013.33
13773,5170453,4013.33
13773,5170828,4013.33
13773,5171120,4013.33
13773,5171410,4013.33
13773,5171646,4013.33
13773,5171998,4013.33
13773,5172289,4013.33
13773,5172585,4013.33
13773,5172878,4013.33
13773,5173276,4013.33
13773,5181986,4013.33
13773,5201039,4013.33
13773,5221561,4015.75
13773,5242682,4015.75
13773,5263989,4014.98
13773,5285535,4014.98
13773,5307399,4014.97
13773,5329414,4014.97
13773,5351336,4014.97
13773,5373525,4015.02
13773,5396185,4015.02
13773,5419300,4014.97
13773,5442343,4014.97
13773,5465002,4014.93
13773,5488057,4014.93
13773,5510961,4014.91
13773,5533808,4014.91
13773,5557042,4014.91
13773,5580081,4014.92
13773,5603257,4014.92
13773,5626659,4014.95
13773,5649900,4014.95
13773,5673913,4014.98
13773,5697329,4014.98
13773,5720381,4014.98
13773,5743739,4014.92
13773,5766247,4014.92
13773,5789349,4014.97
13773,5812132,4014.97
13773,5834821,4014.97
13773,5858077,4014.97
13773,5881378,4014.95
13773,5904630,4014.95
13773,5928079,4014.95
13773,5951743,4014.94
13773,5975470,4014.94
13773,5999012,4014.96
13773,6022686,4014.96
13773,6046094,4014.99
13773,6069115,4014.99
13773,6091889,4014.99
13773,6114544,4014.99
13773,6137315,4014.99
13773,6160936,4014.92
13773,6184250,4014.92
13773,6207902,4014.95
13773,6231625,4014.95
13773,6255595,4014.94
13773,6279712,4014.94
13773,6303399,4014.94
13773,6327349,4014.93
13773,6350507,4014.93
13775,620,4013.33
13775,915,4013.33
13775,1201,4013.33
13775,1485,4013.33
13775,1781,4013.33
13775,2068,4013.33
13775,2364,4013.33
13775,2654,4013.33
13775,2947,4013.33
13775,3246,4013.33
13775,3536,4013.33
13775,3823,4013.33
13775,4119,4013.33
13775,4410,4013.33
13775,4709,4013.33
13775,4971,4013.33
13775,5290,4013.33
13775,5572,4013.33
13775,5871,4013.33
13775,6164,4013.33
13775,6464,4013.33
13775,6755,4013.33
13775,7044,4013.33
13775,7388,4013.33
13775,7682,4013.33
13775,7980,4013.33
13775,8277,4013.33
13775,8502,4013.33
13775,8787,4013.33
13775,9092,4013.33
13775,9378,4013.33
13775,9716,4013.33
13775,10014,4013.33
13775,10308,4013.33
13775,10603,4013.33
13775,10838,4013.33
13775,11126,4013.33
13775,11416,4013.33
13775,11717,4013.33
13775,11935,4013.33
13775,12223,4013.33
13775,12568,4013.33
13775,12855,4013.33
13775,13147,4013.33
13775,13439,4013.33
13775,13678,4013.33
13775,13963,4013.33
13775,14258,4013.33
13775,14550,4013.33
13775,14847,4013.33
13775,15134,4013.33
13775,15428,4013.33
13775,15768,4013.33
13775,16058,4013.33
13775,16337,4013.33
13775,16642,4013.33
13775,16940,4013.33
13775,17230,4013.33
13775,17511,4013.33
13775,17805,4013.33
13775,18097,4013.33
13775,18333,4013.33
13775,18627,4013.33
13775,18920,4013.33
13775,19208,4013.33
13775,19498,4013.33
13775,19796,4013.33
13775,20086,4013.33
13775,20379,4013.33
13775,20665,4013.33
13775,20959,4013.33
13775,21255,4013.33
13775,21549,4013.33
13775,21834,4013.33
13775,22118,4013.33
13775,22442,4013.33
13775,22762,4013.33
13775,23057,4013.33
13775,23298,4013.33
13775,23643,4013.33
13775,23876,4013.33
13775,24166,4013.33
13775,24460,4013.33
13775,24799,4013.33
13775,25111,4013.33
13775,25399,4013.33
13775,25630,4013.33
13775,25916,4013.33
13775,26197,4013.33
13775,26428,4013.33
13775,26727,4013.33
13775,27020,4013.33
13775,27314,4013.33
13775,27612,4013.33
13775,27906,4013.33
13775,28196,4013.33
13775,28485,4013.33
13775,28774,4013.33
13775,29064,4013.33
13775,29353,4013.33
13775,29648,4013.33
13775,29996,4013.33
13775,30297,4013.33
13775,30594,4013.33
13775,30883,4013.33
13775,31171,4013.33
13775,31462,4013.33
13775,31745,4013.33
13775,31969,4013.33
13775,32273,4013.33
13775,32571,4013.33
13775,32854,4013.33
13775,33155,4013.33
13775,33447,4013.33
13775,33783,4013.33
13775,34013,4013.33
13775,34367,4013.33
13775,34665,4013.33
13775,34952,4013.33
13775,35250,4013.33
13775,35478,4013.33
13775,35772,4013.33
13775,36073,4013.33
13775,36360,4013.33
13775,36693,4013.33
13775,36995,4013.33
13775,37244,4013.33
13775,37534,4013.33
13775,37823,4013.33
13775,38033,4013.33
13775,38330,4013.33
13775,38622,4013.33
13775,38915,4013.33
13775,39251,4013.33
13775,39480,4013.33
13775,39786,4013.33
13775,40097,4013.33
13775,40428,4013.33
13775,40655,4013.33
13775,41013,4013.33
13775,41256,4013.33
13775,41551,4013.33
13775,41839,4013.33
13775,42130,4013.33
13775,42426,4013.33
13775,42762,4013.33
13775,43057,4013.33
13775,43344,4013.33
13775,43639,4013.33
13775,43934,4013.33
13775,44167,4013.33
13775,44458,4013.33
13775,44749,4013.33
13775,45092,4013.33
13775,45391,4013.33
13775,45632,4013.33
13775,45920,4013.33
13775,46253,4013.33
13775,46513,4013.33
13775,46803,4013.33
13775,47133,4013.33
13775,47447,4013.33
13775,47736,4013.33
13775,47952,4013.33
13775,48260,4013.33
13775,48599,4013.33
13775,48892,4013.33
13775,49198,4013.33
13775,49489,4013.33
13775,49722,4013.33
13775,50083,4013.33
13775,50352,4013.33
13775,50589,4013.33
13775,50820,4013.33
13775,51112,4013.33
13775,51407,4013.33
13775,51702,4013.33
13775,52040,4013.33
13775,52330,4013.33
13775,52620,4013.33
13775,52861,4013.33
13775,53151,4013.33
13775,53435,4013.33
13775,53774,4013.33
13775,54071,4013.33
13775,54311,4013.33
13775,54659,4013.33
13775,54948,4013.33
13775,55246,4013.33
13775,55477,4013.33
13775,55769,4013.33
13775,56121,4013.33
13775,56409,4013.33
13775,56647,4013.33
13775,56928,4013.33
13775,57220,4013.33
13775,57519,4013.33
13775,57868,4013.33
13775,58165,4013.33
13775,58458,4013.33
13775,58676,4013.33
13775,58990,4013.33
13775,59340,4013.33
13775,59541,4013.33
13775,59912,4013.33
13775,60211,4013.33
13775,60455,4013.33
13775,60793,4013.33
13775,61025,4013.33
13775,61336,4013.33
13775,61703,4013.33
13775,61986,4013.33
13775,62402,4013.33
13775,62746,4014.89
13775,63107,4014.89
13775,63435,4014.89
13775,63780,4014.86
13775,64090,4014.86
13775,64490,4014.86
13775,64858,4014.86
13775,73219,4014.89
13775,90453,4014.89
13775,109396,4015.08
13775,128693,4015.08
13775,148682,4015.08
13775,168819,4015.01
13775,189304,4015.01
13775,209997,4015.18
13775,230729,4015.18
13775,251994,4015.17
13775,273321,4015.17
13775,294519,4015.05
13775,316240,4015.05
13775,338277,4015.05
13775,360028,4014.95
13775,382140,4014.95
13775,404061,4014.95
13775,426324,4014.95
13775,448369,4014.94
13775,470355,4014.94
13775,492633,4014.94
13775,514630,4014.98
13775,536921,4014.98
13775,559049,4014.86
13775,581292,4014.86
13775,603496,4014.87
13775,625758,4014.87
13775,648141,4015
13775,670713,4015
13775,693461,4015
13775,716497,4015.07
13775,739534,4015.07
13775,762578,4015.22
13775,785367,4015.22
13775,807958,4015.16
13775,830922,4015.16
13775,853836,4015.18
13775,877273,4015.18
13775,900046,4015.18
13775,922979,4014.98
13775,945883,4014.98
13775,968528,4014.92
13775,991577,4014.92
13775,1014218,4015.01
13775,1037133,4015.01
13775,1060225,4015.01
13775,1083351,4014.97
13775,1106533,4014.97
13775,1129811,4014.95
13775,1153244,4014.95
13775,1176088,4014.89
13775,1199570,4014.89
13775,1222613,4014.92
13775,1245652,4014.92
13775,1269077,4014.92
13775,1292362,4014.93
13775,1315917,4014.93
13775,1339516,4014.92
13775,1363547,4014.92
13775,1386845,4014.95
13775,1409886,4014.95
13775,1433029,4015.04
13775,1456456,4015.04
13775,1479682,4015.04
13775,1502852,4014.91
13775,1526219,4014.91
13775,1549351,4014.95
13775,1572881,4014.95
13775,1596046,4014.93
13775,1619425,4014.93
13775,1642908,4014.96
13775,1665735,4014.96
13775,1689304,4014.96
13775,1712472,4014.95
13775,1736135,4014.95
13775,1759542,4015.04
13775,1782735,4015.04
13775,1805942,4014.98
13775,1828952,4014.98
13775,1852219,4014.98
13775,1875404,4014.96
13775,1898573,4014.96
13775,1921365,4014.96
13775,1944132,4014.96
13775,1967316,4014.96
13775,1990230,4014.96
13775,2013649,4014.96
13775,2036731,4014.96
13775,2059991,4014.96
13775,2083398,4014.97
13775,2106958,4014.97
13775,2130500,4014.91
13775,2153803,4014.91
13775,2177495,4014.96
13775,2200915,4014.96
13775,2224074,4014.96
13775,2247498,4014.91
13775,2270433,4014.91
13775,2293719,4014.98
13775,2316620,4014.98
13775,2339685,4014.93
13775,2363216,4014.93
13775,2387466,4015.05
13775,2411581,4015.05
13775,2435167,4015.05
13775,2458952,4014.91
13775,2482397,4014.91
13775,2506251,4014.96
13775,2529872,4014.96
13775,2553288,4014.95
13775,2576392,4014.95
13775,2599692,4014.99
13775,2623011,4014.99
13775,2642524,4014.99
13775,2642785,4015
13775,2643086,4015
13775,2643438,4013.33
13775,2643668,4013.33
13775,2643951,4013.33
13775,2644245,4013.33
13775,2644538,4013.33
13775,2644886,4013.33
13775,2645179,4013.33
13775,2645396,4013.33
13775,2645712,4013.33
13775,2646041,4013.33
13775,2646286,4013.33
13775,2646577,4013.33
13775,2650391,4013.33
13775,2650632,4013.33
13775,2650922,4014.52
13775,2651213,4014.52
13775,2651505,4013.33
13775,2651807,4013.33
13775,2652156,4013.33
13775,2652861,4013.33
13775,2664785,4013.33
13775,2687696,4013.33
13775,2711067,4013.33
13775,2734432,4014.92
13775,2757760,4014.92
13775,2780896,4014.92
13775,2804039,4014.92
13775,2827394,4015.01
13775,2850747,4015.01
13775,2873819,4015.01
13775,2896882,4015.1
13775,2920423,4015.1
13775,2943587,4015.1
13775,2966773,4015.1
13775,2990165,4015
13775,3014089,4015
13775,3037764,4014.95
13775,3061145,4014.95
13775,3085027,4014.95
13775,3109006,4014.98
13775,3132607,4014.98
13775,3155921,4014.98
13775,3179486,4014.98
13775,3203356,4015.03
13775,3226580,4015.03
13775,3241936,4015.03
13775,3242230,4014.96
13775,3244613,4014.96
13775,3264449,4013.33
13775,3288424,4013.33
13775,3313111,4014.84
13775,3337089,4014.84
13775,3360334,4014.98
13775,3384116,4014.98
13775,3407579,4014.98
13775,3431017,4014.92
13775,3454290,4014.92
13775,3478163,4015.03
13775,3501471,4015.03
13775,3524289,4015.19
13775,3548101,4015.19
13775,3571478,4015.14
13775,3594562,4015.14
13775,3617750,4015.14
13775,3641312,4015.14
13775,3665038,4015.14
13775,3667747,4014.88
13776,532,4013.33
13776,825,4013.33
13776,1177,4013.33
13776,1462,4013.33
13776,1746,4013.33
13776,2045,4013.33
13776,2324,4013.33
13776,2636,4013.33
13776,2932,4013.33
13776,3230,4013.33
13776,3519,4013.33
13776,3752,4013.33
13776,4106,4013.33
13776,4402,4013.33
13776,6171,4013.33
13776,20611,4013.33
13776,42638,4013.33
13776,65817,4013.33
13776,89240,4014.94
13776,112848,4014.94
13776,135720,4014.95
13776,158774,4014.95
13776,182307,4014.99
13776,205739,4014.99
13776,229062,4014.99
13776,252432,4014.93
13776,275756,4014.93
13776,299050,4014.93
13776,322171,4014.93
13776,344978,4014.97
13776,367887,4014.97
13776,390803,4014.9
13776,413844,4014.9
13776,436775,4014.9
13776,459937,4014.98
13776,483379,4014.98
13776,507304,4015.09
13776,531217,4015.09
13776,555150,4015.2
13776,579462,4015.2
13776,604181,4015.14
13776,627891,4015.14
13776,6263068,4015.05
13776,6287128,4015.15
13776,6311587,4015.15
13776,6335361,4015.15
13776,6359080,4015.05
13776,6383043,4015.05
13776,6406823,4015.08
13776,6430776,4015.08
13776,6454188,4015
13776,6477726,4015
13776,6501014,4015.04
13776,6524455,4015.04
13776,6548756,4015.04
13776,6572356,4015.1
13776,6595952,4015.1
13776,6619950,4015.01
13776,6643515,4015.01
13776,6667298,4014.98
13776,6690985,4014.98
13776,6715039,4014.98
13776,6739093,4015.08
13776,6762808,4015.08
13776,6787440,4015.08
13776,6811507,4015.08
13776,6835247,4015.06
13776,6858507,4015.06
13776,6881445,4014.99
13776,651668,4015.14
13776,675255,4015.22
13776,698654,4015.22
13776,722351,4015.24
13776,745668,4015.24
13776,768962,4015.07
13776,792344,4015.07
13776,816061,4015.07
13776,840020,4015.01
13776,863153,4015.01
13776,886698,4015.03
13776,910189,4015.03
13776,933972,4015.01
13776,957157,4015.01
13776,980372,4014.98
13776,1003552,4014.98
13776,1027107,4014.98
13776,1050525,4014.99
13776,1073811,4014.99
13776,1097245,4014.93
13776,1120927,4014.93
13776,1144456,4014.99
13776,1167775,4014.99
13776,1191194,4015.01
13776,1214740,4015.01
13776,1238196,4015.01
13776,6904226,4014.99
13776,6927920,4014.99
13776,6951491,4015.03
13776,6975020,4015.03
13776,6998464,4015.02
13776,7022040,4015.02
13776,7045783,4015.04
13776,7069921,4015.04
13776,7093539,4015.04
13776,7117358,4015.06
13776,7141280,4015.06
13776,7165979,4015.04
13776,7189934,4015.04
13776,7213616,4015
13776,7237159,4015
13776,7260832,4015.03
13776,7284486,4015.03
13776,7308353,4015.03
13776,7328809,4014.98
13776,7329047,4014.98
13776,7329343,4015
13776,7329633,4015
13776,7329929,4013.33
13776,7330276,4013.33
13776,7330489,4013.33
13776,7332197,4013.33
13776,7350264,4013.33
13776,7374481,4013.33
13776,7398438,4013.33
13776,7421684,4014.96
13776,7444583,4014.96
13776,7467745,4014.93
13776,7490916,4014.93
13776,7514489,4014.93
13776,7537905,4015.02
13776,7561431,4015.02
13776,7584839,4015.02
13776,7608423,4015.02
13776,7632093,4015.12
13776,7655243,4015.12
13776,7678739,4015.07
13776,7702272,4015.07
13776,7725944,4015.07
13776,7749551,4015.12
13776,7773298,4015.12
13776,7796899,4015.12
13776,7820645,4015.12
13776,7844205,4015.12
13776,7867762,4015.12
13776,7891278,4015.12
13776,7914993,4015.15
13776,7938667,4015.15
13776,7961913,4015.11
13776,7985392,4015.11
13776,8009321,4015.06
13776,8033642,4015.06
13776,8057506,4015.16
13776,8080826,4015.16
13776,8104533,4015.16
13776,8128313,4015.08
13776,8151938,4015.08
13776,8175959,4015.04
13776,8199454,4015.04
13776,8223710,4014.98
13776,8247046,4014.98
13776,8271116,4014.98
13776,8295105,4015.07
13776,8318852,4015.07
13776,8342369,4015.1
13776,8366485,4015.1
13776,8389990,4015.03
13776,8413795,4015.03
13776,8437486,4015.04
13776,8460906,4015.04
13776,8484085,4015.04
13776,8507385,4015
13776,8530915,4015
13776,8554227,4015.05
13776,8577260,4015.05
13776,8600627,4015.04
13776,8623770,4015.04
13776,8647161,4015.04
13776,8670438,4015.11
13776,8693719,4015.11
13776,8716834,4015.09
13776,8740082,4015.09
13776,8763229,4015.14
13776,8786940,4015.14
13776,8810662,4015.08
13776,8834785,4015.08
13776,8858323,4015.08
13776,8882179,4015.09
13776,8906622,4015.09
13776,8930821,4015
13776,8954800,4015
13776,8978388,4015.07
13776,9001955,4015.07
13776,9025521,4015.07
13776,9048694,4015.1
13776,9072037,4015.1
13776,9096048,4015.06
13776,9119839,4015.06
13776,9143458,4015.1
13776,9167225,4015.1
13776,9190788,4015.1
13776,9214568,4015.13
13776,9238404,4015.13
13776,9261805,4015.01
13776,9284760,4015.01
13776,9308007,4015.01
13776,9331684,4015.01
13776,9355624,4015.04
13776,9379184,4015.04
13776,9387987,4015.04
13776,9388280,4015.03
13776,9399818,4015.03
13776,9424383,4013.33
13776,9448951,4013.33
13776,9473746,4014.94
13776,9497799,4014.94
13776,9521398,4014.94
13776,9545211,4015.07
13776,9568898,4015.07
13776,9592361,4015.02
13776,9616008,4015.02
13776,9639675,4014.98
13776,9662856,4014.98
13776,9686166,4015.02
13776,9709565,4015.02
13776,9732720,4015.02
13776,9755900,4015.02
13776,9779723,4015.02
13776,9803268,4015.04
13776,9826432,4015.04
13776,9850234,4015.04
13776,9873881,4015.04
13776,9897734,4015.04
13776,9921540,4015.12
13776,9945774,4015.12
13776,9969835,4015.15
13776,9993330,4015.15
13776,10002493,4015.07
13776,10002723,4015.07
13776,10015607,4013.33
13776,10040119,4013.33
13776,10064589,4013.33
13776,10088005,4014.81
13776,10111965,4014.81
13776,10135041,4014.96
13776,10158802,4014.96
13776,10182253,4014.94
13776,10205408,4014.94
13776,10228748,4014.94
13776,10252061,4014.94
13776,10274814,4014.94
13776,10298921,4014.97
13776,10322356,4014.97
13776,10345572,4014.93
13776,10368918,4014.93
13776,10392310,4014.92
13776,10415971,4014.92
13776,10439666,4014.92
13776,10463980,4015.02
13776,10487260,4015.02
13776,10510888,4014.95
13776,10534413,4014.95
13776,10558301,4014.95
13776,10582202,4014.95
13776,10606302,4014.95
13776,10630167,4014.99
13776,10654399,4014.99
13776,10678419,4014.93
13776,10702300,4014.93
13776,10726358,4014.93
13776,10750044,4014.92
13776,10774106,4014.92
13776,10797912,4014.97
13776,10821977,4014.97
13776,10845799,4014.98
13776,10869468,4014.98
13776,10893140,4014.98
13776,10916450,4014.95
13776,10939913,4014.95
13776,10963247,4014.95
13776,10986681,4014.95
13776,11010284,4014.87
13776,11033583,4014.87
13776,11056862,4014.87
13776,11080815,4015.02
13776,11104902,4015.02
13776,11128436,4014.91
13776,11152471,4014.91
13776,11176440,4014.92
13776,11200146,4014.92
13776,11224044,4014.92
13776,11247606,4015
13776,11270996,4015
13776,11294568,4014.94
13776,11317875,4014.94
13776,11341545,4014.95
13776,11364990,4014.95
13776,11388341,4014.95
13776,11411567,4014.94
13776,11435618,4014.94
13776,11458782,4014.94
13776,11481954,4014.94
13776,11505265,4015
13776,11528513,4015
13776,11552233,4015
13776,11575517,4014.93
13776,11598831,4014.93
13776,11621861,4014.9
13776,11644823,4014.9
13776,11668194,4014.95
13776,11691494,4014.95
13776,11715552,4014.95
13776,11739101,4014.88
13776,11763094,4014.88
13776,11786369,4014.99
13776,11810261,4014.99
13776,11833836,4014.92
13776,11857262,4014.92
13776,11881184,4014.92
13776,11904441,4014.99
13776,11927545,4014.99
13776,11951338,4014.94
13776,11974616,4014.94
13776,11997900,4014.99
13776,12021335,4014.99
13776,12044627,4014.99
13776,12067938,4014.99
13776,12091698,4014.99
13776,12115430,4014.98
13776,12139348,4014.98
13776,12152981,4014.94
13776,12153319,4014.94
13776,12153531,4014.94
13776,12153841,4013.33
13776,12160174,4013.33
13776,12184686,4013.33
13776,12209668,4013.33
13776,12234411,4014.82
13776,12258424,4014.82
13776,12281977,4014.82
13776,12305798,4014.96
13776,12329256,4014.96
13776,12353003,4014.97
13776,12376616,4014.97
13776,12399867,4014.92
13776,12423551,4014.92
13776,12447209,4014.92
13776,12470650,4014.96
13776,12494335,4014.96
13776,12517896,4014.97
13776,12541564,4014.97
13776,12565389,4014.97
13776,12589440,4014.97
13776,12613497,4014.97
13776,12637039,4015
13776,12661209,4015
13776,12684673,4014.91
13776,12708339,4014.91
13776,12731631,4014.99
13776,12755075,4014.99
13776,12756175,4014.87
13776,12756465,4014.87
13776,12756744,4014.87
13776,12765534,4013.33
13776,12789601,4013.33
13776,12814307,4015.17
13776,12838386,4015.17
13776,12862307,4014.97
13776,12886109,4014.97
13776,12909285,4014.91
13776,12932774,4014.91
13776,12956456,4014.91
13776,12979767,4014.96
13776,13003626,4014.96
13776,13027167,4014.96
13776,13050586,4014.96
13776,13074081,4014.91
13776,13097880,4014.91
13776,13120855,4014.91
13776,13144297,4014.98
13776,1261330,4014.92
13776,1284698,4014.92
13776,1308058,4014.93
13776,1331465,4014.93
13776,1356060,4014.99
13776,1379732,4014.99
13776,1403022,4014.99
13776,1426810,4014.96
13776,1450715,4014.96
13776,1474328,4015
13776,1497253,4015
13776,1520405,4014.97
13776,1543453,4014.97
13776,1566863,4014.9
13776,1589854,4014.9
13776,1613727,4014.9
13776,1637408,4014.92
13776,1660602,4014.92
13776,1684213,4014.92
13776,1707809,4014.92
13776,1730641,4014.96
13776,1754122,4014.96
13776,1777558,4014.94
13776,1800836,4014.94
13776,1824627,4014.94
13776,1849018,4014.96
13776,1872667,4014.96
13776,13168080,4014.98
13776,13191697,4015
13776,13215082,4015
13776,13239180,4014.94
13776,13263405,4014.94
13776,13287166,4014.94
13776,13310951,4014.98
13776,13334884,4014.98
13776,13358554,4014.95
13776,13382275,4014.95
13776,13406004,4014.97
13776,13429444,4014.97
13776,13453014,4014.9
13776,13476057,4014.9
13776,13499539,4014.9
13776,13523035,4014.95
13776,13546702,4014.95
13776,13570697,4015.02
13776,13594071,4015.02
13776,13618391,4014.98
13776,13642845,4014.98
13776,13666826,4014.98
13776,13690198,4014.95
13776,13714660,4014.95
13776,13738219,4015.01
13776,13761502,4015.01
13776,13785077,4014.86
13776,13808478,4014.86
13776,13832320,4014.99
13776,13855703,4014.99
13776,13879008,4014.99
13776,13902421,4014.94
13776,13926035,4014.94
13776,13949648,4014.98
13776,13973166,4014.98
13776,13996632,4015.02
13776,14020059,4015.02
13776,14043509,4015.02
13776,14067033,4014.97
13776,14090730,4014.97
13776,14114146,4014.97
13776,14137842,4014.97
13776,14161256,4014.9
13776,14184400,4014.9
13776,14207974,4014.96
13776,14231657,4014.96
13776,14255317,4014.96
13776,14278494,4014.99
13776,14302444,4014.99
13776,14326488,4014.86
13776,14350291,4014.86
13776,14373630,4014.92
13776,14397128,4014.92
13776,14420233,4014.92
13776,14443520,4014.9
13776,14466531,4014.9
13776,14489561,4015.01
13776,14513207,4015.01
13776,14529374,4014.93
13776,14529374,4014.93
13776,1896093,4015.03
13776,1919602,4015.03
13776,1943778,4014.96
13776,1967433,4014.96
13776,1991067,4014.96
13776,2014367,4014.94
13776,2037655,4014.94
13776,2061275,4014.98
13776,2084393,4014.98
13776,2107925,4014.94
13776,2131282,4014.94
13776,2155200,4014.88
13776,2178748,4014.88
13776,2202163,4014.88
13776,2225687,4014.96
13776,2248927,4014.96
13776,2272369,4014.98
13776,2296281,4014.98
13776,2319696,4014.9
13776,2342671,4014.9
13776,2366354,4014.98
13776,2389267,4014.98
13776,2412903,4014.98
13776,2436522,4014.96
13776,2460305,4014.96
13776,2483851,4014.94
13776,2507675,4014.94
13776,2531088,4014.93
13776,2554909,4014.93
13776,2578344,4014.95
13776,2601751,4014.95
13776,2625189,4014.95
13776,2648262,4014.92
13776,2671552,4014.92
13776,2694820,4014.99
13776,2718099,4014.99
13776,2741269,4014.97
13776,2765211,4014.97
13776,2788760,4014.97
13776,2812183,4015.03
13776,2836099,4015.03
13776,2859490,4014.98
13776,2882602,4014.98
13776,2906398,4015.04
13776,2930225,4015.04
13776,2953363,4015.13
13776,2976492,4015.13
13776,2999837,4015.13
13776,3023175,4015.06
13776,3046397,4015.06
13776,3069342,4014.94
13776,3092644,4014.94
13776,3115923,4014.94
13776,3139232,4014.94
13776,3162654,4014.95
13776,3186703,4014.95
13776,3210545,4014.95
13776,3234472,4014.99
13776,3258291,4014.99
13776,3281693,4014.97
13776,3305850,4014.97
13776,3329305,4014.96
13776,3352655,4014.96
13776,3375451,4014.96
13776,3398820,4014.99
13776,3421986,4014.99
13776,3445333,4014.94
13776,3468703,4014.94
13776,3492082,4014.95
13776,3515534,4014.95
13776,3539238,4014.92
13776,3562318,4014.92
13776,3585406,4014.92
13776,3608776,4014.95
13776,3631781,4014.95
13776,3655307,4014.91
13776,3679208,4014.91
13776,3702797,4014.95
13776,3726104,4014.95
13776,3749647,4014.87
13776,3773459,4014.87
13776,3796793,4014.87
13776,3820518,4014.96
13776,3843645,4014.96
13776,3867198,4014.87
13776,3890730,4014.87
13776,3914391,4014.92
13776,3937420,4014.92
13776,3960805,4014.92
13776,3984016,4014.94
13776,4007583,4014.94
13776,4030890,4014.91
13776,4054567,4014.91
13776,4078483,4014.95
13776,4102040,4014.95
13776,4125712,4014.95
13776,4149521,4014.9
13776,4173199,4014.9
13776,4196740,4014.9
13776,4220424,4014.9
13776,4244123,4014.97
13776,4267670,4014.97
13776,4291478,4015.02
13776,4314684,4015.02
13776,4338094,4015.02
13776,4361669,4014.92
13776,4385423,4014.92
13776,4408857,4014.97
13776,4432593,4014.97
13776,4456315,4014.88
13776,4480065,4014.88
13776,4503958,4014.96
13776,4527570,4014.96
13776,4551237,4014.96
13776,4574681,4014.93
13776,4598163,4014.93
13776,4621467,4014.92
13776,4645534,4014.92
13776,4669214,4015.01
13776,4692627,4015.01
13776,4716196,4014.93
13776,4739873,4014.93
13776,4763595,4014.93
13776,4787626,4014.92
13776,4811541,4014.92
13776,4835229,4014.97
13776,4858728,4014.97
13776,4882220,4014.93
13776,4906066,4014.93
13776,4930064,4014.93
13776,4954194,4014.99
13776,4978345,4014.99
13776,5002077,4014.97
13776,5025254,4014.97
13776,5048350,4015.07
13776,5071758,4015.07
13776,5095044,4015.15
13776,5118116,4015.15
13776,5141349,4015.15
13776,5164842,4015.08
13776,5188178,4015.08
13776,5212003,4015.07
13776,5218271,4015.07
13776,5218568,4015.03
13776,5218800,4015.03
13776,5219092,4015.03
13776,5219383,4013.33
13776,5220022,4013.33
13776,5233734,4013.33
13776,5256903,4013.33
13776,5280474,4014.96
13776,5304275,4014.96
13776,5328209,4015.18
13776,5351890,4015.18
13776,5375494,4015.18
13776,5398746,4015.07
13776,5422549,4015.07
13776,5446748,4014.97
13776,5470507,4014.97
13776,5493633,4015.02
13776,5517021,4015.02
13776,5540545,4015.02
13776,5550354,4015
13776,5550657,4015
13776,5551005,4013.33
13776,5551293,4013.33
13776,5551583,4013.33
13776,5551875,4013.33
13776,5552170,4013.33
13776,5552465,4013.33
13776,5552751,4013.33
13776,5553043,4013.33
13776,5553267,4013.33
13776,5553490,4013.33
13776,5553788,4013.33
13776,5554081,4013.33
13776,5559198,4013.33
13776,5581095,4013.33
13776,5604392,4013.33
13776,5627938,4013.33
13776,5651120,4014.88
13776,5674106,4014.88
13776,5697309,4014.99
13776,5720602,4014.99
13776,5744099,4014.94
13776,5767659,4014.94
13776,5790914,4014.94
13776,5814189,4014.96
13776,5837725,4014.96
13776,5861291,4015.08
13776,5885102,4015.08
13776,5908652,4015.07
13776,5931804,4015.07
13776,5955228,4015.06
13776,5978818,4015.06
13776,6002386,4015.06
13776,6025749,4015.14
13776,6049711,4015.14
13776,6073615,4015.06
13776,6097386,4015.06
13776,6120569,4015.08
13776,6144430,4015.08
13776,6168352,4015.08
13776,6192155,4015.06
13776,6215968,4015.06
13776,6239663,4015.05
13777,55898,4014.92
13777,79763,4015
13777,103277,4015
13777,127029,4015
13777,150952,4014.93
13777,174802,4014.93
13777,198406,4014.97
13777,222108,4014.97
13777,245618,4014.99
13777,269107,4014.99
13777,292679,4014.99
13777,316072,4014.99
13777,339556,4014.99
13777,355898,4014.94
13777,356215,4014.94
13777,357228,4013.33
13777,373502,4013.33
13777,398314,4015.33
13777,422938,4015.33
13777,446941,4015.33
13777,470945,4014.89
13777,494583,4014.89
13777,518521,4014.92
13777,542150,4014.92
13777,565484,4014.93
13777,588282,4014.93
13777,610872,4015.01
13777,6298740,4014.96
13777,6322529,4014.96
13777,6345732,4014.96
13777,6368648,4014.99
13777,6391712,4014.99
13777,6414663,4014.94
13777,6437925,4014.94
13777,6461519,4014.91
13777,6485659,4014.91
13777,6509606,4014.93
13777,6533785,4014.93
13777,6557720,4014.93
13777,6570669,4014.96
13777,6570999,4014.96
13777,6571291,4013.33
13777,6577424,4013.33
13777,6600552,4013.33
13777,6624750,4013.33
13777,6648450,4013.33
13777,6672363,4014.79
13777,6696188,4014.79
13777,6719848,4014.95
13777,6743793,4014.95
13777,6767333,4014.92
13777,6791406,4014.92
13777,6815351,4014.92
13777,6839121,4015.05
13777,6863241,4015.05
13777,6887232,4014.94
13777,634010,4015.01
13777,657435,4015.01
13777,681541,4014.91
13777,705369,4014.91
13777,728581,4014.95
13777,751911,4014.95
13777,775199,4014.95
13777,799196,4014.95
13777,822739,4014.95
13777,846688,4014.95
13777,870760,4014.95
13777,894724,4014.97
13777,918490,4014.97
13777,942558,4014.99
13777,966242,4014.99
13777,989826,4014.99
13777,1013100,4014.93
13777,1036502,4014.93
13777,1060065,4014.97
13777,1083370,4014.97
13777,1107027,4014.96
13777,1130329,4014.96
13777,1154066,4014.96
13777,1177939,4015.01
13777,1202472,4015.01
13777,1226971,4014.97
13777,1234379,4014.97
13777,1234666,4014.97
13777,1240899,4014.97
13777,6911087,4014.94
13777,6935009,4014.99
13777,6958063,4014.99
13777,6981311,4015.09
13777,7004396,4015.09
13777,7027760,4015.09
13777,7051632,4015.03
13777,7075190,4015.03
13777,7098966,4014.95
13777,7123000,4014.95
13777,7147173,4014.98
13777,7171687,4014.98
13777,7196279,4014.98
13777,7220585,4014.93
13777,7244518,4014.93
13777,7268325,4014.91
13777,7292168,4014.91
13777,7316331,4014.97
13777,7339912,4014.97
13777,7363181,4014.97
13777,7386398,4014.97
13777,7410024,4014.97
13777,7433576,4015.01
13777,7457336,4015.01
13777,7480949,4014.96
13777,7505378,4014.96
13777,7529237,4015.01
13777,7553375,4015.01
13777,7577246,4015.01
13777,7601424,4014.99
13777,7625220,4014.99
13777,7649015,4015.03
13777,7672674,4015.03
13777,7696783,4014.91
13777,7720293,4014.91
13777,7743351,4014.93
13777,7766723,4014.93
13777,7789927,4014.93
13777,7812860,4015.01
13777,7836306,4015.01
13777,7859315,4015
13777,7882757,4015
13777,7906423,4014.92
13777,7913910,4014.92
13777,7914266,4014.92
13777,7919587,4015
13777,7944668,4015
13777,7969551,4015.29
13777,7994118,4015.29
13777,8018288,4014.92
13777,8041821,4014.92
13777,8065392,4014.92
13777,8089456,4014.97
13777,8113193,4014.97
13777,8136946,4014.98
13777,8160230,4014.98
13777,8183388,4014.97
13777,8206298,4014.97
13777,8229605,4014.97
13777,8252635,4014.96
13777,8275812,4014.96
13777,8299322,4014.93
13777,8323171,4014.93
13777,8346993,4015
13777,8370407,4015
13777,8394282,4014.98
13777,8418028,4014.98
13777,8441568,4014.98
13777,8465501,4014.94
13777,8489204,4014.94
13777,8512990,4014.93
13777,8536936,4014.93
13777,8561010,4014.98
13777,8584798,4014.98
13777,8608618,4014.95
13777,8632432,4014.95
13777,8656180,4014.95
13777,8679841,4015
13777,8703696,4015
13777,8727152,4014.98
13777,8750689,4014.98
13777,8774373,4014.94
13777,8797937,4014.94
13777,8821898,4014.94
13777,8845916,4014.95
13777,8869787,4014.95
13777,8893794,4014.93
13777,8917738,4014.93
13777,8941792,4014.91
13777,8966001,4014.91
13777,8990046,4014.91
13777,9013994,4014.97
13777,9038065,4014.97
13777,9061978,4014.95
13777,9086197,4014.95
13777,9110243,4014.98
13777,9134046,4014.98
13777,9157731,4014.96
13777,9181807,4014.96
13777,9205607,4014.96
13777,9229597,4015.01
13777,9253609,4015.01
13777,9277108,4015.03
13777,9300218,4015.03
13777,9323364,4014.97
13777,9344604,4014.97
13777,9344824,4014.97
13777,9345113,4014.93
13777,9345404,4014.93
13777,9350075,4013.33
13777,9373440,4013.33
13777,9398014,4015.11
13777,9422225,4015.11
13777,9445848,4015.11
13777,9469397,4014.93
13777,9493272,4014.93
13777,9517029,4014.93
13777,9540544,4014.93
13777,9563959,4015.03
13777,9587459,4015.03
13777,9610875,4014.92
13777,9634453,4014.92
13777,9658190,4014.92
13777,9681805,4014.9
13777,9705538,4014.9
13777,9729004,4014.92
13777,9752631,4014.92
13777,9776142,4014.93
13777,9799915,4014.93
13777,9823595,4014.93
13777,9847644,4014.97
13777,9871115,4014.97
13777,9894658,4014.98
13777,9918588,4014.98
13777,9942287,4014.93
13777,9965578,4014.93
13777,9988973,4014.97
13777,10012943,4014.97
13777,10036922,4014.97
13777,10058120,4015
13777,10058151,4015
13777,1264459,4013.33
13777,1288588,4013.33
13777,1312581,4013.33
13777,1336408,4014.88
13777,1360625,4014.88
13777,1364750,4014.97
13777,1365043,4014.97
13777,1365317,4013.33
13777,1369888,4013.33
13777,1394457,4013.33
13777,1419247,4013.33
13777,1443210,4013.33
13777,1467238,4014.77
13777,1491114,4014.77
13777,1514619,4014.94
13777,1538272,4014.94
13777,1562023,4014.9
13777,1585558,4014.9
13777,1609228,4014.9
13777,1632756,4015.01
13777,1656159,4015.01
13777,1679529,4014.9
13777,1702682,4014.9
13777,1725860,4015.01
13777,1749146,4015.01
13777,1772578,4015.01
13777,1796132,4014.9
13777,1819690,4014.9
13777,1843052,4015.01
13777,1866677,4015.01
13777,1890086,4014.91
13777,1913516,4014.91
13777,1937050,4014.92
13777,1960360,4014.92
13777,1983673,4014.92
13777,2007086,4014.96
13777,2030370,4014.96
13777,2053808,4014.99
13777,2077334,4014.99
13777,2100914,4014.93
13777,2124661,4014.93
13777,2148499,4014.93
13777,2172716,4014.98
13777,2196900,4014.98
13777,2221459,4014.97
13777,2245792,4014.97
13777,2270036,4014.99
13777,2294057,4014.99
13777,2318154,4014.99
13777,2341938,4014.93
13777,2365619,4014.93
13777,2389538,4014.92
13777,2413053,4014.92
13777,2436398,4014.93
13777,2460191,4014.93
13777,2483752,4014.94
13777,2507113,4014.94
13777,2530838,4014.94
13777,2554750,4015.01
13777,2578395,4015.01
13777,2602034,4015
13777,2625586,4015
13777,2649119,4014.95
13777,2672550,4014.95
13777,2695491,4014.95
13777,2718507,4014.98
13777,2741669,4014.98
13777,2764580,4014.93
13777,2788008,4014.93
13777,2811950,4015.02
13777,2835740,4015.02
13777,2859543,4014.95
13777,2883243,4014.95
13777,2907302,4014.95
13777,2931021,4014.98
13777,2954822,4014.98
13777,2955538,4014.96
13777,2955830,4014.96
13777,2956181,4013.33
13777,2956475,4013.33
13777,2956764,4013.33
13777,2957053,4013.33
13777,2957286,4013.33
13777,2957650,4013.33
13777,2957926,4013.33
13777,2958218,4013.33
13777,2958451,4013.33
13777,2958732,4013.33
13777,2958971,4013.33
13777,2959264,4013.33
13777,2959602,4013.33
13777,2959909,4013.33
13777,2960208,4013.33
13777,2960436,4013.33
13777,2960732,4013.33
13777,2961021,4013.33
13777,2961316,4013.33
13777,2961602,4013.33
13777,2961892,4013.33
13777,2962192,4013.33
13777,2962536,4013.33
13777,2962754,4013.33
13777,2963126,4013.33
13777,2963358,4013.33
13777,2963649,4013.33
13777,2963946,4013.33
13777,2964238,4013.33
13777,2964539,4013.33
13777,2964855,4013.33
13777,2965112,4013.33
13777,2965402,4013.33
13777,2965691,4013.33
13777,2965981,4013.33
13777,2966648,4013.33
13777,2977410,4013.33
13777,2999131,4013.33
13777,3021685,4013.33
13777,3044310,4014.65
13777,3067002,4014.65
13777,3089657,4014.65
13777,3112318,4014.93
13777,3134993,4014.93
13777,3157985,4014.97
13777,3180786,4014.97
13777,3204081,4014.92
13777,3227133,4014.92
13777,3250685,4014.95
13777,3274629,4014.95
13777,3298559,4014.95
13777,3322568,4015.06
13777,3346287,4015.06
13777,3370472,4014.97
13777,3394369,4014.97
13777,3418230,4014.97
13777,3441798,4014.97
13777,3465323,4014.97
13777,3488885,4014.95
13777,3512283,4014.95
13777,3535741,4014.98
13777,3558894,4014.98
13777,3582206,4015.01
13777,3605368,4015.01
13777,3628740,4014.94
13777,3652259,4014.94
13777,3675896,4014.94
13777,3699834,4014.94
13777,3723627,4014.94
13777,3747953,4015
13777,3771903,4015
13777,3795321,4014.96
13777,3818622,4014.96
13777,3841924,4014.96
13777,3865344,4014.95
13777,3888111,4014.95
13777,3911425,4014.94
13777,3934965,4014.94
13777,3958650,4015.03
13777,3982308,4015.03
13777,4006180,4014.95
13777,4029820,4014.95
13777,4053749,4014.95
13777,4077699,4014.92
13777,4101874,4014.92
13777,4125832,4015.02
13777,4149640,4015.02
13777,4173445,4015.02
13777,4197032,4015.02
13777,4220285,4015.02
13777,4243430,4014.94
13777,4267217,4014.94
13777,4291134,4014.93
13777,4315043,4014.93
13777,4338671,4014.91
13777,4362347,4014.91
13777,4386414,4014.91
13777,4410346,4015.04
13777,4434433,4015.04
13777,4458117,4014.94
13777,4481925,4014.94
13777,4506117,4014.93
13777,4508020,4014.93
13777,4508309,4014.93
13777,4512993,4013.33
13777,4537516,4013.33
13777,4562150,4015.23
13777,4586013,4015.23
13777,4610010,4014.91
13777,4633586,4014.91
13777,4656866,4014.96
13777,4680162,4014.96
13777,4703468,4014.96
13777,4726672,4014.96
13777,4749927,4014.96
13777,4773210,4014.97
13777,4796908,4014.97
13777,4820162,4014.96
13777,4843756,4014.96
13777,4867163,4014.96
13777,4890747,4014.92
13777,4914297,4014.92
13777,4937845,4014.94
13777,4961473,4014.94
13777,4984913,4014.92
13777,4990533,4014.92
13777,4990820,4013.33
13777,4991122,4013.33
13777,4992919,4013.33
13777,5010840,4013.33
13777,5034238,4013.33
13777,5058211,4014.75
13777,5082123,4014.75
13777,5106102,4014.95
13777,5129742,4014.95
13777,5153261,4014.95
13777,5176488,4014.91
13777,5200286,4014.91
13777,5223455,4015.01
13777,5246997,4015.01
13777,5270810,4014.93
13777,5294764,4014.93
13777,5319144,4014.94
13777,5343765,4014.94
13777,5368473,4014.94
13777,5392674,4014.96
13777,5416843,4014.96
13777,5440923,4014.97
13777,5464477,4014.97
13777,5488156,4014.9
13777,5511258,4014.9
13777,5534878,4014.9
13777,5558427,4014.92
13777,5581853,4014.92
13777,5606045,4015.01
13777,5629748,4015.01
13777,5653784,4014.95
13777,5677622,4014.95
13777,5701332,4014.96
13777,5725088,4014.96
13777,5749139,4014.96
13777,5773096,4014.93
13777,5796559,4014.93
13777,5820318,4014.97
13777,5843802,4014.97
13777,5867525,4014.95
13777,5890838,4014.95
13777,5914664,4014.95
13777,5938156,4014.95
13777,5961759,4014.95
13777,5985039,4014.98
13777,6009119,4014.98
13777,6033189,4015
13777,6057241,4015
13777,6081305,4014.97
13777,6105137,4014.97
13777,6129194,4014.97
13777,6153645,4014.91
13777,6178213,4014.91
13777,6202536,4014.95
13777,6226846,4014.95
13777,6251243,4014.96
13777,6275220,4014.96
13778,56353,4014.96
13778,80232,4014.96
13778,102764,4014.97
13778,125796,4014.97
13778,149489,4014.93
13778,173017,4014.93
13778,196965,4014.93
13778,208595,4014.99
13778,208932,4014.99
13778,209237,4013.33
13778,213752,4013.33
13778,237420,4013.33
13778,261692,4013.33
13778,285588,4014.62
13778,308983,4014.62
13778,332025,4014.62
13778,355028,4015.02
13778,377969,4015.02
13778,401348,4014.91
13778,424420,4014.91
13778,447215,4015.02
13778,470010,4015.02
13778,493367,4015.02
13778,516658,4014.94
13778,539759,4014.94
13778,563349,4015
13778,586341,4015
13778,595465,4014.94
13778,595694,4014.94
13778,595978,4014.94
13778,596327,4013.33
13778,596622,4013.33
13778,599332,4013.33
13778,618401,4013.33
13778,6271708,4014.95
13778,6294310,4014.95
13778,6317522,4014.98
13778,6341064,4014.98
13778,6364086,4014.95
13778,6387160,4014.95
13778,6410709,4014.98
13778,6434223,4014.98
13778,6434473,4014.98
13778,6434821,4014.97
13778,6435113,4014.97
13778,6435323,4013.33
13778,6443222,4013.33
13778,6470982,4013.33
13778,6494671,4013.33
13778,6518260,4014.71
13778,6542670,4014.71
13778,6567897,4014.71
13778,6590811,4014.96
13778,6613830,4014.96
13778,6637109,4014.95
13778,6659876,4014.95
13778,6682946,4014.95
13778,6705987,4014.95
13778,6729299,4014.94
13778,6752337,4014.94
13778,6775845,4014.94
13778,6798789,4015
13778,6821600,4015
13778,6845103,4014.99
13778,6868170,4014.99
13778,641399,4015.35
13778,664496,4015.35
13778,687280,4014.96
13778,710163,4014.96
13778,726259,4014.96
13778,726511,4014.94
13778,726807,4014.94
13778,739367,4013.33
13778,762196,4013.33
13778,785356,4014.74
13778,808407,4014.74
13778,831564,4014.74
13778,854480,4015.05
13778,877115,4015.05
13778,899728,4015.02
13778,923080,4015.02
13778,946495,4014.92
13778,970069,4014.92
13778,993617,4014.97
13778,1016731,4014.97
13778,1040531,4014.97
13778,1064153,4014.93
13778,1087834,4014.93
13778,1110980,4014.86
13778,1134615,4014.86
13778,1157670,4015
13778,1180934,4015
13778,1204381,4015
13778,1227467,4014.98
13778,1250776,4014.98
13778,6891614,4014.95
13778,6914869,4014.95
13778,6937681,4014.95
13778,6961023,4014.96
13778,6984258,4014.96
13778,7007565,4014.98
13778,7031150,4014.98
13778,7054534,4014.94
13778,7078233,4014.94
13778,7102166,4014.94
13778,7125341,4014.97
13778,7148519,4014.97
13778,7171541,4014.94
13778,7194703,4014.94
13778,7218341,4014.94
13778,7241685,4014.94
13778,7264965,4014.94
13778,7288131,4014.99
13778,7311493,4014.99
13778,7334602,4014.9
13778,7357652,4014.9
13778,7381263,4014.97
13778,7404248,4014.97
13778,7427829,4014.99
13778,7450762,4014.99
13778,7473654,4014.99
13778,7484285,4015
13778,7484503,4015
13778,7484813,4013.33
13778,7495120,4013.33
13778,7518448,4014.18
13778,7542035,4014.18
13778,7565769,4014.18
13778,7589395,4015.08
13778,7612474,4015.08
13778,7636174,4014.94
13778,7659970,4014.94
13778,7682936,4014.94
13778,7706180,4014.94
13778,7729755,4014.94
13778,7752771,4014.9
13778,7776596,4014.9
13778,7799619,4014.92
13778,7822527,4014.92
13778,7845947,4014.97
13778,7869045,4014.97
13778,7892736,4014.97
13778,7915546,4014.99
13778,7938244,4014.99
13778,7960903,4015.02
13778,7983954,4015.02
13778,8006728,4014.94
13778,8029672,4014.94
13778,8052540,4014.94
13778,8075733,4014.98
13778,8099399,4014.98
13778,8122713,4014.98
13778,8146728,4014.98
13778,8170452,4015.01
13778,8194008,4015.01
13778,8216597,4015.01
13778,8240214,4014.96
13778,8262996,4014.96
13778,8286015,4015.04
13778,8309257,4015.04
13778,8332509,4014.98
13778,8355791,4014.98
13778,8378558,4014.98
13778,8401439,4015
13778,8424138,4015
13778,8447080,4015.02
13778,8470219,4015.02
13778,8493340,4014.99
13778,8516179,4014.99
13778,8539456,4014.95
13778,8563186,4014.95
13778,8586615,4014.95
13778,8610607,4014.97
13778,8634431,4014.97
13778,8657733,4015.03
13778,8681520,4015.03
13778,8704908,4014.91
13778,8728784,4014.91
13778,8752466,4014.91
13778,8775843,4014.94
13778,8799676,4014.94
13778,8822703,4014.96
13778,8845911,4014.96
13778,8869454,4014.97
13778,8892760,4014.97
13778,8915398,4014.97
13778,8938533,4014.91
13778,8961872,4014.91
13778,8985144,4014.98
13778,9009107,4014.98
13778,9032846,4014.99
13778,9056323,4014.99
13778,9079768,4014.99
13778,9102927,4014.94
13778,9126136,4014.94
13778,9149770,4014.98
13778,9173310,4014.98
13778,9196609,4014.98
13778,9220049,4014.98
13778,9243756,4015.03
13778,9267266,4015.03
13778,9290648,4015.03
13778,9314066,4015.02
13778,9337259,4015.02
13778,9360591,4014.99
13778,9384390,4014.99
13778,9407695,4014.98
13778,9430478,4014.98
13778,9453251,4014.98
13778,9475823,4014.98
13778,9498948,4014.98
13778,9522627,4014.96
13778,9545832,4014.96
13778,9569236,4014.91
13778,9592724,4014.91
13778,9616722,4014.91
13778,9639563,4014.93
13778,9662933,4014.93
13778,9686476,4014.99
13778,9710168,4014.99
13778,9733721,4014.96
13778,9757314,4014.96
13778,9781080,4014.96
13778,9804593,4014.97
13778,9827593,4014.97
13778,9851246,4014.97
13778,9875052,4014.97
13778,9898203,4014.94
13778,9920624,4014.94
13778,9943691,4014.97
13778,9966862,4014.97
13778,9989968,4014.97
13778,10013430,4015
13778,10036526,4015
13778,10059388,4015.01
13778,10082505,4015.01
13778,10088394,4014.92
13778,10088695,4014.92
13778,10090830,4014.92
13778,10110963,4013.33
13778,10135766,4013.33
13778,10160099,4014.93
13778,10184284,4014.93
13778,10207829,4014.98
13778,10231436,4014.98
13778,10255114,4014.98
13778,10279004,4014.9
13778,10302447,4014.9
13778,10326174,4014.96
13778,10349402,4014.96
13778,10372976,4014.89
13778,10396884,4014.89
13778,10420798,4014.89
13778,10444218,4014.97
13778,10467670,4014.97
13778,10491202,4014.98
13778,10514211,4014.98
13778,10537506,4014.91
13778,10560482,4014.91
13778,10583869,4014.91
13778,10607188,4014.99
13778,10630415,4014.99
13778,10653911,4014.91
13778,10677586,4014.91
13778,10701137,4014.94
13778,10724898,4014.94
13778,10748379,4014.95
13778,10772174,4014.95
13778,10795854,4014.95
13778,10819506,4014.9
13778,10842462,4014.9
13778,10866027,4014.92
13778,10889806,4014.92
13778,10913222,4014.92
13778,10936659,4014.92
13778,10960325,4014.92
13778,10983107,4014.89
13778,11006315,4014.89
13778,11029038,4014.98
13778,11051599,4014.98
13778,11074641,4014.96
13778,11097710,4014.96
13778,11120768,4014.96
13778,11144205,4014.87
13778,11167561,4014.87
13778,11190931,4014.98
13778,11214180,4014.98
13778,11238079,4014.93
13778,11262141,4014.93
13778,11285568,4014.92
13778,11308820,4014.92
13778,11331909,4014.92
13778,11355093,4014.94
13778,11378255,4014.94
13778,11401204,4014.9
13778,11410301,4014.9
13778,11410583,4014.74
13778,11410878,4014.74
13778,11411181,4014.74
13778,11411409,4013.33
13778,11411765,4013.33
13778,11415666,4013.33
13778,11432782,4013.33
13778,11433026,4014.71
13778,11433317,4014.71
13778,11433608,4014.71
13778,11433907,4013.33
13778,11435649,4013.33
13778,11453681,4013.33
13778,11477262,4013.33
13778,11500795,4014.69
13778,11523824,4014.69
13778,11546754,4014.69
13778,11569540,4014.95
13778,11592453,4014.95
13778,11615117,4014.98
13778,11638141,4014.98
13778,11661198,4014.94
13778,11684033,4014.94
13778,11707648,4014.99
13778,11731528,4014.99
13778,11755111,4014.99
13778,11779196,4014.94
13778,11802790,4014.94
13778,11826413,4014.95
13778,11850113,4014.95
13778,11873398,4014.93
13778,11896823,4014.93
13778,11920379,4014.93
13778,11943406,4014.99
13778,11966336,4014.99
13778,11989258,4014.9
13778,12011535,4014.9
13778,12034953,4014.96
13778,12058111,4014.96
13778,12081391,4014.96
13778,12105080,4014.89
13778,12128650,4014.89
13778,12152073,4014.92
13778,12175341,4014.92
13778,12198717,4015
13778,12222457,4015
13778,12245512,4014.96
13778,12269617,4014.96
13778,12293113,4014.96
13778,12316528,4014.92
13778,12339637,4014.92
13778,12363265,4014.97
13778,12386507,4014.97
13778,12410115,4014.9
13778,12432652,4014.9
13778,12455557,4014.9
13778,12478202,4014.89
13778,12500596,4014.89
13778,12524194,4015
13778,12548042,4015
13778,12571381,4014.94
13778,12594519,4014.94
13778,12617827,4014.94
13778,12640560,4014.98
13778,12663683,4014.98
13778,12687045,4014.94
13778,12710425,4014.94
13778,12733682,4014.93
13778,12756891,4014.93
13778,12758550,4014.95
13778,12759332,4014.95
13778,12774486,4014.95
13778,12799150,4013.33
13778,12823295,4013.33
13778,12833542,4014.85
13778,12833826,4014.85
13778,12835327,4013.33
13778,12853002,4013.33
13778,12877570,4013.33
13778,12901965,4014.94
13778,12924569,4014.94
13778,12947830,4014.92
13778,12970997,4014.92
13778,12993880,4014.96
13778,13016424,4014.96
13778,13039723,4014.96
13778,13062521,4014.9
13778,13085614,4014.9
13778,13108137,4014.92
13778,1274049,4014.96
13778,1296958,4014.96
13778,1320131,4014.97
13778,1343214,4014.97
13778,1366492,4014.97
13778,1389327,4014.97
13778,1396040,4014.97
13778,1396326,4015.01
13778,1396545,4015.01
13778,1396844,4013.33
13778,1397136,4013.33
13778,1397436,4013.33
13778,1397727,4013.33
13778,1398020,4013.33
13778,1398368,4013.33
13778,1398652,4013.33
13778,1398950,4013.33
13778,1399243,4013.33
13778,1403586,4013.33
13778,1424259,4013.33
13778,1447013,4015.21
13778,1469623,4015.21
13778,1492586,4015.21
13778,1515829,4014.94
13778,1538657,4014.94
13778,1561785,4014.98
13778,1584562,4014.98
13778,1607636,4014.96
13778,1631258,4014.96
13778,1654620,4014.98
13778,1678062,4014.98
13778,1701080,4014.98
13778,1724347,4014.92
13778,1747930,4014.92
13778,1771777,4015.01
13778,1795377,4015.01
13778,1818604,4015.01
13778,1841903,4015.01
13778,1865305,4015.01
13778,13130605,4014.92
13778,13153657,4014.89
13778,13176158,4014.89
13778,13198963,4014.89
13778,13221369,4014.95
13778,13244402,4014.95
13778,13267665,4014.99
13778,13290999,4014.99
13778,13313648,4015
13778,13337189,4015
13778,13360641,4014.94
13778,13384939,4014.94
13778,13408933,4014.94
13778,13432815,4014.96
13778,13456365,4014.96
13778,13480064,4014.96
13778,13503038,4014.96
13778,13526250,4014.87
13778,13549458,4014.87
13778,13573112,4014.87
13778,13595982,4014.89
13778,13618906,4014.89
13778,13641702,4014.87
13778,13664241,4014.87
13778,13687513,4014.98
13778,13710294,4014.98
13778,13732968,4014.98
13778,13756360,4014.97
13778,13779692,4014.97
13778,13803290,4014.95
13778,13826090,4014.95
13778,13849752,4014.97
13778,13873384,4014.97
13778,13896866,4014.97
13778,13920420,4014.93
13778,13944195,4014.93
13778,13967603,4014.96
13778,13990979,4014.96
13778,14014500,4014.95
13778,14037242,4014.95
13778,14059987,4014.95
13778,14082722,4014.93
13778,14105739,4014.93
13778,14128748,4014.98
13778,14151546,4014.98
13778,14174575,4014.9
13778,14198134,4014.9
13778,14221563,4014.9
13778,14245257,4014.9
13778,14268904,4014.9
13778,14292331,4014.97
13778,14315643,4014.97
13778,14338822,4014.95
13778,14361943,4014.95
13778,14385011,4014.95
13778,14407916,4014.95
13778,14431007,4014.95
13778,14454428,4015.01
13778,14477680,4015.01
13778,14500732,4015.03
13778,14524109,4015.03
13778,14547210,4014.97
13778,14570376,4014.97
13778,14593469,4014.97
13778,14616444,4014.96
13778,14639260,4014.96
13778,14662019,4014.96
13778,14684926,4014.96
13778,14707872,4014.95
13778,14731443,4014.95
13778,14754687,4014.98
13778,14777322,4014.98
13778,14800423,4014.98
13778,14823810,4014.9
13778,14846818,4014.9
13778,14870388,4015.05
13778,14894325,4015.05
13778,14917871,4014.89
13778,14942060,4014.89
13778,14965736,4014.89
13778,14990024,4014.95
13778,15013482,4014.95
13778,15037418,4014.93
13778,15060521,4014.93
13778,15083753,4014.96
13778,15107188,4014.96
13778,15130367,4014.96
13778,15153268,4014.97
13778,15176187,4014.97
13778,15199464,4014.96
13778,15222645,4014.96
13778,15246324,4014.96
13778,15270020,4014.96
13778,15293180,4014.96
13778,15316226,4014.96
13778,15339085,4014.96
13778,15361919,4014.92
13778,15384934,4014.92
13778,15408232,4015.2
13778,15419093,4015.2
13778,15419408,4014.94
13778,15420263,4014.94
13778,15435010,4014.94
13778,15459247,4013.33
13778,15482641,4013.33
13778,15505863,4014.81
13778,15529580,4014.81
13778,15552857,4014.91
13778,15573857,4014.91
13778,15574069,4014.91
13778,15574355,4014.94
13778,15577245,4014.94
13778,15597483,4013.33
13778,15621229,4013.33
13778,15645070,4014.8
13778,15668401,4014.8
13778,15692193,4014.8
13778,15716104,4014.91
13778,15739296,4014.91
13778,15762196,4014.91
13778,15785340,4014.91
13778,15808301,4014.86
13778,15831321,4014.86
13778,15854018,4014.86
13778,15877151,4014.99
13778,15900716,4014.99
13778,15924144,4014.87
13778,15946948,4014.87
13778,15970335,4015
13778,15993436,4015
13778,16016427,4014.9
13778,16039054,4014.9
13778,16061948,4014.9
13778,16084907,4014.92
13778,16108101,4014.92
13778,16131445,4014.98
13778,16154840,4014.98
13778,16178370,4014.85
13778,16202282,4014.85
13778,16225683,4014.85
13778,16249338,4014.91
13778,16272800,4014.91
13778,16283420,4014.98
13778,16283697,4014.98
13778,16284754,4013.33
13778,16288110,4013.33
13778,16288432,4013.33
13778,16292171,4015.09
13778,16314881,4015.09
13778,16339152,4015.09
13778,16362937,4015.09
13778,16372095,4014.91
13778,16372388,4014.91
13778,16374795,4014.91
13778,16394871,4013.33
13778,16419700,4013.33
13778,16444032,4014.92
13778,16467110,4014.92
13778,16490544,4014.96
13778,16513266,4014.96
13778,16536703,4014.96
13778,16560150,4015.02
13778,16583135,4015.02
13778,16606349,4015.02
13778,16629702,4015.02
13778,16653070,4014.98
13778,16676626,4014.98
13778,16699983,4014.98
13778,16723830,4014.99
13778,16747443,4014.99
13778,16770690,4014.99
13778,16793459,4014.99
13778,16816054,4014.98
13778,16829859,4014.98
13778,16830148,4014.98
13778,16830438,4013.33
13778,16830718,4013.33
13778,16832144,4013.33
13778,16850476,4013.33
13778,16876139,4016.29
13778,16900634,4016.29
13778,16924839,4016.29
13778,16948249,4014.44
13778,16972014,4014.44
13778,16995370,4014.97
13778,17018641,4014.97
13778,17041755,4014.93
13778,17064940,4014.93
13778,17087963,4014.93
13778,17111023,4014.93
13778,17133969,4014.93
13778,17157155,4014.88
13778,17180564,4014.88
13778,17197457,4014.96
13778,17197739,4014.96
13778,17205404,4013.33
13778,17229379,4013.33
13778,17253766,4013.33
13778,17277396,4014.86
13778,17286210,4014.86
13778,17286501,4014.97
13778,17288151,4014.97
13778,17306493,4013.33
13778,17330389,4013.33
13778,17354477,4013.33
13778,17377258,4014.79
13778,17400284,4014.79
13778,17423591,4015
13778,17446516,4015
13778,17469566,4014.99
13778,17492198,4014.99
13778,17515757,4014.99
13778,17539061,4014.99
13778,17562992,4014.99
13778,17586289,4014.89
13778,17609974,4014.89
13778,17627818,4014.96
13778,17628112,4014.96
13778,17628401,4013.33
13778,17628682,4013.33
13778,17628925,4013.33
13778,17629221,4013.33
13778,17629511,4013.33
13778,17632847,4013.33
13778,17649608,4013.33
13778,17674078,4015.26
13778,17698122,4015.26
13778,17722459,4014.93
13778,17745872,4014.93
13778,17761548,4014.93
13778,17761817,4014.96
13778,17762111,4014.96
13778,17762407,4013.33
13778,17766357,4013.33
13778,17788022,4013.33
13778,17811972,4013.33
13778,17833946,4013.33
13778,17834216,4014.96
13778,17834509,4014.96
13778,17834800,4013.33
13778,17843911,4013.33
13778,17867842,4013.33
13778,17891662,4013.33
13778,17915245,4014.91
13778,17939005,4014.91
13778,17962536,4014.91
13778,17985594,4014.9
13778,18008494,4014.9
13778,18031406,4014.95
13778,18054272,4014.95
13778,18077309,4014.91
13778,18100487,4014.91
13778,18116807,4014.91
13778,18117094,4014.95
13778,18117386,4014.95
13778,18119631,4013.33
13778,18139233,4013.33
13778,18164239,4014.57
13778,18188628,4014.57
13778,18212452,4014.91
13778,18236039,4014.91
13778,18251192,4014.91
13778,18251496,4014.96
13778,18251793,4014.96
13778,18260579,4013.33
13778,18284621,4013.33
13778,18308733,4014.96
13778,18332107,4014.96
13778,18355805,4014.96
13778,18378700,4014.91
13778,18401124,4014.91
13778,18423644,4014.94
13778,18446559,4014.94
13778,18469331,4014.93
13778,18492252,4014.93
13778,18515165,4014.93
13778,18538335,4014.98
13778,18562504,4014.98
13778,18586213,4015
13778,18610301,4015
13778,18633955,4014.96
13778,18657369,4014.96
13778,18680291,4014.97
13778,18703444,4014.97
13778,18726352,4014.97
13778,18749519,4014.99
13778,18772628,4014.99
13778,18796363,4014.96
13778,18809160,4014.96
13778,18809531,4014.95
13778,18809820,4014.95
13778,18812266,4013.33
13778,18831739,4013.33
13778,18856987,4013.33
13778,18881242,4014.91
13778,18905181,4014.91
13778,18928732,4014.95
13778,18951911,4014.95
13778,18975492,4014.92
13778,18998754,4014.92
13778,19021668,4014.92
13778,19044704,4014.91
13778,19067951,4014.91
13778,19091798,4014.95
13778,19112924,4014.95
13778,19113169,4015
13778,19113520,4015
13778,19113821,4013.33
13778,19114227,4013.33
13778,19127414,4013.33
13778,19150503,4013.33
13778,19173871,4013.33
13778,19197826,4014.86
13778,19221127,4014.86
13778,19243782,4014.94
13778,19267109,4014.94
13778,19290246,4014.94
13778,19313620,4014.94
13778,19336582,4014.94
13778,19359483,4014.98
13778,1889071,4014.98
13778,1912598,4014.98
13778,1936595,4014.97
13778,1959851,4014.97
13778,1983465,4014.97
13778,2006755,4014.97
13778,2030176,4014.93
13778,2053147,4014.93
13778,2076547,4014.93
13778,2099950,4014.98
13778,2123051,4014.98
13778,2146026,4015.02
13778,2169582,4015.02
13778,2193285,4014.95
13778,2216781,4014.95
13778,2240363,4014.95
13778,2263789,4014.96
13778,2287089,4014.96
13778,2311008,4014.94
13778,2334783,4014.94
13778,2359044,4015
13778,2383190,4015
13778,2406997,4015
13778,2430291,4014.89
13778,2453599,4014.89
13778,2476908,4014.96
13778,2500195,4014.96
13778,19382910,4014.98
13778,19406155,4014.98
13778,19429367,4014.98
13778,19452325,4014.88
13778,19475445,4014.88
13778,19498248,4014.88
13778,19521178,4014.94
13778,19544069,4014.94
13778,19553133,4014.97
13778,19553375,4014.97
13778,19553719,4013.33
13778,19553943,4013.33
13778,19554247,4013.33
13778,19554598,4013.33
13778,19554817,4013.33
13778,19555121,4013.33
13778,19555419,4013.33
13778,19556476,4013.33
13778,19571698,4013.33
13778,19595492,4015.29
13778,19619111,4015.29
13778,19642496,4015.29
13778,19666014,4014.9
13778,19689054,4014.9
13778,19712635,4014.94
13778,19735944,4014.94
13778,19759508,4014.97
13778,19782377,4014.97
13778,19805675,4014.97
13778,19814601,4014.93
13778,19814887,4014.93
13778,19815233,4013.33
13778,19815523,4013.33
13778,19815755,4013.33
13778,19823958,4013.33
13778,19847763,4013.33
13778,19864856,4013.33
13778,19865136,4013.33
13778,19865428,4014.88
13778,19865730,4014.88
13778,19866018,4013.33
13778,19870250,4013.33
13778,19892470,4013.33
13778,19916698,4013.33
13778,19940649,4014.76
13778,19964063,4014.76
13778,19987003,4014.76
13778,20010181,4014.95
13778,20033865,4014.95
13778,20056749,4014.95
13778,20080117,4014.95
13778,20095938,4014.9
13778,20095938,4014.9
13778,2523034,4014.87
13778,2546097,4014.87
13778,2568937,4014.89
13778,2591831,4014.89
13778,2615143,4014.89
13778,2638167,4014.92
13778,2661335,4014.92
13778,2684772,4014.93
13778,2708336,4014.93
13778,2731535,4014.95
13778,2754703,4014.95
13778,2778199,4014.95
13778,2801238,4015.01
13778,2824429,4015.01
13778,2847468,4014.92
13778,2870877,4014.92
13778,2894110,4014.97
13778,2917261,4014.97
13778,2940828,4014.97
13778,2964074,4014.99
13778,2987529,4014.99
13778,3011176,4014.97
13778,3034713,4014.97
13778,3058041,4014.95
13778,3081257,4014.95
13778,3104483,4014.96
13778,3127904,4014.96
13778,3151082,4014.96
13778,3174099,4014.91
13778,3197040,4014.91
13778,3219824,4015.03
13778,3243142,4015.03
13778,3266347,4014.98
13778,3289811,4014.98
13778,3292184,4014.98
13778,3295248,4014.95
13778,3317367,4014.95
13778,3341898,4013.33
13778,3366148,4013.33
13778,3390002,4014.89
13778,3413625,4014.89
13778,3436731,4014.94
13778,3460380,4014.94
13778,3483444,4014.94
13778,3506920,4014.99
13778,3530556,4014.99
13778,3554052,4014.96
13778,3577274,4014.96
13778,3600562,4014.99
13778,3623371,4014.99
13778,3646481,4014.99
13778,3669082,4014.95
13778,3692227,4014.95
13778,3715638,4014.97
13778,3739246,4014.97
13778,3762494,4014.88
13778,3785652,4014.88
13778,3808693,4014.94
13778,3832184,4014.94
13778,3855846,4014.94
13778,3879238,4014.96
13778,3902916,4014.96
13778,3926344,4014.92
13778,3950193,4014.92
13778,3973514,4014.99
13778,3996990,4014.99
13778,4020645,4014.99
13778,4043899,4014.95
13778,4066731,4014.95
13778,4089548,4014.96
13778,4112878,4014.96
13778,4136637,4014.97
13778,4160454,4014.97
13778,4184526,4014.95
13778,4208749,4014.95
13778,4232638,4014.95
13778,4256711,4014.95
13778,4280500,4014.95
13778,4304460,4015.06
13778,4327878,4015.06
13778,4349390,4014.94
13778,4349711,4014.94
13778,4350128,4014.94
13778,4363827,4013.33
13778,4387762,4013.33
13778,4411414,4015.12
13778,4435290,4015.12
13778,4458751,4014.99
13778,4481710,4014.99
13778,4504493,4014.99
13778,4527214,4014.97
13778,4550083,4014.97
13778,4572975,4014.95
13778,4596399,4014.95
13778,4619947,4014.89
13778,4643434,4014.89
13778,4667010,4014.89
13778,4690347,4014.89
13778,4713269,4014.89
13778,4736058,4014.92
13778,4759593,4014.92
13778,4783111,4014.99
13778,4806975,4014.99
13778,4831025,4014.99
13778,4854461,4014.92
13778,4878130,4014.92
13778,4901978,4015
13778,4925353,4015
13778,4948738,4014.96
13778,4972456,4014.96
13778,4995495,4014.96
13778,5019066,4015.01
13778,5042831,4015.01
13778,5049501,4014.93
13778,5049797,4014.93
13778,5053539,4013.33
13778,5076576,4013.33
13778,5101262,4015.06
13778,5125267,4015.06
13778,5149777,4015.06
13778,5173440,4014.92
13778,5196434,4014.92
13778,5219943,4014.92
13778,5243343,4014.92
13778,5266383,4014.97
13778,5289552,4014.97
13778,5312740,4014.97
13778,5335841,4014.9
13778,5358929,4014.9
13778,5381862,4014.95
13778,5405159,4014.95
13778,5428580,4014.94
13778,5452133,4014.94
13778,5476289,4014.94
13778,5500258,4014.98
13778,5524144,4014.98
13778,5548275,4014.88
13778,5572121,4014.88
13778,5595491,4014.96
13778,5619454,4014.96
13778,5642574,4014.92
13778,5666271,4014.92
13778,5689981,4014.92
13778,5713489,4014.88
13778,5733222,4014.88
13778,5733428,4015
13778,5735639,4015
13778,5756287,4013.33
13778,5781201,4013.33
13778,5805588,4013.33
13778,5829454,4014.68
13778,5852708,4014.68
13778,5875671,4014.93
13778,5898698,4014.93
13778,5922268,4014.91
13778,5945307,4014.91
13778,5969119,4014.91
13778,5993039,4014.97
13778,6016560,4014.97
13778,6040002,4015
13778,6063141,4015
13778,6086226,4014.95
13778,6109385,4014.95
13778,6132521,4014.95
13778,6155500,4014.96
13778,6178786,4014.96
13778,6202263,4014.97
13778,6225744,4014.97
13778,6248745,4014.95
13779,58256,4014.93
13779,81254,4014.95
13779,104346,4014.95
13779,127910,4014.95
13779,151609,4014.98
13779,175173,4014.98
13779,198610,4014.93
13779,209747,4014.93
13779,210079,4014.93
13779,210660,4014.93
13779,225704,4013.33
13779,249904,4013.33
13779,274383,4013.33
13779,298581,4014.92
13779,322194,4014.92
13779,346030,4014.93
13779,369484,4014.93
13779,393049,4015.11
13779,416221,4015.11
13779,439545,4015.11
13779,463323,4014.92
13779,486285,4014.92
13779,510015,4014.97
13779,533237,4014.97
13779,557108,4014.98
13779,581130,4014.98
13779,604904,4014.99
13779,6214733,4014.93
13779,6237782,4014.9
13779,6261057,4014.9
13779,6284651,4014.97
13779,6308372,4014.97
13779,6331652,4014.97
13779,6355453,4014.97
13779,6379190,4014.97
13779,6402923,4015.01
13779,6426073,4015.01
13779,6449264,4014.96
13779,6450694,4014.96
13779,6450997,4013.33
13779,6462857,4013.33
13779,6483828,4015.03
13779,6484037,4015.03
13779,6484340,4015.03
13779,6484668,4013.33
13779,6485538,4013.33
13779,6500800,4013.33
13779,6524468,4013.33
13779,6548158,4014.86
13779,6571920,4014.86
13779,6595110,4014.86
13779,6618285,4014.91
13779,6641680,4014.91
13779,6664635,4014.94
13779,6687606,4014.94
13779,6710605,4014.88
13779,6733736,4014.88
13779,6756759,4014.88
13779,6780256,4014.91
13779,6803625,4014.91
13779,628311,4014.99
13779,651766,4014.99
13779,675943,4014.9
13779,699789,4014.9
13779,722776,4014.94
13779,745830,4014.94
13779,769550,4014.94
13779,792678,4014.94
13779,815720,4014.94
13779,839220,4014.94
13779,862839,4014.94
13779,885471,4014.97
13779,908381,4014.97
13779,931926,4014.93
13779,954713,4014.93
13779,978386,4014.97
13779,1001884,4014.97
13779,1025195,4014.97
13779,1048446,4014.92
13779,1071449,4014.92
13779,1095615,4014.93
13779,1120056,4014.93
13779,1144416,4014.94
13779,1168746,4014.94
13779,1191649,4014.94
13779,1215070,4014.94
13779,1238104,4014.94
13779,6826826,4014.97
13779,6849568,4014.97
13779,6872890,4014.94
13779,6896674,4014.94
13779,6920086,4015.01
13779,6943594,4015.01
13779,6967119,4015.01
13779,6990865,4014.97
13779,7014024,4014.97
13779,7037475,4014.99
13779,7060890,4014.99
13779,7084394,4014.95
13779,7108132,4014.95
13779,7131560,4014.95
13779,7155387,4014.94
13779,7178655,4014.94
13779,7202109,4014.95
13779,7225854,4014.95
13779,7248964,4014.95
13779,7272315,4014.95
13779,7295674,4014.95
13779,7318988,4014.96
13779,7342782,4014.96
13779,7366530,4014.96
13779,7389760,4014.96
13779,7413303,4014.93
13779,7436366,4014.93
13779,7459736,4014.93
13779,7482917,4014.9
13779,7505704,4014.9
13779,7528881,4014.99
13779,7552437,4014.99
13779,7575703,4014.95
13779,7599023,4014.95
13779,7623285,4014.95
13779,7647401,4014.91
13779,7671581,4014.91
13779,7695963,4014.94
13779,7719831,4014.94
13779,7743295,4014.94
13779,7743544,4014.95
13779,7743891,4014.95
13779,7744103,4013.33
13779,7745570,4013.33
13779,7763475,4013.33
13779,7787019,4013.33
13779,7810714,4013.33
13779,7833640,4014.81
13779,7856675,4014.81
13779,7865622,4014.9
13779,7865914,4014.9
13779,7871180,4013.33
13779,7872243,4013.33
13779,7872529,4013.33
13779,7875980,4013.33
13779,7876200,4013.33
13779,7876524,4015.21
13779,7876848,4015.21
13779,7877057,4013.33
13779,7877363,4013.33
13779,7877657,4013.33
13779,7877950,4013.33
13779,7878242,4013.33
13779,7878534,4013.33
13779,7878826,4013.33
13779,7879117,4013.33
13779,7879415,4013.33
13779,7879701,4013.33
13779,7879995,4013.33
13779,7880285,4013.33
13779,7880586,4013.33
13779,7880877,4013.33
13779,7887581,4013.33
13779,7907808,4013.33
13779,7908506,4015.1
13779,7908804,4015.1
13779,7910311,4015.1
13779,7914894,4013.33
13779,7915129,4013.33
13779,7915419,4013.33
13779,7915772,4013.33
13779,7916067,4013.33
13779,7916278,4013.33
13779,7916892,4013.33
13779,7927539,4013.33
13779,7948541,4013.33
13779,7970921,4014.65
13779,7993374,4014.65
13779,8016481,4015.04
13779,8039390,4015.04
13779,8062311,4015.04
13779,8085414,4014.98
13779,8108096,4014.98
13779,8130652,4015
13779,8152992,4015
13779,8175542,4014.95
13779,8198108,4014.95
13779,8220984,4014.95
13779,8244024,4014.96
13779,8267662,4014.96
13779,8291190,4014.97
13779,8314548,4014.97
13779,8337876,4014.93
13779,8361866,4014.93
13779,8385381,4014.93
13779,8408922,4014.97
13779,8431996,4014.97
13779,8454897,4014.96
13779,8477777,4014.96
13779,8500319,4014.94
13779,8523103,4014.94
13779,8545895,4014.94
13779,8568924,4014.98
13779,8592582,4014.98
13779,8616291,4014.96
13779,8639794,4014.96
13779,8663368,4014.96
13779,8687359,4014.96
13779,8711225,4014.96
13779,8735207,4014.91
13779,8758773,4014.91
13779,8782397,4014.97
13779,8806382,4014.97
13779,8829962,4014.94
13779,8853531,4014.94
13779,8877425,4014.94
13779,8901147,4014.94
13779,8924722,4014.94
13779,8947761,4014.98
13779,8971163,4014.98
13779,8994651,4014.92
13779,9018353,4014.92
13779,9041822,4014.92
13779,9065857,4014.96
13779,9089586,4014.96
13779,9112815,4014.97
13779,9135747,4014.97
13779,9159037,4014.96
13779,9181788,4014.96
13779,9200397,4014.96
13779,9200700,0
13779,9201549,0
13779,9218937,4013.33
13779,9234659,4013.33
13779,9234941,4014.95
13779,9235528,4014.95
13779,9247963,4014.95
13779,9260752,4013.33
13779,9261095,4013.33
13779,9262482,4013.33
13779,9267504,4013.33
13779,9267793,4014.97
13779,9268088,4014.97
13779,9268372,4014.97
13779,9268652,4013.33
13779,9268956,4013.33
13779,9269746,4013.33
13779,9271405,4013.33
13779,9271717,4013.33
13779,9272008,4013.33
13779,9272305,4013.33
13779,9272636,4013.33
13779,9272892,4013.33
13779,9273186,4013.33
13779,9273468,4013.33
13779,9273760,4013.33
13779,9274050,4013.33
13779,9275535,4013.33
13779,9292039,4013.33
13779,9314830,4013.33
13779,9337289,4014.86
13779,9360527,4014.86
13779,9383692,4014.96
13779,9407151,4014.96
13779,9430411,4014.97
13779,9453591,4014.97
13779,9477283,4014.97
13779,9500243,4014.94
13779,9523722,4014.94
13779,9546773,4015.01
13779,9570319,4015.01
13779,9593750,4014.93
13779,9617501,4014.93
13779,9641285,4014.93
13779,9664908,4014.91
13779,9688470,4014.91
13779,9711514,4015.01
13779,9735014,4015.01
13779,9758481,4014.99
13779,9782053,4014.99
13779,9805232,4014.99
13779,9828670,4014.95
13779,9852852,4014.95
13779,9876241,4014.98
13779,9900154,4014.98
13779,9923443,4015
13779,9946760,4015
13779,9970082,4015
13779,9993359,4014.95
13779,10016935,4014.95
13779,10040126,4014.94
13779,10063600,4014.94
13779,10086970,4014.96
13779,10110996,4014.96
13779,10134792,4014.96
13779,10158495,4014.93
13779,10181905,4014.93
13779,10205942,4014.98
13779,10230094,4014.98
13779,10253715,4014.96
13779,10277125,4014.96
13779,10301055,4014.96
13779,10324355,4014.94
13779,10347822,4014.94
13779,10371217,4014.97
13779,10394819,4014.97
13779,10418278,4014.95
13779,10441610,4014.95
13779,10465304,4014.95
13779,10488652,4014.96
13779,10511900,4014.96
13779,10534989,4015
13779,10558162,4015
13779,10581659,4014.97
13779,10605315,4014.97
13779,10628787,4014.97
13779,10652181,4014.92
13779,10675100,4014.92
13779,10698140,4014.93
13779,10721328,4014.93
13779,10744206,4014.95
13779,10767502,4014.95
13779,10790787,4014.96
13779,10814163,4014.96
13779,10838364,4014.96
13779,10861585,4014.97
13779,10884650,4014.97
13779,10908108,4014.95
13779,10931994,4014.95
13779,10953606,4014.93
13779,10953860,4014.93
13779,10955932,4014.93
13779,10976078,4013.33
13779,11001856,4013.33
13779,11026843,4014.95
13779,11050263,4014.95
13779,11073895,4015.01
13779,11097104,4015.01
13779,11120788,4015.01
13779,11144205,4015.02
13779,11167894,4015.02
13779,11191440,4014.95
13779,11214449,4014.95
13779,11237931,4014.98
13779,11261846,4014.98
13779,11284869,4014.92
13779,11308435,4014.92
13779,11331635,4014.92
13779,11355165,4014.93
13779,11378320,4014.93
13779,11401885,4014.93
13779,11425713,4014.93
13779,11448864,4015.01
13779,11472243,4015.01
13779,11495686,4015.01
13779,11519371,4014.96
13779,11543293,4014.96
13779,11567529,4014.94
13779,11591334,4014.94
13779,11614480,4014.92
13779,11638811,4014.92
13779,11662144,4014.98
13779,11686069,4014.98
13779,11709223,4014.98
13779,11732512,4015.02
13779,11755405,4015.02
13779,11777943,4014.87
13779,11800982,4014.87
13779,11823898,4014.92
13779,11846930,4014.92
13779,11870990,4014.92
13779,11894805,4014.95
13779,11918765,4014.95
13779,11942785,4014.92
13779,11966422,4014.92
13779,11989457,4014.95
13779,12012571,4014.95
13779,12035238,4014.95
13779,12057912,4014.94
13779,12080801,4014.94
13779,12103720,4015.01
13779,12126961,4015.01
13779,12150038,4014.96
13779,12173475,4014.96
13779,12197088,4014.96
13779,12220291,4014.98
13779,12243872,4014.98
13779,12267674,4014.93
13779,12291656,4014.93
13779,12314726,4014.95
13779,12337778,4014.95
13779,12360897,4014.95
13779,12383645,4014.97
13779,12406747,4014.97
13779,12429860,4014.94
13779,12453499,4014.94
13779,12477163,4014.94
13779,12501476,4014.94
13779,12525235,4014.98
13779,12549154,4014.98
13779,12572844,4014.98
13779,12597146,4014.88
13779,12620557,4014.88
13779,12620844,4014.88
13779,12621142,4014.88
13779,12623664,4013.33
13779,12643571,4013.33
13779,12667958,4013.33
13779,12691624,4015.18
13779,12714639,4015.18
13779,12738098,4014.9
13779,12761756,4014.9
13779,12785075,4014.97
13779,12809138,4014.97
13779,12833187,4015.06
13779,12856531,4015.06
13779,12880022,4015.06
13779,12903423,4014.9
13779,12926516,4014.9
13779,12950458,4014.9
13779,12973350,4014.9
13779,12996771,4014.98
13779,13020200,4014.98
13779,1261266,4014.92
13779,1284325,4014.92
13779,1307565,4014.92
13779,1330918,4014.92
13779,1353954,4014.92
13779,1376977,4014.92
13779,1400419,4014.92
13779,1423826,4014.94
13779,1446763,4014.94
13779,1470045,4014.92
13779,1493855,4014.92
13779,1517393,4014.92
13779,1540349,4014.94
13779,1563739,4014.94
13779,1587132,4014.96
13779,1610515,4014.96
13779,1634425,4014.95
13779,1658532,4014.95
13779,1682647,4014.9
13779,1705810,4014.9
13779,1730108,4014.9
13779,1754274,4014.94
13779,1778276,4014.94
13779,1802579,4014.98
13779,1826641,4014.98
13779,1850638,4014.92
13779,13043866,4014.98
13779,13067327,4014.97
13779,13091472,4014.97
13779,13115284,4014.99
13779,13139296,4014.99
13779,13163039,4014.94
13779,13186636,4014.94
13779,13209756,4014.94
13779,13233419,4014.94
13779,13257206,4014.94
13779,13280613,4014.9
13779,13304616,4014.9
13779,13328014,4014.94
13779,13351849,4014.94
13779,13375637,4014.94
13779,13398617,4014.95
13779,13422402,4014.95
13779,13445294,4014.98
13779,13469149,4014.98
13779,13492526,4014.95
13779,13515826,4014.95
13779,13539641,4014.87
13779,13563220,4014.87
13779,13586842,4014.87
13779,13610398,4014.92
13779,13634088,4014.92
13779,13658017,4014.96
13779,13681764,4014.96
13779,13705389,4014.96
13779,13729038,4014.96
13779,13752868,4014.96
13779,13753729,4014.96
13779,13754536,4014.96
13779,13770511,4013.33
13779,13795017,4013.33
13779,13819495,4014.83
13779,13843371,4014.83
13779,13866883,4014.83
13779,13890689,4015.03
13779,13914069,4015.03
13779,13937631,4014.93
13779,13960467,4014.93
13779,13983748,4014.88
13779,14007014,4014.88
13779,14031002,4014.97
13779,14054499,4014.97
13779,14077932,4014.97
13779,14101288,4015
13779,14124955,4015
13779,14148308,4014.97
13779,14171585,4014.97
13779,14194963,4014.89
13779,14218266,4014.89
13779,14242150,4014.89
13779,14266192,4014.95
13779,14289978,4014.95
13779,14314154,4014.89
13779,14338073,4014.89
13779,14361753,4014.94
13779,14385531,4014.94
13779,14408688,4014.94
13779,14432130,4014.95
13779,14455701,4014.95
13779,14479405,4014.97
13779,14503323,4014.97
13779,14527256,4014.89
13779,14550629,4014.89
13779,14574483,4014.92
13779,14597633,4014.92
13779,14620833,4014.92
13779,14644233,4014.99
13779,14667934,4014.99
13779,14691216,4014.91
13779,14714556,4014.91
13779,14737226,4015.02
13779,14760983,4015.02
13779,14784639,4015.02
13779,14807827,4014.95
13779,14831096,4014.95
13779,14854565,4014.95
13779,14877964,4014.95
13779,14901170,4015
13779,14924590,4015
13779,14947608,4015
13779,14971029,4014.95
13779,14994502,4014.95
13779,15018172,4014.92
13779,15042000,4014.92
13779,15065516,4014.92
13779,15088532,4014.92
13779,15111822,4014.98
13779,15134640,4014.98
13779,15157706,4014.98
13779,15180835,4014.99
13779,15204006,4014.99
13779,15227461,4014.94
13779,15250727,4014.94
13779,15273755,4014.89
13779,15297257,4014.89
13779,15320427,4014.89
13779,15343635,4014.98
13779,15367113,4014.98
13779,15390206,4014.91
13779,15413671,4014.91
13779,15437456,4014.89
13779,15461148,4014.89
13779,15484963,4014.89
13779,15509414,4014.96
13779,15533454,4014.96
13779,15557400,4014.94
13779,15581399,4014.94
13779,15604634,4014.91
13779,15627933,4014.91
13779,15651361,4014.93
13779,15674018,4014.93
13779,15697562,4014.93
13779,15721178,4014.94
13779,15744546,4014.94
13779,15767715,4014.97
13779,15791054,4014.97
13779,15814378,4015.02
13779,15838504,4015.02
13779,15862294,4015.02
13779,15885767,4014.98
13779,15909858,4014.98
13779,15933184,4014.97
13779,15956700,4014.97
13779,15980361,4015.01
13779,16004219,4015.01
13779,16027889,4014.98
13779,16051863,4014.98
13779,16075395,4014.98
13779,16098584,4014.96
13779,16121957,4014.96
13779,16145615,4014.95
13779,16168965,4014.95
13779,16192528,4014.9
13779,16193941,4014.9
13779,16194253,4014.9
13779,16197919,4013.33
13779,16215842,4013.33
13779,16239601,4015.18
13779,16263076,4015.18
13779,16287043,4014.84
13779,16310687,4014.84
13779,16333980,4014.95
13779,16357661,4014.95
13779,16381078,4014.95
13779,16405012,4014.93
13779,16428575,4014.93
13779,16451862,4014.98
13779,16475508,4014.98
13779,16499345,4014.9
13779,16522766,4014.9
13779,16545973,4014.9
13779,16569378,4014.93
13779,16593758,4014.93
13779,16617632,4014.95
13779,16641043,4014.95
13779,16664218,4014.99
13779,16687911,4014.99
13779,16711414,4014.99
13779,16735260,4014.88
13779,16758273,4014.88
13779,16781605,4014.99
13779,16805020,4014.99
13779,16828711,4015
13779,16851860,4015
13779,16874883,4014.95
13779,16897943,4014.95
13779,16922082,4014.95
13779,16946076,4015.05
13779,16969498,4015.05
13779,16993532,4014.9
13779,17017096,4014.9
13779,17040932,4014.93
13779,17064762,4014.93
13779,17088655,4014.93
13779,17112153,4014.96
13779,17135629,4014.96
13779,17159480,4014.94
13779,17183485,4014.94
13779,17201533,4014.97
13779,17201842,4014.97
13779,17204812,4014.97
13779,17209580,4013.33
13779,17209870,4013.33
13779,17210103,4013.33
13779,17210400,4013.33
13779,17210685,4013.33
13779,17211031,4013.33
13779,17211340,4013.33
13779,17211581,4013.33
13779,17212203,4013.33
13779,17225356,4013.33
13779,17249783,4013.33
13779,17274045,4014.95
13779,17297642,4014.95
13779,17321364,4014.94
13779,17344203,4014.94
13779,17368178,4014.94
13779,17392114,4014.9
13779,17415690,4014.9
13779,17439088,4014.97
13779,17462950,4014.97
13779,17486657,4014.93
13779,17510765,4014.93
13779,17534468,4014.93
13779,17558181,4014.97
13779,17582123,4014.97
13779,17606152,4014.93
13779,17630152,4014.93
13779,17654311,4014.99
13779,17677890,4014.99
13779,17701140,4014.98
13779,17724950,4014.98
13779,17748552,4014.98
13779,17771810,4014.93
13779,17794735,4014.93
13779,17817986,4014.96
13779,17841827,4014.96
13779,17865438,4014.96
13779,17888919,4014.96
13779,17912349,4014.96
13779,17935599,4014.92
13779,17959188,4014.92
13779,17982502,4014.97
13779,18005407,4014.97
13779,18028867,4014.92
13779,18052903,4014.92
13779,18076432,4014.96
13779,18099998,4014.96
13779,18123857,4014.96
13779,18147857,4014.9
13779,18171919,4014.9
13779,18195627,4014.95
13779,18219483,4014.95
13779,18243221,4014.93
13779,18266583,4014.93
13779,18270247,4014.93
13779,18270551,4014.93
13779,18274073,4014.93
13779,18296121,4013.33
13779,18320795,4013.33
13779,18345111,4014.74
13779,18368578,4014.74
13779,18392347,4014.74
13779,18416179,4014.94
13779,18439838,4014.94
13779,18463910,4014.93
13779,18487265,4014.93
13779,18510132,4014.94
13779,18532788,4014.94
13779,18556197,4015
13779,18579737,4015
13779,18588843,4015
13779,18589133,4014.95
13779,18589413,4014.95
13779,18589698,4013.33
13779,18589987,4013.33
13779,18590280,4013.33
13779,18590528,4013.33
13779,18590872,4013.33
13779,18593773,4013.33
13779,18613143,4013.33
13779,18636670,4015.33
13779,18660033,4015.33
13779,18683056,4014.88
13779,18706234,4014.88
13779,18729658,4014.93
13779,18752290,4014.93
13779,18774707,4014.93
13779,18797780,4014.9
13779,18820673,4014.9
13779,18843607,4015.01
13779,18866678,4015.01
13779,18889402,4014.93
13779,18912723,4014.93
13779,18936236,4014.97
13779,18939216,4014.97
13779,18939529,4014.97
13779,18939807,4013.33
13779,18950675,4013.33
13779,18974257,4013.33
13779,18997911,4013.33
13779,19021340,4014.83
13779,19044906,4014.83
13779,19068472,4014.83
13779,19091808,4014.96
13779,19115030,4014.96
13779,19138895,4014.93
13779,19162390,4014.93
13779,19185934,4014.95
13779,19209267,4014.95
13779,19215077,4014.95
13779,19215378,4014.94
13779,19215987,4014.94
13779,19230321,4013.33
13779,1872848,4014.92
13779,1873197,4014.92
13779,1873488,4014.9
13779,1873711,4014.9
13779,1874567,4013.33
13779,1891022,4013.33
13779,1915279,4014.32
13779,1920888,4014.32
13779,1921221,4013.33
13779,1922583,4013.33
13779,1940728,4013.33
13779,1965066,4013.33
13779,1989402,4013.33
13779,2012538,4014.94
13779,2036490,4014.94
13779,2059437,4014.86
13779,2082342,4014.86
13779,2105390,4014.86
13779,2128282,4014.93
13779,2151491,4014.93
13779,2174595,4014.93
13779,2198043,4014.93
13779,2221511,4014.89
13779,2245121,4014.89
13779,2269388,4014.89
13779,2293334,4014.98
13779,2317919,4014.98
13779,2342106,4014.92
13779,2366613,4014.92
13779,2390741,4014.93
13779,2414238,4014.93
13779,2438166,4014.93
13779,2462102,4014.98
13779,19254261,4013.33
13779,19278142,4014.9
13779,19301737,4014.9
13779,19325502,4014.95
13779,19348985,4014.95
13779,19372114,4014.95
13779,19395428,4014.97
13779,19418196,4014.97
13779,19441712,4014.92
13779,19464941,4014.92
13779,19488364,4014.94
13779,19511795,4014.94
13779,19535216,4014.94
13779,19558636,4014.88
13779,19582199,4014.88
13779,19605598,4014.96
13779,19629358,4014.96
13779,19652488,4014.93
13779,19676242,4014.93
13779,19699759,4014.94
13779,19723359,4014.94
13779,19746893,4014.94
13779,19770465,4014.96
13779,19793777,4014.96
13779,19816709,4014.94
13779,19840105,4014.94
13779,19863620,4014.94
13779,19886679,4014.94
13779,19910242,4014.94
13779,19933756,4014.96
13779,19957192,4014.96
13779,19980916,4015.01
13779,19998413,4015.01
13779,19998575,4014.96
13779,2485665,4014.98
13779,2509213,4014.96
13779,2532457,4014.96
13779,2556216,4015.01
13779,2579382,4015.01
13779,2603398,4015.01
13779,2627499,4014.99
13779,2651311,4014.99
13779,2674522,4014.96
13779,2698674,4014.96
13779,2722713,4015.13
13779,2747085,4015.13
13779,2771994,4015.13
13779,2795315,4014.86
13779,2819030,4014.86
13779,2843172,4014.87
13779,2866970,4014.87
13779,2890779,4014.98
13779,2914175,4014.98
13779,2937504,4014.98
13779,2960791,4014.93
13779,2983963,4014.93
13779,3007467,4014.92
13779,3030790,4014.92
13779,3054092,4014.94
13779,3077478,4014.94
13779,3101590,4014.94
13779,3125024,4014.94
13779,3148683,4014.94
13779,3172455,4014.89
13779,3195942,4014.89
13779,3218867,4014.95
13779,3242409,4014.95
13779,3266612,4014.95
13779,3290241,4014.89
13779,3314539,4014.89
13779,3338636,4015.03
13779,3361823,4015.03
13779,3385043,4015
13779,3408404,4015
13779,3431754,4015
13779,3454889,4014.91
13779,3478205,4014.91
13779,3501484,4014.96
13779,3524894,4014.96
13779,3548463,4014.94
13779,3572257,4014.94
13779,3595564,4014.94
13779,3619608,4014.97
13779,3643041,4014.97
13779,3666495,4014.94
13779,3690539,4014.94
13779,3714328,4014.95
13779,3738510,4014.95
13779,3762215,4014.95
13779,3785754,4014.92
13779,3809288,4014.92
13779,3833363,4014.94
13779,3856563,4014.94
13779,3879467,4014.91
13779,3901987,4014.91
13779,3925298,4014.91
13779,3948507,4015.01
13779,3971830,4015.01
13779,3995306,4014.96
13779,4019199,4014.96
13779,4043039,4014.96
13779,4066519,4014.97
13779,4089627,4014.97
13779,4113527,4014.91
13779,4137493,4014.91
13779,4161500,4014.97
13779,4185386,4014.97
13779,4208551,4014.97
13779,4232827,4014.95
13779,4257142,4014.95
13779,4281620,4014.96
13779,4305441,4014.96
13779,4328975,4015
13779,4336617,4015
13779,4336907,4015
13779,4337374,4013.33
13779,4347771,4013.33
13779,4371391,4013.33
13779,4395224,4013.33
13779,4419323,4014.94
13779,4442848,4014.94
13779,4465921,4014.94
13779,4488820,4014.97
13779,4511592,4014.97
13779,4534385,4014.93
13779,4557553,4014.93
13779,4580438,4014.98
13779,4603481,4014.98
13779,4626472,4014.98
13779,4650014,4014.94
13779,4673643,4014.94
13779,4697824,4014.94
13779,4721645,4014.94
13779,4745831,4014.96
13779,4769633,4014.96
13779,4793109,4014.96
13779,4816923,4014.95
13779,4840887,4014.95
13779,4864077,4014.92
13779,4887839,4014.92
13779,4911747,4014.99
13779,4935690,4014.99
13779,4959340,4014.99
13779,4982937,4014.92
13779,5006685,4014.92
13779,5030193,4014.99
13779,5031084,4014.99
13779,5031402,4013.33
13779,5032371,4013.33
13779,5047863,4013.33
13779,5073341,4013.33
13779,5097765,4013.33
13779,5121346,4014.62
13779,5145413,4014.62
13779,5168735,4014.91
13779,5191903,4014.91
13779,5215037,4014.91
13779,5237912,4014.96
13779,5261095,4014.96
13779,5284361,4014.91
13779,5307472,4014.91
13779,5330505,4014.95
13779,5353363,4014.95
13779,5376054,4014.95
13779,5399598,4014.97
13779,5423272,4014.97
13779,5447352,4014.93
13779,5470798,4014.93
13779,5494385,4014.99
13779,5518091,4014.99
13779,5541621,4014.99
13779,5565366,4014.98
13779,5589070,4014.98
13779,5611975,4014.93
13779,5635258,4014.93
13779,5658327,4014.93
13779,5681589,4014.94
13779,5704764,4014.94
13779,5727940,4014.97
13779,5751093,4014.97
13779,5769922,4014.97
13779,5770167,4014.96
13779,5771979,4014.96
13779,5790253,4013.33
13779,5814369,4013.33
13779,5838264,4014.9
13779,5862193,4014.9
13779,5885553,4014.9
13779,5909296,4014.97
13779,5933080,4014.97
13779,5956669,4014.84
13779,5980152,4014.84
13779,6003413,4015
13779,6027229,4015
13779,6051027,4015
13779,6074439,4014.99
13779,6098415,4014.99
13779,6121941,4014.93
13779,6145365,4014.93
13779,6168540,4014.93
13779,6191624,4014.93
13793,70108,4014.95
13793,93639,4014.95
13793,117243,4014.95
13793,140791,4014.95
13793,164252,4014.95
13793,188012,4014.97
13793,210978,4014.97
13793,234351,4014.91
13793,257661,4014.91
13793,281019,4014.91
13793,304404,4014.86
13793,327610,4014.86
13793,350568,4015.01
13793,373479,4015.01
13793,397028,4014.89
13793,420841,4014.89
13793,444471,4014.89
13793,467973,4014.89
13793,491244,4014.89
13793,514772,4014.95
13793,538102,4014.95
13793,562408,4014.94
13793,586984,4014.94
13793,610674,4014.94
13793,634865,4015.01
13793,658810,4015.01
13793,682020,4014.94
13793,705219,4014.94
13793,728838,4014.98
13793,752131,4014.98
13793,775554,4014.95
13793,799289,4014.95
13793,822897,4014.95
13793,846087,4014.86
13793,869977,4014.86
13793,893084,4014.92
13793,916152,4014.92
13793,939394,4014.92
13793,962682,4014.92
13793,986053,4014.92
13793,1008763,4015.01
13793,1032676,4015.01
13793,1055955,4015.05
13793,1079400,4015.05
13793,1102717,4014.93
13793,1126266,4014.93
13793,1149946,4014.93
13793,1173479,4014.9
13793,1197095,4014.9
13793,1220083,4014.94
13793,1243138,4014.94
13793,1266345,4014.96
13793,1289837,4014.96
13793,1313768,4014.87
13793,1337839,4014.87
13793,1362129,4014.87
13793,1386256,4014.97
13793,1410161,4014.97
13793,1433758,4014.91
13793,1457246,4014.91
13793,1479710,4014.91
13793,1502964,4014.99
13793,1526008,4014.99
13793,1549408,4014.92
13793,1572328,4014.92
13793,1595257,4014.94
13793,1618660,4014.94
13793,1641922,4014.97
13793,1665367,4014.97
13793,1689324,4014.97
13793,1712988,4014.97
13793,1737062,4014.97
13793,1760801,4014.86
13793,1784032,4014.86
13793,1806826,4014.86
13793,1829776,4014.97
13793,1852139,4014.97
13793,1875043,4014.96
13793,1897954,4014.96
13793,1921002,4014.97
13793,1944176,4014.97
13793,1967675,4014.97
13793,1990780,4014.93
13793,2013749,4014.93
13793,2037100,4014.9
13793,2060644,4014.9
13793,2084491,4015
13793,2108341,4015
13793,2131518,4015
13793,2155112,4014.92
13793,2178521,4014.92
13793,2201961,4015
13793,2225359,4015
13793,2248737,4014.92
13793,2272532,4014.92
13793,2295913,4014.92
13793,2319368,4014.87
13793,2342523,4014.87
13793,2365686,4014.92
13793,2389624,4014.92
13793,2412910,4014.91
13793,2435961,4014.91
13793,2459426,4014.91
13793,2483063,4015
13793,2505953,4015
13793,2529516,4014.89
13793,2552693,4014.89
13793,2575588,4014.97
13793,2598798,4014.97
13793,2621703,4014.97
13793,2644854,4014.92
13793,2668060,4014.92
13793,2691132,4014.91
13793,2714264,4014.91
13793,2737004,4014.96
13793,2760317,4014.96
13793,2783429,4014.96
13793,2806713,4014.97
13793,2830696,4014.97
13793,2855028,4014.99
13793,2878952,4014.99
13793,2902638,4014.9
13793,2926554,4014.9
13793,2949106,4014.9
13793,2950115,4014.97
13793,2950412,4014.97
13793,2950738,4013.33
13793,2950980,4013.33
13793,2951285,4013.33
13793,2951573,4013.33
13793,2951926,4013.33
13793,2952221,4013.33
13793,2952516,4013.33
13793,2952810,4013.33
13793,2953100,4013.33
13793,2953402,4013.33
13793,2953692,4013.33
13793,2953921,4013.33
13793,2954213,4013.33
13793,2954504,4013.33
13793,2954724,4013.33
13793,2955020,4013.33
13793,2955307,4013.33
13793,2955602,4013.33
13793,2955957,4013.33
13793,2956168,4013.33
13793,2956538,4013.33
13793,2956782,4013.33
13793,2957106,4013.33
13793,2957395,4013.33
13793,2957683,4013.33
13793,2957939,4013.33
13793,2958289,4013.33
13793,2958585,4013.33
13793,2958810,4013.33
13793,2959104,4013.33
13793,2959401,4013.33
13793,2959683,4013.33
13793,2960023,4013.33
13793,2960323,4013.33
13793,2960618,4013.33
13793,2960907,4013.33
13793,2961122,4013.33
13793,2961438,4013.33
13793,2961791,4013.33
13793,2962074,4013.33
13793,2962305,4013.33
13793,2962598,4013.33
13793,2962902,4013.33
13793,2963192,4013.33
13793,2963466,4013.33
13793,2963776,4013.33
13793,2964126,4013.33
13793,2964415,4013.33
13793,2964698,4013.33
13793,2964935,4013.33
13793,2965282,4013.33
13793,2965498,4013.33
13793,2965817,4013.33
13793,2966165,4013.33
13793,2966460,4013.33
13793,2966676,4013.33
13793,2966994,4013.33
13793,2967285,4013.33
13793,2967615,4013.33
13793,2967929,4013.33
13793,2968093,4013.33
13793,2968377,4013.33
13793,2968667,4013.33
13793,2968958,4013.33
13793,2969306,4013.33
13793,2969576,4013.33
13793,2969895,4013.33
13793,2970185,4013.33
13793,2970409,4013.33
13793,2970716,4013.33
13793,2971017,4013.33
13793,2971352,4013.33
13793,2971644,4013.33
13793,2971939,4013.33
13793,2972235,4013.33
13793,2972528,4013.33
13793,2972738,4013.33
13793,2973053,4013.33
13793,2973344,4013.33
13793,2973628,4013.33
13793,2975762,4013.33
13793,2991906,4013.33
13793,3012483,4013.33
13793,3033639,4013.33
13793,3055238,4014.85
13793,3076998,4014.85
13793,3098535,4014.97
13793,3120283,4014.97
13793,3141768,4014.91
13793,3163905,4014.91
13793,3186067,4014.91
13793,3208599,4014.93
13793,3231424,4014.93
13793,3254282,4014.96
13793,3277208,4014.96
13793,3300223,4014.93
13793,3323270,4014.93
13793,3346019,4014.93
13793,3369117,4014.93
13793,3392867,4014.93
13793,3416068,4014.96
13793,3439372,4014.96
13793,3462552,4014.98
13793,3485978,4014.98
13793,3509146,4014.88
13793,3532434,4014.88
13793,3555588,4014.88
13793,3578633,4014.98
13793,3601847,4014.98
13793,3625699,4014.96
13793,3649045,4014.96
13793,3672302,4014.97
13793,3696088,4014.97
13793,3719110,4014.92
13793,3742135,4014.92
13793,3765842,4014.92
13793,3788880,4014.99
13793,3812166,4014.99
13793,3835303,4014.93
13793,3858708,4014.93
13793,3881803,4014.92
13793,3904892,4014.92
13793,3928592,4014.92
13793,3952143,4014.95
13793,3975435,4014.95
13793,3999065,4014.93
13793,4022662,4014.93
13793,4045979,4014.96
13793,4068766,4014.96
13793,4091803,4014.95
13793,4114366,4014.95
13793,4137609,4014.95
13793,4160667,4015.01
13793,4184221,4015.01
13793,4207117,4014.93
13793,4230282,4014.93
13793,4253554,4014.94
13793,4276511,4014.94
13793,4299642,4014.93
13793,4323315,4014.93
13793,4346761,4014.93
13793,4369799,4014.94
13793,4393370,4014.94
13793,4417091,4014.92
13793,4440330,4014.92
13793,4464025,4014.95
13793,4487669,4014.95
13793,4510982,4014.95
13793,4534426,4014.88
13793,4557193,4014.88
13793,4580244,4014.92
13793,4603801,4014.92
13793,4627480,4014.9
13793,4651033,4014.9
13793,4674582,4014.94
13793,4698546,4014.94
13793,4722179,4014.94
13793,4745277,4014.93
13793,4768404,4014.93
13793,4791562,4014.97
13793,4814608,4014.97
13793,4837933,4014.93
13793,4861740,4014.93
13793,4884912,4014.93
13793,4908230,4014.9
13793,4931089,4014.9
13793,4954657,4014.85
13793,4977685,4014.85
13793,5000976,4014.94
13793,5024104,4014.94
13793,5047559,4014.94
13793,5070582,4014.91
13793,5093788,4014.91
13793,5116434,4014.98
13793,5139355,4014.98
13793,5162910,4014.95
13793,5186442,4014.95
13793,5210379,4014.95
13793,5234136,4014.92
13793,5257865,4014.92
13793,5281305,4014.91
13793,5304789,4014.91
13793,5328659,4014.96
13793,5352092,4014.96
13793,5375732,4014.96
13793,5399453,4014.94
13793,5422468,4014.94
13793,5445370,4014.92
13793,5468507,4014.92
13793,5491888,4014.97
13793,5515224,4014.97
13793,5538075,4014.98
13793,5560819,4014.98
13793,5584305,4014.98
13793,5607699,4014.95
13793,5630531,4014.95
13793,5634118,4015.02
13793,5634349,4015.02
13793,5635920,4013.33
13793,5655091,4013.33
13793,5679046,4013.33
13793,5702970,4015.06
13793,5726348,4015.06
13793,5749962,4014.9
13793,5773332,4014.9
13793,5796795,4014.96
13793,5819849,4014.96
13793,5842924,4014.92
13793,5866059,4014.92
13793,5889092,4014.92
13793,5912268,4014.97
13793,5935215,4014.97
13793,5958510,4014.98
13793,5981525,4014.98
13793,6004715,4014.97
13793,6027785,4014.97
13793,6050899,4014.97
13793,6074453,4015
13793,6094393,4015
13793,6094457,4014.91
13797,57848,4014.96
13797,81401,4014.95
13797,105176,4014.95
13797,128537,4014.88
13797,151422,4014.88
13797,174078,4014.9
13797,197106,4014.9
13797,220132,4014.9
13797,242923,4014.96
13797,265716,4014.96
13797,289137,4014.88
13797,312385,4014.88
13797,335593,4014.95
13797,358905,4014.95
13797,381818,4014.95
13797,402156,4015
13797,402491,4015
13797,402786,4014.94
13797,405624,4014.94
13797,426854,4013.33
13797,451715,4013.33
13797,475243,4014.71
13797,498671,4014.71
13797,522088,4014.71
13797,544803,4014.93
13797,568298,4014.93
13797,591485,4014.95
13797,614896,4014.95
13797,6202162,4014.94
13797,6225016,4014.95
13797,6248281,4014.95
13797,6271760,4014.95
13797,6295694,4014.97
13797,6319979,4014.97
13797,6344687,4014.97
13797,6368883,4014.97
13797,6392760,4014.98
13797,6415871,4014.98
13797,6439163,4014.98
13797,6461925,4014.99
13797,6484907,4014.99
13797,6508269,4014.94
13797,6530919,4014.94
13797,6554353,4014.95
13797,6577326,4014.95
13797,6600490,4014.95
13797,6623693,4014.89
13797,6646980,4014.89
13797,6670247,4014.96
13797,6694222,4014.96
13797,6717716,4014.92
13797,6742017,4014.92
13797,6766370,4014.95
13797,6790055,4014.95
13797,638319,4014.96
13797,661742,4014.96
13797,685409,4014.96
13797,709057,4014.98
13797,732843,4014.98
13797,756875,4014.96
13797,780681,4014.96
13797,804634,4014.99
13797,828408,4014.99
13797,852217,4014.99
13797,876344,4014.92
13797,899315,4014.92
13797,923433,4014.96
13797,946963,4014.96
13797,970514,4014.99
13797,994174,4014.99
13797,1017496,4014.99
13797,1040606,4014.93
13797,1063675,4014.93
13797,1086812,4014.89
13797,1110196,4014.89
13797,1133624,4014.98
13797,1157494,4014.98
13797,1181408,4014.98
13797,1204806,4014.9
13797,1228657,4014.9
13797,6813474,4014.95
13797,6836965,4014.95
13797,6859594,4014.95
13797,6882551,4014.91
13797,6905596,4014.91
13797,6928966,4014.92
13797,6946594,4014.92
13797,6946871,4014.92
13797,6947161,4014.9
13797,6947639,4014.9
13797,6959694,4013.33
13797,6984784,4013.33
13797,7009110,4015.01
13797,7032911,4015.01
13797,7056660,4014.91
13797,7080622,4014.91
13797,7104125,4014.91
13797,7127752,4014.93
13797,7151221,4014.93
13797,7175104,4014.89
13797,7198765,4014.89
13797,7222339,4014.99
13797,7245484,4014.99
13797,7269071,4014.99
13797,7292859,4015.01
13797,7316167,4015.01
13797,7339683,4014.96
13797,7363136,4014.96
13797,7386322,4014.93
13797,7409709,4014.93
13797,7433362,4014.93
13797,7456757,4014.95
13797,7480568,4014.95
13797,7504541,4014.97
13797,7528649,4014.97
13797,7552853,4014.94
13797,7576528,4014.94
13797,7600442,4014.95
13797,7624194,4014.95
13797,7647514,4014.95
13797,7670678,4014.9
13797,7694173,4014.9
13797,7717825,4014.95
13797,7741485,4014.95
13797,7765431,4014.93
13797,7788973,4014.93
13797,7812504,4014.93
13797,7835963,4014.93
13797,7858669,4014.93
13797,7881874,4014.96
13797,7904741,4014.96
13797,7928181,4014.96
13797,7951426,4014.96
13797,7974814,4014.91
13797,7998165,4014.91
13797,8021217,4014.91
13797,8044451,4014.9
13797,8068523,4014.9
13797,8092341,4014.93
13797,8115947,4014.93
13797,8139185,4014.91
13797,8162429,4014.91
13797,8185861,4014.94
13797,8209210,4014.94
13797,8232996,4014.94
13797,8256339,4014.98
13797,8279709,4014.98
13797,8303188,4014.97
13797,8326845,4014.97
13797,8350267,4014.97
13797,8373775,4014.97
13797,8397514,4014.97
13797,8421337,4014.96
13797,8444716,4014.96
13797,8467649,4014.91
13797,8491207,4014.91
13797,8514215,4014.86
13797,8537804,4014.86
13797,8561005,4014.86
13797,8584548,4014.97
13797,8608065,4014.97
13797,8631230,4014.99
13797,8653970,4014.99
13797,8677432,4014.94
13797,8700816,4014.94
13797,8723745,4014.98
13797,8746925,4014.98
13797,8770181,4014.98
13797,8793165,4015
13797,8816189,4015
13797,8840142,4014.94
13797,8863278,4014.94
13797,8886506,4014.97
13797,8909888,4014.97
13797,8933190,4014.97
13797,8956735,4014.98
13797,8979624,4014.98
13797,9003557,4014.92
13797,9027003,4014.92
13797,9050426,4014.96
13797,9073112,4014.96
13797,9096418,4014.96
13797,9119300,4015.01
13797,9142423,4015.01
13797,9165395,4015.04
13797,9188656,4015.04
13797,9211961,4014.98
13797,9235277,4014.98
13797,9258577,4014.98
13797,9282074,4014.9
13797,9306072,4014.9
13797,9329729,4014.93
13797,9353419,4014.93
13797,9377244,4015.02
13797,9400856,4015.02
13797,9424718,4014.92
13797,9448326,4014.92
13797,9471601,4014.92
13797,9495102,4014.91
13797,9518507,4014.91
13797,9541932,4014.87
13797,9564990,4014.87
13797,9588260,4014.93
13797,9611721,4014.93
13797,9635146,4014.93
13797,9658233,4014.9
13797,9681592,4014.9
13797,9705368,4014.88
13797,9729207,4014.88
13797,9731136,4014.95
13797,9731486,4014.95
13797,9732093,4013.33
13797,9746051,4013.33
13797,9770860,4013.33
13797,9794691,4015.04
13797,9817975,4015.04
13797,9841259,4014.97
13797,9864291,4014.97
13797,9886893,4014.97
13797,9909877,4014.97
13797,9933319,4014.97
13797,9956223,4014.92
13797,9979511,4014.92
13797,10002957,4014.97
13797,10026360,4014.97
13797,10050183,4014.96
13797,10073804,4014.96
13797,10097811,4014.96
13797,10121800,4014.96
13797,10145163,4014.96
13797,10168673,4014.88
13797,10192502,4014.88
13797,10216594,4014.94
13797,10240368,4014.94
13797,10264320,4014.95
13797,10288384,4014.95
13797,10312151,4014.95
13797,10336137,4014.9
13797,10359486,4014.9
13797,10382850,4015.01
13797,10406394,4015.01
13797,10429728,4015.01
13797,10452778,4014.94
13797,10475994,4014.94
13797,10499356,4014.99
13797,10522545,4014.99
13797,10545704,4014.93
13797,10568972,4014.93
13797,10592783,4014.93
13797,10616315,4015
13797,10640320,4015
13797,10664252,4014.95
13797,10687993,4014.95
13797,10712382,4014.94
13797,10736644,4014.94
13797,10760568,4014.94
13797,10784301,4014.99
13797,10808193,4014.99
13797,10831788,4014.96
13797,10855277,4014.96
13797,10878711,4014.9
13797,10902762,4014.9
13797,10926349,4014.9
13797,10949759,4014.97
13797,10973299,4014.97
13797,10996703,4015.09
13797,11019931,4015.09
13797,11043363,4015.01
13797,11066645,4015.01
13797,11090042,4015.01
13797,11113826,4014.99
13797,11137322,4014.99
13797,11161434,4014.9
13797,11185519,4014.9
13797,11208842,4014.9
13797,11232075,4015.01
13797,11256520,4015.01
13797,11280246,4014.92
13797,11303384,4014.92
13797,11326333,4014.99
13797,11349962,4014.99
13797,11373308,4014.99
13797,11397036,4014.93
13797,11420344,4014.93
13797,11443978,4015.07
13797,11467521,4015.07
13797,11490808,4014.9
13797,11513649,4014.9
13797,11536637,4014.9
13797,11559945,4014.97
13797,11583076,4014.97
13797,11584512,4014.87
13797,11584867,4014.87
13797,11593420,4014.87
13797,11618631,4013.33
13797,11643195,4013.33
13797,11653119,4014.71
13797,1252325,4014.96
13797,1275896,4014.96
13797,1299607,4014.96
13797,1323149,4014.96
13797,1346812,4014.96
13797,1370243,4014.96
13797,1393769,4014.96
13797,1416868,4014.86
13797,1439855,4014.86
13797,1463028,4014.97
13797,1486415,4014.97
13797,1509928,4014.97
13797,1533518,4014.99
13797,1556670,4014.99
13797,1579809,4015
13797,1603567,4015
13797,1627620,4014.93
13797,1651519,4014.93
13797,1675229,4014.93
13797,1698932,4014.93
13797,1722480,4014.93
13797,1746416,4014.97
13797,1769551,4014.97
13797,1793012,4014.93
13797,1816546,4014.93
13797,1840509,4014.99
13797,1864433,4014.99
13797,1888114,4014.99
13797,1911698,4014.99
13797,1935604,4014.99
13797,1959030,4014.95
13797,1982167,4014.95
13797,2006058,4014.95
13797,2029521,4014.95
13797,2053055,4014.97
13797,2076134,4014.97
13797,2099553,4014.97
13797,2123167,4014.95
13797,2146537,4014.95
13797,2169468,4014.94
13797,2193026,4014.94
13797,2216913,4014.89
13797,2240454,4014.89
13797,2264316,4014.89
13797,2288123,4014.92
13797,2312219,4014.92
13797,2335467,4014.98
13797,2358643,4014.98
13797,2381805,4014.86
13797,2404714,4014.86
13797,2427641,4014.86
13797,2450152,4014.86
13797,2473314,4014.86
13797,2495973,4014.98
13797,2518781,4014.98
13797,2541534,4015.02
13797,2564541,4015.02
13797,2587253,4014.97
13797,2610678,4014.97
13797,2633594,4014.97
13797,2657130,4014.96
13797,2680222,4014.96
13797,2704106,4014.93
13797,2727770,4014.93
13797,2751285,4014.96
13797,2775274,4014.96
13797,2799113,4014.96
13797,2822619,4014.95
13797,2845463,4014.95
13797,2869346,4014.95
13797,2893420,4014.95
13797,2917115,4014.95
13797,2940922,4014.95
13797,2964569,4014.93
13797,2987783,4014.93
13797,3010941,4014.93
13797,3033955,4014.96
13797,3056636,4014.96
13797,3080171,4014.92
13797,3103096,4014.92
13797,3126473,4014.92
13797,3150686,4014.92
13797,3175059,4014.92
13797,3198972,4014.95
13797,3223158,4014.95
13797,3247202,4014.96
13797,3271243,4014.96
13797,3295078,4015.04
13797,3317945,4015.04
13797,3341432,4014.93
13797,3364112,4014.93
13797,3387498,4014.93
13797,3410708,4014.94
13797,3433963,4014.94
13797,3457020,4014.9
13797,3480162,4014.9
13797,3503688,4014.93
13797,3527269,4014.93
13797,3550416,4014.93
13797,3574077,4014.95
13797,3597897,4014.95
13797,3621782,4014.92
13797,3645828,4014.92
13797,3669662,4014.96
13797,3692570,4014.96
13797,3716971,4014.96
13797,3740889,4014.89
13797,3764475,4014.89
13797,3788005,4014.95
13797,3811314,4014.95
13797,3834608,4014.91
13797,3858041,4014.91
13797,3881194,4014.91
13797,3904786,4014.94
13797,3928010,4014.94
13797,3951170,4014.96
13797,3974647,4014.96
13797,3998065,4014.87
13797,4021613,4014.87
13797,4044924,4014.94
13797,4045180,4014.94
13797,4045469,4014.94
13797,4050089,4013.33
13797,4073106,4013.33
13797,4095047,4015.28
13797,4117681,4015.28
13797,4140478,4014.94
13797,4163378,4014.94
13797,4186554,4014.94
13797,4209940,4014.94
13797,4233375,4014.94
13797,4256534,4014.92
13797,4280175,4014.92
13797,4303760,4014.95
13797,4327341,4014.95
13797,4350915,4014.95
13797,4374634,4014.86
13797,4398361,4014.86
13797,4421996,4014.98
13797,4445115,4014.98
13797,4468134,4014.89
13797,4491310,4014.89
13797,4514475,4014.95
13797,4538030,4014.95
13797,4561607,4014.95
13797,4585131,4014.92
13797,4608709,4014.92
13797,4632514,4014.92
13797,4656158,4014.92
13797,4679588,4014.97
13797,4703322,4014.97
13797,4727421,4014.87
13797,4750286,4014.87
13797,4773404,4014.87
13797,4796326,4014.96
13797,4819485,4014.96
13797,4843168,4014.96
13797,4866721,4014.96
13797,4890044,4014.95
13797,4913285,4014.95
13797,4936726,4014.95
13797,4959481,4014.95
13797,4982745,4014.95
13797,5005873,4014.94
13797,5029530,4014.94
13797,5053244,4014.92
13797,5076758,4014.92
13797,5100348,4014.92
13797,5123872,4014.91
13797,5147816,4014.91
13797,5171497,4014.95
13797,5194697,4014.95
13797,5218147,4014.92
13797,5241245,4014.92
13797,5264163,4014.95
13797,5287343,4014.95
13797,5310745,4014.95
13797,5334305,4014.89
13797,5357599,4014.89
13797,5380529,4014.96
13797,5404206,4014.96
13797,5427215,4014.95
13797,5450271,4014.95
13797,5473548,4014.95
13797,5496649,4014.94
13797,5519905,4014.94
13797,5542701,4014.93
13797,5565605,4014.93
13797,5589414,4014.91
13797,5613207,4014.91
13797,5636776,4014.91
13797,5657603,4014.92
13797,5657918,4014.92
13797,5658125,4014.96
13797,5658437,4014.96
13797,5658730,4013.33
13797,5661177,4013.33
13797,5684670,4014.45
13797,5710301,4014.45
13797,5735293,4014.45
13797,5759357,4014.92
13797,5782508,4014.92
13797,5805957,4014.95
13797,5829383,4014.95
13797,5853119,4015
13797,5876959,4015
13797,5899865,4015
13797,5923559,4014.91
13797,5946620,4014.91
13797,5969909,4014.96
13797,5993228,4014.96
13797,6016400,4014.92
13797,6040187,4014.92
13797,6063739,4014.92
13797,6086904,4014.9
13797,6110185,4014.9
13797,6133405,4014.96
13797,6156378,4014.96
13797,6179532,4014.94
13798,57188,4014.88
13798,80592,4014.98
13798,103888,4014.98
13798,127458,4014.92
13798,151070,4014.92
13798,175011,4014.99
13798,198817,4014.99
13798,222449,4014.99
13798,246280,4015.03
13798,270242,4015.03
13798,294128,4014.91
13798,317796,4014.91
13798,341223,4014.94
13798,364528,4014.94
13798,387779,4014.94
13798,411468,4014.98
13798,434943,4014.98
13798,458788,4015.01
13798,482841,4015.01
13798,506653,4014.93
13798,530495,4014.93
13798,554365,4014.93
13798,577913,4014.91
13798,601360,4014.91
13798,6207308,4014.89
13798,6230783,4014.89
13798,6253947,4014.89
13798,6277260,4014.91
13798,6300411,4014.91
13798,6323838,4014.89
13798,6347388,4014.89
13798,6370547,4014.95
13798,6393718,4014.95
13798,6417277,4014.95
13798,6440887,4014.95
13798,6464757,4014.95
13798,6488225,4014.96
13798,6512509,4014.96
13798,6536810,4014.92
13798,6560766,4014.92
13798,6584797,4015
13798,6608538,4015
13798,6631806,4014.94
13798,6655198,4014.94
13798,6678505,4014.94
13798,6702210,4015
13798,6725456,4015
13798,6749068,4014.94
13798,6772515,4014.94
13798,6796417,4015.03
13798,625093,4014.94
13798,649101,4014.94
13798,673075,4014.86
13798,696759,4014.86
13798,720908,4014.86
13798,744981,4014.96
13798,768745,4014.96
13798,792438,4014.88
13798,816118,4014.88
13798,839641,4014.95
13798,863337,4014.95
13798,887027,4014.93
13798,910433,4014.93
13798,934012,4014.93
13798,957558,4014.95
13798,981220,4014.95
13798,1005100,4015
13798,1028728,4015
13798,1052155,4015
13798,1075686,4015
13798,1099502,4015
13798,1123222,4015
13798,1147001,4015
13798,1170701,4014.96
13798,1194175,4014.96
13798,1217651,4014.96
13798,6819810,4015.03
13798,6843915,4015.03
13798,6867825,4015
13798,6891515,4015
13798,6915316,4015
13798,6939003,4015
13798,6962952,4014.96
13798,6986620,4014.96
13798,7010242,4014.96
13798,7033605,4014.95
13798,7056715,4014.95
13798,7079687,4015
13798,7103369,4015
13798,7126400,4014.94
13798,7149941,4014.94
13798,7173380,4014.94
13798,7197062,4015.05
13798,7220774,4015.05
13798,7244415,4014.96
13798,7268480,4014.96
13798,7292365,4014.95
13798,7316031,4014.95
13798,7339786,4014.92
13798,7363389,4014.92
13798,7386877,4014.92
13798,7410430,4014.98
13798,7434115,4014.98
13798,7458102,4014.99
13798,7481802,4014.99
13798,7505632,4014.95
13798,7529146,4014.95
13798,7552520,4014.99
13798,7575463,4014.99
13798,7598596,4014.99
13798,7622049,4015.04
13798,7645177,4015.04
13798,7668348,4014.95
13798,7691893,4014.95
13798,7715185,4015
13798,7738622,4015
13798,7762374,4015
13798,7786323,4014.96
13798,7810626,4014.96
13798,7834363,4014.98
13798,7858034,4014.98
13798,7881664,4014.94
13798,7905363,4014.94
13798,7929087,4014.94
13798,7952880,4014.94
13798,7976690,4014.94
13798,8000268,4014.91
13798,8024059,4014.91
13798,8047741,4014.95
13798,8071664,4014.95
13798,8095422,4014.95
13798,8119158,4014.98
13798,8142710,4014.98
13798,8165895,4014.92
13798,8188865,4014.92
13798,8211967,4014.99
13798,8235142,4014.99
13798,8258165,4014.95
13798,8281557,4014.95
13798,8305145,4014.95
13798,8328839,4014.98
13798,8352283,4014.98
13798,8375979,4014.98
13798,8399622,4014.98
13798,8423387,4014.98
13798,8446707,4014.98
13798,8470371,4014.97
13798,8494037,4014.97
13798,8517237,4014.97
13798,8540548,4015.01
13798,8564071,4015.01
13798,8587747,4014.95
13798,8611315,4014.95
13798,8634982,4014.97
13798,8659195,4014.97
13798,8683402,4014.97
13798,8707337,4014.95
13798,8731567,4014.95
13798,8755451,4014.98
13798,8779294,4014.98
13798,8803068,4015.02
13798,8826619,4015.02
13798,8850557,4015.02
13798,8874351,4015.01
13798,8898038,4015.01
13798,8921605,4014.98
13798,8945105,4014.98
13798,8969060,4014.99
13798,8992647,4014.99
13798,9016588,4015.03
13798,9040835,4015.03
13798,9064319,4015.03
13798,9087755,4014.92
13798,9111154,4014.92
13798,9134319,4014.9
13798,9157878,4014.9
13798,9181064,4014.96
13798,9204228,4014.96
13798,9227991,4014.96
13798,9251802,4014.93
13798,9275529,4014.93
13798,9299143,4014.96
13798,9322993,4014.96
13798,9346815,4015.03
13798,9370740,4015.03
13798,9394442,4015.03
13798,9418354,4014.92
13798,9442178,4014.92
13798,9465762,4014.99
13798,9489475,4014.99
13798,9513083,4014.97
13798,9536517,4014.97
13798,9560045,4015.02
13798,9583338,4015.02
13798,9606924,4015.02
13798,9630588,4014.97
13798,9653971,4014.97
13798,9677498,4015.02
13798,9701286,4015.02
13798,9725437,4014.87
13798,9744979,4014.87
13798,9745265,4014.87
13798,9745554,4014.95
13798,9745845,4014.95
13798,9746140,4013.33
13798,9757676,4013.33
13798,9783363,4013.33
13798,9808302,4013.33
13798,9832803,4014.82
13798,9856784,4014.82
13798,9880420,4014.82
13798,9904259,4014.96
13798,9915212,4014.96
13798,1241205,4015.02
13798,1264745,4015.02
13798,1287815,4014.96
13798,1311484,4014.96
13798,1335743,4014.96
13798,1359490,4014.96
13798,1383541,4014.96
13798,1407617,4014.94
13798,1431626,4014.94
13798,1455584,4014.91
13798,1479532,4014.91
13798,1503197,4014.95
13798,1527010,4014.95
13798,1550643,4014.95
13798,1574363,4015
13798,1597667,4015
13798,1621389,4014.96
13798,1645114,4014.96
13798,1668323,4014.96
13798,1691632,4014.96
13798,1715043,4015
13798,1738343,4015
13798,1762171,4015
13798,1786206,4014.93
13798,1810142,4014.93
13798,1833972,4014.96
13798,1857579,4014.96
13798,1881271,4014.92
13798,1905002,4014.92
13798,1928558,4014.92
13798,1952210,4014.94
13798,1975394,4014.94
13798,1999023,4014.96
13798,2022384,4014.96
13798,2045690,4014.91
13798,2069404,4014.91
13798,2093276,4014.91
13798,2117113,4014.94
13798,2141188,4014.94
13798,2165501,4014.97
13798,2189575,4014.97
13798,2213348,4014.93
13798,2237284,4014.93
13798,2260807,4014.93
13798,2284636,4014.91
13798,2308343,4014.91
13798,2331886,4014.99
13798,2355054,4014.99
13798,2378353,4014.94
13798,2402040,4014.94
13798,2425490,4014.94
13798,2448986,4014.96
13798,2472639,4014.96
13798,2496433,4015.01
13798,2519931,4015.01
13798,2543594,4014.98
13798,2567139,4014.98
13798,2567445,4014.95
13798,2567726,4014.95
13798,2568025,4014.95
13798,2568315,4013.33
13798,2568616,4013.33
13798,2571396,4013.33
13798,2591982,4013.33
13798,2616039,4015.28
13798,2640234,4015.28
13798,2663736,4015.28
13798,2687151,4014.99
13798,2710444,4014.99
13798,2734306,4014.93
13798,2758069,4014.93
13798,2781286,4014.91
13798,2804921,4014.91
13798,2812343,4014.91
13798,2812635,4014.94
13798,2812866,4014.94
13798,2816401,4013.33
13798,2838612,4013.33
13798,2863064,4014.9
13798,2887030,4014.9
13798,2911121,4014.9
13798,2935041,4014.94
13798,2958628,4014.94
13798,2982399,4014.98
13798,3005978,4014.98
13798,3029273,4014.94
13798,3052720,4014.94
13798,3075860,4014.94
13798,3099030,4014.95
13798,3122079,4014.95
13798,3145224,4014.95
13798,3168299,4014.95
13798,3191712,4014.99
13798,3214750,4014.99
13798,3238118,4014.99
13798,3261478,4014.92
13798,3284773,4014.92
13798,3308711,4014.97
13798,3332559,4014.97
13798,3356190,4014.94
13798,3380072,4014.94
13798,3403633,4014.94
13798,3427218,4014.89
13798,3451297,4014.89
13798,3474858,4014.96
13798,3498442,4014.96
13798,3522080,4014.98
13798,3545988,4014.98
13798,3569938,4014.98
13798,3593921,4014.99
13798,3617689,4014.99
13798,3641242,4014.91
13798,3664883,4014.91
13798,3688473,4014.94
13798,3711852,4014.94
13798,3735192,4014.94
13798,3758824,4014.99
13798,3782288,4014.99
13798,3805605,4014.95
13798,3829493,4014.95
13798,3853454,4015.03
13798,3877133,4015.03
13798,3900478,4015.03
13798,3923855,4014.98
13798,3947205,4014.98
13798,3970846,4014.99
13798,3994891,4014.99
13798,4018594,4014.91
13798,4042129,4014.91
13798,4047381,4014.91
13798,4047679,4015.01
13798,4047978,4015.01
13798,4051327,4013.33
13798,4073071,4013.33
13798,4097428,4013.33
13798,4121099,4015.05
13798,4145219,4015.05
13798,4169074,4014.99
13798,4192957,4014.99
13798,4216699,4014.98
13798,4240384,4014.98
13798,4264156,4014.98
13798,4287784,4014.98
13798,4311308,4014.98
13798,4334957,4014.94
13798,4357923,4014.94
13798,4380928,4014.99
13798,4403976,4014.99
13798,4427037,4014.99
13798,4451217,4014.95
13798,4474776,4014.95
13798,4498372,4014.95
13798,4522211,4014.95
13798,4546689,4014.97
13798,4570688,4014.97
13798,4594545,4014.97
13798,4617938,4015
13798,4641258,4015
13798,4664318,4014.94
13798,4687356,4014.94
13798,4710783,4014.96
13798,4734079,4014.96
13798,4757493,4014.96
13798,4781171,4014.95
13798,4804863,4014.95
13798,4828609,4014.97
13798,4852592,4014.97
13798,4876792,4014.97
13798,4900620,4015
13798,4924802,4015
13798,4949241,4014.94
13798,4973488,4014.94
13798,4997363,4014.93
13798,5021321,4014.93
13798,5045118,4014.93
13798,5068655,4014.91
13798,5091850,4014.91
13798,5115385,4014.99
13798,5138813,4014.99
13798,5162013,4014.89
13798,5185390,4014.89
13798,5208804,4014.89
13798,5232639,4014.97
13798,5256323,4014.97
13798,5280064,4015.01
13798,5303812,4015.01
13798,5327942,4015.01
13798,5352154,4014.95
13798,5376457,4014.95
13798,5400584,4014.93
13798,5424087,4014.93
13798,5447808,4014.94
13798,5471867,4014.94
13798,5495751,4015
13798,5518712,4015
13798,5541885,4015
13798,5565508,4014.97
13798,5589236,4014.97
13798,5612799,4014.97
13798,5636384,4014.97
13798,5660400,4014.97
13798,5683960,4014.97
13798,5707393,4014.97
13798,5731410,4014.95
13798,5755913,4014.95
13798,5780552,4014.9
13798,5804688,4014.9
13798,5828739,4014.99
13798,5852444,4014.99
13798,5875593,4014.94
13798,5899126,4014.94
13798,5922299,4014.94
13798,5945554,4014.95
13798,5968756,4014.95
13798,5992507,4014.96
13798,6016136,4014.96
13798,6039972,4014.94
13798,6064001,4014.94
13798,6087958,4014.94
13798,6112354,4015.02
13798,6136715,4015.02
13798,6160431,4014.96
13798,6183923,4014.96
13799,57724,4014.98
13799,81171,4014.98
13799,104802,0
13799,128463,0
13799,151921,0
13799,175702,0
13799,198890,0
13799,222743,4014.96
13799,246520,4014.96
13799,270330,4014.95
13799,293689,4014.95
13799,316712,4014.97
13799,339872,4014.97
13799,363021,4014.97
13799,386143,4014.92
13799,409420,4014.92
13799,432549,4014.96
13799,455495,4014.96
13799,478522,4015
13799,501482,4015
13799,524961,4015
13799,548435,4014.98
13799,572229,4014.98
13799,595575,4014.87
13799,618827,4014.87
13799,6221315,4014.75
13799,6244656,4014.76
13799,6267960,4014.76
13799,6291636,4014.76
13799,6314780,4014.74
13799,6337898,4014.74
13799,6361261,4014.71
13799,6384691,4014.71
13799,6408204,4014.76
13799,6431693,4014.76
13799,6455000,4014.76
13799,6466673,4014.76
13799,6466897,4014.76
13799,6467190,4013.33
13799,6467499,4013.33
13799,6467790,4013.33
13799,6468140,4013.33
13799,6468432,4013.33
13799,6468645,4013.33
13799,6468955,4013.33
13799,6469236,4013.33
13799,6469460,4013.33
13799,6469759,4013.33
13799,6470046,4013.33
13799,6470339,4013.33
13799,6470631,4013.33
13799,6470977,4013.33
13799,6471260,4013.33
13799,6471536,4013.33
13799,6471863,4013.33
13799,6472160,4013.33
13799,6472384,4013.33
13799,6472704,4013.33
13799,6473017,4013.33
13799,6473325,4013.33
13799,6473559,4013.33
13799,6473851,4013.33
13799,6474200,4013.33
13799,6474431,4013.33
13799,6474724,4013.33
13799,6475011,4013.33
13799,6475312,4013.33
13799,6475655,4013.33
13799,6475948,4013.33
13799,6476239,4013.33
13799,6476530,4013.33
13799,6476765,4013.33
13799,6477068,4013.33
13799,6477397,4013.33
13799,6477705,4013.33
13799,6483067,4013.33
13799,6501224,4013.33
13799,6520924,4014.94
13799,6541539,4014.94
13799,6562513,4014.89
13799,6584274,4014.89
13799,6606056,4014.96
13799,6628310,4014.96
13799,6650925,4014.96
13799,6674007,4014.92
13799,6697278,4014.92
13799,6720445,4014.93
13799,6743547,4014.93
13799,6766942,4014.95
13799,6789739,4014.95
13799,6812709,4014.95
13799,6835450,4014.9
13799,642297,4015.05
13799,665529,4015.05
13799,689194,4014.95
13799,712425,4014.95
13799,736248,4014.95
13799,759389,4015.03
13799,782588,4015.03
13799,806241,4014.94
13799,829398,4014.94
13799,852587,4014.93
13799,875859,4014.93
13799,898963,4014.93
13799,922660,4015
13799,946595,4015
13799,970106,4014.95
13799,993510,4014.95
13799,1016760,4014.94
13799,1039845,4014.94
13799,1040128,4014.94
13799,1040415,4015.03
13799,1040770,4015.03
13799,1041051,4013.33
13799,1041340,4013.33
13799,1041578,4013.33
13799,1041872,4013.33
13799,1042218,4013.33
13799,1042513,4013.33
13799,1042812,4013.33
13799,1043033,4013.33
13799,1043336,4013.33
13799,1043629,4013.33
13799,1043973,4013.33
13799,1044261,4013.33
13799,1044480,4013.33
13799,1044718,4013.33
13799,1045066,4013.33
13799,1045303,4013.33
13799,1045595,4013.33
13799,1045894,4013.33
13799,1046247,4013.33
13799,1046538,4013.33
13799,1046770,4013.33
13799,1047056,4013.33
13799,1047344,4013.33
13799,1047690,4013.33
13799,1047986,4013.33
13799,1048219,4013.33
13799,1048521,4013.33
13799,1048802,4013.33
13799,1049161,4013.33
13799,1049452,4013.33
13799,1049681,4013.33
13799,1050033,4013.33
13799,1050326,4013.33
13799,1050565,4013.33
13799,1050857,4013.33
13799,1051148,4013.33
13799,1051463,4013.33
13799,1051791,4013.33
13799,1052079,4013.33
13799,1052362,4013.33
13799,1052602,4013.33
13799,1052935,4013.33
13799,1053247,4013.33
13799,1053538,4013.33
13799,1053833,4013.33
13799,1055017,4013.33
13799,1068894,4013.33
13799,1089574,4013.33
13799,1110799,4014.72
13799,1132871,4014.72
13799,1155486,4015.02
13799,1178397,4015.02
13799,1201336,4015.02
13799,1224241,4014.97
13799,1246924,4014.97
13799,6858702,4014.9
13799,6881628,4014.89
13799,6904792,4014.89
13799,6927714,4014.94
13799,6950505,4014.94
13799,6973685,4014.94
13799,6996563,4014.92
13799,7019750,4014.92
13799,7042798,4014.94
13799,7066289,4014.94
13799,7090098,4014.96
13799,7113587,4014.96
13799,7136735,4014.97
13799,7159656,4014.97
13799,7182944,4014.97
13799,7206125,4014.88
13799,7229399,4014.88
13799,7252611,4014.95
13799,7275844,4014.95
13799,7299024,4014.98
13799,7322477,4014.98
13799,7345371,4014.98
13799,7367700,4014.94
13799,7390047,4014.94
13799,7413152,4014.89
13799,7436145,4014.89
13799,7459015,4015.01
13799,7482729,4015.01
13799,7506282,4015.01
13799,7529619,4014.92
13799,7552983,4014.92
13799,7576031,4014.93
13799,7599286,4014.93
13799,7622252,4014.94
13799,7645862,4014.94
13799,7669458,4014.94
13799,7692762,4014.9
13799,7716191,4014.9
13799,7739347,4015.01
13799,7762495,4015.01
13799,7785915,4014.91
13799,7808917,4014.91
13799,7832080,4014.91
13799,7855458,4014.97
13799,7878630,4014.97
13799,7901668,4014.93
13799,7925051,4014.93
13799,7947876,4014.92
13799,7971168,4014.92
13799,7993957,4014.92
13799,8017771,4014.96
13799,8041341,4014.96
13799,8064727,4014.98
13799,8087891,4014.98
13799,8111031,4014.9
13799,8134761,4014.9
13799,8158895,4014.98
13799,8182565,4014.98
13799,8206180,4014.98
13799,8230300,4014.95
13799,8254054,4014.95
13799,8277211,4014.97
13799,8300760,4014.97
13799,8324188,4014.94
13799,8347550,4014.94
13799,8370572,4014.94
13799,8394071,4014.97
13799,8417374,4014.97
13799,8440386,4014.97
13799,8463378,4014.97
13799,8486373,4014.97
13799,8509345,4014.97
13799,8532381,4014.97
13799,8555611,4014.94
13799,8578827,4014.94
13799,8601909,4014.94
13799,8617162,4014.94
13799,8617384,4014.99
13799,8617677,4014.99
13799,8618131,4013.33
13799,8630068,4013.33
13799,8653735,4013.33
13799,8677543,4015.2
13799,8701188,4015.2
13799,8723869,4014.9
13799,8746596,4014.9
13799,8769636,4014.98
13799,8792231,4014.98
13799,8814973,4014.98
13799,8837448,4014.93
13799,8860291,4014.93
13799,8883305,4014.93
13799,8906402,4014.93
13799,8929000,4015.03
13799,8951780,4015.03
13799,8974876,4015.03
13799,8997913,4014.96
13799,9021080,4014.96
13799,9044144,4014.95
13799,9067344,4014.95
13799,9077906,4014.92
13799,9077980,4014.92
13799,1270136,4014.97
13799,1293155,4014.97
13799,1316415,4014.98
13799,1339467,4014.98
13799,1362978,4014.98
13799,1385763,4014.95
13799,1408632,4014.95
13799,1431483,4014.89
13799,1454226,4014.89
13799,1476961,4015
13799,1499679,4015
13799,1523101,4014.91
13799,1546111,4014.91
13799,1569577,4014.91
13799,1592780,4014.96
13799,1616402,4014.96
13799,1639968,4014.95
13799,1663410,4014.95
13799,1687261,4014.97
13799,1711249,4014.97
13799,1734438,4014.97
13799,1757722,4015.06
13799,1781242,4015.06
13799,1804821,4014.96
13799,1828889,4014.96
13799,1852469,4015.1
13799,1876118,4015.1
13799,1899983,4015.1
13799,1923742,4015.11
13799,1946946,4015.11
13799,1969938,4014.99
13799,1993128,4014.99
13799,2016285,4014.98
13799,2039694,4014.98
13799,2063144,4014.96
13799,2086813,4014.96
13799,2110487,4014.96
13799,2134020,4015.01
13799,2157851,4015.01
13799,2181545,4015.06
13799,2205291,4015.06
13799,2228754,4014.88
13799,2252303,4014.88
13799,2275989,4014.88
13799,2299414,4014.88
13799,2322720,4014.88
13799,2345642,4014.96
13799,2368419,4014.96
13799,2391393,4014.95
13799,2414694,4014.95
13799,2438008,4014.95
13799,2461446,4014.91
13799,2484964,4014.91
13799,2508303,4014.95
13799,2532200,4014.95
13799,2555544,4015.01
13799,2578643,4015.01
13799,2601753,4014.94
13799,2625448,4014.94
13799,2643887,4014.94
13799,2644129,4014.92
13799,2644679,4014.92
13799,2659720,4013.33
13799,2681928,4013.33
13799,2704802,4015.02
13799,2727583,4015.02
13799,2750731,4015.02
13799,2774005,4014.97
13799,2797541,4014.97
13799,2820823,4014.99
13799,2843956,4014.99
13799,2860207,4014.97
13799,2860497,4014.97
13799,2860730,4014.97
13799,2861013,4013.33
13799,2861306,4013.33
13799,2861600,4013.33
13799,2861888,4013.33
13799,2862240,4013.33
13799,2862480,4013.33
13799,2862769,4013.33
13799,2863052,4013.33
13799,2863353,4013.33
13799,2863639,4013.33
13799,2863927,4013.33
13799,2872839,4013.33
13799,2895599,4013.33
13799,2917767,4014.95
13799,2940530,4014.95
13799,2962697,4014.95
13799,2985297,4015.05
13799,3008132,4015.05
13799,3030596,4014.98
13799,3053745,4014.98
13799,3077231,4014.98
13799,3100608,4014.98
13799,3123717,4014.91
13799,3146882,4014.91
13799,3170156,4014.91
13799,3193703,4014.93
13799,3216644,4014.93
13799,3239677,4014.97
13799,3262395,4014.97
13799,3285224,4014.9
13799,3308340,4014.9
13799,3331180,4014.9
13799,3353864,4014.92
13799,3376640,4014.92
13799,3399944,4014.93
13799,3422842,4014.93
13799,3445730,4014.98
13799,3468576,4014.98
13799,3491701,4014.98
13799,3514671,4015.01
13799,3538259,4015.01
13799,3561959,4015.02
13799,3585002,4015.02
13799,3608033,4014.92
13799,3631207,4014.92
13799,3654779,4014.92
13799,3678172,4014.94
13799,3701242,4014.94
13799,3724008,4014.96
13799,3747225,4014.96
13799,3770589,4014.97
13799,3793200,4014.97
13799,3816067,4014.97
13799,3839360,4014.97
13799,3863029,4014.97
13799,3886336,4014.97
13799,3909945,4014.97
13799,3933188,4014.92
13799,3956953,4014.92
13799,3980110,4014.99
13799,4003874,4014.99
13799,4027503,4014.99
13799,4050987,4015
13799,4074100,4015
13799,4097050,4014.98
13799,4120104,4014.98
13799,4142898,4014.95
13799,4165978,4014.95
13799,4189164,4014.95
13799,4212201,4014.91
13799,4235963,4014.91
13799,4259292,4014.93
13799,4282362,4014.93
13799,4305864,4014.89
13799,4328820,4014.89
13799,4351959,4014.89
13799,4375016,4014.94
13799,4398408,4014.94
13799,4403424,4015.01
13799,4403714,4015.01
13799,4404770,4013.33
13799,4421945,4013.33
13799,4446316,4015.1
13799,4470130,4015.1
13799,4493931,4015.1
13799,4517231,4014.89
13799,4540880,4014.89
13799,4563941,4014.93
13799,4586993,4014.93
13799,4609731,4014.96
13799,4632760,4014.96
13799,4655978,4014.96
13799,4679279,4014.9
13799,4702694,4014.9
13799,4725961,4014.9
13799,4749608,4014.9
13799,4765375,4015
13799,4765646,4015
13799,4765938,4015
13799,4766388,4013.33
13799,4776522,4013.33
13799,4800383,4013.33
13799,4824391,4013.33
13799,4847825,4014.8
13799,4870859,4014.8
13799,4894397,4014.92
13799,4917163,4014.92
13799,4940231,4014.92
13799,4963119,4014.92
13799,4986011,4014.92
13799,5009097,4014.94
13799,5032197,4014.94
13799,5055045,4014.96
13799,5078605,4014.96
13799,5101597,4014.96
13799,5125148,4014.99
13799,5148414,4014.99
13799,5171662,4014.97
13799,5195158,4014.97
13799,5218379,4014.95
13799,5241926,4014.95
13799,5265279,4014.95
13799,5288471,4015
13799,5311678,4015
13799,5334738,4014.9
13799,5358295,4014.9
13799,5381444,4014.97
13799,5404111,4014.97
13799,5427025,4014.96
13799,5449988,4014.96
13799,5473221,4014.96
13799,5496914,4015
13799,5520204,4015
13799,5543763,4014.97
13799,5568202,4014.97
13799,5592393,4015.12
13799,5615927,4015.12
13799,5617711,4015.12
13799,5618039,4014.91
13799,5618254,4014.91
13799,5619128,4013.33
13799,5632944,4013.33
13799,5658175,4014.36
13799,5683269,4014.36
13799,5707048,4014.36
13799,5730480,4014.73
13799,5753860,4014.73
13799,5777593,4014.75
13799,5801266,4014.75
13799,5824529,4014.72
13799,5848512,4014.72
13799,5872268,4014.78
13799,5895521,4014.78
13799,5919031,4014.78
13799,5942358,4014.71
13799,5965713,4014.71
13799,5988521,4014.78
13799,6011179,4014.78
13799,6034011,4014.74
13799,6056840,4014.74
13799,6080181,4014.74
13799,6103345,4014.78
13799,6126652,4014.78
13799,6150195,4014.75
13799,6174000,4014.75
13799,6197810,4014.75
