runnum,evnum,HALLA_p
13450,67164,5964.64
13450,92389,5964.64
13450,117945,5964.57
13450,143217,5964.57
13450,168926,5964.66
13450,194295,5964.66
13450,220001,5964.66
13450,245352,5964.57
13450,271020,5964.57
13450,296719,5964.65
13450,322438,5964.65
13450,347503,5964.68
13450,372974,5964.68
13450,398404,5964.68
13450,424033,5964.68
13450,449527,5964.68
13450,474848,5964.58
13450,500441,5964.58
13450,525730,5964.64
13450,551400,5964.64
13450,577000,5964.58
13450,602208,5964.58
13450,628071,5964.66
13450,653565,5964.66
13450,679152,5964.66
13450,704767,5964.54
13450,730586,5964.54
13450,756036,5964.63
13450,781434,5964.63
13450,807147,5964.62
13450,832765,5964.62
13450,858203,5964.6
13450,883716,5964.6
13450,909404,5964.6
13450,935027,5964.58
13450,960876,5964.58
13450,986594,5964.57
13450,1012183,5964.57
13450,1037793,5964.58
13450,1063698,5964.58
13450,1089289,5964.63
13450,1114722,5964.63
13450,1140560,5964.63
13450,1166329,5964.62
13450,1191513,5964.62
13450,1217161,5964.65
13450,1242737,5964.65
13450,1268126,5964.59
13450,1293509,5964.59
13450,1319009,5964.59
13450,1345093,5964.64
13450,1370875,5964.64
13450,1396715,5964.58
13450,1422449,5964.58
13450,1447911,5964.63
13450,1473526,5964.63
13450,1499318,5964.59
13450,1525226,5964.59
13450,1551023,5964.59
13450,1577197,5964.7
13450,1603673,5964.7
13450,1630185,5964.63
13450,1656545,5964.63
13450,1682773,5964.59
13450,1709277,5964.59
13450,1735553,5964.68
13450,1761973,5964.68
13450,1788642,5964.68
13450,1808972,5964.67
13450,1809140,5964.67
13450,1809298,5964.6
13450,1809461,5964.6
13450,1809619,5965.54
13450,1809762,5965.54
13450,1809937,5965.54
13450,1810105,5965.54
13450,1810697,5965.54
13450,1833576,5965.54
13450,1858657,5965.54
13450,1883774,5964.72
13450,1909354,5964.72
13450,1934796,5964.59
13450,1960299,5964.59
13450,1986147,5964.54
13450,2011940,5964.54
13450,2037756,5964.54
13450,2063602,5964.66
13450,2089797,5964.66
13450,2115838,5964.6
13450,2142303,5964.6
13450,2168057,5964.64
13450,2194128,5964.64
13450,2219392,5964.6
13450,2244570,5964.6
13450,2269824,5964.6
13450,2295538,5964.58
13450,2321015,5964.58
13450,2346230,5964.69
13450,2371607,5964.69
13450,2396962,5964.64
13450,2422397,5964.64
13450,2447880,5964.66
13450,2472926,5964.66
13450,2498431,5964.66
13450,2524259,5964.66
13450,2549864,5964.66
13450,2575592,5964.6
13450,2601365,5964.6
13450,2623988,5964.57
13450,2624062,5964.57
13451,84726,5964.73
13451,110823,5964.68
13451,110970,5964.68
13451,111116,5965.54
13451,111302,5965.54
13451,111403,5965.54
13451,111559,5965.54
13451,111724,5965.54
13451,111870,5965.54
13451,112049,5965.54
13451,112211,5965.54
13451,136861,5965.54
13451,166482,5964.93
13451,196737,5964.93
13451,227456,5964.93
13451,258345,5964.75
13451,289261,5964.75
13451,319911,5964.64
13451,350984,5964.64
13451,381573,5964.61
13451,412650,5964.61
13451,443408,5964.65
13451,474728,5964.65
13451,506088,5964.65
13451,537113,5964.7
13451,568420,5964.7
13451,599736,5964.66
13451,630925,5964.66
13451,661904,5964.61
13451,693262,5964.61
13451,724753,5964.61
13451,756044,5964.69
13451,787391,5964.69
13451,818821,5964.65
13451,850275,5964.65
13451,881672,5964.67
13451,913314,5964.67
13451,944685,5964.71
13451,975866,5964.71
13451,1007106,5964.71
13451,1038310,5964.66
13451,1069829,5964.66
13451,1100683,5964.72
13451,1131902,5964.72
13451,1163328,5964.67
13451,1194778,5964.67
13451,1226380,5964.73
13451,1258014,5964.73
13451,1289023,5964.73
13451,1320174,5964.64
13451,1351191,5964.64
13451,1378575,5964.63
13451,1378613,5964.63
13452,70022,5964.61
13452,94947,5964.61
13452,119537,5964.68
13452,144488,5964.68
13452,169180,5964.68
13452,194037,5964.58
13452,218790,5964.58
13452,243657,5964.67
13452,268390,5964.67
13452,293398,5964.61
13452,318466,5964.61
13452,343137,5964.67
13452,368304,5964.67
13452,393370,5964.67
13452,418165,5964.61
13452,443101,5964.61
13452,468220,5964.72
13452,493136,5964.72
13452,518185,5964.72
13452,542860,5964.72
13452,567652,5964.66
13452,592552,5964.66
13452,617576,5964.66
13452,642300,5964.57
13452,666891,5964.57
13452,691703,5964.59
13452,703433,5964.59
13452,703581,5964.57
13452,703726,5964.57
13452,703899,5964.57
13452,704059,5965.54
13452,704223,5965.54
13452,705191,5965.54
13452,727217,5965.54
13452,751040,5965.54
13452,775095,5965.54
13452,799559,5964.45
13452,824003,5964.45
13452,848669,5964.45
13452,873426,5964.79
13452,898383,5964.79
13452,923181,5964.6
13452,947974,5964.6
13452,972820,5964.7
13452,981019,5964.7
13452,981182,5964.59
13452,981426,5964.59
13452,981539,5964.59
13452,981701,5965.54
13452,981864,5965.54
13452,982040,5965.54
13452,982180,5965.54
13452,982345,5965.54
13452,982505,5965.54
13452,982670,5965.54
13452,1003416,5965.54
13452,1026590,5965.54
13452,1050387,5964.76
13452,1074202,5964.76
13452,1098486,5964.68
13452,1122888,5964.68
13452,1147982,5960.08
13452,1173048,5960.08
13452,1197753,5964.78
13452,1202058,5964.78
13452,1202219,5964.78
13452,1202374,5965.54
13452,1206120,5965.54
13452,1229770,5965.54
13452,1253967,5965.54
13452,1279060,5964.68
13452,1304285,5964.68
13452,1329361,5965.02
13452,1354652,5965.02
13452,1380076,5965.02
13452,1405177,5964.64
13452,1430483,5964.64
13452,1456087,5964.68
13452,1481316,5964.68
13452,1506493,5964.64
13452,1531880,5964.64
13452,1557363,5964.64
13452,1582687,5964.66
13452,1608021,5964.66
13452,1633236,5964.66
13452,1658350,5964.66
13452,1683420,5964.65
13452,1708778,5964.65
13452,1733965,5964.63
13452,1758835,5964.63
13452,1783891,5964.63
13452,1809111,5964.64
13452,1834328,5964.64
13452,1859680,5964.65
13452,1884764,5964.65
13452,1909854,5964.61
13452,1935188,5964.61
13452,1960290,5964.59
13452,1985359,5964.59
13452,2010729,5964.59
13452,2036111,5964.67
13452,2061587,5964.67
13452,2086624,5964.55
13452,2111963,5964.55
13452,2137033,5964.66
13452,2162155,5964.66
13452,2187347,5964.57
13452,2212183,5964.57
13452,2237419,5964.57
13452,2262731,5964.69
13452,2288223,5964.69
13452,2313415,5964.64
13452,2338411,5964.64
13452,2363883,5964.75
13452,2389215,5964.75
13452,2414168,5964.61
13452,2439643,5964.61
13452,2464635,5964.61
13452,2490067,5964.63
13452,2515687,5964.63
13452,2540772,5964.62
13452,2566374,5964.62
13452,2591783,5964.58
13452,2617069,5964.58
13452,2642227,5964.65
13452,2667221,5964.65
13452,2692717,5964.65
13452,2718309,5964.59
13452,2743471,5964.59
13452,2769129,5964.6
13452,2794195,5964.6
13452,2819041,5964.57
13452,2843730,5964.57
13452,2868815,5964.55
13452,2893632,5964.55
13452,2918377,5964.55
13452,2943212,5964.59
13452,2967783,5964.59
13452,2992403,5964.58
13452,3017270,5964.58
13452,3042282,5964.73
13452,3067109,5964.73
13452,3091680,5964.73
13452,3116645,5964.62
13452,3141268,5964.62
13452,3166439,5964.6
13452,3191006,5964.6
13452,3215875,5964.56
13452,3241002,5964.56
13452,3266020,5964.61
13452,3291170,5964.61
13452,3315927,5964.61
13452,3341112,5964.56
13452,3366762,5964.56
13452,3392264,5964.63
13452,3417785,5964.63
13452,3443404,5964.51
13452,3468880,5964.51
13452,3494358,5964.59
13452,3520015,5964.59
13452,3545951,5964.59
13452,3571495,5964.63
13452,3596914,5964.63
13452,3622122,5964.63
13452,3647435,5964.63
13452,3672795,5964.57
13452,3698166,5964.57
13452,3723756,5964.69
13452,3748838,5964.69
13452,3774101,5964.69
13452,3799422,5964.64
13452,3824844,5964.64
13452,3850072,5964.57
13452,3875596,5964.57
13452,3900901,5964.52
13452,3926432,5964.52
13452,3951821,5964.52
13452,3977604,5964.6
13452,4003180,5964.6
13452,4028264,5964.58
13452,4053405,5964.58
13452,4078045,5964.59
13452,4102743,5964.59
13452,4127718,5964.59
13452,4152295,5964.59
13452,4177102,5964.59
13452,4201962,5964.48
13452,4226668,5964.48
13452,4251622,5964.72
13452,4276299,5964.72
13452,4301130,5964.64
13452,4325839,5964.64
13452,4350159,5964.64
13452,4375505,5964.52
13452,4400603,5964.52
13452,4425441,5964.63
13452,4450256,5964.63
13452,4475089,5964.62
13452,4499916,5964.62
13452,4524537,5964.67
13452,4549658,5964.67
13452,4574745,5964.67
13452,4599510,5964.64
13452,4624718,5964.64
13452,4649741,5964.66
13452,4674779,5964.66
13452,4699603,5964.68
13452,4724836,5964.68
13452,4749927,5964.65
13452,4775118,5964.65
13452,4800299,5964.65
13452,4825306,5964.59
13452,4850460,5964.59
13452,4875738,5964.55
13452,4900714,5964.55
13452,4925400,5964.52
13452,4950713,5964.52
13452,4976358,5964.63
13452,5001839,5964.63
13452,5027552,5964.63
13452,5053132,5964.57
13452,5078987,5964.57
13452,5104664,5964.62
13452,5130429,5964.62
13452,5156232,5964.65
13452,5181661,5964.65
13452,5207518,5964.74
13452,5232916,5964.74
13452,5258346,5964.74
13452,5283662,5964.6
13452,5309409,5964.6
13452,5335013,5964.55
13452,5360594,5964.55
13452,5385822,5964.64
13452,5411119,5964.64
13452,5436366,5964.52
13452,5461579,5964.52
13452,5486485,5964.52
13452,5511252,5964.67
13452,5536264,5964.67
13452,5561084,5964.52
13452,5586017,5964.52
13452,5610731,5964.58
13452,5635558,5964.58
13452,5660503,5964.61
13452,5685231,5964.61
13452,5710049,5964.61
13452,5735317,5964.61
13452,5760673,5964.61
13452,5785947,5964.56
13452,5811299,5964.56
13452,5836586,5964.66
13452,5861597,5964.66
13452,5886818,5964.66
13452,5912271,5964.7
13452,5937267,5964.7
13452,5962471,5964.64
13452,5987628,5964.64
13452,6012771,5964.65
13452,6037996,5964.65
13452,6063829,5964.65
13452,6089487,5964.65
13452,6115553,5964.65
13452,6141281,5964.59
13452,6146763,5964.59
13459,61278,5964.5
13459,82937,5964.5
13459,104139,5964.55
13459,124835,5964.55
13459,145662,5964.49
13459,166517,5964.49
13459,177454,5964.54
13459,177740,5964.54
13459,177961,5964.54
13459,180012,5965.54
13459,199439,5965.54
13459,220040,5965.54
13459,241189,5965.54
13459,262551,5964.55
13459,284547,5964.55
13459,306705,5964.55
13459,328456,5964.58
13459,350074,5964.58
13459,371395,5964.56
13459,392722,5964.56
13459,414235,5964.53
13459,435767,5964.53
13459,456983,5964.56
13459,478337,5964.56
13459,499842,5964.56
13459,521372,5964.47
13459,543109,5964.47
13459,564525,5964.53
13459,585995,5964.53
13459,607628,5964.55
13459,629222,5964.55
13459,650490,5964.55
13459,6634828,5964.62
13459,6656832,5964.62
13459,6679168,5964.62
13459,6701299,5964.62
13459,6723691,5964.63
13459,6745701,5964.63
13459,6767872,5964.61
13459,6773180,5964.61
13459,6773470,5964.6
13459,6773879,5964.6
13459,6774102,5965.54
13459,6774404,5965.54
13459,6774684,5965.54
13459,6775048,5965.54
13459,6775328,5965.54
13459,6775616,5965.54
13459,6775850,5965.54
13459,6776142,5965.54
13459,6786883,5965.54
13459,6806795,5965.54
13459,6827569,5965.54
13459,6848452,5965.54
13459,6870217,5964.48
13459,6892234,5964.48
13459,6913991,5964.76
13459,6936130,5964.76
13459,6957769,5964.58
13459,6979186,5964.58
13459,7000847,5964.57
13459,7022921,5964.57
13459,7044443,5964.57
13459,7066307,5964.56
13459,7088066,5964.56
13459,7109736,5964.6
13459,7131482,5964.6
13459,7153096,5964.65
13459,7175004,5964.65
13459,7196650,5964.62
13459,7218243,5964.62
13459,7239873,5964.62
13459,7262017,5964.45
13459,7283907,5964.45
13459,672279,5964.62
13459,693599,5964.62
13459,715387,5964.57
13459,737045,5964.57
13459,758930,5964.51
13459,780653,5964.51
13459,802257,5964.55
13459,823940,5964.55
13459,826826,5964.55
13459,827055,5964.53
13459,837132,5964.53
13459,857619,5965.54
13459,879352,5965.54
13459,900856,5964.65
13459,922232,5964.65
13459,943556,5964.55
13459,965476,5964.55
13459,987274,5964.55
13459,1009036,5964.58
13459,1030540,5964.58
13459,1051985,5964.5
13459,1073675,5964.5
13459,1095169,5964.52
13459,1116679,5964.52
13459,1138079,5964.52
13459,1159843,5964.56
13459,1181483,5964.56
13459,1203010,5964.55
13459,1224456,5964.55
13459,1246013,5964.58
13459,1267672,5964.58
13459,1288975,5964.56
13459,1310609,5964.56
13459,7305559,5964.6
13459,7327612,5964.6
13459,7349317,5964.6
13459,7371594,5964.6
13459,7393785,5964.6
13459,7415636,5964.54
13459,7503908,5964.63
13459,7525962,5964.63
13459,7547971,5964.54
13459,7570044,5964.54
13459,7592151,5964.54
13459,7614279,5964.57
13459,7636161,5964.57
13459,7658375,5964.62
13459,7680237,5964.62
13459,7702344,5964.62
13459,7724744,5964.62
13459,7746625,5964.6
13459,7768641,5964.6
13459,7791174,5964.6
13459,7812966,5964.69
13459,7834948,5964.69
13459,7856981,5964.56
13459,7879050,5964.56
13459,7901262,5964.53
13459,7923550,5964.53
13459,7945809,5964.66
13459,7967936,5964.66
13459,7989716,5964.66
13459,8011744,5964.55
13459,8033641,5964.55
13459,8055647,5964.7
13459,8077260,5964.7
13459,8099103,5964.7
13459,8120865,5964.7
13459,8142682,5964.66
13459,8164550,5964.66
13459,8186481,5964.66
13459,8208454,5964.64
13459,8230596,5964.64
13459,8252396,5964.56
13459,8274133,5964.56
13459,8295912,5964.57
13459,8317903,5964.57
13459,8339909,5964.64
13459,8361778,5964.64
13459,8383711,5964.64
13459,8406119,5964.65
13459,8428351,5964.65
13459,8450831,5964.53
13459,8472890,5964.53
13459,8495086,5964.64
13459,8517599,5964.64
13459,8540038,5964.62
13459,8562196,5964.62
13459,8584326,5964.62
13459,8606553,5964.66
13459,8628823,5964.66
13459,8651021,5964.64
13459,8672943,5964.64
13459,8694484,5964.57
13459,8716239,5964.57
13459,8738010,5964.66
13459,8759705,5964.66
13459,8781517,5964.66
13459,8803071,5964.61
13459,8824399,5964.61
13459,8846142,5964.68
13459,8867941,5964.68
13459,8889539,5964.74
13459,8911446,5964.74
13459,8933088,5964.74
13459,8955096,5964.61
13459,8977148,5964.61
13459,8999186,5964.64
13459,9021204,5964.64
13459,9043523,5964.61
13459,9065595,5964.61
13459,9087853,5964.64
13459,9110525,5964.64
13459,9132757,5964.64
13459,9155274,5964.7
13459,9177680,5964.7
13459,9199853,5964.65
13459,9221847,5964.65
13459,9243926,5964.71
13459,9266592,5964.71
13459,9288980,5964.51
13459,9311069,5964.51
13459,9333313,5964.51
13459,9355482,5964.64
13459,9377499,5964.64
13459,9399377,5964.56
13459,9421388,5964.56
13459,9442910,5964.62
13459,9464798,5964.62
13459,9486427,5964.49
13459,9508187,5964.49
13459,9529539,5964.49
13459,9551195,5964.59
13459,9572927,5964.59
13459,9594748,5964.73
13459,9616235,5964.73
13459,9637910,5964.62
13459,9659598,5964.62
13459,9680977,5964.6
13459,9702875,5964.6
13459,9724384,5964.6
13459,9746242,5964.54
13459,9747298,5964.54
13459,9747586,5964.63
13459,9747917,5964.63
13459,9748216,5965.54
13459,9748512,5965.54
13459,9748741,5965.54
13459,9749025,5965.54
13459,9749364,5965.54
13459,9749667,5965.54
13459,9749951,5965.54
13459,9750188,5965.54
13459,9750469,5965.54
13459,9752494,5965.54
13459,9770005,5965.54
13459,9790206,5964.57
13459,9810844,5964.57
13459,9832184,5964.57
13459,9853982,5964.27
13459,9875858,5964.27
13459,9897900,5964.6
13459,9920429,5964.6
13459,9942180,5964.66
13459,9964317,5964.66
13459,9986704,5964.59
13459,10008595,5964.59
13459,10030546,5964.59
13459,10052568,5964.57
13459,10069727,5964.57
13459,10069727,5964.61
13459,1332364,5964.56
13459,1353976,5964.65
13459,1375633,5964.65
13459,1397189,5964.56
13459,1418894,5964.56
13459,1440534,5964.59
13459,1462138,5964.59
13459,1483821,5964.59
13459,1506051,5964.53
13459,1527552,5964.53
13459,1549288,5964.54
13459,1570835,5964.54
13459,1592444,5964.51
13459,1614099,5964.51
13459,1635855,5964.55
13459,1657490,5964.55
13459,1679494,5964.55
13459,1701388,5964.47
13459,1723352,5964.47
13459,1745233,5964.62
13459,1767057,5964.62
13459,1788626,5964.56
13459,1810389,5964.56
13459,1832186,5964.68
13459,1854204,5964.68
13459,1862527,5964.68
13459,1862814,5964.58
13459,1863111,5964.58
13459,1863455,5965.54
13459,1863678,5965.54
13459,1871630,5965.54
13459,1891980,5965.54
13459,1913128,5964.3
13459,1934630,5964.3
13459,1955877,5964.3
13459,1977588,5964.45
13459,1998998,5964.45
13459,2007453,5964.53
13459,2007794,5964.53
13459,2008087,5965.54
13459,2008376,5965.54
13459,2008605,5965.54
13459,2008956,5965.54
13459,2009238,5965.54
13459,2009525,5965.54
13459,2009814,5965.54
13459,2010051,5965.54
13459,2021822,5965.54
13459,2041422,5965.54
13459,2062001,5965.54
13459,2083058,5965.54
13459,2104373,5964.44
13459,2125778,5964.44
13459,2147055,5964.67
13459,2168528,5964.67
13459,2190031,5964.6
13459,2211811,5964.6
13459,2233547,5964.59
13459,2255252,5964.59
13459,2277105,5964.59
13459,2298630,5964.53
13459,2320575,5964.53
13459,2342589,5964.65
13459,2364323,5964.65
13459,2386238,5964.59
13459,2408271,5964.59
13459,2430523,5964.53
13459,2452326,5964.53
13459,2473992,5964.53
13459,2495538,5964.64
13459,2517055,5964.64
13459,2539051,5964.6
13459,2560709,5964.6
13459,2582083,5964.61
13459,2603660,5964.61
13459,2625246,5964.57
13459,2646722,5964.57
13459,2663963,5964.57
13459,2664231,5964.66
13459,2664518,5964.66
13459,2664808,5965.54
13459,2668918,5965.54
13459,2688766,5965.54
13459,2709187,5965.54
13459,2730477,5964.37
13459,2751742,5964.37
13459,2773384,5964.37
13459,2795007,5964.72
13459,2816720,5964.72
13459,2838310,5964.65
13459,2859776,5964.65
13459,2881149,5964.49
13459,2902783,5964.49
13459,2924410,5964.56
13459,2945927,5964.56
13459,2967426,5964.56
13459,2989134,5964.56
13459,3010812,5964.56
13459,3032303,5964.6
13459,3053831,5964.6
13459,3075551,5964.55
13459,3096948,5964.55
13459,3118342,5964.61
13459,3139938,5964.61
13459,3161714,5964.61
13459,3183357,5964.57
13459,3205109,5964.57
13459,3226621,5964.59
13459,3230666,5964.59
13459,3230895,5964.61
13459,3231178,5964.61
13459,3231505,5965.54
13459,3232089,5965.54
13459,3232395,5965.54
13459,3232675,5965.54
13459,3232909,5965.54
13459,3233192,5965.54
13459,3234682,5965.54
13459,3252654,5965.54
13459,3272942,5965.54
13459,3293874,5965.54
13459,3315492,5964.12
13459,3336897,5964.12
13459,3358581,5964.67
13459,3380523,5964.67
13459,3402176,5964.62
13459,3424101,5964.62
13459,3445605,5964.6
13459,3467455,5964.6
13459,3489111,5964.6
13459,3510997,5964.57
13459,3532872,5964.57
13459,3554688,5964.46
13459,3576378,5964.46
13459,3598378,5964.6
13459,3620481,5964.6
13459,3642102,5964.55
13459,3663919,5964.55
13459,3685688,5964.55
13459,3707582,5964.58
13459,3729225,5964.58
13459,3750959,5964.6
13459,3772852,5964.6
13459,3794901,5964.6
13459,3816771,5964.6
13459,3838597,5964.59
13459,3860664,5964.59
13459,3882610,5964.59
13459,3904570,5964.55
13459,3926698,5964.55
13459,3948644,5964.5
13459,3970742,5964.5
13459,3992784,5964.61
13459,4014890,5964.61
13459,4036907,5964.5
13459,4058676,5964.5
13459,4080567,5964.5
13459,4102581,5964.55
13459,4124460,5964.55
13459,4146482,5964.56
13459,4168500,5964.56
13459,4190267,5964.6
13459,4212164,5964.6
13459,4234249,5964.63
13459,4256170,5964.63
13459,4278207,5964.63
13459,4300114,5964.54
13459,4321992,5964.54
13459,4333230,5964.45
13459,4333524,5964.45
13459,4333873,5965.54
13459,4334161,5965.54
13459,4334449,5965.54
13459,4334735,5965.54
13459,4342575,5965.54
13459,4362465,5965.54
13459,4383405,5965.54
13459,4404388,5964.23
13459,4425791,5964.23
13459,4447419,5964.87
13459,4468894,5964.87
13459,4490541,5964.87
13459,4512540,5964.62
13459,4534574,5964.62
13459,4556591,5964.59
13459,4578336,5964.59
13459,4600269,5964.54
13459,4621984,5964.54
13459,4643859,5964.61
13459,4665545,5964.61
13459,4688046,5964.61
13459,4709912,5964.48
13459,4732007,5964.48
13459,4754773,5964.61
13459,4777110,5964.61
13459,4799427,5964.6
13459,4821948,5964.6
13459,4843950,5964.56
13459,4866482,5964.56
13459,4888604,5964.56
13459,4910549,5964.55
13459,4932510,5964.55
13459,4954278,5964.66
13459,4958392,5964.66
13459,4958612,5965.54
13459,4958911,5965.54
13459,4959201,5965.54
13459,4962361,5965.54
13459,4981831,5965.54
13459,5003051,5965.54
13459,5024329,5965.54
13459,5046222,5964.21
13459,5067968,5964.21
13459,5089196,5964.58
13459,5110582,5964.58
13459,5131844,5964.58
13459,5153377,5964.55
13459,5174902,5964.55
13459,5196421,5964.66
13459,5217981,5964.66
13459,5240104,5964.58
13459,5261938,5964.58
13459,5283897,5964.65
13459,5305659,5964.65
13459,5327550,5964.65
13459,5349691,5964.54
13459,5371682,5964.54
13459,5393575,5964.58
13459,5415147,5964.58
13459,5437104,5964.64
13459,5458885,5964.64
13459,5480492,5964.57
13459,5502278,5964.57
13459,5524024,5964.57
13459,5546039,5964.59
13459,5567866,5964.59
13459,5589812,5964.59
13459,5611699,5964.59
13459,5633802,5964.66
13459,5655345,5964.66
13459,5677170,5964.66
13459,5699013,5964.64
13459,5721150,5964.64
13459,5743150,5964.59
13459,5764917,5964.59
13459,5773772,5964.67
13459,5773995,5964.67
13459,5774301,5965.54
13459,5774589,5965.54
13459,5788677,5965.54
13459,5809812,5965.54
13459,5831487,5965.54
13459,5853321,5964.54
13459,5875128,5964.54
13459,5897190,5964.65
13459,5919218,5964.65
13459,5941314,5964.68
13459,5963265,5964.68
13459,5985288,5964.68
13459,6007050,5964.63
13459,6028928,5964.63
13459,6050688,5964.6
13459,6072928,5964.6
13459,6095093,5964.6
13459,6116984,5964.6
13459,6139052,5964.6
13459,6160885,5964.6
13459,6182657,5964.6
13459,6204653,5964.51
13459,6226563,5964.51
13459,6248350,5964.52
13459,6270206,5964.52
13459,6291972,5964.55
13459,6313735,5964.55
13459,6316174,5964.58
13459,6316521,5964.58
13459,6316742,5964.58
13459,6317046,5965.54
13459,6317335,5965.54
13459,6317622,5965.54
13459,6317906,5965.54
13459,6318198,5965.54
13459,6318485,5965.54
13459,6319380,5965.54
13459,6337113,5965.54
13459,6356851,5965.54
13459,6377456,5964.8
13459,6398203,5964.8
13459,6419420,5964.58
13459,6440980,5964.58
13459,6462211,5964.59
13459,6483985,5964.59
13459,6505366,5964.59
13459,6526842,5964.65
13459,6548345,5964.65
13459,6569850,5964.6
13459,6591607,5964.6
13459,6612968,5964.62
13460,61335,5964.56
13460,83300,5964.56
13460,105542,5964.61
13460,127608,5964.61
13460,149948,5964.61
13460,172148,5964.61
13460,194414,5964.61
13460,216714,5964.64
13460,238825,5964.64
13460,260968,5964.59
13460,283231,5964.59
13460,305388,5964.62
13460,327785,5964.62
13460,349806,5964.63
13460,371794,5964.63
13460,393937,5964.63
13460,416243,5964.51
13460,438515,5964.51
13460,460579,5964.61
13460,482664,5964.61
13460,504548,5964.58
13460,526841,5964.58
13460,547058,5964.69
13460,547281,5964.69
13460,547563,5964.69
13460,547867,5965.54
13460,548219,5965.54
13460,548498,5965.54
13460,548795,5965.54
13460,549014,5965.54
13460,551168,5965.54
13460,553819,5965.54
13460,559553,5965.54
13460,579408,5965.54
13460,600377,5965.54
13460,621897,5965.54
13460,643387,5964.23
13460,6655364,5965.54
13460,6676450,5965.54
13460,6697601,5964.25
13460,6719616,5964.25
13460,6741762,5964.25
13460,6763460,5964.68
13460,6785177,5964.68
13460,6807049,5964.64
13460,6828793,5964.64
13460,6850573,5964.64
13460,6872434,5964.64
13460,6894081,5964.59
13460,6916394,5964.59
13460,6938231,5964.59
13460,6960139,5964.68
13460,6981880,5964.68
13460,7004172,5964.72
13460,7026186,5964.72
13460,7048320,5964.6
13460,7070209,5964.6
13460,7092321,5964.7
13460,7114378,5964.7
13460,7136328,5964.7
13460,7158288,5964.73
13460,7180301,5964.73
13460,7202051,5964.63
13460,7223817,5964.63
13460,7240557,5964.61
13460,7240790,5964.61
13460,7241136,5965.54
13460,7241372,5965.54
13460,7241651,5965.54
13460,7241956,5965.54
13460,7242224,5965.54
13460,7252577,5965.54
13460,7272853,5965.54
13460,7293899,5964.87
13460,7302296,5964.87
13460,7302584,5964.41
13460,664908,5964.23
13460,686288,5964.58
13460,708305,5964.58
13460,729654,5964.58
13460,751688,5964.52
13460,773694,5964.52
13460,795848,5964.7
13460,817617,5964.7
13460,839254,5964.58
13460,861403,5964.58
13460,883404,5964.54
13460,905679,5964.54
13460,927291,5964.54
13460,949453,5964.65
13460,971721,5964.65
13460,993590,5964.66
13460,1015870,5964.66
13460,1038139,5964.64
13460,1060368,5964.64
13460,1082657,5964.58
13460,1104703,5964.58
13460,1127168,5964.68
13460,1149505,5964.68
13460,1171733,5964.68
13460,1194279,5964.61
13460,1216473,5964.61
13460,1238896,5964.63
13460,1261258,5964.63
13460,1283423,5964.56
13460,1306039,5964.56
13460,7311466,5964.41
13460,7332230,5964.41
13460,7353234,5964.55
13460,7374603,5964.55
13460,7395976,5964.49
13460,7417604,5964.49
13460,7439249,5964.69
13460,7460914,5964.69
13460,7482526,5964.65
13460,7504249,5964.65
13460,7526043,5964.65
13460,7547836,5964.61
13460,7569666,5964.61
13460,7591617,5964.68
13460,7613458,5964.68
13460,7635662,5964.64
13460,7657840,5964.64
13460,7680037,5964.67
13460,7702405,5964.67
13460,7724568,5964.67
13460,7746829,5964.7
13460,7747576,5964.7
13460,7747848,5964.7
13460,7748707,5964.7
13460,7768560,5965.54
13460,7790064,5965.54
13460,7812077,5964.37
13460,7834252,5964.37
13460,7856335,5964.37
13460,7878325,5964.77
13460,7900403,5964.77
13460,7922663,5964.65
13460,7945239,5964.65
13460,7967595,5964.69
13460,7989604,5964.69
13460,8011608,5964.65
13460,8033867,5964.65
13460,8056065,5964.65
13460,8077815,5964.73
13460,8099693,5964.73
13460,8121730,5964.7
13460,8143602,5964.7
13460,8165610,5964.61
13460,8187375,5964.61
13460,8209432,5964.63
13460,8231663,5964.63
13460,8253572,5964.63
13460,8254123,5964.63
13460,8254356,5964.63
13460,8266207,5965.54
13460,8287216,5965.54
13460,8308445,5964.52
13460,8330224,5964.52
13460,8351850,5964.52
13460,8373488,5964.7
13460,8395627,5964.7
13460,8417627,5964.72
13460,8439510,5964.72
13460,8461665,5964.64
13460,8483817,5964.64
13460,8505819,5964.61
13460,8527906,5964.61
13460,8549865,5964.61
13460,8572132,5964.62
13460,8594524,5964.62
13460,8616423,5964.67
13460,8638514,5964.67
13460,8660576,5964.65
13460,8682729,5964.65
13460,8704963,5964.67
13460,8727171,5964.67
13460,8749424,5964.67
13460,8771478,5964.65
13460,8793582,5964.65
13460,8815719,5964.75
13460,8837449,5964.75
13460,8859235,5964.67
13460,8880802,5964.67
13460,8902496,5964.58
13460,8924012,5964.58
13460,8946132,5964.58
13460,8968188,5964.65
13460,8972978,5964.65
13460,8973271,5964.57
13460,8973559,5964.57
13460,8973771,5965.54
13460,8974082,5965.54
13460,8974373,5965.54
13460,8974647,5965.54
13460,8974946,5965.54
13460,8975289,5965.54
13460,8991956,5965.54
13460,9012150,5965.54
13460,9032867,5965.54
13460,9054040,5964.58
13460,9075763,5964.58
13460,9097281,5964.63
13460,9119041,5964.63
13460,9140412,5964.63
13460,9162166,5964.67
13460,9183560,5964.67
13460,9205199,5964.75
13460,9226669,5964.75
13460,9248475,5964.77
13460,9270385,5964.77
13460,9292471,5964.71
13460,9314380,5964.71
13460,9336008,5964.71
13460,9357787,5964.58
13460,9379657,5964.58
13460,9401660,5964.72
13460,9423452,5964.72
13460,9445429,5964.65
13460,9467226,5964.65
13460,9488967,5964.66
13460,9510856,5964.66
13460,9532864,5964.66
13460,9554863,5964.71
13460,9576889,5964.71
13460,9598792,5964.51
13460,9620681,5964.51
13460,9642713,5964.8
13460,9664507,5964.8
13460,9686473,5964.67
13460,9699338,5964.67
13460,9699656,5964.67
13460,9699945,5964.68
13460,9700278,5964.68
13460,9700574,5965.54
13460,9700862,5965.54
13460,9701138,5965.54
13460,9701391,5965.54
13460,9701673,5965.54
13460,9702029,5965.54
13460,9702309,5965.54
13460,9702544,5965.54
13460,9702829,5965.54
13460,9703165,5965.54
13460,9708126,5965.54
13460,9726698,5965.54
13460,9747049,5965.54
13460,9767646,5965.83
13460,9788896,5965.83
13460,9790220,5965.83
13460,9790498,5964.69
13460,9790719,5964.69
13460,9791018,5965.54
13460,9791314,5965.54
13460,9791647,5965.54
13460,9791883,5965.54
13460,9792244,5965.54
13460,9792461,5965.54
13460,9792758,5965.54
13460,9793041,5965.54
13460,9793384,5965.54
13460,9793600,5965.54
13460,9793911,5965.54
13460,9794182,5965.54
13460,9794481,5965.54
13460,9794774,5965.54
13460,9809678,5965.54
13460,9828894,5965.54
13460,9848986,5964.5
13460,9869323,5964.5
13460,9890065,5964.62
13460,9910943,5964.62
13460,9931663,5964.72
13460,9952410,5964.72
13460,9973774,5964.62
13460,9994902,5964.62
13460,10009057,5964.62
13460,10009057,5964.57
13460,1328180,5964.56
13460,1350660,5964.59
13460,1372862,5964.59
13460,1395415,5964.64
13460,1417682,5964.64
13460,1439755,5964.58
13460,1462267,5964.58
13460,1484625,5964.6
13460,1506910,5964.6
13460,1529053,5964.6
13460,1551444,5964.64
13460,1573590,5964.64
13460,1596115,5964.58
13460,1618505,5964.58
13460,1640756,5964.66
13460,1663167,5964.66
13460,1685393,5964.54
13460,1707578,5964.54
13460,1730089,5964.54
13460,1752165,5964.59
13460,1774569,5964.59
13460,1796606,5964.58
13460,1818938,5964.58
13460,1841205,5964.56
13460,1863359,5964.56
13460,1885427,5964.73
13460,1907866,5964.73
13460,1930054,5964.73
13460,1952321,5964.72
13460,1974479,5964.72
13460,1996623,5964.58
13460,2018655,5964.58
13460,2041057,5964.63
13460,2063400,5964.63
13460,2085317,5964.53
13460,2107319,5964.53
13460,2129379,5964.53
13460,2151411,5964.69
13460,2173518,5964.69
13460,2195220,5964.54
13460,2217418,5964.54
13460,2239676,5964.54
13460,2261815,5964.54
13460,2283829,5964.54
13460,2305686,5964.68
13460,2327845,5964.68
13460,2350023,5964.57
13460,2372036,5964.57
13460,2393915,5964.67
13460,2401418,5964.67
13460,2401710,5964.55
13460,2402063,5964.55
13460,2402349,5965.54
13460,2402566,5965.54
13460,2414798,5965.54
13460,2435353,5965.54
13460,2456774,5965.54
13460,2478338,5964.31
13460,2500102,5964.31
13460,2522060,5964.71
13460,2543875,5964.71
13460,2566135,5964.63
13460,2587933,5964.63
13460,2609817,5964.63
13460,2631840,5964.56
13460,2653979,5964.56
13460,2675757,5964.59
13460,2697740,5964.59
13460,2719766,5964.61
13460,2741579,5964.61
13460,2763523,5964.61
13460,2785291,5964.55
13460,2807478,5964.55
13460,2829424,5964.56
13460,2851348,5964.56
13460,2873389,5964.62
13460,2895238,5964.62
13460,2917141,5964.63
13460,2938897,5964.63
13460,2960988,5964.63
13460,2983182,5964.57
13460,3005339,5964.57
13460,3027347,5964.56
13460,3049369,5964.56
13460,3071512,5964.67
13460,3093256,5964.67
13460,3115294,5964.52
13460,3137435,5964.52
13460,3159843,5964.52
13460,3181821,5964.54
13460,3204251,5964.54
13460,3226636,5964.6
13460,3248782,5964.6
13460,3271303,5964.71
13460,3293444,5964.71
13460,3315585,5964.63
13460,3337625,5964.63
13460,3359643,5964.63
13460,3381687,5964.6
13460,3403907,5964.6
13460,3426178,5964.57
13460,3448067,5964.57
13460,3470159,5964.39
13460,3487530,5964.39
13460,3487838,5964.61
13460,3488068,5964.61
13460,3497889,5964.61
13460,3518413,5965.54
13460,3539757,5965.54
13460,3561514,5963.96
13460,3583391,5963.96
13460,3605546,5964.77
13460,3627347,5964.77
13460,3649441,5964.69
13460,3671326,5964.69
13460,3693393,5964.69
13460,3715090,5964.59
13460,3736850,5964.59
13460,3758835,5964.65
13460,3780500,5964.65
13460,3802513,5964.64
13460,3824211,5964.64
13460,3845675,5964.6
13460,3867681,5964.6
13460,3889576,5964.6
13460,3911821,5964.62
13460,3933853,5964.62
13460,3955858,5964.61
13460,3977766,5964.61
13460,3999515,5964.75
13460,4021664,5964.75
13460,4043829,5964.69
13460,4066088,5964.69
13460,4088469,5964.69
13460,4105037,5964.54
13460,4105307,5964.54
13460,4105654,5965.54
13460,4105867,5965.54
13460,4107766,5965.54
13460,4127714,5965.54
13460,4149094,5964.74
13460,4168445,5964.74
13460,4168655,5964.74
13460,4168952,5964.24
13460,4188413,5964.24
13460,4209491,5965.54
13460,4230834,5965.54
13460,4252477,5964.09
13460,4274425,5964.09
13460,4296125,5964.59
13460,4318058,5964.59
13460,4340084,5964.59
13460,4361892,5964.73
13460,4383738,5964.73
13460,4405637,5964.7
13460,4427700,5964.7
13460,4449971,5964.74
13460,4471977,5964.74
13460,4494047,5964.65
13460,4516027,5964.65
13460,4537771,5964.65
13460,4559800,5964.64
13460,4581546,5964.64
13460,4603414,5964.69
13460,4625334,5964.69
13460,4647338,5964.68
13460,4669310,5964.68
13460,4691335,5964.63
13460,4713333,5964.63
13460,4735172,5964.63
13460,4757169,5964.73
13460,4779166,5964.73
13460,4801308,5964.65
13460,4823200,5964.65
13460,4845356,5964.65
13460,4867635,5964.65
13460,4889793,5964.7
13460,4912188,5964.7
13460,4934328,5964.7
13460,4956517,5964.68
13460,4978724,5964.68
13460,5001127,5964.68
13460,5022889,5964.68
13460,5044903,5964.68
13460,5067051,5964.68
13460,5089119,5964.8
13460,5111214,5964.8
13460,5133615,5964.8
13460,5155894,5964.69
13460,5177842,5964.69
13460,5200031,5964.7
13460,5205734,5964.7
13460,5205964,5964.56
13460,5206253,5964.56
13460,5208275,5964.56
13460,5228196,5965.54
13460,5249126,5965.54
13460,5270598,5964.63
13460,5292535,5964.63
13460,5314487,5964.19
13460,5336133,5964.19
13460,5358064,5964.64
13460,5379896,5964.64
13460,5401551,5964.64
13460,5423439,5964.65
13460,5444991,5964.65
13460,5466720,5964.67
13460,5488704,5964.67
13460,5510845,5964.83
13460,5532731,5964.83
13460,5554645,5964.59
13460,5560222,5964.59
13460,5560563,5964.59
13460,5560858,5965.54
13460,5564152,5965.54
13460,5583998,5965.54
13460,5605269,5965.54
13460,5626739,5965.27
13460,5648113,5965.27
13460,5670010,5964.37
13460,5691800,5964.37
13460,5713384,5964.37
13460,5735115,5964.59
13460,5756678,5964.59
13460,5778655,5964.66
13460,5800446,5964.66
13460,5822055,5964.59
13460,5844329,5964.59
13460,5866473,5964.73
13460,5888633,5964.73
13460,5910641,5964.73
13460,5932385,5964.67
13460,5954442,5964.67
13460,5976588,5964.67
13460,5998821,5964.67
13460,6020706,5964.77
13460,6042859,5964.77
13460,6065132,5964.74
13460,6087284,5964.74
13460,6109546,5964.74
13460,6131506,5964.69
13460,6153447,5964.69
13460,6175478,5964.76
13460,6197750,5964.76
13460,6219955,5964.53
13460,6241906,5964.53
13460,6263928,5964.53
13460,6285819,5964.67
13460,6308087,5964.67
13460,6330332,5964.66
13460,6352111,5964.66
13460,6373886,5964.68
13460,6395883,5964.68
13460,6417897,5964.58
13460,6439548,5964.58
13460,6461323,5964.58
13460,6483610,5964.65
13460,6497451,5964.65
13460,6497678,5964.68
13460,6497978,5964.68
13460,6510910,5965.54
13460,6531745,5965.54
13460,6552729,5964.63
13460,6573849,5964.63
13460,6595040,5964.63
13460,6616380,5964.74
13460,6617317,5964.74
13460,6617613,5964.63
13460,6634438,5964.63
13461,57739,5965.54
13461,79282,5963.89
13461,101246,5963.89
13461,123115,5964.51
13461,144627,5964.51
13461,166116,5964.51
13461,187890,5964.61
13461,210280,5964.61
13461,232040,5964.75
13461,251134,5964.75
13461,251468,5964.7
13461,251758,5964.7
13461,252095,5965.54
13461,270150,5965.54
13461,290620,5965.54
13461,311619,5964.99
13461,332920,5964.99
13461,354123,5964.61
13461,375613,5964.61
13461,397013,5964.62
13461,418388,5964.62
13461,439996,5964.69
13461,461632,5964.69
13461,483200,5964.69
13461,504822,5964.87
13461,526891,5964.87
13461,548795,5964.62
13461,570737,5964.62
13461,592950,5964.64
13461,615369,5964.64
13461,637371,5964.65
13461,659399,5964.65
13461,6660841,5964.59
13461,6682870,5964.67
13461,6705023,5964.67
13461,6727178,5964.67
13461,6749182,5964.71
13461,6756414,5964.71
13461,6756713,5964.64
13461,6757001,5964.64
13461,6773604,5965.54
13461,6794797,5965.54
13461,6816220,5965.54
13461,6838032,5964.33
13461,6859799,5964.33
13461,6881542,5964.9
13461,6903217,5964.9
13461,6925004,5964.66
13461,6947095,5964.66
13461,6969325,5964.74
13461,6991479,5964.74
13461,7013639,5964.74
13461,7035536,5964.58
13461,7057229,5964.58
13461,7079300,5964.69
13461,7101449,5964.69
13461,7123392,5964.65
13461,7145606,5964.65
13461,7167484,5964.7
13461,7189009,5964.7
13461,7201396,5964.7
13461,7201747,5964.78
13461,7201971,5964.78
13461,7202263,5965.54
13461,7202612,5965.54
13461,7202908,5965.54
13461,7203120,5965.54
13461,7203421,5965.54
13461,7203709,5965.54
13461,7204051,5965.54
13461,7204339,5965.54
13461,7204632,5965.54
13461,7204856,5965.54
13461,7206749,5965.54
13461,7224212,5965.54
13461,7243602,5965.54
13461,7263578,5965.54
13461,7284066,5964.37
13461,7304989,5964.37
13461,681277,5964.65
13461,703304,5964.69
13461,724939,5964.69
13461,746607,5964.6
13461,768064,5964.6
13461,789583,5964.69
13461,811137,5964.69
13461,833090,5964.74
13461,855353,5964.74
13461,878008,5964.74
13461,900189,5964.6
13461,922619,5964.6
13461,944792,5964.76
13461,966725,5964.76
13461,988995,5964.65
13461,1010996,5964.65
13461,1032770,5964.65
13461,1054912,5964.7
13461,1076985,5964.7
13461,1098423,5964.65
13461,1119948,5964.65
13461,1141700,5964.66
13461,1163229,5964.66
13461,1184841,5964.69
13461,1206457,5964.69
13461,1228197,5964.69
13461,1249718,5964.63
13461,1271509,5964.63
13461,1293511,5964.73
13461,1315765,5964.73
13461,7325902,5964.8
13461,7347402,5964.8
13461,7369082,5964.7
13461,7390699,5964.7
13461,7412189,5964.63
13461,7433818,5964.63
13461,7455565,5964.63
13461,7477456,5964.61
13461,7499386,5964.61
13461,7521224,5964.71
13461,7543128,5964.71
13461,7564744,5964.75
13461,7586643,5964.75
13461,7608287,5964.75
13461,7630344,5964.61
13461,7652171,5964.61
13461,7673826,5964.58
13461,7695460,5964.58
13461,7717470,5964.72
13461,7738721,5964.72
13461,7760628,5964.67
13461,7782498,5964.67
13461,7803976,5964.67
13461,7826166,5964.72
13461,7848166,5964.72
13461,7870214,5964.67
13461,7892151,5964.67
13461,7914228,5964.72
13461,7936544,5964.72
13461,7958794,5964.54
13461,7980804,5964.54
13461,8003274,5964.54
13461,8025541,5964.64
13461,8048046,5964.64
13461,8070238,5964.71
13461,8092386,5964.71
13461,8113998,5964.69
13461,8135769,5964.69
13461,8157645,5964.7
13461,8179175,5964.7
13461,8200920,5964.7
13461,8222433,5964.62
13461,8244070,5964.62
13461,8265809,5964.59
13461,8287318,5964.59
13461,8308567,5964.68
13461,8330067,5964.68
13461,8351443,5964.72
13461,8372829,5964.72
13461,8394590,5964.72
13461,8416441,5964.63
13461,8438670,5964.63
13461,8461027,5964.59
13461,8483197,5964.59
13461,8505744,5964.61
13461,8527604,5964.61
13461,8549774,5964.61
13461,8571373,5964.55
13461,8593243,5964.55
13461,8614897,5964.65
13461,8636505,5964.65
13461,8658658,5964.83
13461,8680001,5964.83
13461,8701889,5964.63
13461,8723680,5964.63
13461,8745808,5964.63
13461,8767610,5964.62
13461,8789200,5964.62
13461,8811146,5964.67
13461,8833229,5964.67
13461,8855386,5964.72
13461,8877263,5964.72
13461,8899229,5964.65
13461,8920945,5964.65
13461,8942513,5964.65
13461,8964110,5964.66
13461,8970797,5964.66
13461,8971068,5964.67
13461,8971368,5964.67
13461,8971716,5965.54
13461,8971949,5965.54
13461,8973236,5965.54
13461,8991934,5965.54
13461,9012790,5965.54
13461,9034294,5964.54
13461,9055779,5964.54
13461,9077318,5964.59
13461,9099048,5964.59
13461,9120834,5964.64
13461,9142600,5964.64
13461,9164222,5964.64
13461,9185931,5964.77
13461,9207746,5964.77
13461,9229365,5964.73
13461,9251125,5964.73
13461,9272744,5964.79
13461,9294603,5964.79
13461,9316475,5964.63
13461,9338429,5964.63
13461,9360532,5964.63
13461,9382462,5964.61
13461,9404328,5964.61
13461,9426243,5964.7
13461,9448133,5964.7
13461,9470392,5964.59
13461,9492282,5964.59
13461,9514437,5964.64
13461,9536062,5964.64
13461,9558256,5964.64
13461,9580316,5964.67
13461,9602365,5964.67
13461,9624267,5964.62
13461,9645770,5964.62
13461,9667392,5964.66
13461,9689304,5964.66
13461,9711177,5964.7
13461,9733038,5964.7
13461,9754694,5964.7
13461,9776836,5964.65
13461,9798603,5964.65
13461,9820138,5964.68
13461,9841907,5964.68
13461,9863717,5964.75
13461,9885415,5964.75
13461,9907009,5964.65
13461,9929034,5964.65
13461,9950789,5964.65
13461,9972337,5964.68
13461,9994048,5964.68
13461,10015554,5964.76
13461,10037439,5964.76
13461,10059378,5964.68
13461,10081020,5964.68
13461,10102723,5964.68
13461,10124379,5964.53
13461,10146075,5964.53
13461,10167871,5964.66
13461,10189585,5964.66
13461,10211129,5964.67
13461,10233047,5964.67
13461,10254923,5964.61
13461,10267384,5964.61
13461,10267384,5964.61
13461,1338254,5964.63
13461,1360116,5964.63
13461,1365036,5964.62
13461,1365344,5964.62
13461,1365630,5964.62
13461,1373143,5965.54
13461,1393846,5965.54
13461,1415337,5964.8
13461,1437191,5964.8
13461,1459168,5964.07
13461,1480807,5964.07
13461,1502564,5964.67
13461,1524462,5964.67
13461,1546542,5964.67
13461,1567825,5964.61
13461,1589217,5964.61
13461,1610860,5964.72
13461,1632475,5964.72
13461,1653990,5964.62
13461,1675923,5964.62
13461,1697551,5964.68
13461,1719252,5964.68
13461,1741035,5964.68
13461,1762643,5964.59
13461,1784663,5964.59
13461,1806433,5964.68
13461,1828317,5964.68
13461,1850305,5964.68
13461,1872510,5964.68
13461,1894592,5964.61
13461,1916507,5964.61
13461,1938481,5964.61
13461,1960809,5964.72
13461,1983062,5964.72
13461,2005204,5964.65
13461,2026728,5964.65
13461,2048352,5964.71
13461,2069723,5964.71
13461,2091481,5964.65
13461,2113105,5964.65
13461,2134693,5964.65
13461,2156512,5964.71
13461,2178206,5964.71
13461,2199778,5964.66
13461,2221545,5964.66
13461,2243764,5964.66
13461,2265473,5964.66
13461,2287211,5964.66
13461,2309096,5964.66
13461,2330910,5964.66
13461,2352618,5964.62
13461,2374629,5964.62
13461,2396639,5964.61
13461,2418727,5964.61
13461,2450257,5964.71
13461,2472292,5964.71
13461,2494436,5964.61
13461,2516448,5964.61
13461,2537949,5964.71
13461,2559979,5964.71
13461,2581970,5964.71
13461,2603725,5964.61
13461,2625514,5964.61
13461,2647119,5964.72
13461,2668957,5964.72
13461,2690864,5964.63
13461,2712637,5964.63
13461,2734671,5964.63
13461,2756471,5964.75
13461,2778204,5964.75
13461,2800164,5964.61
13461,2821997,5964.61
13461,2843735,5964.57
13461,2865671,5964.57
13461,2887643,5964.62
13461,2909607,5964.62
13461,2931481,5964.62
13461,2953398,5964.58
13461,2975130,5964.58
13461,2997078,5964.6
13461,3018862,5964.6
13461,3040845,5964.71
13461,3062737,5964.71
13461,3084380,5964.67
13461,3106327,5964.67
13461,3128154,5964.67
13461,3149825,5964.7
13461,3171551,5964.7
13461,3193051,5964.67
13461,3214936,5964.67
13461,3236835,5964.7
13461,3259061,5964.7
13461,3281385,5964.55
13461,3303643,5964.55
13461,3325649,5964.55
13461,3347663,5964.7
13461,3369829,5964.7
13461,3391981,5964.62
13461,3414232,5964.62
13461,3435863,5964.63
13461,3458152,5964.63
13461,3480017,5964.73
13461,3502135,5964.73
13461,3523919,5964.73
13461,3545944,5964.59
13461,3567880,5964.59
13461,3589687,5964.61
13461,3611458,5964.61
13461,3633362,5964.71
13461,3655574,5964.71
13461,3677642,5964.71
13461,3699939,5964.71
13461,3721894,5964.71
13461,3743821,5964.68
13461,3765600,5964.68
13461,3787234,5964.68
13461,3809497,5964.68
13461,3831239,5964.61
13461,3853402,5964.61
13461,3874917,5964.66
13461,3896680,5964.66
13461,3918558,5964.66
13461,3940185,5964.62
13461,3961942,5964.62
13461,3984102,5964.7
13461,4006413,5964.7
13461,4028728,5964.6
13461,4051223,5964.6
13461,4073668,5964.75
13461,4096202,5964.75
13461,4118622,5964.75
13461,4140721,5964.62
13461,4162457,5964.62
13461,4184270,5964.58
13461,4206170,5964.58
13461,4228063,5964.65
13461,4249737,5964.65
13461,4271445,5964.66
13461,4293454,5964.66
13461,4315395,5964.66
13461,4337431,5964.7
13461,4359376,5964.7
13461,4381404,5964.63
13461,4403551,5964.63
13461,4425800,5964.68
13461,4447718,5964.68
13461,4469709,5964.68
13461,4492233,5964.67
13461,4514315,5964.67
13461,4536506,5964.63
13461,4558936,5964.63
13461,4580924,5964.67
13461,4602757,5964.67
13461,4624882,5964.66
13461,4646961,5964.66
13461,4669156,5964.66
13461,4691046,5964.76
13461,4713443,5964.76
13461,4735673,5964.63
13461,4757841,5964.63
13461,4779757,5964.68
13461,4801876,5964.68
13461,4824511,5964.63
13461,4847240,5964.63
13461,4870155,5964.63
13461,4892601,5964.64
13461,4915182,5964.64
13461,4937703,5964.77
13461,4959714,5964.77
13461,4981365,5964.61
13461,5003358,5964.61
13461,5025029,5964.67
13461,5046794,5964.67
13461,5068635,5964.67
13461,5090642,5964.64
13461,5112524,5964.64
13461,5134186,5964.68
13461,5156048,5964.68
13461,5177816,5964.69
13461,5199953,5964.69
13461,5222149,5964.73
13461,5243857,5964.73
13461,5265610,5964.73
13461,5287685,5964.84
13461,5310296,5964.84
13461,5333073,5964.71
13461,5355622,5964.71
13461,5377656,5964.73
13461,5399913,5964.73
13461,5422433,5964.57
13461,5444581,5964.57
13461,5466546,5964.57
13461,5488463,5964.62
13461,5510167,5964.62
13461,5531726,5964.67
13461,5553508,5964.67
13461,5575260,5964.63
13461,5597034,5964.63
13461,5618608,5964.63
13461,5640288,5964.69
13461,5661909,5964.69
13461,5683682,5964.56
13461,5705503,5964.56
13461,5727721,5964.69
13461,5749586,5964.69
13461,5771643,5964.75
13461,5793634,5964.75
13461,5816028,5964.75
13461,5838305,5964.62
13461,5860948,5964.62
13461,5883378,5964.8
13461,5905893,5964.8
13461,5928043,5964.54
13461,5950303,5964.54
13461,5972813,5964.68
13461,5995103,5964.68
13461,6017121,5964.68
13461,6038960,5964.67
13461,6061204,5964.67
13461,6083175,5964.73
13461,6104739,5964.73
13461,6126572,5964.74
13461,6148065,5964.74
13461,6169749,5964.65
13461,6191454,5964.65
13461,6212706,5964.65
13461,6234224,5964.68
13461,6256044,5964.68
13461,6278117,5964.72
13461,6299993,5964.72
13461,6322094,5964.69
13461,6344146,5964.69
13461,6366291,5964.7
13461,6388693,5964.7
13461,6410595,5964.7
13461,6432614,5964.61
13461,6454629,5964.61
13461,6476643,5964.74
13461,6498578,5964.74
13461,6520545,5964.6
13461,6542684,5964.6
13461,6564456,5964.68
13461,6586205,5964.68
13461,6586481,5964.68
13461,6586816,5964.53
13461,6587125,5964.53
13461,6596287,5965.54
13461,6616968,5965.54
13461,6638839,5964.59
13463,52343,5964.91
13463,73539,5964.91
13463,94659,5964.79
13463,115936,5964.79
13463,137258,5964.74
13463,158538,5964.74
13463,179755,5964.59
13463,201440,5964.59
13463,222969,5964.6
13463,244897,5964.6
13463,266477,5964.6
13463,288236,5964.64
13463,309791,5964.64
13463,331335,5964.58
13463,352634,5964.58
13463,374268,5964.62
13463,396289,5964.62
13463,417890,5964.68
13463,439389,5964.68
13463,461222,5964.68
13463,482846,5964.68
13463,504449,5964.68
13463,525026,5964.68
13463,525320,5964.68
13463,525603,5965.54
13463,525898,5965.54
13463,526127,5965.54
13463,526418,5965.54
13463,531836,5965.54
13463,551415,5965.54
13463,572271,5965.54
13463,593517,5964.66
13463,614740,5964.66
13463,636053,5964.7
13463,657257,5964.7
13463,6677974,5964.57
13463,6699138,5964.57
13463,6720484,5964.69
13463,6734386,5964.69
13463,6734600,5964.68
13463,6734924,5964.68
13463,6742882,5965.54
13463,6762836,5965.54
13463,6783845,5964.86
13463,6804817,5964.86
13463,6825946,5964.86
13463,6847319,5964.76
13463,6868453,5964.76
13463,6889947,5964.64
13463,6911340,5964.64
13463,6932688,5964.72
13463,6954327,5964.72
13463,6975704,5964.74
13463,6996918,5964.74
13463,6997240,5964.74
13463,6997572,5964.62
13463,6997803,5964.62
13463,7009097,5965.54
13463,7029781,5965.54
13463,7050914,5964.94
13463,7072008,5964.94
13463,7093145,5964.66
13463,7115007,5964.66
13463,7136528,5964.66
13463,7158008,5964.61
13463,7179786,5964.61
13463,7201287,5964.75
13463,7222911,5964.75
13463,7244633,5964.73
13463,7266284,5964.73
13463,7288078,5964.7
13463,7309967,5964.7
13463,678750,5964.7
13463,700379,5964.68
13463,721685,5964.68
13463,743041,5964.62
13463,764786,5964.62
13463,786292,5964.68
13463,807875,5964.68
13463,829458,5964.65
13463,850942,5964.65
13463,872797,5964.65
13463,894561,5964.68
13463,916344,5964.68
13463,937829,5964.69
13463,959448,5964.69
13463,981162,5964.71
13463,1002969,5964.71
13463,1024723,5964.69
13463,1046190,5964.69
13463,1067863,5964.69
13463,1089491,5964.66
13463,1111266,5964.66
13463,1133048,5964.71
13463,1155033,5964.71
13463,1176678,5964.62
13463,1198372,5964.62
13463,1220195,5964.68
13463,1241898,5964.68
13463,1263720,5964.68
13463,1285852,5964.7
13463,1308116,5964.7
13463,1329621,5964.68
13463,7331556,5964.7
13463,7353404,5964.74
13463,7375225,5964.74
13463,7397130,5964.65
13463,7418906,5964.65
13463,7440528,5964.67
13463,7461676,5964.67
13463,7482627,5964.65
13463,7503612,5964.65
13463,7524759,5964.65
13463,7546374,5964.74
13463,7567795,5964.74
13463,7589506,5964.74
13463,7591287,5964.74
13463,7591527,5964.67
13463,7593782,5964.67
13463,7613262,5965.54
13463,7634102,5965.54
13463,7655534,5965.54
13463,7677122,5964.73
13463,7698759,5964.73
13463,7720760,5964.68
13463,7742429,5964.68
13463,7764263,5964.74
13463,7786184,5964.74
13463,7808178,5964.72
13463,7830084,5964.72
13463,7851935,5964.72
13463,7873978,5964.69
13463,7896058,5964.69
13463,7917894,5964.73
13463,7939917,5964.73
13463,7961774,5964.63
13463,7983558,5964.63
13463,8005465,5964.63
13463,8027320,5964.72
13463,8048825,5964.72
13463,8070330,5964.74
13463,8092060,5964.74
13463,8113887,5964.73
13463,8135657,5964.73
13463,8157380,5964.62
13463,8178866,5964.62
13463,8200456,5964.62
13463,8222188,5964.66
13463,8244020,5964.66
13463,8265189,5964.66
13463,8286912,5964.66
13463,8308584,5964.65
13463,8330183,5964.65
13463,8351791,5964.73
13463,8373203,5964.73
13463,8394932,5964.73
13463,8416965,5964.74
13463,8438467,5964.74
13463,8460343,5964.72
13463,8481762,5964.72
13463,8503583,5964.69
13463,8525496,5964.69
13463,8547129,5964.62
13463,8569257,5964.62
13463,8591224,5964.62
13463,8613179,5964.7
13463,8634819,5964.7
13463,8656324,5964.66
13463,8677808,5964.66
13463,8699589,5964.68
13463,8721567,5964.68
13463,8743180,5964.75
13463,8764847,5964.75
13463,8786362,5964.75
13463,8808255,5964.7
13463,8830667,5964.7
13463,8853049,5964.68
13463,8874933,5964.68
13463,8896829,5964.62
13463,8918643,5964.62
13463,8940449,5964.62
13463,8962049,5964.68
13463,8984072,5964.68
13463,9005743,5964.67
13463,9027518,5964.67
13463,9048907,5964.69
13463,9070531,5964.69
13463,9092076,5964.59
13463,9113428,5964.59
13463,9134769,5964.59
13463,9156206,5964.73
13463,9177677,5964.73
13463,9199047,5964.7
13463,9220715,5964.7
13463,9242476,5964.6
13463,9264126,5964.6
13463,9285952,5964.69
13463,9288646,5964.69
13463,9288991,5964.69
13463,9294845,5965.54
13463,9314981,5965.54
13463,9336198,5964.74
13463,9357349,5964.74
13463,9378681,5964.17
13463,9400318,5964.17
13463,9422247,5964.66
13463,9443827,5964.66
13463,9465789,5964.66
13463,9487869,5964.73
13463,9509928,5964.73
13463,9532043,5964.57
13463,9553752,5964.57
13463,9575681,5964.71
13463,9597724,5964.71
13463,9619056,5964.71
13463,9640409,5964.71
13463,9661678,5964.71
13463,9683211,5964.66
13463,9704556,5964.66
13463,9725902,5964.64
13463,9747247,5964.64
13463,9768443,5964.6
13463,9789958,5964.6
13463,9811289,5964.62
13463,9832963,5964.62
13463,9854473,5964.62
13463,9876006,5964.65
13463,9897597,5964.65
13463,9919351,5964.68
13463,9941184,5964.68
13463,9962736,5964.69
13463,9984778,5964.69
13463,10006666,5964.63
13463,10009870,5964.63
13463,10010162,5964.63
13463,10023094,5965.54
13463,10044118,5965.54
13463,10065464,5964.88
13463,10087075,5964.88
13463,10108487,5963.08
13463,10129840,5963.08
13463,10151237,5963.08
13463,10172330,5964.62
13463,10193708,5964.62
13463,10215106,5964.68
13463,10236463,5964.68
13463,10257860,5964.7
13463,10279324,5964.7
13463,10301378,5964.66
13463,10323667,5964.66
13463,10345703,5964.66
13463,10367433,5964.72
13463,10389247,5964.72
13463,10411195,5964.73
13463,10433255,5964.73
13463,10455597,5964.64
13463,10477255,5964.64
13463,10498867,5964.7
13463,10520509,5964.7
13463,10542256,5964.7
13463,10564013,5964.65
13463,10585583,5964.65
13463,10607412,5964.64
13463,10629299,5964.64
13463,10650993,5964.64
13463,10672568,5964.64
13463,10683831,5964.69
13463,1351506,5964.68
13463,1373422,5964.62
13463,1395179,5964.62
13463,1417064,5964.68
13463,1438928,5964.68
13463,1460227,5964.68
13463,1482077,5964.62
13463,1503453,5964.62
13463,1525239,5964.68
13463,1546839,5964.68
13463,1567834,5964.77
13463,1589454,5964.77
13463,1610957,5964.77
13463,1632854,5964.69
13463,1654358,5964.69
13463,1662732,5964.72
13463,1663019,5964.72
13463,1667593,5965.54
13463,1688027,5965.54
13463,1709577,5964.92
13463,1731213,5964.92
13463,1753095,5964.92
13463,1774860,5964.7
13463,1796740,5964.7
13463,1818881,5964.82
13463,1840669,5964.82
13463,1862671,5964.66
13463,1884280,5964.66
13463,1905934,5964.66
13463,1927540,5964.61
13463,1949329,5964.61
13463,1970896,5964.64
13463,1992693,5964.64
13463,2014350,5964.61
13463,2036089,5964.61
13463,2057837,5964.6
13463,2079488,5964.6
13463,2101155,5964.6
13463,2122892,5964.73
13463,2144633,5964.73
13463,2166282,5964.59
13463,2188069,5964.59
13463,2209677,5964.67
13463,2231199,5964.67
13463,2252558,5964.68
13463,2274050,5964.68
13463,2283189,5964.68
13463,2283480,5964.65
13463,2283767,5964.65
13463,2284064,5965.54
13463,2288314,5965.54
13463,2307748,5965.54
13463,2328100,5965.54
13463,2349116,5963.75
13463,2369981,5963.75
13463,2391343,5963.75
13463,2412717,5964.75
13463,2434108,5964.75
13463,2455893,5964.61
13463,2477797,5964.61
13463,2490880,5964.64
13463,2491155,5964.64
13463,2491440,5965.54
13463,2497721,5965.54
13463,2518077,5965.54
13463,2539595,5965.54
13463,2561212,5965.54
13463,2582680,5964.66
13463,2604641,5964.66
13463,2626485,5964.73
13463,2648507,5964.73
13463,2670314,5964.61
13463,2692536,5964.61
13463,2714213,5964.61
13463,2736208,5964.65
13463,2757943,5964.65
13463,2779596,5964.71
13463,2801334,5964.71
13463,2823122,5964.78
13463,2845004,5964.78
13463,2866640,5964.61
13463,2888167,5964.61
13463,2910135,5964.61
13463,2916273,5964.64
13463,2916505,5964.64
13463,2916785,5965.54
13463,2931593,5965.54
13463,2952497,5965.54
13463,2973748,5965.54
13463,2995255,5965.54
13463,3016879,5963.9
13463,3038254,5963.9
13463,3059995,5964.78
13463,3081395,5964.78
13463,3102973,5964.72
13463,3124517,5964.72
13463,3146163,5964.7
13463,3167857,5964.7
13463,3189694,5964.67
13463,3211324,5964.67
13463,3233482,5964.67
13463,3254960,5964.75
13463,3276726,5964.75
13463,3298388,5964.66
13463,3320234,5964.66
13463,3341768,5964.82
13463,3362486,5964.82
13463,3362713,5964.82
13463,3363052,5964.7
13463,3366602,5964.7
13463,3386452,5965.54
13463,3407424,5965.54
13463,3428927,5964.75
13463,3450541,5964.75
13463,3472336,5964.71
13463,3493950,5964.71
13463,3515420,5964.71
13463,3537320,5964.75
13463,3559118,5964.75
13463,3580915,5964.78
13463,3602501,5964.78
13463,3624279,5964.79
13463,3646167,5964.79
13463,3668027,5964.79
13463,3689544,5964.65
13463,3711318,5964.65
13463,3730239,5964.69
13463,3730460,5964.69
13463,3730802,5964.63
13463,3744484,5964.63
13463,3765326,5965.54
13463,3786796,5965.54
13463,3808207,5965.54
13463,3829960,5964.24
13463,3851612,5964.24
13463,3873025,5964.79
13463,3894585,5964.79
13463,3916103,5964.75
13463,3937735,5964.75
13463,3959375,5964.69
13463,3981064,5964.69
13463,4002611,5964.69
13463,4024109,5964.68
13463,4045741,5964.68
13463,4067672,5964.63
13463,4089426,5964.63
13463,4111078,5964.76
13463,4132922,5964.76
13463,4154338,5964.79
13463,4176140,5964.79
13463,4197305,5964.79
13463,4219083,5964.56
13463,4240324,5964.56
13463,4262065,5964.36
13463,4283681,5964.36
13463,4305225,5964.76
13463,4326853,5964.76
13463,4348455,5964.72
13463,4370252,5964.72
13463,4391835,5964.72
13463,4413305,5964.7
13463,4434757,5964.7
13463,4438348,5964.7
13463,4438577,5964.7
13463,4438866,5965.54
13463,4439155,5965.54
13463,4439493,5965.54
13463,4454958,5965.54
13463,4475279,5965.54
13463,4495912,5966.72
13463,4517059,5966.72
13463,4538555,5964.37
13463,4560147,5964.37
13463,4582216,5964.74
13463,4604055,5964.74
13463,4625283,5964.74
13463,4646865,5964.77
13463,4668412,5964.77
13463,4689855,5964.6
13463,4711836,5964.6
13463,4733381,5964.62
13463,4755401,5964.62
13463,4777878,5964.66
13463,4800393,5964.66
13463,4822801,5964.66
13463,4844798,5964.65
13463,4848342,5964.65
13463,4848633,5964.59
13463,4848927,5964.59
13463,4855077,5965.54
13463,4875574,5965.54
13463,4896801,5964.98
13463,4918317,5964.98
13463,4940040,5964.98
13463,4961145,5964.57
13463,4982719,5964.57
13463,5004344,5964.67
13463,5022495,5964.67
13463,5022719,5964.7
13463,5023024,5964.7
13463,5023312,5965.54
13463,5040783,5965.54
13463,5061373,5965.54
13463,5082380,5964.92
13463,5103503,5964.92
13463,5124627,5964.62
13463,5145747,5964.62
13463,5166876,5964.67
13463,5188113,5964.67
13463,5209219,5964.67
13463,5230353,5964.65
13463,5251227,5964.65
13463,5272344,5964.71
13463,5293846,5964.71
13463,5315318,5964.71
13463,5336906,5964.71
13463,5359113,5964.7
13463,5381381,5964.7
13463,5403544,5964.7
13463,5425941,5964.55
13463,5448086,5964.55
13463,5450231,5964.69
13463,5450465,5964.69
13463,5450753,5965.54
13463,5451033,5965.54
13463,5451323,5965.54
13463,5466827,5965.54
13463,5487077,5965.54
13463,5507635,5964.9
13463,5528463,5964.9
13463,5549243,5964.56
13463,5570113,5964.56
13463,5591236,5964.69
13463,5612359,5964.69
13463,5633466,5964.69
13463,5654710,5964.79
13463,5675723,5964.79
13463,5696691,5964.65
13463,5717840,5964.65
13463,5739286,5964.61
13463,5760997,5964.61
13463,5782475,5964.68
13463,5804088,5964.68
13463,5825485,5964.68
13463,5847098,5964.56
13463,5868749,5964.56
13463,5890249,5964.74
13463,5911754,5964.74
13463,5933435,5964.66
13463,5954997,5964.66
13463,5977039,5964.63
13463,5998712,5964.63
13463,6019736,5964.63
13463,6040649,5964.72
13463,6062132,5964.72
13463,6083527,5964.62
13463,6105278,5964.62
13463,6126807,5964.68
13463,6148671,5964.68
13463,6170821,5964.64
13463,6192625,5964.64
13463,6214860,5964.64
13463,6236806,5964.69
13463,6258359,5964.69
13463,6280054,5964.64
13463,6301528,5964.64
13463,6323363,5964.66
13463,6344791,5964.66
13463,6365390,5964.69
13463,6365591,5964.69
13463,6365884,5964.69
13463,6366231,5965.54
13463,6366464,5965.54
13463,6369544,5965.54
13463,6371767,5965.54
13463,6372078,5965.54
13463,6372417,5965.54
13463,6387603,5965.54
13463,6407309,5965.54
13463,6427660,5965.54
13463,6448662,5965.42
13463,6469853,5965.42
13463,6491027,5964.65
13463,6512270,5964.65
13463,6533277,5964.73
13463,6554639,5964.73
13463,6561605,5964.73
13463,6561962,5964.69
13463,6562175,5964.69
13463,6572853,5965.54
13463,6593130,5965.54
13463,6614052,5964.83
13463,6635611,5964.83
13463,6656850,5964.57
13464,58396,5964.71
13464,80228,5964.72
13464,101881,5964.72
13464,123077,5964.74
13464,144888,5964.74
13464,166500,5964.73
13464,188024,5964.73
13464,209776,5964.73
13464,231267,5964.69
13464,252996,5964.69
13464,274788,5964.72
13464,295916,5964.72
13464,316914,5964.65
13464,338147,5964.65
13464,359555,5964.79
13464,381416,5964.79
13464,403316,5964.79
13464,425207,5964.7
13464,447504,5964.7
13464,469857,5964.66
13464,492258,5964.66
13464,514088,5964.74
13464,535924,5964.74
13464,557545,5964.69
13464,578928,5964.69
13464,600693,5964.69
13464,622588,5964.71
13464,643935,5964.71
13464,6661210,5964.79
13464,6682839,5964.61
13464,6704196,5964.61
13464,6725346,5964.61
13464,6746235,5964.64
13464,6767499,5964.64
13464,6788443,5964.65
13464,6809674,5964.65
13464,6831190,5964.59
13464,6852835,5964.59
13464,6874567,5964.65
13464,6896162,5964.65
13464,6917839,5964.65
13464,6939724,5964.77
13464,6961620,5964.77
13464,6983515,5964.67
13464,7005137,5964.67
13464,7026892,5964.69
13464,7048414,5964.69
13464,7070078,5964.75
13464,7091338,5964.75
13464,7113032,5964.75
13464,7134688,5964.65
13464,7156441,5964.65
13464,7178201,5964.62
13464,7200087,5964.62
13464,7221573,5964.7
13464,7242928,5964.7
13464,7256037,5964.7
13464,7256369,5964.67
13464,7262489,5964.67
13464,7282205,5965.54
13464,7282445,5965.54
13464,7282736,5964.34
13464,7297067,5964.34
13464,665267,5964.74
13464,686843,5964.74
13464,689104,5964.67
13464,689444,5964.67
13464,701011,5965.54
13464,721573,5965.54
13464,742891,5965.54
13464,764535,5964.63
13464,785874,5964.63
13464,807633,5964.68
13464,829057,5964.68
13464,850542,5964.64
13464,872159,5964.64
13464,893828,5964.56
13464,915299,5964.56
13464,924389,5964.56
13464,924619,5964.73
13464,938583,5964.73
13464,959712,5965.54
13464,980818,5965.54
13464,1002308,5964.51
13464,1023812,5964.51
13464,1045433,5964.7
13464,1066849,5964.7
13464,1088587,5964.7
13464,1110341,5964.76
13464,1131728,5964.76
13464,1153407,5964.61
13464,1174915,5964.61
13464,1196737,5964.61
13464,1218343,5964.61
13464,1240177,5964.7
13464,1261791,5964.7
13464,1283500,5964.7
13464,1300820,5964.7
13464,1301158,5964.7
13464,1301351,5964.69
13464,1315593,5964.69
13464,7317857,5965.54
13464,7324216,5965.54
13464,7324499,5965.54
13464,7332192,5965.54
13464,7352429,5965.54
13464,7373407,5963.39
13464,7394353,5963.39
13464,7415567,5964.01
13464,7436647,5964.01
13464,7457493,5964.59
13464,7478551,5964.59
13464,7499656,5964.59
13464,7520872,5964.64
13464,7541977,5964.64
13464,7562921,5964.6
13464,7584114,5964.6
13464,7605355,5964.79
13464,7626890,5964.79
13464,7648760,5964.6
13464,7670727,5964.6
13464,7692768,5964.6
13464,7714885,5964.7
13464,7737107,5964.7
13464,7759234,5964.69
13464,7781351,5964.69
13464,7802993,5964.65
13464,7824695,5964.65
13464,7846105,5964.75
13464,7868139,5964.75
13464,7889525,5964.75
13464,7911271,5964.75
13464,7932911,5964.75
13464,7954355,5964.61
13464,7975890,5964.61
13464,7997283,5964.69
13464,8018803,5964.69
13464,8040415,5964.64
13464,8061674,5964.64
13464,8083107,5964.64
13464,8104693,5964.69
13464,8125941,5964.69
13464,8147313,5964.69
13464,8168698,5964.69
13464,8190057,5964.7
13464,8211828,5964.7
13464,8233560,5964.65
13464,8255202,5964.65
13464,8276822,5964.65
13464,8298285,5964.69
13464,8320031,5964.69
13464,8341524,5964.67
13464,8363232,5964.67
13464,8384883,5964.69
13464,8406526,5964.69
13464,8412308,5964.69
13464,8412599,5964.69
13464,8426032,5964.69
13464,8434583,5965.54
13464,8434927,5965.54
13464,8443517,5965.54
13464,8449982,5965.54
13464,8450268,5964.98
13464,8453068,5964.98
13464,8463828,5965.54
13464,8464114,5965.54
13464,8464405,5965.54
13464,8464627,5965.54
13464,8480867,5965.54
13464,8500200,5965.54
13464,8520120,5965.54
13464,8539919,5964.36
13464,8559993,5964.36
13464,8580556,5964.85
13464,8601988,5964.85
13464,8623049,5964.85
13464,8644542,5964.73
13464,8665992,5964.73
13464,8687337,5964.71
13464,8709096,5964.71
13464,8730418,5964.69
13464,8751793,5964.69
13464,8773828,5964.69
13464,8795700,5964.74
13464,8817980,5964.74
13464,8840101,5964.63
13464,8862076,5964.63
13464,8884098,5964.62
13464,8906300,5964.62
13464,8928589,5964.75
13464,8950690,5964.75
13464,8972582,5964.75
13464,8977122,5964.68
13464,8977418,5964.68
13464,8977706,5965.54
13464,8984974,5965.54
13464,9005458,5965.54
13464,9026770,5965.54
13464,9048199,5965.54
13464,9069061,5964.05
13464,9090130,5964.05
13464,9111190,5964.72
13464,9132026,5964.72
13464,9153194,5964.78
13464,9174310,5964.78
13464,9196415,5964.78
13464,9217488,5964.68
13464,9238663,5964.68
13464,9260293,5964.67
13464,9281495,5964.67
13464,9302968,5964.68
13464,9329373,5964.68
13464,9351000,5964.68
13464,9372547,5964.66
13464,9394314,5964.66
13464,9423116,5964.68
13464,9450999,5964.68
13464,9472781,5964.68
13464,9494518,5964.67
13464,9516024,5964.67
13464,9537552,5964.77
13464,9559048,5964.77
13464,9580406,5964.64
13464,9601956,5964.64
13464,9623129,5964.64
13464,9644404,5964.72
13464,9665429,5964.72
13464,9686929,5964.7
13464,9708277,5964.7
13464,9729743,5964.7
13464,9751158,5964.7
13464,9772905,5964.71
13464,9794682,5964.71
13464,9816959,5964.71
13464,9838767,5964.65
13464,9860358,5964.65
13464,9882236,5964.75
13464,9904272,5964.75
13464,9925859,5964.69
13464,9947639,5964.69
13464,9969483,5964.69
13464,9991295,5964.69
13464,10013191,5964.69
13464,10034557,5964.8
13464,10056461,5964.8
13464,10078082,5964.68
13464,10100158,5964.68
13464,10121801,5964.63
13464,10143380,5964.63
13464,10164902,5964.55
13464,10186503,5964.55
13464,10208528,5964.55
13464,10230117,5964.67
13464,10251456,5964.67
13464,10272762,5964.82
13464,10294289,5964.82
13464,10315791,5964.72
13464,10337412,5964.72
13464,10358913,5964.72
13464,10380431,5964.76
13464,10402226,5964.76
13464,10423823,5964.71
13464,10445813,5964.71
13464,10467704,5964.71
13464,10489608,5964.71
13464,10504179,5964.79
13464,10504179,5964.79
13464,1336348,5965.54
13464,1357431,5965.54
13464,1378701,5964.1
13464,1401036,5964.1
13464,1422817,5964.1
13464,1445225,5964.9
13464,1467275,5964.9
13464,1489733,5964.69
13464,1511933,5964.69
13464,1534344,5964.7
13464,1556028,5964.7
13464,1577679,5964.7
13464,1599444,5964.68
13464,1621132,5964.68
13464,1642738,5964.7
13464,1664208,5964.7
13464,1685760,5964.77
13464,1707116,5964.77
13464,1728629,5964.62
13464,1750781,5964.62
13464,1772433,5964.62
13464,1793914,5964.6
13464,1815650,5964.6
13464,1837258,5964.61
13464,1859089,5964.61
13464,1880906,5964.66
13464,1902599,5964.66
13464,1921798,5964.68
13464,1943491,5964.68
13464,1965222,5964.68
13464,1986855,5964.67
13464,2008655,5964.67
13464,2030509,5964.61
13464,2052302,5964.61
13464,2074276,5964.63
13464,2096125,5964.63
13464,2118220,5964.63
13464,2139810,5964.63
13464,2161730,5964.63
13464,2183488,5964.7
13464,2205237,5964.7
13464,2227144,5964.61
13464,2249171,5964.61
13464,2271042,5964.74
13464,2293068,5964.74
13464,2315097,5964.7
13464,2336821,5964.7
13464,2358612,5964.7
13464,2380251,5964.71
13464,2402172,5964.71
13464,2423783,5964.77
13464,2445819,5964.77
13464,2467801,5964.64
13464,2489664,5964.64
13464,2511571,5964.64
13464,2533335,5964.66
13464,2554941,5964.66
13464,2576382,5964.6
13464,2598349,5964.6
13464,2619863,5964.72
13464,2641498,5964.72
13464,2663309,5964.74
13464,2685256,5964.74
13464,2707133,5964.74
13464,2729172,5964.71
13464,2750906,5964.71
13464,2772676,5964.66
13464,2794473,5964.66
13464,2816186,5964.59
13464,2838118,5964.59
13464,2859865,5964.68
13464,2878826,5964.68
13464,2879127,5964.68
13464,2879408,5964.69
13464,2879579,5964.69
13464,2879931,5965.54
13464,2880230,5965.54
13464,2893462,5965.54
13464,2913732,5965.54
13464,2934793,5964.49
13464,2955914,5964.49
13464,2977417,5964.49
13464,2998810,5964.76
13464,3020565,5964.76
13464,3042533,5964.63
13464,3064085,5964.63
13464,3085988,5964.79
13464,3107581,5964.79
13464,3129324,5964.66
13464,3150841,5964.66
13464,3172234,5964.66
13464,3193518,5964.7
13464,3215278,5964.7
13464,3237292,5964.64
13464,3259136,5964.64
13464,3280905,5964.74
13464,3288747,5964.74
13464,3289034,5965.54
13464,3289330,5965.54
13464,3296716,5965.54
13464,3317426,5965.54
13464,3338822,5965.54
13464,3360463,5964.3
13464,3382344,5964.3
13464,3403831,5964.81
13464,3425594,5964.81
13464,3447029,5964.66
13464,3468225,5964.66
13464,3489613,5964.66
13464,3510594,5964.71
13464,3531815,5964.71
13464,3553456,5964.7
13464,3574900,5964.7
13464,3596338,5964.67
13464,3617739,5964.67
13464,3639243,5964.62
13464,3660575,5964.62
13464,3682434,5964.62
13464,3704476,5964.67
13464,3726218,5964.67
13464,3747773,5964.68
13464,3769304,5964.68
13464,3790989,5964.62
13464,3812686,5964.62
13464,3834437,5964.62
13464,3856047,5964.62
13464,3877840,5964.62
13464,3899340,5964.68
13464,3920969,5964.68
13464,3942575,5964.66
13464,3964349,5964.66
13464,3986315,5964.75
13464,4008372,5964.75
13464,4030274,5964.75
13464,4052347,5964.73
13464,4074171,5964.73
13464,4096219,5964.59
13464,4117945,5964.59
13464,4139855,5964.69
13464,4161839,5964.69
13464,4183357,5964.74
13464,4205088,5964.74
13464,4226884,5964.74
13464,4248648,5964.65
13464,4270517,5964.65
13464,4292092,5964.63
13464,4313907,5964.63
13464,4335964,5964.63
13464,4357974,5964.63
13464,4379570,5964.66
13464,4400834,5964.66
13464,4422193,5964.66
13464,4443992,5964.69
13464,4465487,5964.69
13464,4486675,5964.66
13464,4508229,5964.66
13464,4529785,5964.66
13464,4551728,5964.66
13464,4573896,5964.74
13464,4596256,5964.74
13464,4618123,5964.74
13464,4640044,5964.7
13464,4661365,5964.7
13464,4683110,5964.69
13464,4704586,5964.69
13464,4726162,5964.65
13464,4747574,5964.65
13464,4761881,5964.66
13464,4762172,5964.66
13464,4762452,5964.66
13464,4762755,5965.54
13464,4769221,5965.54
13464,4789013,5965.54
13464,4809455,5965.54
13464,4830415,5963.77
13464,4851672,5963.77
13464,4873032,5963.77
13464,4894322,5964.82
13464,4915526,5964.82
13464,4937293,5964.78
13464,4958686,5964.78
13464,4980689,5964.65
13464,5002189,5964.65
13464,5024206,5964.69
13464,5046335,5964.69
13464,5068234,5964.69
13464,5086294,5964.79
13464,5086639,5964.79
13464,5086934,5964.71
13464,5087218,5964.71
13464,5087448,5965.54
13464,5087736,5965.54
13464,5088031,5965.54
13464,5088379,5965.54
13464,5088588,5965.54
13464,5088891,5965.54
13464,5089188,5965.54
13464,5089529,5965.54
13464,5094666,5965.54
13464,5113368,5965.54
13464,5133270,5965.54
13464,5153714,5965.54
13464,5174531,5965.38
13464,5195388,5965.38
13464,5216525,5964.76
13464,5237385,5964.76
13464,5258381,5964.69
13464,5279880,5964.69
13464,5300858,5964.78
13464,5322283,5964.78
13464,5343501,5964.78
13464,5364879,5964.76
13464,5385999,5964.76
13464,5406851,5964.65
13464,5427837,5964.65
13464,5449596,5964.77
13464,5471507,5964.77
13464,5493246,5964.77
13464,5515150,5964.67
13464,5537156,5964.67
13464,5559387,5964.75
13464,5581455,5964.75
13464,5603210,5964.69
13464,5624975,5964.69
13464,5646989,5964.73
13464,5669005,5964.73
13464,5690878,5964.73
13464,5712867,5964.73
13464,5734888,5964.73
13464,5756804,5964.68
13464,5778547,5964.68
13464,5800483,5964.74
13464,5821437,5964.74
13464,5842573,5964.75
13464,5863826,5964.75
13464,5884669,5964.58
13464,5905501,5964.58
13464,5926649,5964.58
13464,5947438,5964.68
13464,5968665,5964.68
13464,5989818,5964.71
13464,6011115,5964.71
13464,6018388,5964.7
13464,6018677,5964.7
13464,6019016,5965.54
13464,6026757,5965.54
13464,6047107,5965.54
13464,6068259,5964.93
13464,6089320,5964.93
13464,6110610,5964.14
13464,6131967,5964.14
13464,6153440,5964.63
13464,6174686,5964.63
13464,6196055,5964.79
13464,6217105,5964.79
13464,6238559,5964.79
13464,6260199,5964.57
13464,6264909,5964.57
13464,6265200,5964.71
13464,6268314,5964.71
13464,6288152,5965.54
13464,6308982,5965.54
13464,6329872,5965.54
13464,6350942,5964.95
13464,6372111,5964.95
13464,6393240,5964.59
13464,6414210,5964.59
13464,6433932,5964.66
13464,6434202,5964.66
13464,6434508,5965.54
13464,6434802,5965.54
13464,6441644,5965.54
13464,6461483,5965.54
13464,6481838,5965.54
13464,6502839,5964.74
13464,6524470,5964.74
13464,6525978,5964.84
13464,6526338,5964.84
13464,6526573,5965.54
13464,6526852,5965.54
13464,6534215,5965.54
13464,6554460,5965.54
13464,6575567,5965.54
13464,6596632,5964.71
13464,6618126,5964.71
13464,6639701,5964.79
13465,735,5965.54
13465,1032,5965.54
13465,1254,5965.54
13465,1604,5965.54
13465,1897,5965.54
13465,17658,5965.54
13465,37876,5964.82
13465,58197,5964.82
13465,79465,5964.82
13465,100826,5964.8
13465,122126,5964.8
13465,143704,5964.63
13465,165319,5964.63
13465,186723,5964.76
13465,208482,5964.76
13465,230154,5964.76
13465,251751,5964.74
13465,273002,5964.74
13465,282883,5964.75
13465,283102,5964.75
13465,286593,5965.54
13465,307308,5965.54
13465,328472,5965.08
13465,349950,5965.08
13465,371451,5965.08
13465,393105,5964.53
13465,414762,5964.53
13465,436371,5964.76
13465,441160,5964.76
13465,441396,5964.73
13465,441679,5964.73
13465,441965,5965.54
13465,456952,5965.54
13465,477806,5965.54
13465,498915,5964.96
13465,520175,5964.96
13465,541669,5964.54
13465,563441,5964.54
13465,585138,5964.76
13465,606712,5964.76
13465,628199,5964.72
13465,649708,5964.72
13465,6635352,5964.79
13465,6657788,5964.79
13465,6680412,5964.74
13465,6703198,5964.74
13465,6725600,5964.69
13465,6748129,5964.69
13465,6770718,5964.69
13465,6793312,5964.69
13465,6815465,5964.69
13465,6837800,5964.59
13465,6860014,5964.59
13465,6881880,5964.72
13465,6904158,5964.72
13465,6926369,5964.7
13465,6948136,5964.7
13465,6970658,5964.72
13465,6992743,5964.72
13465,7014890,5964.72
13465,7036884,5964.69
13465,7059160,5964.69
13465,7081184,5964.71
13465,7103235,5964.71
13465,7125414,5964.69
13465,7147626,5964.69
13465,7170125,5964.69
13465,7192433,5964.75
13465,7214963,5964.75
13465,7237233,5964.61
13465,7259445,5964.61
13465,7281881,5964.71
13465,671623,5964.72
13465,693432,5964.74
13465,715156,5964.74
13465,737254,5964.73
13465,759235,5964.73
13465,780901,5964.7
13465,802545,5964.7
13465,810165,5964.63
13465,810432,5964.63
13465,810744,5964.63
13465,811030,5965.54
13465,811356,5965.54
13465,811659,5965.54
13465,811946,5965.54
13465,812241,5965.54
13465,812471,5965.54
13465,812753,5965.54
13465,813095,5965.54
13465,813338,5965.54
13465,813622,5965.54
13465,813969,5965.54
13465,814205,5965.54
13465,814494,5965.54
13465,814785,5965.54
13465,815071,5965.54
13465,815405,5965.54
13465,815643,5965.54
13465,815939,5965.54
13465,816229,5965.54
13465,816514,5965.54
13465,816805,5965.54
13465,823414,5965.54
13465,841462,5965.54
13465,861045,5965.54
13465,881142,5965.54
13465,901677,5964.24
13465,922610,5964.24
13465,943867,5964.64
13465,965145,5964.64
13465,986598,5964.78
13465,1008024,5964.78
13465,1029631,5964.68
13465,1051107,5964.68
13465,1072751,5964.68
13465,1094368,5964.72
13465,1116005,5964.72
13465,1133259,5964.72
13465,1133489,5964.72
13465,1133779,5965.54
13465,1134070,5965.54
13465,1134423,5965.54
13465,1134714,5965.54
13465,1135006,5965.54
13465,1145126,5965.54
13465,1163948,5965.54
13465,1183769,5964.86
13465,1204427,5964.86
13465,1225385,5965.04
13465,1246454,5965.04
13465,1268142,5965.04
13465,1290187,5964.67
13465,1312268,5964.67
13465,1334197,5964.68
13465,7304031,5964.71
13465,7326681,5964.7
13465,7349176,5964.7
13465,7371891,5964.7
13465,7394416,5964.71
13465,7416914,5964.71
13465,7439250,5964.71
13465,7461997,5964.71
13465,7484776,5964.62
13465,7507396,5964.62
13465,7529828,5964.69
13465,7552477,5964.69
13465,7574876,5964.69
13465,7597498,5964.68
13465,7619932,5964.68
13465,7642078,5964.7
13465,7664479,5964.7
13465,7686849,5964.62
13465,7709026,5964.62
13465,7731176,5964.65
13465,7753576,5964.65
13465,7775787,5964.65
13465,7798126,5964.67
13465,7803500,5964.67
13465,7803833,5964.66
13465,7804137,5964.66
13465,7804358,5965.54
13465,7804707,5965.54
13465,7804980,5965.54
13465,7805286,5965.54
13465,7805574,5965.54
13465,7805803,5965.54
13465,7806094,5965.54
13465,7806436,5965.54
13465,7806724,5965.54
13465,7807013,5965.54
13465,7807308,5965.54
13465,7807592,5965.54
13465,7807813,5965.54
13465,7808177,5965.54
13465,7808401,5965.54
13465,7808735,5965.54
13465,7809040,5965.54
13465,7809328,5965.54
13465,7809552,5965.54
13465,7809840,5965.54
13465,7810191,5965.54
13465,7810477,5965.54
13465,7810766,5965.54
13465,7811057,5965.54
13465,7811281,5965.54
13465,7811574,5965.54
13465,7811875,5965.54
13465,7812154,5965.54
13465,7812504,5965.54
13465,7812721,5965.54
13465,7813023,5965.54
13465,7813371,5965.54
13465,7813598,5965.54
13465,7813957,5965.54
13465,7814224,5965.54
13465,7814471,5965.54
13465,7814810,5965.54
13465,7821120,5965.54
13465,7838765,5965.54
13465,7858096,5964.69
13465,7878408,5964.69
13465,7899161,5964.28
13465,7920199,5964.28
13465,7941557,5964.66
13465,7945575,5964.66
13465,7945868,5964.66
13465,7946151,5965.54
13465,7946495,5965.54
13465,7946788,5965.54
13465,7963749,5965.54
13465,7984250,5965.54
13465,8005223,5965.54
13465,8025977,5964.45
13465,8047342,5964.45
13465,8068957,5964.45
13465,8090728,5964.82
13465,8112627,5964.82
13465,8134495,5964.71
13465,8156200,5964.71
13465,8178662,5964.79
13465,8200777,5964.79
13465,8223341,5964.72
13465,8245864,5964.72
13465,8268489,5964.72
13465,8290851,5964.73
13465,8312933,5964.73
13465,8335525,5964.74
13465,8358113,5964.74
13465,8380508,5964.64
13465,8402939,5964.64
13465,8425593,5964.8
13465,8447995,5964.8
13465,8470710,5964.8
13465,8493334,5964.69
13465,8516083,5964.69
13465,8538228,5964.79
13465,8560285,5964.79
13465,8582753,5964.7
13465,8604901,5964.7
13465,8627428,5964.79
13465,8649579,5964.79
13465,8671977,5964.79
13465,8694506,5964.78
13465,8716746,5964.78
13465,8739307,5964.61
13465,8761677,5964.61
13465,8784111,5964.7
13465,8806387,5964.7
13465,8828914,5964.74
13465,8851099,5964.74
13465,8873213,5964.74
13465,8895678,5964.74
13465,8917861,5964.74
13465,8940386,5964.72
13465,8962693,5964.72
13465,8985192,5964.62
13465,9007598,5964.62
13465,9030252,5964.72
13465,9052529,5964.72
13465,9075312,5964.72
13465,9097714,5964.66
13465,9120370,5964.66
13465,9142892,5964.68
13465,9165451,5964.68
13465,9188004,5964.74
13465,9210434,5964.74
13465,9233054,5964.74
13465,9255678,5964.78
13465,9278009,5964.78
13465,9299938,5964.7
13465,9322084,5964.7
13465,9344490,5964.76
13465,9366386,5964.76
13465,9388919,5964.77
13465,9410948,5964.77
13465,9433446,5964.77
13465,9455609,5964.71
13465,9477987,5964.71
13465,9500142,5964.69
13465,9522273,5964.69
13465,9544305,5964.72
13465,9566362,5964.72
13465,9588960,5964.69
13465,9611109,5964.69
13465,9633382,5964.69
13465,9655470,5964.67
13465,9677686,5964.67
13465,9699832,5964.69
13465,9721314,5964.69
13465,9721607,5964.69
13465,9721857,5964.69
13465,9741775,5965.54
13465,9763287,5965.54
13465,9785306,5965.54
13465,9807455,5965.03
13465,9829515,5965.03
13465,9851729,5964.75
13465,9858514,5964.75
13465,9858741,5964.75
13465,1355869,5964.68
13465,1377994,5964.77
13465,1391949,5964.77
13465,1392284,5964.81
13465,1392516,5964.81
13465,1394904,5964.81
13465,1415134,5965.54
13465,1436513,5965.54
13465,1457744,5964.85
13465,1479140,5964.85
13465,1500647,5964.83
13465,1522289,5964.83
13465,1543755,5964.7
13465,1565500,5964.7
13465,1587120,5964.7
13465,1608809,5964.66
13465,1630291,5964.66
13465,1651949,5964.74
13465,1673523,5964.74
13465,1694954,5964.75
13465,1716577,5964.75
13465,1738341,5964.78
13465,1759936,5964.78
13465,1781613,5964.78
13465,1803433,5964.77
13465,1825161,5964.77
13465,1846942,5964.73
13465,1868774,5964.73
13465,1890488,5964.72
13465,1908638,5964.72
13465,1908877,5964.72
13465,1909160,5964.79
13465,1909454,5964.79
13465,1909786,5965.54
13465,1918263,5965.54
13465,1938376,5965.54
13465,1959497,5965.54
13465,1980775,5964.2
13465,2002229,5964.2
13465,2023752,5964.2
13465,2045383,5964.73
13465,2066735,5964.73
13465,2088162,5964.68
13465,2109777,5964.68
13465,2131479,5964.7
13465,2153153,5964.7
13465,2174645,5964.74
13465,2196541,5964.74
13465,2218364,5964.74
13465,2240540,5964.78
13465,2262416,5964.78
13465,2284092,5964.74
13465,2305924,5964.74
13465,2327691,5964.74
13465,2349639,5964.74
13465,2371625,5964.74
13465,2393429,5964.79
13465,2415304,5964.79
13465,2437227,5964.76
13465,2459193,5964.76
13465,2481221,5964.67
13465,2502866,5964.67
13465,2524736,5964.63
13465,2546209,5964.63
13465,2567767,5964.63
13465,2589497,5964.65
13465,2610877,5964.65
13465,2632637,5964.65
13465,2654066,5964.65
13465,2675770,5964.64
13465,2697770,5964.64
13465,2719304,5964.74
13465,2741058,5964.74
13465,2763126,5964.74
13465,2784725,5964.54
13465,2806197,5964.54
13465,2827883,5964.72
13465,2849351,5964.72
13465,2867454,5964.67
13465,2867757,5964.67
13465,2868036,5965.54
13465,2868255,5965.54
13465,2868535,5965.54
13465,2885892,5965.54
13465,2906300,5965.54
13465,2927114,5964.96
13465,2948343,5964.96
13465,2969565,5964.78
13465,2990732,5964.78
13465,3012243,5964.77
13465,3033804,5964.77
13465,3055415,5964.77
13465,3076994,5964.71
13465,3098641,5964.71
13465,3120121,5964.76
13465,3141990,5964.76
13465,3163787,5964.72
13465,3185172,5964.72
13465,3206699,5964.83
13465,3227989,5964.83
13465,3249537,5964.83
13465,3271060,5964.69
13465,3292678,5964.69
13465,3314185,5964.66
13465,3335571,5964.66
13465,3357111,5964.66
13465,3378829,5964.66
13465,3400197,5964.82
13465,3421481,5964.82
13465,3442942,5964.82
13465,3464587,5964.7
13465,3486207,5964.7
13465,3507621,5964.75
13465,3529182,5964.75
13465,3550810,5964.61
13465,3572336,5964.61
13465,3593978,5964.69
13465,3615598,5964.69
13465,3636990,5964.69
13465,3658641,5964.69
13465,3680337,5964.69
13465,3702077,5964.7
13465,3723923,5964.7
13465,3745154,5964.76
13465,3766307,5964.76
13465,3787280,5964.79
13465,3808385,5964.79
13465,3829890,5964.79
13465,3840063,5964.74
13465,3840392,5964.74
13465,3840707,5965.54
13465,3841493,5965.54
13465,3860389,5965.54
13465,3881434,5965.54
13465,3902815,5964.2
13465,3909731,5964.2
13465,3910069,5964.2
13465,3911636,5965.54
13465,3931424,5965.54
13465,3952280,5965.54
13465,3973554,5965.54
13465,3994770,5964.01
13465,4015977,5964.01
13465,4037272,5964.68
13465,4058148,5964.68
13465,4080052,5964.68
13465,4102850,5964.68
13465,4125148,5964.68
13465,4147344,5964.65
13465,4169511,5964.65
13465,4191729,5964.76
13465,4213536,5964.76
13465,4235181,5964.76
13465,4257001,5964.71
13465,4278846,5964.71
13465,4300720,5964.7
13465,4322441,5964.7
13465,4344088,5964.79
13465,4366108,5964.79
13465,4388261,5964.68
13465,4410792,5964.68
13465,4433388,5964.68
13465,4455851,5964.74
13465,4478257,5964.74
13465,4500628,5964.7
13465,4523156,5964.7
13465,4545559,5964.78
13465,4568054,5964.78
13465,4590118,5964.8
13465,4612126,5964.8
13465,4634036,5964.8
13465,4656294,5964.63
13465,4678390,5964.63
13465,4700326,5964.75
13465,4722356,5964.75
13465,4744487,5964.74
13465,4766599,5964.74
13465,4788633,5964.65
13465,4810660,5964.65
13465,4832308,5964.65
13465,4854567,5964.69
13465,4876696,5964.69
13465,4898704,5964.7
13465,4920838,5964.7
13465,4943184,5964.65
13465,4949251,5964.65
13465,4949536,5964.71
13465,4953585,5964.71
13465,4974466,5964.71
13465,4996461,5965.54
13465,5018892,5965.54
13465,5041417,5964.66
13465,5063944,5964.66
13465,5086448,5964.73
13465,5109388,5964.73
13465,5131793,5964.72
13465,5134774,5964.72
13465,5135008,5964.72
13465,5135344,5965.54
13465,5135588,5965.54
13465,5135925,5965.54
13465,5137498,5965.54
13465,5157326,5965.54
13465,5178843,5965.54
13465,5200738,5964.74
13465,5222759,5964.74
13465,5235695,5964.74
13465,5235984,5964.61
13465,5236336,5964.61
13465,5236627,5965.54
13465,5236842,5965.54
13465,5237187,5965.54
13465,5237424,5965.54
13465,5237714,5965.54
13465,5238061,5965.54
13465,5238356,5965.54
13465,5238572,5965.54
13465,5247493,5965.54
13465,5266820,5965.54
13465,5287455,5965.54
13465,5308816,5964.43
13465,5330529,5964.43
13465,5351966,5964.43
13465,5373648,5964.86
13465,5395484,5964.86
13465,5416979,5964.64
13465,5434507,5964.64
13465,5434890,5964.77
13465,5438827,5964.77
13465,5459679,5965.54
13465,5481072,5965.54
13465,5502912,5965.54
13465,5524696,5964.71
13465,5546475,5964.71
13465,5568372,5964.87
13465,5590363,5964.87
13465,5612266,5964.75
13465,5634139,5964.75
13465,5656070,5964.72
13465,5678191,5964.72
13465,5700054,5964.72
13465,5722078,5964.6
13465,5744607,5964.6
13465,5767009,5964.66
13465,5789029,5964.66
13465,5811434,5964.72
13465,5833715,5964.72
13465,5855984,5964.72
13465,5878328,5964.78
13465,5900542,5964.78
13465,5922658,5964.69
13465,5945063,5964.69
13465,5967101,5964.73
13465,5989149,5964.73
13465,6011465,5964.7
13465,6033430,5964.7
13465,6055461,5964.7
13465,6077333,5964.73
13465,6099295,5964.73
13465,6121450,5964.68
13465,6143537,5964.68
13465,6165781,5964.71
13465,6187741,5964.71
13465,6210112,5964.66
13465,6232045,5964.66
13465,6254069,5964.66
13465,6276566,5964.71
13465,6298994,5964.71
13465,6321239,5964.69
13465,6343644,5964.69
13465,6366040,5964.66
13465,6388318,5964.66
13465,6410593,5964.66
13465,6433180,5964.71
13465,6455515,5964.71
13465,6478043,5964.67
13465,6500566,5964.67
13465,6522971,5964.7
13465,6545337,5964.7
13465,6567739,5964.61
13465,6590520,5964.61
13465,6612952,5964.61
13466,59983,5964.69
13466,82664,5964.74
13466,105056,5964.74
13466,127738,5964.73
13466,150140,5964.73
13466,172411,5964.71
13466,195190,5964.71
13466,217843,5964.74
13466,232671,5964.74
13466,232956,5964.74
13466,233309,5964.75
13466,233601,5964.75
13466,233881,5965.54
13466,234117,5965.54
13466,234406,5965.54
13466,234694,5965.54
13466,235034,5965.54
13466,235329,5965.54
13466,235561,5965.54
13466,235841,5965.54
13466,236130,5965.54
13466,238976,5965.54
13466,257141,5965.54
13466,277366,5964.75
13466,298227,5964.75
13466,319489,5964.25
13466,340850,5964.25
13466,362256,5964.25
13466,383751,5964.75
13466,405369,5964.75
13466,427118,5964.7
13466,448799,5964.7
13466,470640,5964.7
13466,492673,5964.7
13466,514667,5964.73
13466,536578,5964.73
13466,558473,5964.73
13466,580157,5964.78
13466,602101,5964.78
13466,623781,5964.71
13466,646147,5964.71
13466,6595205,5964.59
13466,6617517,5964.67
13466,6639948,5964.67
13466,6661937,5964.76
13466,6668951,5964.76
13466,6669185,5964.7
13466,6669472,5964.7
13466,6669742,5964.7
13466,6670044,5965.54
13466,6670343,5965.54
13466,6670684,5965.54
13466,6670977,5965.54
13466,6671278,5965.54
13466,6671554,5965.54
13466,6671858,5965.54
13466,6672196,5965.54
13466,6684036,5965.54
13466,6704026,5965.54
13466,6724623,5965.54
13466,6731738,5964.59
13466,6732032,5964.59
13466,6738346,5965.54
13466,6758720,5965.54
13466,6779851,5965.09
13466,6800956,5965.09
13466,6822471,5964.5
13466,6834588,5964.5
13466,6834939,5964.5
13466,6848711,5964.73
13466,6869943,5964.73
13466,6891809,5964.99
13466,6913420,5964.99
13466,6935376,5964.41
13466,6957239,5964.41
13466,6979133,5964.77
13466,7001277,5964.77
13466,7023435,5964.77
13466,7045331,5964.71
13466,7067420,5964.71
13466,7089344,5964.69
13466,7111488,5964.69
13466,7133888,5964.65
13466,7156035,5964.65
13466,7178179,5964.77
13466,7200169,5964.77
13466,7222316,5964.77
13466,7244402,5964.66
13466,668402,5964.77
13466,690611,5964.77
13466,713326,5964.71
13466,735914,5964.71
13466,758376,5964.71
13466,780903,5964.74
13466,803396,5964.74
13466,825862,5964.68
13466,848390,5964.68
13466,850920,5964.83
13466,856043,5964.83
13466,877242,5965.54
13466,898861,5965.54
13466,920702,5965.54
13466,942665,5964.9
13466,964657,5964.9
13466,987411,5964.7
13466,1009587,5964.7
13466,1032392,5964.81
13466,1054854,5964.81
13466,1077316,5964.81
13466,1099591,5964.59
13466,1122118,5964.59
13466,1144078,5964.59
13466,1165764,5964.59
13466,1179378,5964.8
13466,1179665,5964.8
13466,1184140,5965.54
13466,1200190,5965.54
13466,1224733,5965.54
13466,1248214,5964.98
13466,1270891,5964.98
13466,1293136,5964.75
13466,1315603,5964.75
13466,7266578,5964.66
13466,7288913,5964.74
13466,7310932,5964.74
13466,7333177,5964.66
13466,7355268,5964.66
13466,7377611,5964.7
13466,7399979,5964.7
13466,7422003,5964.7
13466,7444407,5964.3
13466,7466523,5964.3
13466,7488327,5964.73
13466,7510442,5964.73
13466,7532747,5964.69
13466,7554745,5964.69
13466,7577143,5964.67
13466,7599037,5964.67
13466,7621215,5964.67
13466,7643332,5964.72
13466,7665546,5964.72
13466,7688134,5964.66
13466,7710411,5964.66
13466,7732682,5964.83
13466,7754803,5964.83
13466,7776919,5964.86
13466,7798969,5964.86
13466,7821264,5964.86
13466,7843475,5964.94
13466,7865526,5964.94
13466,7887928,5964.47
13466,7910043,5964.47
13466,7932255,5964.74
13466,7954505,5964.74
13466,7976652,5964.62
13466,7998929,5964.62
13466,8021080,5964.69
13466,8043074,5964.69
13466,8065348,5964.69
13466,8087494,5964.63
13466,8109744,5964.63
13466,8132176,5964.72
13466,8154578,5964.72
13466,8177075,5964.72
13466,8199352,5964.72
13466,8221630,5964.59
13466,8243901,5964.59
13466,8266621,5964.59
13466,8289080,5964.71
13466,8311227,5964.71
13466,8333533,5964.64
13466,8356155,5964.64
13466,8378529,5964.72
13466,8400963,5964.72
13466,8423367,5964.71
13466,8445323,5964.71
13466,8467918,5964.71
13466,8489811,5964.63
13466,8512187,5964.63
13466,8534839,5964.76
13466,8557210,5964.76
13466,8579744,5964.67
13466,8601925,5964.67
13466,8624327,5964.66
13466,8641370,5964.66
13466,8641688,5964.66
13466,8641985,5964.73
13466,8642266,5964.73
13466,8642569,5965.54
13466,8642850,5965.54
13466,8643143,5965.54
13466,8643413,5965.54
13466,8643704,5965.54
13466,8643985,5965.54
13466,8644280,5965.54
13466,8644571,5965.54
13466,8644863,5965.54
13466,8645150,5965.54
13466,8645445,5965.54
13466,8649395,5965.54
13466,8668084,5965.54
13466,8688365,5965.06
13466,8709563,5965.06
13466,8730922,5965.13
13466,8740618,5965.13
13466,8740940,5965.13
13466,8741268,5964.75
13466,8741508,5964.75
13466,8755242,5965.54
13466,8775900,5965.54
13466,8797067,5964.92
13466,8818688,5964.92
13466,8840140,5963.16
13466,8862069,5963.16
13466,8884155,5964.78
13466,8906369,5964.78
13466,8928262,5964.78
13466,8950031,5964.61
13466,8972299,5964.61
13466,8994821,5964.72
13466,9017090,5964.72
13466,9040045,5964.87
13466,9062755,5964.87
13466,9085313,5964.87
13466,9107456,5964.73
13466,9129478,5964.73
13466,9151437,5964.69
13466,9173775,5964.69
13466,9196179,5964.69
13466,9218324,5964.69
13466,9240287,5964.61
13466,9262432,5964.61
13466,9284451,5964.73
13466,9307134,5964.73
13466,9329408,5964.73
13466,9351682,5964.78
13466,9373960,5964.78
13466,9396546,5964.71
13466,9418755,5964.71
13466,9441282,5964.66
13466,9463424,5964.66
13466,9485699,5964.66
13466,9508222,5964.66
13466,9530434,5964.66
13466,9552895,5964.71
13466,9575521,5964.71
13466,9597947,5964.63
13466,9620504,5964.63
13466,9642966,5964.61
13466,9665427,5964.61
13466,9687703,5964.67
13466,9710259,5964.67
13466,9732533,5964.67
13466,9754872,5964.75
13466,9777276,5964.75
13466,9799490,5964.64
13466,9821825,5964.64
13466,9844035,5964.65
13466,9866433,5964.65
13466,9888514,5964.74
13466,9910569,5964.74
13466,9932715,5964.6
13466,9954963,5964.6
13466,9977461,5964.6
13466,9999671,5964.83
13466,10021650,5964.83
13466,10043833,5964.75
13466,10047696,5964.75
13466,1337623,5964.72
13466,1359520,5964.72
13466,1381675,5964.68
13466,1404019,5964.68
13466,1426077,5964.68
13466,1448018,5964.78
13466,1470331,5964.78
13466,1492265,5964.64
13466,1514336,5964.64
13466,1536424,5964.76
13466,1558545,5964.76
13466,1580823,5964.7
13466,1603101,5964.7
13466,1625064,5964.7
13466,1647525,5964.77
13466,1669550,5964.77
13466,1691798,5964.63
13466,1714703,5964.63
13466,1737074,5964.75
13466,1759532,5964.75
13466,1782184,5964.64
13466,1804615,5964.64
13466,1826991,5964.64
13466,1849457,5964.7
13466,1871608,5964.7
13466,1894034,5964.76
13466,1916311,5964.76
13466,1938845,5964.69
13466,1961436,5964.69
13466,1984282,5964.69
13466,2006815,5964.69
13466,2029249,5964.69
13466,2032414,5964.77
13466,2032614,5964.77
13466,2048128,5965.54
13466,2069702,5965.54
13466,2092043,5964.78
13466,2114313,5964.78
13466,2136586,5964.54
13466,2158646,5964.54
13466,2180925,5964.54
13466,2203264,5964.65
13466,2225666,5964.65
13466,2247687,5964.77
13466,2269457,5964.77
13466,2291449,5964.75
13466,2313730,5964.75
13466,2335883,5964.75
13466,2358261,5964.61
13466,2380689,5964.61
13466,2402994,5964.64
13466,2425737,5964.64
13466,2448393,5964.74
13466,2471142,5964.74
13466,2493702,5964.69
13466,2515978,5964.69
13466,2538344,5964.69
13466,2560648,5964.61
13466,2582921,5964.61
13466,2605257,5964.69
13466,2627716,5964.69
13466,2650621,5964.73
13466,2672954,5964.73
13466,2695292,5964.73
13466,2717720,5964.73
13466,2740311,5964.73
13466,2762739,5964.66
13466,2785109,5964.66
13466,2807383,5964.7
13466,2829939,5964.7
13466,2852466,5964.81
13466,2875405,5964.81
13466,2898217,5964.65
13466,2920717,5964.65
13466,2943337,5964.65
13466,2966152,5964.72
13466,2988802,5964.72
13466,3011325,5964.75
13466,3033726,5964.75
13466,3056413,5964.74
13466,3078847,5964.74
13466,3101312,5964.73
13466,3123685,5964.73
13466,3145863,5964.73
13466,3168014,5964.68
13466,3190040,5964.68
13466,3212317,5964.68
13466,3234812,5964.68
13466,3256961,5964.7
13466,3259313,5964.7
13466,3259674,5965.54
13466,3273230,5965.54
13466,3294620,5965.54
13466,3316133,5964.91
13466,3337747,5964.91
13466,3359894,5964.58
13466,3381548,5964.58
13466,3403648,5964.68
13466,3425702,5964.68
13466,3447634,5964.68
13466,3469844,5964.72
13466,3492153,5964.72
13466,3514595,5964.62
13466,3536935,5964.62
13466,3558933,5964.71
13466,3581026,5964.71
13466,3603110,5964.71
13466,3624853,5964.71
13466,3647011,5964.71
13466,3668816,5964.71
13466,3690881,5964.71
13466,3713163,5964.68
13466,3735095,5964.68
13466,3757446,5964.66
13466,3779722,5964.66
13466,3801872,5964.68
13466,3824023,5964.68
13466,3846177,5964.68
13466,3868323,5964.74
13466,3890602,5964.74
13466,3912855,5964.69
13466,3934753,5964.69
13466,3957060,5964.83
13466,3979456,5964.83
13466,4001634,5964.83
13466,4023697,5964.74
13466,4045725,5964.74
13466,4067938,5964.72
13466,4090530,5964.72
13466,4112899,5964.7
13466,4135453,5964.7
13466,4157981,5964.64
13466,4180761,5964.64
13466,4203324,5964.64
13466,4225943,5964.76
13466,4248599,5964.76
13466,4271126,5964.73
13466,4293530,5964.73
13466,4316026,5964.73
13466,4338459,5964.73
13466,4360860,5964.72
13466,4383386,5964.72
13466,4405916,5964.72
13466,4428443,5964.68
13466,4450569,5964.68
13466,4473098,5964.78
13466,4495495,5964.78
13466,4517873,5964.69
13466,4540558,5964.69
13466,4562862,5964.66
13466,4585361,5964.66
13466,4607821,5964.66
13466,4630033,5964.68
13466,4652059,5964.68
13466,4674209,5964.69
13466,4696485,5964.69
13466,4719010,5964.61
13466,4741539,5964.61
13466,4763786,5964.61
13466,4786315,5964.72
13466,4808749,5964.72
13466,4830993,5964.75
13466,4853282,5964.75
13466,4875536,5964.67
13466,4898006,5964.67
13466,4920225,5964.66
13466,4942632,5964.66
13466,4965035,5964.66
13466,4987159,5964.68
13466,5009436,5964.68
13466,5031841,5964.63
13466,5053860,5964.63
13466,5076292,5964.7
13466,5098254,5964.7
13466,5121065,5964.7
13466,5143281,5964.75
13466,5165558,5964.75
13466,5187491,5964.75
13466,5209672,5964.75
13466,5232167,5964.79
13466,5254539,5964.79
13466,5276559,5964.61
13466,5299059,5964.61
13466,5314143,5964.61
13466,5314398,5964.68
13466,5314705,5964.68
13466,5315000,5965.54
13466,5315326,5965.54
13466,5315574,5965.54
13466,5323647,5965.54
13466,5343671,5965.54
13466,5365063,5965.54
13466,5386867,5965.54
13466,5408612,5964.32
13466,5430858,5964.32
13466,5453071,5964.66
13466,5475244,5964.66
13466,5497393,5964.68
13466,5519943,5964.68
13466,5542593,5964.66
13466,5565247,5964.66
13466,5587871,5964.66
13466,5610176,5964.74
13466,5632460,5964.74
13466,5654987,5964.68
13466,5677135,5964.68
13466,5699411,5964.72
13466,5721781,5964.72
13466,5743811,5964.71
13466,5765869,5964.71
13466,5788079,5964.71
13466,5810233,5964.74
13466,5832832,5964.74
13466,5855139,5964.71
13466,5877539,5964.71
13466,5899721,5964.7
13466,5922254,5964.7
13466,5944399,5964.74
13466,5966774,5964.74
13466,5989112,5964.74
13466,6011326,5964.7
13466,6033855,5964.7
13466,6056349,5964.71
13466,6078656,5964.71
13466,6101001,5964.71
13466,6123719,5964.71
13466,6145900,5964.74
13466,6168271,5964.74
13466,6190647,5964.74
13466,6213047,5964.75
13466,6235192,5964.75
13466,6257690,5964.67
13466,6280188,5964.67
13466,6302531,5964.72
13466,6324931,5964.72
13466,6333103,5964.75
13466,6333343,5964.75
13466,6350480,5964.75
13466,6372308,5965.54
13466,6394172,5965.54
13466,6416257,5964.55
13466,6438311,5964.55
13466,6460460,5964.66
13466,6482729,5964.66
13466,6505131,5964.71
13466,6527660,5964.71
13466,6550120,5964.71
13466,6572581,5964.59
13482,673,5965.54
13482,971,5965.54
13482,1190,5965.54
13482,1476,5965.54
13482,1822,5965.54
13482,2042,5965.54
13482,2258,5965.54
13482,2468,5965.54
13482,2742,5965.54
13482,3025,5965.54
13482,3422,5965.54
13482,3654,5965.54
13482,3956,5965.54
13482,4219,5965.54
13482,4539,5965.54
13482,4866,5965.54
13482,5172,5965.54
13482,5407,5965.54
13482,5686,5965.54
13482,5976,5965.54
13482,6316,5965.54
13482,6614,5965.54
13482,17117,5965.54
13482,30301,5965.54
13482,44127,5964.43
13482,58594,5964.43
13482,73181,5964.58
13482,87970,5964.58
13482,102986,5964.5
13482,117979,5964.5
13482,133434,5964.5
13482,148304,5964.53
13482,163280,5964.53
13482,178521,5964.56
13482,193873,5964.56
13482,209391,5964.52
13482,225032,5964.52
13482,227862,5964.54
13482,228150,5964.54
13482,228443,5964.54
13482,228840,5965.54
13482,231648,5965.54
13482,245642,5965.54
13482,260249,5965.54
13482,275326,5964.66
13482,290507,5964.66
13482,306014,5964.63
13482,321700,5964.63
13482,337747,5964.63
13482,353402,5964.56
13482,369211,5964.56
13482,384599,5964.45
13482,400337,5964.45
13482,416470,5964.5
13482,432216,5964.5
13482,448092,5964.52
13482,464131,5964.52
13482,479971,5964.52
13482,495788,5964.3
13482,511572,5964.3
13482,527324,5964.49
13482,543178,5964.49
13482,559200,5964.48
13482,575304,5964.48
13482,591175,5964.54
13482,607182,5964.54
13482,622932,5964.54
13482,639072,5964.35
13482,655047,5964.35
13482,667219,5964.5
13482,667493,5964.5
13482,667786,5965.54
13482,673880,5965.54
13482,688848,5965.54
13482,704491,5965.54
13482,720157,5965.54
13482,735973,5964.49
13482,752022,5964.49
13482,767949,5964.48
13482,783842,5964.48
13482,799647,5964.55
13482,815193,5964.55
13482,830805,5964.46
13482,846684,5964.46
13482,862496,5964.46
13482,864661,5964.47
13482,864944,5964.47
13482,865228,5965.54
13482,872240,5965.54
13482,887586,5965.54
13482,903461,5965.54
13482,919451,5964.02
13482,935573,5964.02
13482,951451,5964.02
13482,967706,5964.6
13482,983723,5964.6
13482,999942,5964.54
13482,1015565,5964.54
13482,1031532,5964.56
13482,1047373,5964.56
13482,1063053,5964.54
13482,1078925,5964.54
13482,1086448,5964.54
13482,1086732,5964.5
13482,1092316,5964.5
13482,1107412,5965.54
13482,1122899,5965.54
13482,1138776,5964.35
13482,1154276,5964.35
13482,1166924,5964.58
13482,1167133,5964.58
13482,1167433,5964.58
13482,1167792,5965.54
13482,1168826,5965.54
13482,1169116,5965.54
13482,1169410,5965.54
13482,1169698,5965.54
13482,1170028,5965.54
13482,1170331,5965.54
13482,1170614,5965.54
13482,1170846,5965.54
13482,1171137,5965.54
13482,1171490,5965.54
13482,1171780,5965.54
13482,1172070,5965.54
13482,1172349,5965.54
13482,1172637,5965.54
13482,1172928,5965.54
13482,1173221,5965.54
13482,1183344,5965.54
13482,1197292,5965.54
13482,1210576,5965.54
13482,1210855,5964.45
13482,1211152,5964.45
13482,1211430,5965.54
13482,1211718,5965.54
13482,1212008,5965.54
13482,1212303,5965.54
13482,1212596,5965.54
13482,1220740,5965.54
13482,1234437,5965.54
13482,1248403,5964.54
13482,1263228,5964.54
13482,1277956,5964.46
13482,1293161,5964.46
13482,1308543,5964.51
13482,1323892,5964.51
13482,1339278,5964.51
13482,1354748,5964.52
13482,1370112,5964.52
13482,1385468,5964.43
13482,1400822,5964.43
13482,1416576,5964.53
13482,1432323,5964.53
13482,1448326,5964.53
13482,1452992,5964.53
13482,1453289,5964.53
13482,1461676,5965.54
13482,1476922,5965.54
13482,1492538,5964.54
13482,1508016,5964.54
13482,1523342,5964.21
13482,1538738,5964.21
13482,1554469,5964.21
13482,1570210,5964.55
13482,1585846,5964.55
13482,1601676,5964.43
13482,1604196,5964.43
13482,1604552,5964.4
13482,1604836,5964.4
13482,1607740,5965.54
13482,1622419,5965.54
13482,1638320,5965.54
13482,1654219,5964.14
13482,1670193,5964.14
13482,1686143,5964.6
13482,1702086,5964.6
13482,1718006,5964.49
13482,1734195,5964.49
13482,1750073,5964.54
13482,1765612,5964.54
13482,1778494,5964.54
13482,1778754,5964.61
13482,1778987,5964.61
13482,1779270,5965.54
13482,1779526,5965.54
13482,1779849,5965.54
13482,1780193,5965.54
13482,1780428,5965.54
13482,1780713,5965.54
13482,1780998,5965.54
13482,1781343,5965.54
13482,1781639,5965.54
13482,1781919,5965.54
13482,1782211,5965.54
13482,1782517,5965.54
13482,1782807,5965.54
13482,1783081,5965.54
13482,1783425,5965.54
13482,1783738,5965.54
13482,1783952,5965.54
13482,1784255,5965.54
13482,1784577,5965.54
13482,1784810,5965.54
13482,1785115,5965.54
13482,1785470,5965.54
13482,1785746,5965.54
13482,1785982,5965.54
13482,1786333,5965.54
13482,1786551,5965.54
13482,1786846,5965.54
13482,1787194,5965.54
13482,1787420,5965.54
13482,1787717,5965.54
13482,1788004,5965.54
13482,1788296,5965.54
13482,1788626,5965.54
13482,1788919,5965.54
13482,1789214,5965.54
13482,1789447,5965.54
13482,1789719,5965.54
13482,1790027,5965.54
13482,1790360,5965.54
13482,1790593,5965.54
13482,1790940,5965.54
13482,1791183,5965.54
13482,1791469,5965.54
13482,1791755,5965.54
13482,1792109,5965.54
13482,1792382,5965.54
13482,1792677,5965.54
13482,1792917,5965.54
13482,1793203,5965.54
13482,1793487,5965.54
13482,1793827,5965.54
13482,1794125,5965.54
13482,1794410,5965.54
13482,1794696,5965.54
13482,1794913,5965.54
13482,1795217,5965.54
13482,1795503,5965.54
13482,1795859,5965.54
13482,1795937,5965.54
13483,13037,5964.53
13483,13253,5964.53
13483,25730,5965.54
13483,40081,5965.54
13483,54421,5964.67
13483,68610,5964.67
13483,83141,5964.67
13483,97817,5964.5
13483,112389,5964.5
13483,127388,5964.58
13483,142140,5964.58
13483,157200,5964.52
13483,172046,5964.52
13483,187011,5964.43
13483,202040,5964.43
13483,216925,5964.43
13483,231948,5964.53
13483,247047,5964.53
13483,262169,5964.44
13483,277254,5964.44
13483,292387,5964.5
13483,307382,5964.5
13483,322711,5964.5
13483,337853,5964.59
13483,353034,5964.59
13483,368268,5964.51
13483,383248,5964.51
13483,398427,5964.5
13483,413133,5964.5
13483,428147,5964.51
13483,443290,5964.51
13483,458358,5964.51
13483,473285,5964.52
13483,488303,5964.52
13483,503308,5964.48
13483,518406,5964.48
13483,533293,5964.5
13483,548871,5964.5
13483,564107,5964.42
13483,579459,5964.42
13483,594842,5964.42
13483,610179,5964.5
13483,625256,5964.5
13483,640514,5964.49
13483,655623,5964.49
13483,671259,5964.47
13483,686724,5964.47
13483,702212,5964.47
13483,717719,5964.47
13483,733313,5964.47
13483,748825,5964.5
13483,764419,5964.5
13483,779654,5964.56
13483,794951,5964.56
13483,810256,5964.54
13483,825552,5964.54
13483,841362,5964.54
13483,856714,5964.56
13483,872336,5964.56
13483,887570,5964.53
13483,903161,5964.53
13483,918650,5964.6
13483,933919,5964.6
13483,949389,5964.48
13483,965140,5964.48
13483,980355,5964.48
13483,995849,5964.5
13483,1010990,5964.5
13483,1026457,5964.61
13483,1041944,5964.61
13483,1057457,5964.58
13483,1072913,5964.58
13483,1088401,5964.54
13483,1103758,5964.54
13483,1119133,5964.54
13483,1134478,5964.59
13483,1149952,5964.59
13483,1165586,5964.52
13483,1180687,5964.52
13483,1180981,5964.53
13483,1181255,5964.53
13483,1182544,5965.54
13483,1196471,5965.54
13483,1210881,5965.54
13483,1225778,5964.4
13483,1240683,5964.4
13483,1255801,5964.67
13483,1270499,5964.67
13483,1285620,5964.61
13483,1300476,5964.61
13483,1315571,5964.58
13483,1330912,5964.58
13483,1346390,5964.58
13483,1361646,5964.59
13483,1376887,5964.59
13483,1392203,5964.57
13483,1407460,5964.57
13483,1422633,5964.64
13483,1437809,5964.64
13483,1453087,5964.64
13483,1468390,5964.62
13483,1483622,5964.62
13483,1498745,5964.57
13483,1514424,5964.57
13483,1529957,5964.61
13483,1545167,5964.61
13483,1560342,5964.62
13483,1575539,5964.62
13483,1578997,5964.62
13483,1579321,5964.63
13483,1579594,5964.63
13483,1584832,5965.54
13483,1598977,5965.54
13483,1613710,5964.72
13483,1628942,5964.72
13483,1644147,5964.87
13483,1659292,5964.87
13483,1674593,5964.87
13483,1689980,5964.63
13483,1705467,5964.63
13483,1721100,5964.57
13483,1736586,5964.57
13483,1752180,5964.62
13483,1767308,5964.62
13483,1781642,5964.57
13483,1781933,5964.57
13483,1782198,5964.57
13483,1789195,5965.54
13483,1804132,5965.54
13483,1818958,5964.79
13483,1833809,5964.79
13483,1848855,5964.51
13483,1864024,5964.51
13483,1879005,5964.51
13483,1894376,5964.72
13483,1909730,5964.72
13483,1925087,5964.56
13483,1940242,5964.56
13483,1955537,5964.58
13483,1970922,5964.58
13483,1986146,5964.53
13483,2001501,5964.53
13483,2016734,5964.53
13483,2032083,5964.69
13483,2047567,5964.69
13483,2062962,5964.53
13483,2078569,5964.53
13483,2094045,5964.57
13483,2109919,5964.57
13483,2125422,5964.57
13483,2140907,5964.55
13483,2156622,5964.55
13483,2172242,5964.62
13483,2187869,5964.62
13483,2203347,5964.57
13483,2219062,5964.57
13483,2234959,5964.56
13483,2250192,5964.56
13483,2265824,5964.56
13483,2281172,5964.57
13483,2296682,5964.57
13483,2310880,5964.6
13483,2311197,5964.6
13483,2311487,5965.54
13483,2311764,5965.54
13483,2312060,5965.54
13483,2322187,5965.54
13483,2336764,5965.54
13483,2351604,5964.56
13483,2366875,5964.56
13483,2382274,5964.45
13483,2397700,5964.45
13483,2413200,5964.6
13483,2428943,5964.6
13483,2444426,5964.6
13483,2459656,5964.47
13483,2475400,5964.47
13483,2478922,5964.6
13483,2479152,5964.6
13483,2479425,5965.54
13483,2479726,5965.54
13483,2480009,5965.54
13483,2480349,5965.54
13483,2486662,5965.54
13483,2500488,5965.54
13483,2515210,5965.54
13483,2529921,5964.54
13483,2544510,5964.54
13483,2559211,5964.69
13483,2574215,5964.69
13483,2589145,5964.57
13483,2604402,5964.57
13483,2619665,5964.57
13483,2635050,5964.63
13483,2650616,5964.63
13483,2666032,5964.5
13483,2681595,5964.5
13483,2697098,5964.66
13483,2712570,5964.66
13483,2728314,5964.68
13483,2744056,5964.68
13483,2759795,5964.68
13483,2775278,5964.62
13483,2790768,5964.62
13483,2806408,5964.57
13483,2822002,5964.57
13483,2837488,5964.61
13483,2853641,5964.61
13483,2869512,5964.59
13483,2884980,5964.59
13483,2900004,5964.59
13483,2915040,5964.61
13483,2930276,5964.61
13483,2945268,5964.59
13483,2960528,5964.59
13483,2976001,5964.65
13483,2991216,5964.65
13483,3006956,5964.63
13483,3022710,5964.63
13483,3038477,5964.63
13483,3054108,5964.63
13483,3069936,5964.63
13483,3085559,5964.6
13483,3101165,5964.6
13483,3116927,5964.63
13483,3132668,5964.63
13483,3148387,5964.63
13483,3164019,5964.63
13483,3179651,5964.63
13483,3195139,5964.56
13483,3210619,5964.56
13483,3226501,5964.65
13483,3242092,5964.65
13483,3257732,5964.56
13483,3273082,5964.56
13483,3288823,5964.56
13483,3304225,5964.66
13483,3319800,5964.66
13483,3335431,5964.64
13483,3350807,5964.64
13483,3366391,5964.57
13483,3381886,5964.57
13483,3397496,5964.56
13483,3412729,5964.56
13483,3428078,5964.56
13483,3443456,5964.66
13483,3459056,5964.66
13483,3474031,5964.56
13483,3489517,5964.56
13483,3504886,5964.68
13483,3520354,5964.68
13483,3535910,5964.68
13483,3551240,5964.63
13483,3566453,5964.63
13483,3581957,5964.72
13483,3597317,5964.72
13483,3605307,5964.58
13483,3605589,5964.58
13483,3605869,5965.54
13483,3606226,5965.54
13483,3606516,5965.54
13483,3606810,5965.54
13483,3607104,5965.54
13483,3607392,5965.54
13483,3607666,5965.54
13483,3607953,5965.54
13483,3608194,5965.54
13483,3608483,5965.54
13483,3608830,5965.54
13483,3609063,5965.54
13483,3614136,5965.54
13483,3627185,5965.54
13483,3641444,5964.61
13483,3656066,5964.61
13483,3670845,5964.77
13483,3685797,5964.77
13483,3701020,5964.58
13483,3716386,5964.58
13483,3731752,5964.58
13483,3746848,5964.61
13483,3762100,5964.61
13483,3777422,5964.56
13483,3792573,5964.56
13483,3808053,5964.56
13483,3823270,5964.56
13483,3838513,5964.6
13483,3854009,5964.6
13483,3869128,5964.6
13483,3884578,5964.57
13483,3899923,5964.57
13483,3915321,5964.51
13483,3930808,5964.51
13483,3946279,5964.54
13483,3961602,5964.54
13483,3977123,5964.47
13483,3992324,5964.47
13483,4007841,5964.47
13483,4023093,5964.57
13483,4038696,5964.57
13483,4054452,5964.56
13483,4069773,5964.56
13483,4085056,5964.61
13483,4100633,5964.61
13483,4116141,5964.57
13483,4131638,5964.57
13483,4147109,5964.57
13483,4162491,5964.59
13483,4177967,5964.59
13483,4193341,5964.53
13483,4209213,5964.53
13483,4224930,5964.58
13483,4240676,5964.58
13483,4256183,5964.58
13483,4271661,5964.58
13483,4287264,5964.58
13483,4302894,5964.69
13483,4318113,5964.69
13483,4333873,5964.61
13483,4349418,5964.61
13483,4365145,5964.54
13483,4380707,5964.54
13483,4396458,5964.54
13483,4412085,5964.6
13483,4427597,5964.6
13483,4443324,5964.57
13483,4459052,5964.57
13483,4474537,5964.59
13483,4490044,5964.59
13483,4505558,5964.59
13483,4521397,5964.61
13483,4537201,5964.61
13483,4552744,5964.55
13483,4568353,5964.55
13483,4575011,5964.62
13483,4575244,5964.62
13483,4575543,5965.54
13483,4575834,5965.54
13483,4576184,5965.54
13483,4576399,5965.54
13483,4576696,5965.54
13483,4578245,5965.54
13483,4591331,5965.54
13483,4605765,5964.7
13483,4620739,5964.7
13483,4635867,5964.56
13483,4651071,5964.56
13483,4666446,5964.56
13483,4681820,5964.55
13483,4697408,5964.55
13483,4712694,5964.65
13483,4727959,5964.65
13483,4743106,5964.59
13483,4758596,5964.59
13483,4773976,5964.59
13483,4789346,5964.55
13483,4804827,5964.55
13483,4820239,5964.53
13483,4835661,5964.53
13483,4851153,5964.56
13483,4866376,5964.56
13483,4881698,5964.61
13483,4897372,5964.61
13483,4912836,5964.61
13483,4928264,5964.68
13483,4943835,5964.68
13483,4959304,5964.56
13483,4961946,5964.56
13483,4962298,5964.62
13483,4965824,5964.62
13483,4980155,5965.54
13483,4995027,5965.54
13483,5010250,5965.54
13483,5025861,5964.56
13483,5041154,5964.56
13483,5056718,5964.5
13483,5072195,5964.5
13483,5087700,5964.62
13483,5103110,5964.62
13483,5118501,5964.59
13483,5133918,5964.59
13483,5149404,5964.59
13483,5164841,5964.61
13483,5180375,5964.61
13483,5195723,5964.47
13483,5211087,5964.47
13483,5226572,5964.56
13483,5242193,5964.56
13483,5257962,5964.52
13483,5273221,5964.52
13483,5288897,5964.52
13483,5304278,5964.54
13483,5319624,5964.54
13483,5335122,5964.59
13483,5350478,5964.59
13483,5365696,5964.59
13483,5380982,5964.59
13483,5396311,5964.59
13483,5411627,5964.55
13483,5426943,5964.55
13483,5442256,5964.6
13483,5457606,5964.6
13483,5457881,5964.58
13483,5458233,5964.58
13483,5466381,5965.54
13483,5480964,5965.54
13483,5496093,5965.54
13483,5511565,5964.33
13483,5526887,5964.33
13483,5542299,5964.69
13483,5557768,5964.69
13483,5572877,5964.59
13483,5588119,5964.59
13483,5603598,5964.55
13483,5619199,5964.55
13483,5634435,5964.55
13483,5649797,5964.59
13483,5664952,5964.59
13483,5680138,5964.61
13483,5695763,5964.61
13483,5711493,5964.65
13483,5726848,5964.65
13483,5742339,5964.56
13483,5758086,5964.56
13483,5773733,5964.56
13483,5789328,5964.63
13483,5804825,5964.63
13483,5820297,5964.53
13483,5835778,5964.53
13483,5851473,5964.58
13483,5867135,5964.58
13483,5882392,5964.67
13483,5897728,5964.67
13483,5912848,5964.67
13483,5928211,5964.62
13483,5934160,5964.62
13483,5934454,5964.56
13483,5941431,5964.56
13483,5956037,5965.54
13483,5971034,5965.54
13483,5986126,5964.35
13483,6001337,5964.35
13483,6016600,5964.35
13483,6031983,5964.67
13483,6047046,5964.67
13483,6062287,5964.57
13483,6063916,5964.57
13484,41459,5964.61
13484,54034,5964.61
13484,54361,5964.64
13484,54655,5964.64
13484,63305,5965.54
13484,77888,5965.54
13484,92727,5965.54
13484,97323,5964.57
13484,97621,5964.57
13484,97965,5965.54
13484,109158,5965.54
13484,109440,5964.74
13484,114817,5964.74
13484,128930,5964.74
13484,143504,5965.54
13484,158375,5965.54
13484,173595,5964.37
13484,188535,5964.37
13484,203797,5964.55
13484,219226,5964.55
13484,234768,5964.58
13484,250422,5964.58
13484,266000,5964.58
13484,281492,5964.56
13484,292304,5964.56
13484,292539,5964.62
13484,292825,5964.62
13484,303574,5965.54
13484,318774,5965.54
13484,333800,5964.78
13484,348386,5964.78
13484,348689,5964.78
13484,348966,5964.46
13484,356037,5964.46
13484,370510,5965.54
13484,385749,5965.54
13484,400977,5964.97
13484,416723,5964.97
13484,432209,5964.45
13484,447661,5964.45
13484,463174,5964.45
13484,478486,5964.63
13484,494147,5964.63
13484,510015,5964.54
13484,525779,5964.54
13484,541391,5964.5
13484,557375,5964.5
13484,572770,5964.6
13484,588221,5964.6
13484,603463,5964.6
13484,618947,5964.63
13484,634179,5964.63
13484,649533,5964.59
13484,664850,5964.59
13484,680088,5964.59
13484,695223,5964.59
13484,710840,5964.61
13484,726328,5964.61
13484,742076,5964.61
13484,757461,5964.6
13484,773063,5964.6
13484,788279,5964.56
13484,803779,5964.56
13484,819057,5964.59
13484,834365,5964.59
13484,849760,5964.53
13484,865114,5964.53
13484,880205,5964.53
13484,895546,5964.54
13484,910795,5964.54
13484,926202,5964.49
13484,941641,5964.49
13484,957158,5964.51
13484,972606,5964.51
13484,988096,5964.58
13484,1003743,5964.58
13484,1019338,5964.58
13484,1034828,5964.55
13484,1050311,5964.55
13484,1065679,5964.6
13484,1081021,5964.6
13484,1096646,5964.57
13484,1112219,5964.57
13484,1127942,5964.51
13484,1143503,5964.51
13484,1158860,5964.51
13484,1174071,5964.55
13484,1189455,5964.55
13484,1204552,5964.54
13484,1219793,5964.54
13484,1235137,5964.61
13484,1250466,5964.61
13484,1265632,5964.61
13484,1280587,5964.57
13484,1295819,5964.57
13484,1311330,5964.63
13484,1327058,5964.63
13484,1342417,5964.54
13484,1357858,5964.54
13484,1373374,5964.58
13484,1388726,5964.58
13484,1404239,5964.58
13484,1411119,5964.6
13484,1411405,5964.6
13484,1411670,5965.54
13484,1416463,5965.54
13484,1430876,5965.54
13484,1445900,5965.54
13484,1461256,5964.16
13484,1476797,5964.16
13484,1491885,5964.16
13484,1507503,5964.64
13484,1522906,5964.64
13484,1538556,5964.56
13484,1550062,5964.56
13484,1550304,5964.61
13484,1550593,5964.61
13484,1557045,5965.54
13484,1557402,5965.54
13484,1564965,5965.54
13484,1579047,5965.54
13484,1593894,5965.54
13484,1608537,5964.46
13484,1623732,5964.46
13484,1638581,5964.6
13484,1653667,5964.6
13484,1668917,5964.55
13484,1684174,5964.55
13484,1699365,5964.55
13484,1714398,5964.61
13484,1729965,5964.61
13484,1745324,5964.56
13484,1760796,5964.56
13484,1776165,5964.55
13484,1791687,5964.55
13484,1807183,5964.55
13484,1815002,5964.6
13484,1815366,5964.6
13484,1822634,5965.54
13484,1837367,5965.54
13484,1852625,5964.66
13484,1868109,5964.66
13484,1883467,5964.68
13484,1898836,5964.68
13484,1914330,5964.68
13484,1929814,5964.58
13484,1945834,5964.58
13484,1961543,5964.59
13484,1969456,5964.59
13484,1969744,5964.55
13484,1979209,5964.55
13484,1994466,5965.54
13484,2009929,5965.54
13484,2025315,5965.54
13484,2040797,5965.01
13484,2056405,5965.01
13484,2071640,5964.57
13484,2086994,5964.57
13484,2102136,5964.58
13484,2117426,5964.58
13484,2132568,5964.56
13484,2147806,5964.56
13484,2163031,5964.56
13484,2178270,5964.54
13484,2193127,5964.54
13484,2208476,5964.5
13484,2223916,5964.5
13484,2239394,5964.57
13484,2254892,5964.57
13484,2270449,5964.47
13484,2271795,5964.47
13484,2272090,5964.47
13484,2281974,5965.54
13484,2296952,5965.54
13484,2312166,5964.69
13484,2313819,5964.69
13484,2314103,5964.4
13484,2314392,5964.4
13484,2314689,5965.54
13484,2314969,5965.54
13484,2315257,5965.54
13484,2315546,5965.54
13484,2315830,5965.54
13484,2316133,5965.54
13484,2316417,5965.54
13484,2316714,5965.54
13484,2317066,5965.54
13484,2328416,5965.54
13484,2342418,5965.54
13484,2356778,5965.54
13484,2371678,5964.03
13484,2386891,5964.03
13484,2401912,5964.65
13484,2417096,5964.65
13484,2432456,5964.65
13484,2447947,5964.65
13484,2463317,5964.52
13484,2478479,5964.52
13484,2494034,5964.52
13484,2509680,5964.5
13484,2525023,5964.5
13484,2540374,5964.59
13484,2555852,5964.59
13484,2560616,5964.54
13484,2560899,5964.54
13484,2564318,5964.54
13484,2578612,5965.54
13484,2593585,5965.54
13484,2608484,5964.44
13484,2623595,5964.44
13484,2638636,5964.67
13484,2653770,5964.67
13484,2668854,5964.53
13484,2684240,5964.53
13484,2699425,5964.53
13484,2714796,5964.48
13484,2730268,5964.48
13484,2745633,5964.57
13484,2761279,5964.57
13484,2777261,5964.67
13484,2792979,5964.67
13484,2808651,5964.62
13484,2824503,5964.62
13484,2840323,5964.62
13484,2855967,5964.53
13484,2871704,5964.53
13484,2887582,5964.58
13484,2903322,5964.58
13484,2918953,5964.55
13484,2934136,5964.55
13484,2949764,5964.59
13484,2965335,5964.59
13484,2980677,5964.59
13484,2996043,5964.62
13484,3011370,5964.62
13484,3026719,5964.56
13484,3042137,5964.56
13484,3057369,5964.53
13484,3072766,5964.53
13484,3087917,5964.58
13484,3103254,5964.58
13484,3118744,5964.58
13484,3134452,5964.68
13484,3150124,5964.68
13484,3165478,5964.61
13484,3180711,5964.61
13484,3196572,5964.55
13484,3212085,5964.55
13484,3227940,5964.56
13484,3243281,5964.56
13484,3258779,5964.56
13484,3274914,5964.66
13484,3290264,5964.66
13484,3305633,5964.58
13484,3321250,5964.58
13484,3336738,5964.57
13484,3352231,5964.57
13484,3367778,5964.61
13484,3383314,5964.61
13484,3398848,5964.61
13484,3414550,5964.53
13484,3430190,5964.53
13484,3445875,5964.63
13484,3461669,5964.63
13484,3477658,5964.63
13484,3493283,5964.63
13484,3508798,5964.59
13484,3524523,5964.59
13484,3539988,5964.59
13484,3555482,5964.57
13484,3571117,5964.57
13484,3586772,5964.57
13484,3602226,5964.57
13484,3617703,5964.52
13484,3632815,5964.52
13484,3648151,5964.59
13484,3663417,5964.59
13484,3678832,5964.59
13484,3694486,5964.51
13484,3709852,5964.51
13484,3725341,5964.57
13484,3740754,5964.57
13484,3755927,5964.52
13484,3770910,5964.52
13484,3786543,5964.59
13484,3793139,5964.59
13484,3793427,5964.59
13484,3793725,5965.54
13484,3794002,5965.54
13484,3794279,5965.54
13484,3794584,5965.54
13484,3794874,5965.54
13484,3795170,5965.54
13484,3795461,5965.54
13484,3795815,5965.54
13484,3796102,5965.54
13484,3796388,5965.54
13484,3796671,5965.54
13484,3796974,5965.54
13484,3797261,5965.54
13484,3797542,5965.54
13484,3797830,5965.54
13484,3798120,5965.54
13484,3798407,5965.54
13484,3798775,5965.54
13484,3799054,5965.54
13484,3799346,5965.54
13484,3799632,5965.54
13484,3799915,5965.54
13484,3800218,5965.54
13484,3804100,5965.54
13484,3816483,5965.54
13484,3830183,5965.54
13484,3844508,5965.54
13484,3859562,5964.77
13484,3874463,5964.77
13484,3889831,5964.56
13484,3905302,5964.56
13484,3920616,5964.48
13484,3935888,5964.48
13484,3950905,5964.48
13484,3966364,5964.47
13484,3981429,5964.47
13484,3996842,5964.54
13484,4012439,5964.54
13484,4028018,5964.42
13484,4029692,5964.42
13484,4030054,5965.54
13484,4030272,5965.54
13484,4030573,5965.54
13484,4030910,5965.54
13484,4031212,5965.54
13484,4031434,5965.54
13484,4031788,5965.54
13484,4032014,5965.54
13484,4032362,5965.54
13484,4034634,5965.54
13484,4047542,5965.54
13484,4061438,5965.54
13484,4064120,5964.24
13484,4064351,5964.24
13484,4064697,5965.54
13484,4064926,5965.54
13484,4065272,5965.54
13484,4065506,5965.54
13484,4075614,5965.54
13484,4089496,5965.54
13484,4103893,5965.54
13484,4118359,5964.56
13484,4133227,5964.56
13484,4148484,5964.55
13484,4163536,5964.55
13484,4178731,5964.54
13484,4194135,5964.54
13484,4209518,5964.44
13484,4224683,5964.44
13484,4240111,5964.44
13484,4255463,5964.55
13484,4270682,5964.55
13484,4286314,5964.56
13484,4301601,5964.56
13484,4316906,5964.6
13484,4332377,5964.6
13484,4348005,5964.59
13484,4363297,5964.59
13484,4379013,5964.59
13484,4394604,5964.55
13484,4409932,5964.55
13484,4425071,5964.61
13484,4440287,5964.61
13484,4455380,5964.55
13484,4470545,5964.55
13484,4485856,5964.55
13484,4501209,5964.56
13484,4516179,5964.56
13484,4531174,5964.56
13484,4546259,5964.56
13484,4561499,5964.57
13484,4576616,5964.57
13484,4591888,5964.59
13484,4607336,5964.59
13484,4622803,5964.59
13484,4638694,5964.57
13484,4654039,5964.57
13484,4669670,5964.55
13484,4685282,5964.55
13484,4700636,5964.54
13484,4716381,5964.54
13484,4732306,5964.68
13484,4747869,5964.68
13484,4763631,5964.68
13484,4779478,5964.42
13484,4795484,5964.42
13484,4811450,5964.58
13484,4827346,5964.58
13484,4842840,5964.55
13484,4858627,5964.55
13484,4874345,5964.53
13484,4889687,5964.53
13484,4905434,5964.53
13484,4920808,5964.62
13484,4936026,5964.62
13484,4951130,5964.57
13484,4966226,5964.57
13484,4969182,5964.5
13484,4969431,5964.5
13484,4969784,5965.54
13484,4970046,5965.54
13484,4970353,5965.54
13484,4982518,5965.54
13484,4996973,5965.54
13484,5012079,5964.53
13484,5027295,5964.53
13484,5042663,5964.6
13484,5047841,5964.6
13484,5048189,5965.54
13484,5048749,5965.54
13484,5062542,5965.54
13484,5077018,5965.54
13484,5092139,5965.54
13484,5107611,5964.09
13484,5123105,5964.09
13484,5139086,5964.66
13484,5154939,5964.66
13484,5170718,5964.66
13484,5186090,5964.59
13484,5196421,5964.59
13484,5196421,5964.52
13485,43107,5964.61
13485,58477,5964.61
13485,74086,5964.61
13485,89827,5964.61
13485,105559,5964.55
13485,121165,5964.55
13485,136561,5964.56
13485,152034,5964.56
13485,167306,5964.56
13485,182686,5964.56
13485,198130,5964.56
13485,213612,5964.45
13485,229220,5964.45
13485,244603,5964.51
13485,260201,5964.51
13485,275605,5964.51
13485,291705,5964.61
13485,307690,5964.61
13485,646900,5964.55
13485,662632,5964.5
13485,678117,5964.5
13485,693987,5964.5
13485,709598,5964.57
13485,725257,5964.57
13485,740985,5964.47
13485,756589,5964.47
13485,772077,5964.49
13485,787556,5964.49
13485,803115,5964.46
13485,818655,5964.46
13485,834299,5964.46
13485,850021,5964.64
13485,860053,5964.64
13485,860351,5964.57
13485,860575,5964.57
13485,873838,5965.54
13485,888990,5965.54
13485,896461,5964.19
13485,896780,5964.19
13485,898281,5964.19
13485,912529,5965.54
13485,927730,5965.54
13485,942866,5964.16
13485,958197,5964.16
13485,973499,5964.67
13485,988893,5964.67
13485,1004139,5964.54
13485,1019628,5964.54
13485,1035151,5964.54
13485,1050669,5964.57
13485,1066354,5964.57
13485,1082106,5964.55
13485,1097566,5964.55
13485,1113461,5964.58
13485,1128927,5964.58
13485,1144552,5964.58
13485,1160042,5964.56
13485,1175534,5964.56
13485,1191213,5964.48
13485,1206580,5964.48
13485,1222248,5964.63
13485,1237863,5964.63
13485,1253616,5964.48
13485,1269099,5964.48
13485,1284870,5964.48
13485,1300702,5964.57
13485,1316197,5964.57
13485,1331756,5964.6
13485,1347503,5964.6
13485,1362923,5964.56
13485,1378450,5964.56
13485,1394016,5964.59
13485,1409504,5964.59
13485,1425092,5964.49
13485,1440507,5964.49
13485,1456120,5964.49
13485,1471801,5964.54
13485,1487348,5964.54
13485,1503212,5964.52
13485,1518579,5964.52
13485,1534174,5964.55
13485,1549817,5964.55
13485,1565042,5964.55
13485,1580923,5964.53
13485,1596659,5964.53
13485,1612409,5964.47
13485,1628025,5964.47
13485,1636129,5964.52
13485,1636414,5964.52
13485,1636698,5965.54
13485,1640515,5965.54
13485,1654721,5965.54
13485,1669770,5965.54
13485,1684922,5965.54
13485,1700157,5964.43
13485,1715552,5964.43
13485,1731120,5964.48
13485,1746644,5964.48
13485,1762230,5964.49
13485,1777585,5964.49
13485,1792887,5964.49
13485,1808706,5964.51
13485,1824188,5964.51
13485,1839646,5964.6
13485,1855492,5964.6
13485,1871016,5964.51
13485,1886281,5964.51
13485,1901763,5964.59
13485,1917392,5964.59
13485,1933092,5964.59
13485,1948918,5964.53
13485,1964586,5964.53
13485,1980016,5964.54
13485,1995337,5964.54
13485,2010942,5964.54
13485,2026419,5964.54
13485,2042027,5964.5
13485,2057381,5964.5
13485,2072513,5964.5
13485,2088172,5964.56
13485,2103855,5964.56
13485,2119433,5964.53
13485,2135091,5964.53
13485,2150461,5964.58
13485,2166209,5964.58
13485,2181432,5964.45
13485,2196770,5964.45
13485,2212542,5964.45
13485,2214750,5964.61
13485,2215056,5964.61
13485,2215286,5965.54
13485,2215567,5965.54
13485,2215838,5965.54
13485,2216148,5965.54
13485,2216439,5965.54
13485,2216783,5965.54
13485,2217064,5965.54
13485,2217294,5965.54
13485,2217588,5965.54
13485,2217940,5965.54
13485,2218150,5965.54
13485,2218459,5965.54
13485,2218748,5965.54
13485,2219096,5965.54
13485,2219309,5965.54
13485,2219607,5965.54
13485,2219961,5965.54
13485,2220253,5965.54
13485,2220549,5965.54
13485,2220827,5965.54
13485,2221116,5965.54
13485,2221344,5965.54
13485,2221636,5965.54
13485,2221978,5965.54
13485,2222219,5965.54
13485,2222577,5965.54
13485,2222845,5965.54
13485,2223081,5965.54
13485,2223373,5965.54
13485,2223639,5965.54
13485,2223948,5965.54
13485,2224242,5965.54
13485,2224531,5965.54
13485,2224801,5965.54
13485,2225110,5965.54
13485,2225451,5965.54
13485,2225680,5965.54
13485,2226017,5965.54
13485,2226260,5965.54
13485,2226551,5965.54
13485,2226837,5965.54
13485,2227175,5965.54
13485,2227475,5965.54
13485,2227756,5965.54
13485,2228054,5965.54
13485,2228345,5965.54
13485,2228572,5965.54
13485,2228860,5965.54
13485,2229196,5965.54
13485,2229567,5965.54
13485,2229860,5965.54
13485,2230062,5965.54
13485,2230371,5965.54
13485,2230660,5965.54
13485,2231002,5965.54
13485,2231222,5965.54
13485,2231521,5965.54
13485,2231880,5965.54
13485,2232167,5965.54
13485,2232378,5965.54
13485,2232733,5965.54
13485,2233024,5965.54
13485,2233257,5965.54
13485,2233541,5965.54
13485,2233816,5965.54
13485,2234126,5965.54
13485,2234463,5965.54
13485,2234700,5965.54
13485,2234983,5965.54
13485,2235333,5965.54
13485,2235564,5965.54
13485,2235919,5965.54
13485,2236135,5965.54
13485,2236406,5965.54
13485,2236757,5965.54
13485,2237067,5965.54
13485,2237290,5965.54
13485,2237626,5965.54
13485,2237876,5965.54
13485,2238166,5965.54
13485,2238445,5965.54
13485,2238741,5965.54
13485,2239029,5965.54
13485,2239371,5965.54
13485,2239605,5965.54
13485,2239884,5965.54
13485,2240162,5965.54
13485,2240453,5965.54
13485,2240811,5965.54
13485,2241026,5965.54
13485,2241374,5965.54
13485,2241624,5965.54
13485,2241903,5965.54
13485,2242176,5965.54
13485,2242485,5965.54
13485,2242834,5965.54
13485,2243119,5965.54
13485,2243393,5965.54
13485,2243704,5965.54
13485,2243935,5965.54
13485,2244285,5965.54
13485,2252032,5965.54
13485,2264062,5965.54
13485,2276981,5965.54
13485,2290448,5964.42
13485,2304117,5964.42
13485,2318089,5964.49
13485,2332150,5964.49
13485,2346326,5964.49
13485,2360827,5964.55
13485,2375569,5964.55
13485,2390538,5964.49
13485,2405512,5964.49
13485,2420503,5964.51
13485,2435707,5964.51
13485,2448263,5964.51
13485,2448542,5964.51
13485,2448814,5964.51
13485,2449112,5965.54
13485,2449383,5965.54
13485,2449675,5965.54
13485,2449967,5965.54
13485,2450255,5965.54
13485,2450543,5965.54
13485,2450831,5965.54
13485,2451191,5965.54
13485,2451480,5965.54
13485,2451755,5965.54
13485,2452060,5965.54
13485,2452357,5965.54
13485,2452633,5965.54
13485,2452910,5965.54
13485,2453198,5965.54
13485,2453490,5965.54
13485,2453783,5965.54
13485,2454023,5965.54
13485,2454306,5965.54
13485,2454603,5965.54
13485,2454884,5965.54
13485,2455178,5965.54
13485,2455467,5965.54
13485,2455725,5965.54
13485,2456028,5965.54
13485,2456319,5965.54
13485,2456603,5965.54
13485,2456890,5965.54
13485,2457179,5965.54
13485,2457471,5965.54
13485,2457833,5965.54
13485,2458121,5965.54
13485,2458410,5965.54
13485,2458697,5965.54
13485,2458986,5965.54
13485,2459273,5965.54
13485,2459564,5965.54
13485,2459845,5965.54
13485,2460134,5965.54
13485,2460417,5965.54
13485,2460715,5965.54
13485,2461004,5965.54
13485,2461279,5965.54
13485,2461528,5965.54
13485,2461820,5965.54
13485,2462108,5965.54
13485,2462398,5965.54
13485,2462687,5965.54
13485,2462965,5965.54
13485,2463252,5965.54
13485,2463576,5965.54
13485,2463892,5965.54
13485,2464171,5965.54
13485,2464458,5965.54
13485,2464709,5965.54
13485,2464996,5965.54
13485,2465285,5965.54
13485,2465603,5965.54
13485,2465911,5965.54
13485,2466147,5965.54
13485,2466426,5965.54
13485,2466729,5965.54
13485,2467005,5965.54
13485,2467419,5965.54
13485,2467663,5965.54
13485,2467949,5965.54
13485,2468238,5965.54
13485,2468528,5965.54
13485,2468821,5965.54
13485,2469090,5965.54
13485,2469376,5965.54
13485,2469665,5965.54
13485,2469955,5965.54
13485,2470251,5965.54
13485,2470609,5965.54
13485,2470891,5965.54
13485,2471181,5965.54
13485,2471469,5965.54
13485,2471699,5965.54
13485,2471843,5965.54
13486,39786,5964.57
13486,54621,5964.57
13486,69500,5964.57
13486,84646,5964.64
13486,99460,5964.64
13486,114677,5964.5
13486,129504,5964.5
13486,144613,5964.6
13486,159737,5964.6
13486,174825,5964.67
13486,190067,5964.67
13486,205540,5964.67
13486,220668,5964.59
13486,235752,5964.59
13486,250474,5964.59
13486,250749,5964.59
13486,251039,5965.54
13486,254508,5965.54
13486,268732,5965.54
13486,283453,5965.54
13486,298552,5965.54
13486,313609,5963.44
13486,328761,5963.44
13486,344219,5964.65
13486,359486,5964.65
13486,369977,5964.48
13486,370300,5964.48
13486,370568,5964.48
13486,370880,5965.54
13486,371101,5965.54
13486,371456,5965.54
13486,371646,5965.54
13486,371976,5965.54
13486,383244,5965.54
13486,397458,5964.63
13486,411926,5964.63
13486,412187,5964.63
13486,412529,5963.83
13486,412823,5963.83
13486,413046,5965.54
13486,419023,5965.54
13486,433029,5965.54
13486,447542,5965.54
13486,462417,5964.04
13486,477382,5964.04
13486,492240,5964.04
13486,506948,5964.45
13486,521656,5964.45
13486,536645,5964.39
13486,551740,5964.39
13486,566988,5964.57
13486,582440,5964.57
13486,597451,5964.63
13486,612597,5964.63
13486,627910,5964.63
13486,643259,5964.56
13486,659150,5964.56
13486,674615,5964.56
13486,689720,5964.56
13486,705088,5964.56
13486,720468,5964.56
13486,735910,5964.45
13486,751044,5964.45
13486,766569,5964.45
13486,778703,5964.61
13486,778983,5964.61
13486,779210,5965.54
13486,786333,5965.54
13486,801043,5965.54
13486,816133,5965.54
13486,831241,5964.35
13486,846610,5964.35
13486,861832,5964.35
13486,876954,5964.61
13486,892212,5964.61
13486,907665,5964.58
13486,922901,5964.58
13486,938524,5964.53
13486,953499,5964.53
13486,968527,5964.53
13486,983967,5964.53
13486,999449,5964.53
13486,1014674,5964.46
13486,1029918,5964.46
13486,1045154,5964.57
13486,1060387,5964.57
13486,1075654,5964.52
13486,1091081,5964.52
13486,1106595,5964.54
13486,1122003,5964.54
13486,1137043,5964.54
13486,1152674,5964.55
13486,1168006,5964.55
13486,1182980,5964.6
13486,1198429,5964.6
13486,1213532,5964.55
13486,1228684,5964.55
13486,1244299,5964.51
13486,1259791,5964.51
13486,1275041,5964.51
13486,1290592,5964.51
13486,1305637,5964.51
13486,1320970,5964.51
13486,1336067,5964.51
13486,1351328,5964.54
13486,1366876,5964.54
13486,1382300,5964.52
13486,1397646,5964.52
13486,1412953,5964.52
13486,1428295,5964.53
13486,1443483,5964.53
13486,1458977,5964.64
13486,1465251,5964.64
13486,1465475,5964.51
13486,1466227,5964.51
13486,1479785,5965.54
13486,1494514,5965.54
13486,1509730,5965.54
13486,1524886,5964.42
13486,1539948,5964.42
13486,1554967,5964.64
13486,1570167,5964.64
13486,1585473,5964.57
13486,1600742,5964.57
13486,1615727,5964.55
13486,1631097,5964.55
13486,1646319,5964.55
13486,1661674,5964.58
13486,1677058,5964.58
13486,1692276,5964.59
13486,1707345,5964.59
13486,1722717,5964.49
13486,1737947,5964.49
13486,1753318,5964.49
13486,1768671,5964.6
13486,1784029,5964.6
13486,1799282,5964.5
13486,1814717,5964.5
13486,1820705,5964.54
13486,1820999,5964.54
13486,1821270,5965.54
13486,1821513,5965.54
13486,1821865,5965.54
13486,1828141,5965.54
13486,1842355,5965.54
13486,1857081,5964.78
13486,1871820,5964.78
13486,1886907,5964.85
13486,1902038,5964.85
13486,1917745,5964.46
13486,1932857,5964.46
13486,1948081,5964.46
13486,1963702,5964.58
13486,1978751,5964.58
13486,1994280,5964.52
13486,2009765,5964.52
13486,2025771,5964.46
13486,2041600,5964.46
13486,2055464,5964.54
13486,2055781,5964.54
13486,2056015,5964.54
13486,2056302,5965.54
13486,2061681,5965.54
13486,2076555,5965.54
13486,2092053,5965.54
13486,2107515,5963.81
13486,2123223,5963.81
13486,2138811,5964.74
13486,2154513,5964.74
13486,2169909,5964.74
13486,2185614,5964.51
13486,2201615,5964.51
13486,2217694,5964.6
13486,2233562,5964.6
13486,2248958,5964.43
13486,2264513,5964.43
13486,2280309,5964.44
13486,2295680,5964.44
13486,2311158,5964.44
13486,2326393,5964.5
13486,2341749,5964.5
13486,2356986,5964.49
13486,2372387,5964.49
13486,2387767,5964.48
13486,2402947,5964.48
13486,2418559,5964.48
13486,2434217,5964.48
13486,2449802,5964.48
13486,2465148,5964.59
13486,2480387,5964.59
13486,2495890,5964.52
13486,2511494,5964.52
13486,2526715,5964.5
13486,2542352,5964.5
13486,2557912,5964.5
13486,2573438,5964.5
13486,2589046,5964.5
13486,2604533,5964.6
13486,2620169,5964.6
13486,2635761,5964.51
13486,2651404,5964.51
13486,2666880,5964.64
13486,2682627,5964.64
13486,2698232,5964.64
13486,2713980,5964.48
13486,2729492,5964.48
13486,2745354,5964.66
13486,2761204,5964.66
13486,2776842,5964.43
13486,2792582,5964.43
13486,2808197,5964.48
13486,2823930,5964.48
13486,2839405,5964.48
13486,2854922,5964.61
13486,2870535,5964.61
13486,2886158,5964.59
13486,2901498,5964.59
13486,2917239,5964.6
13486,2932999,5964.6
13486,2948876,5964.59
13486,2964612,5964.59
13486,2968201,5964.59
13486,2968546,5964.5
13486,2971447,5964.5
13486,2986075,5965.54
13486,3000889,5965.54
13486,3015858,5964.09
13486,3031227,5964.09
13486,3046787,5964.68
13486,3062085,5964.68
13486,3076918,5964.68
13486,3092009,5964.63
13486,3107250,5964.63
13486,3122711,5964.53
13486,3138114,5964.53
13486,3153496,5964.51
13486,3163593,5964.51
13486,3163832,5964.6
13486,3164134,5964.6
13486,3164419,5964.6
13486,3167258,5965.54
13486,3181074,5965.54
13486,3195876,5964.45
13486,3210870,5964.45
13486,3216591,5964.31
13486,3216849,5964.31
13486,3217147,5965.54
13486,3218060,5965.54
13486,3230974,5965.54
13486,3245585,5965.54
13486,3260670,5965.54
13486,3275473,5964.05
13486,3290532,5964.05
13486,3299037,5964.6
13486,3299316,5964.6
13486,3299595,5965.54
13486,3313046,5965.54
13486,3321406,5965.54
13486,3321669,5964.73
13486,3321973,5964.73
13486,3322263,5965.54
13486,3322746,5965.54
13486,3335660,5965.54
13486,3350003,5965.54
13486,3364605,5964.18
13486,3379742,5964.18
13486,3391501,5964.18
13486,3391774,5964.85
13486,3392074,5964.85
13486,3392360,5965.54
13486,3392704,5965.54
13486,3392993,5965.54
13486,3393226,5965.54
13486,3393575,5965.54
13486,3393855,5965.54
13486,3394089,5965.54
13486,3394389,5965.54
13486,3394729,5965.54
13486,3395014,5965.54
13486,3395235,5965.54
13486,3395535,5965.54
13486,3395825,5965.54
13486,3396171,5965.54
13486,3396459,5965.54
13486,3396750,5965.54
13486,3397036,5965.54
13486,3397263,5965.54
13486,3397556,5965.54
13486,3397909,5965.54
13486,3398194,5965.54
13486,3398452,5965.54
13486,3398763,5965.54
13486,3398995,5965.54
13486,3399351,5965.54
13486,3399699,5965.54
13486,3399915,5965.54
13486,3400280,5965.54
13486,3400568,5965.54
13486,3400866,5965.54
13486,3401158,5965.54
13486,3401383,5965.54
13486,3401727,5965.54
13486,3402007,5965.54
13486,3402300,5965.54
13486,3402589,5965.54
13486,3402804,5965.54
13486,3403115,5965.54
13486,3403403,5965.54
13486,3403747,5965.54
13486,3404034,5965.54
13486,3404318,5965.54
13486,3404552,5965.54
13486,3404904,5965.54
13486,3405107,5965.54
13486,3405414,5965.54
13486,3405746,5965.54
13486,3406056,5965.54
13486,3406338,5965.54
13486,3406571,5965.54
13486,3406863,5965.54
13486,3407147,5965.54
13486,3407501,5965.54
13486,3407771,5965.54
13486,3408082,5965.54
13486,3408302,5965.54
13486,3413238,5965.54
13486,3425160,5965.54
13486,3438348,5965.54
13486,3452149,5964.34
13486,3466637,5964.34
13486,3481217,5964.55
13486,3495708,5964.55
13486,3510781,5964.54
13486,3525494,5964.54
13486,3540347,5964.51
13486,3555460,5964.51
13486,3570828,5964.51
13486,3586031,5964.54
13486,3600890,5964.54
13486,3615863,5964.52
13486,3630856,5964.52
13486,3646222,5964.54
13486,3661570,5964.54
13486,3676941,5964.51
13486,3692422,5964.51
13486,3708159,5964.51
13486,3723536,5964.51
13486,3739534,5964.51
13486,3755232,5964.56
13486,3771033,5964.56
13486,3786738,5964.51
13486,3802413,5964.51
13486,3818169,5964.57
13486,3819955,5964.57
13486,3821113,5964.57
13486,3835411,5965.54
13486,3850243,5965.54
13486,3865479,5964.52
13486,3880574,5964.52
13486,3895469,5964.59
13486,3910794,5964.59
13486,3925654,5964.49
13486,3940875,5964.49
13486,3956250,5964.49
13486,3971865,5964.57
13486,3987857,5964.57
13486,4003587,5964.52
13486,4019596,5964.52
13486,4035356,5964.33
13486,4051196,5964.33
13486,4066884,5964.53
13486,4082842,5964.53
13486,4098631,5964.53
13486,4114698,5964.54
13486,4130532,5964.54
13486,4146513,5964.51
13486,4162024,5964.51
13486,4177980,5964.53
13486,4193927,5964.53
13486,4209694,5964.44
13486,4225558,5964.44
13486,4241064,5964.44
13486,4256519,5964.52
13486,4272387,5964.52
13486,4288156,5964.57
13486,4303626,5964.57
13486,4307182,5964.55
13486,4307412,5964.55
13486,4307706,5965.54
13486,4317578,5965.54
13486,4332194,5965.54
13486,4347250,5964.43
13486,4362412,5964.43
13486,4377588,5964.87
13486,4392710,5964.87
13486,4408178,5964.56
13486,4423533,5964.56
13486,4438897,5964.56
13486,4454211,5964.56
13486,4469388,5964.56
13486,4484874,5964.51
13486,4500494,5964.51
13486,4516215,5964.56
13486,4531717,5964.56
13486,4547078,5964.44
13486,4562664,5964.44
13486,4578420,5964.44
13486,4593928,5964.53
13486,4609627,5964.53
13486,4625276,5964.51
13486,4640593,5964.51
13486,4656128,5964.46
13486,4664688,5964.46
13486,4664985,5964.48
13486,4665339,5964.48
13486,4665559,5964.48
13486,4665909,5965.54
13486,4672704,5965.54
13486,4687308,5965.54
13486,4702597,5965.54
13486,4718025,5963.89
13486,4733399,5963.89
13486,4748797,5963.89
13486,4764098,5964.68
13486,4779473,5964.68
13486,4794943,5964.52
13486,4810499,5964.52
13486,4826183,5964.62
13486,4841436,5964.62
13486,4857035,5964.57
13486,4872467,5964.57
13486,4887996,5964.57
13486,4903623,5964.52
13486,4919378,5964.52
13486,4935239,5964.52
13486,4951108,5964.52
13486,4966739,5964.53
13486,4982482,5964.53
13486,4997877,5964.54
13486,5013331,5964.54
13486,5028938,5964.54
13486,5044426,5964.57
13486,5059923,5964.57
13486,5075346,5964.44
13486,5090790,5964.44
13486,5106529,5964.57
13486,5121739,5964.57
13486,5137480,5964.62
13486,5152968,5964.62
13486,5168850,5964.62
13486,5184625,5964.48
13486,5200450,5964.48
13486,5216503,5964.45
13486,5232461,5964.45
13486,5248216,5964.44
13486,5263683,5964.44
13486,5279378,5964.54
13486,5295061,5964.54
13486,5310784,5964.54
13486,5326417,5964.51
13486,5342301,5964.51
13486,5357958,5964.57
13486,5373762,5964.57
13486,5389506,5964.56
13486,5390975,5964.56
13486,5390975,5965.54
13487,41825,5964.62
13487,57330,5964.5
13487,73068,5964.5
13487,88570,5964.56
13487,103900,5964.56
13487,119536,5964.56
13487,135739,5964.58
13487,151529,5964.58
13487,167290,5964.6
13487,182637,5964.6
13487,198342,5964.42
13487,213999,5964.42
13487,229227,5964.52
13487,244606,5964.52
13487,259820,5964.52
13487,275733,5964.48
13487,291815,5964.48
13487,307106,5964.5
13487,6342443,5964.55
13487,6357791,5964.55
13487,6373028,5964.44
13487,6388532,5964.44
13487,6404019,5964.44
13487,6419813,5964.51
13487,6435299,5964.51
13487,6451004,5964.45
13487,6466735,5964.45
13487,6482465,5964.5
13487,6498108,5964.5
13487,6513997,5964.5
13487,6529721,5964.5
13487,6545568,5964.5
13487,6561461,5964.6
13487,6577414,5964.6
13487,6593452,5964.46
13487,6609057,5964.46
13487,6624686,5964.58
13487,6640306,5964.58
13487,6655924,5964.44
13487,6671661,5964.44
13487,6687668,5964.44
13487,6703135,5964.58
13487,6704513,5964.58
13487,638889,5964.48
13487,654579,5964.59
13487,670303,5964.59
13487,685947,5964.59
13487,701821,5964.48
13487,717538,5964.48
13487,733299,5964.58
13487,749283,5964.58
13487,765427,5964.37
13487,781004,5964.37
13487,796778,5964.51
13487,812684,5964.51
13487,820141,5964.51
13487,820350,5964.53
13487,821090,5964.53
13487,828870,5965.54
13487,829162,5965.54
13487,829451,5965.54
13487,829741,5965.54
13487,830039,5965.54
13487,830320,5965.54
13487,830618,5965.54
13487,830900,5965.54
13487,831135,5965.54
13487,831429,5965.54
13487,831714,5965.54
13487,832006,5965.54
13487,832293,5965.54
13487,832583,5965.54
13487,832865,5965.54
13487,833218,5965.54
13487,838054,5965.54
13487,850835,5965.54
13487,864713,5964.54
13487,879254,5964.54
13487,894223,5964.58
13487,909134,5964.58
13487,924183,5964.49
13487,939365,5964.49
13487,954388,5964.49
13487,969378,5964.51
13487,984854,5964.51
13487,1000183,5964.52
13487,1015638,5964.52
13487,1030811,5964.49
13487,1046172,5964.49
13487,1061519,5964.53
13487,1077007,5964.53
13487,1092365,5964.53
13487,1107622,5964.44
13487,1123083,5964.44
13487,1138717,5964.48
13487,1154478,5964.48
13487,1170210,5964.45
13487,1185803,5964.45
13487,1201415,5964.52
13487,1217431,5964.52
13487,1233174,5964.52
13487,1249084,5964.44
13487,1265188,5964.44
13487,1281094,5964.46
13487,1297297,5964.46
13487,1313035,5964.49
13487,1328929,5964.49
13487,1344661,5964.46
13487,1360533,5964.46
13487,1376530,5964.49
13487,1392649,5964.49
13487,1408334,5964.49
13487,1423897,5964.45
13487,1439797,5964.45
13487,1455498,5964.6
13487,1471085,5964.6
13487,1486933,5964.55
13487,1502604,5964.55
13487,1518333,5964.55
13487,1533984,5964.55
13487,1549727,5964.55
13487,1564914,5964.55
13487,1580045,5964.55
13487,1595304,5964.52
13487,1610400,5964.52
13487,1625624,5964.54
13487,1641139,5964.54
13487,1656727,5964.54
13487,1672228,5964.51
13487,1687949,5964.51
13487,1703864,5964.59
13487,1719994,5964.59
13487,1735780,5964.57
13487,1751468,5964.57
13487,1767200,5964.47
13487,1783185,5964.47
13487,1799154,5964.47
13487,1814448,5964.56
13487,1829783,5964.56
13487,1845237,5964.5
13487,1860511,5964.5
13487,1876125,5964.5
13487,1891612,5964.5
13487,1907022,5964.54
13487,1922315,5964.54
13487,1937661,5964.54
13487,1953062,5964.59
13487,1968906,5964.59
13487,1984577,5964.48
13487,2000407,5964.48
13487,2016394,5964.6
13487,2032381,5964.6
13487,2048165,5964.54
13487,2064038,5964.54
13487,2079784,5964.54
13487,2095651,5964.54
13487,2111653,5964.54
13487,2127343,5964.5
13487,2142852,5964.5
13487,2158500,5964.55
13487,2174108,5964.55
13487,2189670,5964.6
13487,2205196,5964.6
13487,2220695,5964.6
13487,2236050,5964.52
13487,2251683,5964.52
13487,2266912,5964.51
13487,2282266,5964.51
13487,2297819,5964.54
13487,2313550,5964.54
13487,2329386,5964.48
13487,2345358,5964.48
13487,2361237,5964.54
13487,2376745,5964.54
13487,2392342,5964.54
13487,2408221,5964.61
13487,2423964,5964.61
13487,2439701,5964.57
13487,2455440,5964.57
13487,2471329,5964.52
13487,2487329,5964.52
13487,2503283,5964.52
13487,2519120,5964.55
13487,2535183,5964.55
13487,2542558,5964.54
13487,2542850,5964.54
13487,2548796,5965.54
13487,2563771,5965.54
13487,2579027,5964.37
13487,2594584,5964.37
13487,2609989,5964.37
13487,2625763,5964.64
13487,2641502,5964.64
13487,2657339,5964.62
13487,2672464,5964.62
13487,2687955,5964.5
13487,2703473,5964.5
13487,2718659,5964.55
13487,2734170,5964.55
13487,2749635,5964.55
13487,2753807,5964.54
13487,2754163,5964.54
13487,2754439,5965.54
13487,2760014,5965.54
13487,2774102,5965.54
13487,2789230,5965.54
13487,2804312,5964.58
13487,2820196,5964.58
13487,2835540,5964.58
13487,2851221,5964.61
13487,2866649,5964.61
13487,2882159,5964.45
13487,2897568,5964.45
13487,2913263,5964.56
13487,2928750,5964.56
13487,2944342,5964.5
13487,2959978,5964.5
13487,2975726,5964.5
13487,2990954,5964.46
13487,3006547,5964.46
13487,3022117,5964.52
13487,3037850,5964.52
13487,3053402,5964.51
13487,3069040,5964.51
13487,3084653,5964.53
13487,3100379,5964.53
13487,3116001,5964.53
13487,3131895,5964.43
13487,3147732,5964.43
13487,3163706,5964.59
13487,3179877,5964.59
13487,3195667,5964.57
13487,3211626,5964.57
13487,3227487,5964.49
13487,3242944,5964.49
13487,3258725,5964.49
13487,3274590,5964.52
13487,3290121,5964.52
13487,3305627,5964.5
13487,3321306,5964.5
13487,3336924,5964.59
13487,3352808,5964.59
13487,3368539,5964.53
13487,3384036,5964.53
13487,3399790,5964.53
13487,3415542,5964.59
13487,3431634,5964.59
13487,3447261,5964.58
13487,3462631,5964.58
13487,3477854,5964.5
13487,3493219,5964.5
13487,3508973,5964.55
13487,3524584,5964.55
13487,3540055,5964.55
13487,3555690,5964.51
13487,3571267,5964.51
13487,3586643,5964.56
13487,3602287,5964.56
13487,3617842,5964.56
13487,3633518,5964.56
13487,3649262,5964.57
13487,3664745,5964.57
13487,3680365,5964.57
13487,3695821,5964.51
13487,3711468,5964.51
13487,3727166,5964.48
13487,3742698,5964.48
13487,3758343,5964.61
13487,3773969,5964.61
13487,3789547,5964.57
13487,3805144,5964.57
13487,3820506,5964.57
13487,3836243,5964.66
13487,3851701,5964.66
13487,3867241,5964.44
13487,3882527,5964.44
13487,3897596,5964.55
13487,3913311,5964.55
13487,3928922,5964.55
13487,3944673,5964.55
13487,3960292,5964.59
13487,3976258,5964.59
13487,3991764,5964.59
13487,4007537,5964.53
13487,4023170,5964.53
13487,4038756,5964.51
13487,4054360,5964.51
13487,4069860,5964.54
13487,4085861,5964.54
13487,4101992,5964.54
13487,4118093,5964.47
13487,4133744,5964.47
13487,4149597,5964.52
13487,4165210,5964.52
13487,4180602,5964.56
13487,4196128,5964.56
13487,4211553,5964.48
13487,4227514,5964.48
13487,4243039,5964.54
13487,4258529,5964.54
13487,4274264,5964.54
13487,4289632,5964.59
13487,4305127,5964.59
13487,4320610,5964.6
13487,4336085,5964.6
13487,4351974,5964.59
13487,4367717,5964.59
13487,4383334,5964.59
13487,4399077,5964.47
13487,4414761,5964.47
13487,4430689,5964.58
13487,4446940,5964.58
13487,4463029,5964.53
13487,4479071,5964.53
13487,4495059,5964.51
13487,4511194,5964.51
13487,4527429,5964.51
13487,4543336,5964.5
13487,4559187,5964.5
13487,4574934,5964.48
13487,4590548,5964.48
13487,4606183,5964.51
13487,4621780,5964.51
13487,4637414,5964.46
13487,4653014,5964.46
13487,4669024,5964.46
13487,4684979,5964.57
13487,4701168,5964.57
13487,4717152,5964.53
13487,4733143,5964.53
13487,4748793,5964.53
13487,4764887,5964.53
13487,4780398,5964.54
13487,4796084,5964.54
13487,4811737,5964.54
13487,4827063,5964.54
13487,4842586,5964.54
13487,4857950,5964.45
13487,4873566,5964.45
13487,4888803,5964.49
13487,4904282,5964.49
13487,4919768,5964.56
13487,4935507,5964.56
13487,4950879,5964.56
13487,4966369,5964.47
13487,4981730,5964.47
13487,4982164,5964.39
13487,4982403,5964.39
13487,4982687,5965.54
13487,4983036,5965.54
13487,4983270,5965.54
13487,4983548,5965.54
13487,4983845,5965.54
13487,4984132,5965.54
13487,4984477,5965.54
13487,4984697,5965.54
13487,4992528,5965.54
13487,5006470,5965.54
13487,5021336,5965.54
13487,5036312,5965.14
13487,5051565,5965.14
13487,5067148,5965.14
13487,5082596,5964.38
13487,5098161,5964.38
13487,5113612,5964.47
13487,5129479,5964.47
13487,5145483,5964.47
13487,5160996,5964.47
13487,5176722,5964.51
13487,5192763,5964.51
13487,5208867,5964.51
13487,5225107,5964.53
13487,5240830,5964.53
13487,5256706,5964.57
13487,5272782,5964.57
13487,5288976,5964.53
13487,5304585,5964.53
13487,5320316,5964.53
13487,5336209,5964.59
13487,5352032,5964.59
13487,5367505,5964.54
13487,5382820,5964.54
13487,5398394,5964.6
13487,5414131,5964.6
13487,5429855,5964.53
13487,5445401,5964.53
13487,5461244,5964.53
13487,5476746,5964.61
13487,5492372,5964.61
13487,5508218,5964.5
13487,5524097,5964.5
13487,5539845,5964.65
13487,5555718,5964.65
13487,5571323,5964.46
13487,5575865,5964.46
13487,5576151,5964.46
13487,5579384,5965.54
13487,5593972,5965.54
13487,5609077,5964.67
13487,5624172,5964.67
13487,5639494,5964.71
13487,5655011,5964.71
13487,5670426,5964.52
13487,5685849,5964.52
13487,5701360,5964.52
13487,5716586,5964.58
13487,5732077,5964.58
13487,5747580,5964.53
13487,5763042,5964.53
13487,5778551,5964.54
13487,5794016,5964.54
13487,5809517,5964.54
13487,5824999,5964.54
13487,5840512,5964.54
13487,5855973,5964.51
13487,5871604,5964.51
13487,5887146,5964.47
13487,5902576,5964.47
13487,5918435,5964.61
13487,5924144,5964.61
13487,5924484,5964.61
13487,5924705,5965.54
13487,5925065,5965.54
13487,5925297,5965.54
13487,5925651,5965.54
13487,5925937,5965.54
13487,5936391,5965.54
13487,5950776,5964.51
13487,5965599,5964.51
13487,5980706,5964.51
13487,5995989,5964.72
13487,6011177,5964.72
13487,6026842,5964.55
13487,6042421,5964.55
13487,6058412,5964.49
13487,6074370,5964.49
13487,6090236,5964.46
13487,6106278,5964.46
13487,6122044,5964.46
13487,6137877,5964.48
13487,6153803,5964.48
13487,6169650,5964.48
13487,6185503,5964.48
13487,6201270,5964.55
13487,6217269,5964.55
13487,6233162,5964.65
13487,6249136,5964.65
13487,6265089,5964.65
13487,6281136,5964.46
13487,6296737,5964.46
13487,6311857,5964.41
13487,6327154,5964.41
13488,42065,5964.55
13488,57539,5964.55
13488,73216,5964.58
13488,88659,5964.58
13488,104280,5964.49
13488,119318,5964.49
13488,134847,5964.54
13488,150357,5964.54
13488,165593,5964.54
13488,180807,5964.48
13488,195831,5964.48
13488,211132,5964.48
13488,215906,5964.48
13488,216140,5964.52
13488,216883,5964.52
13488,230828,5964.52
13488,245669,5965.54
13488,260891,5965.54
13488,276319,5964.18
13488,291637,5964.18
13488,306914,5964.52
13488,322309,5964.52
13488,337448,5964.55
13488,353308,5964.55
13488,368798,5964.55
13488,384153,5964.56
13488,399645,5964.56
13488,415284,5964.48
13488,430680,5964.48
13488,446257,5964.54
13488,461466,5964.54
13488,476834,5964.53
13488,492615,5964.53
13488,508309,5964.53
13488,523867,5964.53
13488,539423,5964.53
13488,554916,5964.53
13488,570546,5964.53
13488,585862,5964.5
13488,601498,5964.5
13488,617094,5964.5
13488,632866,5964.5
13488,648635,5964.5
13488,664446,5964.5
13488,680018,5964.5
13488,685987,5964.49
13488,686272,5964.49
13488,686544,5965.54
13488,686853,5965.54
13488,687182,5965.54
13488,694251,5965.54
13488,708768,5965.54
13488,723609,5964.5
13488,738735,5964.5
13488,754206,5964.44
13488,769442,5964.44
13488,784949,5964.42
13488,800332,5964.42
13488,816044,5964.53
13488,831522,5964.53
13488,847227,5964.53
13488,862617,5964.5
13488,878358,5964.5
13488,893996,5964.44
13488,909842,5964.44
13488,925600,5964.45
13488,941123,5964.45
13488,956781,5964.49
13488,972193,5964.49
13488,987775,5964.49
13488,1003303,5964.49
13488,1018791,5964.49
13488,1034419,5964.52
13488,1050019,5964.52
13488,1065660,5964.48
13488,1080998,5964.48
13488,1096601,5964.55
13488,1112163,5964.55
13488,1127969,5964.55
13488,1143467,5964.45
13488,1158959,5964.45
13488,1174304,5964.44
13488,1189783,5964.44
13488,1205542,5964.45
13488,1221156,5964.45
13488,1236646,5964.46
13488,1252400,5964.46
13488,1268008,5964.46
13488,1283613,5964.57
13488,1299467,5964.57
13488,1315353,5964.51
13488,1330859,5964.51
13488,1346221,5964.61
13488,1361605,5964.61
13488,1377559,5964.53
13488,1393217,5964.53
13488,1408499,5964.53
13488,1423986,5964.5
13488,1439269,5964.5
13488,1454708,5964.48
13488,1470257,5964.48
13488,1485617,5964.51
13488,1501167,5964.51
13488,1516971,5964.47
13488,1532592,5964.47
13488,1548084,5964.47
13488,1563828,5964.52
13488,1579545,5964.52
13488,1595682,5964.5
13488,1611678,5964.5
13488,1627423,5964.43
13488,1643182,5964.43
13488,1659043,5964.58
13488,1675032,5964.58
13488,1690989,5964.58
13488,1706664,5964.52
13488,1722159,5964.52
13488,1737371,5964.53
13488,1752736,5964.53
13488,1768450,5964.46
13488,1784220,5964.46
13488,1800367,5964.46
13488,1816030,5964.42
13488,1831987,5964.42
13488,1847320,5964.44
13488,1863113,5964.44
13488,1879157,5964.42
13488,1894833,5964.42
13488,1910332,5964.53
13488,1925998,5964.53
13488,1941270,5964.53
13488,1956764,5964.42
13488,1972433,5964.42
13488,1988126,5964.53
13488,2003616,5964.53
13488,2019470,5964.51
13488,2035359,5964.51
13488,2050982,5964.45
13488,2066931,5964.45
13488,2082754,5964.45
13488,2098607,5964.53
13488,2114453,5964.53
13488,2130076,5964.53
13488,2145692,5964.53
13488,2161076,5964.49
13488,2176406,5964.49
13488,2191887,5964.49
13488,2207258,5964.49
13488,2222256,5964.49
13488,2238130,5964.54
13488,2254000,5964.54
13488,2269850,5964.43
13488,2285872,5964.43
13488,2301468,5964.48
13488,2317107,5964.48
13488,2332849,5964.45
13488,2348345,5964.45
13488,2364444,5964.45
13488,2380450,5964.52
13488,2386878,5964.52
13488,2387175,5964.54
13488,2387476,5964.54
13488,2392954,5965.54
13488,2407911,5965.54
13488,2423134,5964.4
13488,2438663,5964.4
13488,2454263,5964.4
13488,2470337,5964.57
13488,2486125,5964.57
13488,2502054,5964.51
13488,2517349,5964.51
13488,2533094,5964.5
13488,2548856,5964.5
13488,2564341,5964.5
13488,2579735,5964.52
13488,2595508,5964.52
13488,2610883,5964.45
13488,2626287,5964.45
13488,2642002,5964.55
13488,2657655,5964.55
13488,2673320,5964.53
13488,2689271,5964.53
13488,2705002,5964.53
13488,2720631,5964.56
13488,2736244,5964.56
13488,2751525,5964.59
13488,2767223,5964.59
13488,2782569,5964.36
13488,2798322,5964.36
13488,2813796,5964.53
13488,2829277,5964.53
13488,2844960,5964.53
13488,2860866,5964.48
13488,2876671,5964.48
13488,2892648,5964.5
13488,2908387,5964.5
13488,2908654,5964.47
13488,2908998,5964.47
13488,2909275,5965.54
13488,2909502,5965.54
13488,2909861,5965.54
13488,2910090,5965.54
13488,2910380,5965.54
13488,2921427,5965.54
13488,2936197,5965.54
13488,2951460,5964.62
13488,2967097,5964.62
13488,2982564,5964.62
13488,2998306,5964.62
13488,3013812,5964.62
13488,3029424,5964.56
13488,3045285,5964.56
13488,3061051,5964.46
13488,3076833,5964.46
13488,3092387,5964.48
13488,3108016,5964.48
13488,3123747,5964.72
13488,3139372,5964.72
13488,3154954,5964.72
13488,3170744,5964.49
13488,3186483,5964.49
13488,3202229,5964.57
13488,3217852,5964.57
13488,3233333,5964.51
13488,3248936,5964.51
13488,3264676,5964.5
13488,3280140,5964.5
13488,3295586,5964.5
13488,3310899,5964.55
13488,3326376,5964.55
13488,3341739,5964.52
13488,3357271,5964.52
13488,3373239,5964.49
13488,3388597,5964.49
13488,3404237,5964.53
13488,3419965,5964.53
13488,3435941,5964.53
13488,3451693,5964.46
13488,3467684,5964.46
13488,3483609,5964.36
13488,3499952,5964.36
13488,3515960,5964.55
13488,3531807,5964.55
13488,3547614,5964.55
13488,3563325,5964.6
13488,3578881,5964.6
13488,3594931,5964.45
13488,3610545,5964.45
13488,3626031,5964.5
13488,3641893,5964.5
13488,3657625,5964.52
13488,3672943,5964.52
13488,3688377,5964.52
13488,3703861,5964.66
13488,3719203,5964.66
13488,3734590,5964.54
13488,3749812,5964.54
13488,3765305,5964.48
13488,3780948,5964.48
13488,3796651,5964.52
13488,3812271,5964.52
13488,3827777,5964.52
13488,3843244,5964.54
13488,3858968,5964.54
13488,3874875,5964.56
13488,3890503,5964.56
13488,3906220,5964.59
13488,3922080,5964.59
13488,3937967,5964.44
13488,3953639,5964.44
13488,3969589,5964.44
13488,3985448,5964.48
13488,4001327,5964.48
13488,4017197,5964.47
13488,4033054,5964.47
13488,4048829,5964.47
13488,4057198,5964.47
13488,4057529,5964.59
13488,4058013,5964.59
13488,4072202,5964.59
13488,4087565,5965.54
13488,4102963,5965.54
13488,4118545,5964.25
13488,4134151,5964.25
13488,4149397,5964.49
13488,4164635,5964.49
13488,4179987,5964.49
13488,4195969,5964.47
13488,4211479,5964.47
13488,4227096,5964.46
13488,4242824,5964.46
13488,4258576,5964.51
13488,4273801,5964.51
13488,4289299,5964.64
13488,4293717,5964.64
13488,4294021,5964.64
13488,4294307,5965.54
13488,4301186,5965.54
13488,4315516,5965.54
13488,4330689,5965.54
13488,4346081,5963.74
13488,4361451,5963.74
13488,4376857,5964.47
13488,4392320,5964.47
13488,4408064,5964.47
13488,4423522,5964.54
13488,4431635,5964.54
13488,4431894,5964.55
13488,4432183,5964.55
13488,4444657,5965.54
13488,4459589,5965.54
13488,4474871,5965.54
13488,4479114,5964.32
13488,4479452,5964.32
13488,4484084,5965.54
13488,4498548,5965.54
13488,4513388,5964.66
13488,4528746,5964.66
13488,4544299,5964.14
13488,4559344,5964.14
13488,4574843,5964.14
13488,4590263,5964.46
13488,4605748,5964.46
13488,4621316,5964.44
13488,4637037,5964.44
13488,4652653,5964.54
13488,4668402,5964.54
13488,4684220,5964.5
13488,4700141,5964.5
13488,4715723,5964.47
13488,4731385,5964.47
13488,4746867,5964.47
13488,4762628,5964.57
13488,4778222,5964.57
13488,4793728,5964.42
13488,4810088,5964.42
13488,4825847,5964.47
13488,4841371,5964.47
13488,4857116,5964.51
13488,4872815,5964.51
13488,4888696,5964.51
13488,4904303,5964.54
13488,4919931,5964.54
13488,4935681,5964.48
13488,4950902,5964.48
13488,4952684,5964.43
13488,4952974,5964.43
13488,4957104,5965.54
13488,4971452,5965.54
13488,4992374,5964.43
13488,5008039,5964.43
13488,5023396,5964.43
13488,5039332,5964.72
13488,5054810,5964.72
13488,5070121,5964.56
13488,5085489,5964.56
13488,5100713,5964.56
13488,5116328,5964.56
13488,5132001,5964.51
13488,5147318,5964.51
13488,5163298,5964.51
13488,5182630,5964.48
13488,5198632,5964.48
13488,5214427,5964.53
13488,5230240,5964.53
13488,5245993,5964.49
13488,5261874,5964.49
13488,5277535,5964.57
13488,5293096,5964.57
13488,5308584,5964.57
13488,5324193,5964.5
13488,5339830,5964.5
13488,5355444,5964.5
13488,5371040,5964.5
13488,5386453,5964.57
13488,5401904,5964.57
13488,5417314,5964.52
13488,5432757,5964.52
13488,5448104,5964.52
13488,5463522,5964.56
13488,5479089,5964.56
13488,5483556,5964.6
13488,5483850,5964.6
13488,5493852,5965.54
13488,5508943,5965.54
13488,5524295,5964.39
13488,5539804,5964.39
13488,5555546,5964.39
13488,5571155,5964.65
13488,5586525,5964.65
13488,5602476,5964.48
13488,5618264,5964.48
13488,5634138,5964.51
13488,5649988,5964.51
13488,5665764,5964.55
13488,5681484,5964.55
13488,5697296,5964.55
13488,5713096,5964.57
13488,5729100,5964.57
13488,5744858,5964.46
13488,5760298,5964.46
13488,5775807,5964.65
13488,5791178,5964.65
13488,5806550,5964.59
13488,5822279,5964.59
13488,5838028,5964.59
13488,5853512,5964.61
13488,5855603,5964.61
13488,5855890,5964.58
13488,5861043,5964.58
13488,5875558,5965.54
13488,5891050,5965.54
13488,5906498,5964.3
13488,5922218,5964.3
13488,5937573,5964.3
13488,5952942,5964.61
13488,5968553,5964.61
13488,5983904,5964.63
13488,5999255,5964.63
13488,6014627,5964.53
13488,6030120,5964.53
13488,6045599,5964.55
13488,6061360,5964.55
13488,6076967,5964.55
13488,6092446,5964.54
13488,6108188,5964.54
13488,6123950,5964.57
13488,6125478,5964.57
13488,6125769,5964.54
13488,6125847,5964.54
13489,36694,5964.45
13489,51950,5964.56
13489,67316,5964.56
13489,82665,5964.56
13489,98164,5964.52
13489,113650,5964.52
13489,129782,5964.51
13489,145641,5964.51
13489,161529,5964.58
13489,177641,5964.58
13489,193678,5964.58
13489,209517,5964.51
13489,225252,5964.51
13489,241021,5964.42
13489,256477,5964.42
13489,271866,5964.47
13489,287331,5964.47
13489,302576,5964.53
13489,317936,5964.53
13489,333298,5964.53
13489,348749,5964.48
13489,364126,5964.48
13489,379506,5964.44
13489,394731,5964.44
13489,409983,5964.5
13489,425169,5964.5
13489,440564,5964.43
13489,456053,5964.43
13489,471409,5964.43
13489,487150,5964.47
13489,502766,5964.47
13489,518262,5964.45
13489,533612,5964.45
13489,549117,5964.51
13489,564522,5964.51
13489,580350,5964.41
13489,595981,5964.41
13489,611826,5964.41
13489,627579,5964.46
13489,643065,5964.46
13489,659063,5964.56
13489,674895,5964.56
13489,690554,5964.39
13489,706044,5964.39
13489,721468,5964.39
13489,736892,5964.41
13489,752499,5964.41
13489,767996,5964.5
13489,783458,5964.5
13489,798704,5964.46
13489,814437,5964.46
13489,830061,5964.56
13489,845306,5964.56
13489,860515,5964.56
13489,875691,5964.46
13489,891001,5964.46
13489,906087,5964.44
13489,921340,5964.44
13489,936818,5964.46
13489,952438,5964.46
13489,968059,5964.46
13489,983547,5964.57
13489,999165,5964.57
13489,1014772,5964.49
13489,1030245,5964.49
13489,1045867,5964.51
13489,1061482,5964.51
13489,1076977,5964.55
13489,1092722,5964.55
13489,1108394,5964.55
13489,1123952,5964.48
13489,1139451,5964.48
13489,1155051,5964.53
13489,1170698,5964.53
13489,1186037,5964.44
13489,1201448,5964.44
13489,1217010,5964.44
13489,1232294,5964.49
13489,1247629,5964.49
13489,1263329,5964.5
13489,1276652,5964.5
13489,1276849,5964.48
13489,1277202,5964.48
13489,1287183,5965.54
13489,1301990,5965.54
13489,1317078,5965.54
13489,1331935,5964.08
13489,1347154,5964.08
13489,1362533,5964.52
13489,1378131,5964.52
13489,1393884,5964.46
13489,1409863,5964.46
13489,1425536,5964.46
13489,1441557,5964.54
13489,1457613,5964.54
13489,1473597,5964.44
13489,1489411,5964.44
13489,1504979,5964.59
13489,1520744,5964.59
13489,1536261,5964.48
13489,1552076,5964.48
13489,1567820,5964.48
13489,1576003,5964.57
13489,1576349,5964.57
13489,1576579,5965.54
13489,1576877,5965.54
13489,1577167,5965.54
13489,1577449,5965.54
13489,1577799,5965.54
13489,1578016,5965.54
13489,1578364,5965.54
13489,1578586,5965.54
13489,1578895,5965.54
13489,1579247,5965.54
13489,1579461,5965.54
13489,1590940,5965.54
13489,1604608,5965.54
13489,1618472,5965.54
13489,1632892,5963.88
13489,1647770,5963.88
13489,1662618,5964.8
13489,1677706,5964.8
13489,1692625,5964.51
13489,1707629,5964.51
13489,1722774,5964.51
13489,1738246,5964.54
13489,1753752,5964.54
13489,1769284,5964.64
13489,1784837,5964.64
13489,1800148,5964.47
13489,1812225,5964.47
13489,1812498,5964.49
13489,1812830,5964.49
13489,1819517,5964.49
13489,1819748,5965.54
13489,1820037,5965.54
13489,1823649,5965.54
13489,1837845,5965.54
13489,1852691,5964.54
13489,1867786,5964.54
13489,1883014,5964.33
13489,1898644,5964.33
13489,1914264,5964.33
13489,1930139,5964.6
13489,1945752,5964.6
13489,1961410,5964.53
13489,1976795,5964.53
13489,1992221,0
13489,2007559,0
13489,2022926,0
13489,2038168,0
13489,2053659,0
13489,2069019,5964.62
13489,2084621,5964.62
13489,2100147,5964.58
13489,2115592,5964.58
13489,2130971,5964.5
13489,2146398,5964.5
13489,2161815,5964.5
13489,2177427,5964.61
13489,2193042,5964.61
13489,2203262,5964.44
13489,2203560,5964.44
13489,2203851,5965.54
13489,2204141,5965.54
13489,2204490,5965.54
13489,2204710,5965.54
13489,2205059,5965.54
13489,2205279,5965.54
13489,2205642,5965.54
13489,2205871,5965.54
13489,2206145,5965.54
13489,2206446,5965.54
13489,2206719,5965.54
13489,2206951,5965.54
13489,2207237,5965.54
13489,2207521,5965.54
13489,2207873,5965.54
13489,2208152,5965.54
13489,2208435,5965.54
13489,2208736,5965.54
13489,2208971,5965.54
13489,2209258,5965.54
13489,2209544,5965.54
13489,2209835,5965.54
13489,2210184,5965.54
13489,2210403,5965.54
13489,2210757,5965.54
13489,2210984,5965.54
13489,2211271,5965.54
13489,2211621,5965.54
13489,2211854,5965.54
13489,2212133,5965.54
13489,2212487,5965.54
13489,2212776,5965.54
13489,2213002,5965.54
13489,2213348,5965.54
13489,2213573,5965.54
13489,2213920,5965.54
13489,2214147,5965.54
13489,2214506,5965.54
13489,2214805,5965.54
13489,2215026,5965.54
13489,2215313,5965.54
13489,2215663,5965.54
13489,2215955,5965.54
13489,2216184,5965.54
13489,2216465,5965.54
13489,2216800,5965.54
13489,2217103,5965.54
13489,2217389,5965.54
13489,2217620,5965.54
13489,2217913,5965.54
13489,2218202,5965.54
13489,2218547,5965.54
13489,2218834,5965.54
13489,2219054,5965.54
13489,2219323,5965.54
13489,2219618,5965.54
13489,2219848,5965.54
13489,2220141,5965.54
13489,2220426,5965.54
13489,2220719,5965.54
13489,2221047,5965.54
13489,2221292,5965.54
13489,2221660,5965.54
13489,2221869,5965.54
13489,2222172,5965.54
13489,2222506,5965.54
13489,2222808,5965.54
13489,2223028,5965.54
13489,2223384,5965.54
13489,2223611,5965.54
13489,2223959,5965.54
13489,2224192,5965.54
13489,2224536,5965.54
13489,2224766,5965.54
13489,2225126,5965.54
13489,2225339,5965.54
13489,2225612,5965.54
13489,2225964,5965.54
13489,2226263,5965.54
13489,2226557,5965.54
13489,2226833,5965.54
13489,2227139,5965.54
13489,2227355,5965.54
13489,2227663,5965.54
13489,2228008,5965.54
13489,2228238,5965.54
13489,2228533,5965.54
13489,2228819,5965.54
13489,2229110,5965.54
13489,2229453,5965.54
13489,2229741,5965.54
13489,2230030,5965.54
13489,2239766,5965.54
13489,2251905,5965.54
13489,2265244,5963.87
13489,2278913,5963.87
13489,2293016,5964.73
13489,2307462,5964.73
13489,2321506,5964.56
13489,2335901,5964.56
13489,2350741,5964.56
13489,2365456,5964.47
13489,2380311,5964.47
13489,2395154,5964.49
13489,2409999,5964.49
13489,2424755,5964.5
13489,2440250,5964.5
13489,2455191,5964.5
13489,2470534,5964.6
13489,2486161,5964.6
13489,2501783,5964.57
13489,2517395,5964.57
13489,2532511,5964.5
13489,2547343,5964.5
13489,2562156,5964.35
13489,2577042,5964.35
13489,2591972,5964.35
13489,2607254,5964.51
13489,2622108,5964.51
13489,2637609,5964.51
13489,2653076,5964.51
13489,2668854,5964.48
13489,2684576,5964.48
13489,2694972,5964.51
13489,2695294,5964.51
13489,2705230,5964.51
13489,2720420,5965.54
13489,2735829,5965.54
13489,2737916,5964.41
13489,2738216,5964.41
13489,2748308,5965.54
13489,2763212,5965.54
13489,2778390,5965.54
13489,2793477,5964.26
13489,2808716,5964.26
13489,2823950,5964.69
13489,2839202,5964.69
13489,2854410,5964.5
13489,2870013,5964.5
13489,2885387,5964.45
13489,2900619,5964.45
13489,2915856,5964.45
13489,2931248,5964.53
13489,2946316,5964.53
13489,2961793,5964.49
13489,2977176,5964.49
13489,2992249,5964.44
13489,3007848,5964.44
13489,3023231,5964.52
13489,3038848,5964.52
13489,3054336,5964.52
13489,3069858,5964.59
13489,3085585,5964.59
13489,3101458,5964.47
13489,3116893,5964.47
13489,3132281,5964.52
13489,3147773,5964.52
13489,3163395,5964.58
13489,3179151,5964.58
13489,3194793,5964.58
13489,3210559,5964.48
13489,3225980,5964.48
13489,3241480,5964.47
13489,3257338,5964.47
13489,3272727,5964.52
13489,3288404,5964.52
13489,3304197,5964.52
13489,3319683,5964.5
13489,3335553,5964.5
13489,3351327,5964.48
13489,3366918,5964.48
13489,3382546,5964.5
13489,3398280,5964.5
13489,3413634,5964.51
13489,3429180,5964.51
13489,3444885,5964.51
13489,3460796,5964.5
13489,3476352,5964.5
13489,3491721,5964.49
13489,3507588,5964.49
13489,3522825,5964.51
13489,3538433,5964.51
13489,3553797,5964.51
13489,3569296,5964.52
13489,3584904,5964.52
13489,3600010,5964.46
13489,3615239,5964.46
13489,3630610,5964.48
13489,3646166,5964.48
13489,3661691,5964.48
13489,3677456,5964.48
13489,3693149,5964.48
13489,3708418,5964.37
13489,3723916,5964.37
13489,3739522,5964.56
13489,3755394,5964.56
13489,3770879,5964.49
13489,3786375,5964.49
13489,3802251,5964.51
13489,3817875,5964.51
13489,3833483,5964.51
13489,3849167,5964.47
13489,3864572,5964.47
13489,3880206,5964.6
13489,3895550,5964.6
13489,3911037,5964.46
13489,3926659,5964.46
13489,3942145,5964.46
13489,3957513,5964.41
13489,3972857,5964.41
13489,3988371,5964.55
13489,4003726,5964.55
13489,4019083,5964.57
13489,4034399,5964.57
13489,4049675,5964.47
13489,4065222,5964.47
13489,4080785,5964.47
13489,4096402,5964.49
13489,4111871,5964.49
13489,4127462,5964.47
13489,4143246,5964.47
13489,4158593,5964.43
13489,4174459,5964.43
13489,4190223,5964.5
13489,4206093,5964.5
13489,4221580,5964.5
13489,4237440,5964.5
13489,4253198,5964.5
13489,4268823,5964.44
13489,4284561,5964.44
13489,4300188,5964.53
13489,4315521,5964.53
13489,4331002,5964.53
13489,4347003,5964.46
13489,4362646,5964.46
13489,4378020,5964.58
13489,4393487,5964.58
13489,4409225,5964.43
13489,4424969,5964.43
13489,4440320,5964.47
13489,4455693,5964.47
13489,4470890,5964.47
13489,4486541,5964.51
13489,4502273,5964.51
13489,4517833,5964.43
13489,4533392,5964.43
13489,4548865,5964.5
13489,4564281,5964.5
13489,4579720,5964.53
13489,4594836,5964.53
13489,4609790,5964.53
13489,4625021,5964.51
13489,4634990,5964.51
13489,4635214,5964.52
13489,4635490,5964.52
13489,4635786,5965.54
13489,4636078,5965.54
13489,4636359,5965.54
13489,4636707,5965.54
13489,4636941,5965.54
13489,4637212,5965.54
13489,4637522,5965.54
13489,4637807,5965.54
13489,4638101,5965.54
13489,4646819,5965.54
13489,4660495,5965.54
13489,4675079,5965.54
13489,4690441,5964.32
13489,4705850,5964.32
13489,4721442,5964.57
13489,4736748,5964.57
13489,4752064,5964.54
13489,4768493,5964.54
13489,4773593,5964.33
13489,4774338,5964.33
13489,4790328,5964.33
13489,4807230,5965.54
13489,4823491,5965.54
13489,4839729,5964.23
13489,4855497,5964.23
13489,4871345,5964.49
13489,4887361,5964.49
13489,4902844,5964.49
13489,4918461,5964.41
13489,4933942,5964.41
13489,4949311,5964.53
13489,4964506,5964.53
13489,4979771,5964.42
13489,4994502,5964.42
13489,5009478,5964.42
13489,5024454,5964.51
13489,5039561,5964.51
13489,5055001,5964.45
13489,5069868,5964.45
13489,5084472,5964.55
13489,5098953,5964.55
13489,5113287,5964.46
13489,5127753,5964.46
13489,5141957,5964.46
13489,5157002,5964.61
13489,5170595,5964.61
13489,5170814,5964.51
13489,5171099,5964.51
13489,5171452,5965.54
13489,5171687,5965.54
13489,5171974,5965.54
13489,5172325,5965.54
13489,5172614,5965.54
13489,5172830,5965.54
13489,5173123,5965.54
13489,5173417,5965.54
13489,5175386,5965.54
13489,5189865,5965.54
13489,5204943,5965.54
13489,5220229,5965.54
13489,5235141,5964.66
13489,5249343,5964.66
13489,5263174,5964.52
13489,5277846,5964.52
13489,5289729,5964.52
13489,5289965,5964.52
13489,5290153,5965.54
13489,5290153,5965.54
13490,33770,5964.5
13490,48567,5964.5
13490,63594,5964.48
13490,78673,5964.48
13490,93794,5964.48
13490,109198,5964.49
13490,124668,5964.49
13490,140147,5964.56
13490,155611,5964.56
13490,171363,5964.5
13490,186746,5964.5
13490,202194,5964.54
13490,217825,5964.54
13490,233320,5964.54
13490,248811,5964.56
13490,264040,5964.56
13490,279662,5964.53
13490,294938,5964.53
13490,310386,5964.52
13490,325601,5964.52
13490,340495,5964.52
13490,355956,5964.63
13490,371187,5964.63
13490,386801,5964.47
13490,402272,5964.47
13490,417634,5964.65
13490,433089,5964.65
13490,443283,5964.43
13490,443592,5964.43
13490,447449,5964.43
13490,462133,5965.54
13490,477335,5965.54
13490,492914,5963.53
13490,508340,5963.53
13490,523808,5964.82
13490,539187,5964.82
13490,554797,5964.82
13490,570264,5964.61
13490,585911,5964.61
13490,601112,5964.55
13490,616489,5964.55
13490,631970,5964.51
13490,647298,5964.51
13490,662560,5964.62
13490,678306,5964.62
13490,693801,5964.62
13490,709166,5964.43
13490,724528,5964.43
13490,739886,5964.55
13490,755239,5964.55
13490,770738,5964.46
13490,786712,5964.46
13490,802466,5964.51
13490,818303,5964.51
13490,833969,5964.51
13490,849562,5964.49
13490,865069,5964.49
13490,880669,5964.55
13490,896354,5964.55
13490,912174,5964.51
13490,928286,5964.51
13490,944050,5964.51
13490,959604,5964.2
13490,975258,5964.2
13490,991057,5964.55
13490,1006247,5964.55
13490,1021343,5964.49
13490,1036716,5964.49
13490,1052061,5964.51
13490,1067820,5964.51
13490,1083324,5964.51
13490,1098997,5964.53
13490,1114652,5964.53
13490,1130022,5964.59
13490,1141901,5964.59
13490,1142107,5964.56
13490,1142417,5964.56
13490,1142695,5964.56
13490,1150783,5965.54
13490,1165373,5965.54
13490,1180376,5964.54
13490,1195653,5964.54
13490,1211188,5964.51
13490,1226351,5964.51
13490,1241791,5964.59
13490,1257260,5964.59
13490,1271469,5964.59
13490,1271734,5964.59
13490,1272088,5964.59
13490,1272299,5965.54
13490,1283898,5965.54
13490,1298756,5965.54
13490,1314092,5965.54
13490,1329327,5965.54
13490,1344811,5964.88
13490,1360262,5964.88
13490,1375677,5964.57
13490,1391029,5964.57
13490,1406265,5964.47
13490,1421633,5964.47
13490,1436856,5964.53
13490,1452216,5964.53
13490,1467895,5964.53
13490,1483569,5964.48
13490,1499309,5964.48
13490,1514867,5964.5
13490,1530411,5964.5
13490,1545958,5964.65
13490,1561686,5964.65
13490,1577406,5964.54
13490,1593394,5964.54
13490,1609167,5964.54
13490,1616851,5964.52
13490,1617135,5964.52
13490,1622541,5965.54
13490,1637527,5965.54
13490,1653102,5964.59
13490,1668584,5964.59
13490,1673566,5964.59
13490,1673841,5964.8
13490,1674145,5964.8
13490,1674425,5965.54
13490,1674708,5965.54
13490,1676200,5965.54
13490,1689638,5965.54
13490,1704389,5964.73
13490,1719518,5964.73
13490,1734571,5964.73
13490,1749940,5964.27
13490,1765185,5964.27
13490,1780528,5964.47
13490,1795889,5964.47
13490,1811251,5964.46
13490,1826593,5964.46
13490,1842104,5964.46
13490,1857099,5964.47
13490,1872938,5964.47
13490,1888707,5964.55
13490,1904430,5964.55
13490,1920079,5964.5
13490,1935800,5964.5
13490,1951811,5964.55
13490,1967679,5964.55
13490,1983285,5964.55
13490,1998893,5964.45
13490,2014527,5964.45
13490,2030355,5964.53
13490,2045760,5964.53
13490,2050869,5964.45
13490,2051144,5964.45
13490,2052646,5965.54
13490,2066860,5965.54
13490,2081846,5965.54
13490,2097058,5964.64
13490,2112411,5964.64
13490,2127770,5964.54
13490,2143081,5964.54
13490,2158233,5964.49
13490,2173491,5964.49
13490,2188835,5964.49
13490,2204201,5964.51
13490,2219508,5964.51
13490,2234651,5964.4
13490,2249759,5964.4
13490,2264728,5964.44
13490,2280104,5964.44
13490,2295586,5964.44
13490,2311210,5964.43
13490,2326695,5964.43
13490,2342552,5964.43
13490,2358257,5964.43
13490,2373668,5964.49
13490,2389412,5964.49
13490,2400491,5964.45
13490,2400799,5964.45
13490,2401013,5964.45
13490,2404586,5965.54
13490,2419131,5965.54
13490,2434591,5964.65
13490,2450227,5964.65
13490,2465672,5964.51
13490,2481311,5964.51
13490,2496783,5964.53
13490,2512483,5964.53
13490,2528141,5964.53
13490,2543718,5964.47
13490,2559298,5964.47
13490,2574612,5964.49
13490,2590223,5964.49
13490,2605726,5964.47
13490,2612287,5964.47
13490,2612500,5964.47
13490,2612792,5965.54
13490,2613100,5965.54
13490,2613373,5965.54
13490,2613675,5965.54
13490,2614018,5965.54
13490,2614248,5965.54
13490,2614590,5965.54
13490,2614881,5965.54
13490,2615110,5965.54
13490,2615395,5965.54
13490,2615697,5965.54
13490,2615977,5965.54
13490,2620433,5965.54
13490,2626751,5965.54
13490,2627035,5965.54
13490,2627268,5965.54
13490,2630618,5965.54
13490,2644070,5965.54
13490,2658254,5964.25
13490,2672527,5964.25
13490,2687088,5964.98
13490,2702158,5964.98
13490,2717152,5964.98
13490,2732259,5964.36
13490,2747495,5964.36
13490,2763041,5964.59
13490,2778452,5964.59
13490,2793809,5964.62
13490,2808914,5964.62
13490,2824390,5964.52
13490,2839511,5964.52
13490,2854879,5964.52
13490,2870213,5964.58
13490,2885477,5964.58
13490,2900692,5964.54
13490,2915802,5964.54
13490,2931150,5964.51
13490,2946636,5964.51
13490,2962012,5964.54
13490,2977365,5964.54
13490,2992796,5964.54
13490,3008168,5964.63
13490,3023709,5964.63
13490,3039208,5964.55
13490,3054393,5964.55
13490,3069516,5964.58
13490,3084640,5964.58
13490,3100083,5964.58
13490,3115623,5964.52
13490,3130964,5964.52
13490,3146211,5964.57
13490,3161602,5964.57
13490,3177165,5964.5
13490,3192769,5964.5
13490,3208080,5964.46
13490,3224024,5964.46
13490,3239910,5964.46
13490,3255771,5964.51
13490,3271360,5964.51
13490,3286867,5964.6
13490,3302519,5964.6
13490,3317993,5964.5
13490,3333328,5964.5
13490,3349069,5964.5
13490,3364453,5964.52
13490,3380060,5964.52
13490,3395607,5964.38
13490,3411233,5964.38
13490,3426642,5964.42
13490,3442123,5964.42
13490,3457488,5964.53
13490,3472863,5964.53
13490,3488223,5964.53
13490,3503693,5964.5
13490,3519073,5964.5
13490,3534604,5964.58
13490,3549924,5964.58
13490,3565292,5964.54
13490,3580838,5964.54
13490,3596263,5964.54
13490,3610979,5964.51
13490,3611223,5964.51
13490,3611512,5964.44
13490,3611857,5964.44
13490,3612077,5965.54
13490,3612372,5965.54
13490,3612709,5965.54
13490,3613010,5965.54
13490,3613298,5965.54
13490,3613532,5965.54
13490,3613876,5965.54
13490,3614161,5965.54
13490,3614453,5965.54
13490,3614689,5965.54
13490,3614971,5965.54
13490,3615263,5965.54
13490,3615535,5965.54
13490,3615896,5965.54
13490,3616187,5965.54
13490,3616327,5965.54
13490,3616688,5965.54
13490,3616964,5965.54
13490,3617213,5965.54
13490,3617495,5965.54
13490,3617787,5965.54
13490,3618136,5965.54
13490,3618429,5965.54
13490,3618699,5965.54
13490,3618932,5965.54
13490,3619232,5965.54
13490,3619523,5965.54
13490,3619862,5965.54
13490,3620096,5965.54
13490,3620371,5965.54
13490,3620742,5965.54
13490,3620967,5965.54
13490,3621309,5965.54
13490,3621592,5965.54
13490,3621885,5965.54
13490,3622117,5965.54
13490,3622407,5965.54
13490,3622686,5965.54
13490,3623023,5965.54
13490,3623261,5965.54
13490,3623612,5965.54
13490,3623901,5965.54
13490,3624136,5965.54
13490,3624487,5965.54
13490,3624770,5965.54
13490,3624997,5965.54
13490,3625292,5965.54
13490,3625579,5965.54
13490,3625926,5965.54
13490,3626158,5965.54
13490,3626506,5965.54
13490,3626731,5965.54
13490,3627025,5965.54
13490,3627314,5965.54
13490,3627651,5965.54
13490,3627933,5965.54
13490,3628234,5965.54
13490,3628451,5965.54
13490,3628684,5965.54
13490,3628973,5965.54
13490,3629315,5965.54
13490,3629606,5965.54
13490,3629904,5965.54
13490,3630124,5965.54
13490,3630415,5965.54
13490,3630763,5965.54
13490,3631056,5965.54
13490,3631274,5965.54
13490,3631556,5965.54
13490,3631859,5965.54
13490,3632202,5965.54
13490,3632429,5965.54
13490,3632720,5965.54
13490,3632996,5965.54
13490,3633300,5965.54
13490,3633657,5965.54
13490,3633947,5965.54
13490,3634223,5965.54
13490,3634512,5965.54
13490,3634798,5965.54
13490,3635033,5965.54
13490,3635324,5965.54
13490,3635678,5965.54
13490,3635963,5965.54
13490,3636246,5965.54
13490,3636529,5965.54
13490,3636762,5965.54
13490,3637093,5965.54
13490,3637407,5965.54
13490,3637630,5965.54
13490,3637971,5965.54
13490,3638262,5965.54
13490,3638493,5965.54
13490,3638780,5965.54
13490,3639062,5965.54
13490,3639426,5965.54
13490,3639706,5965.54
13490,3639933,5965.54
13490,3640236,5965.54
13490,3640439,5965.54
13490,3640782,5965.54
13490,3641075,5965.54
13490,3641352,5965.54
13490,3641655,5965.54
13490,3641876,5965.54
13490,3642228,5965.54
13490,3642445,5965.54
13490,3642801,5965.54
13490,3643096,5965.54
13490,3643318,5965.54
13490,3643606,5965.54
13490,3643935,5965.54
13490,3644252,5965.54
13490,3644532,5965.54
13490,3644763,5965.54
13490,3645045,5965.54
13490,3645326,5965.54
13490,3645625,5965.54
13490,3645989,5965.54
13490,3646207,5965.54
13490,3646492,5965.54
13490,3646845,5965.54
13490,3647133,5965.54
13490,3647415,5965.54
13490,3647645,5965.54
13490,3647998,5965.54
13490,3648225,5965.54
13490,3648516,5965.54
13490,3648854,5965.54
13490,3649096,5965.54
13490,3649387,5965.54
13490,3649654,5965.54
13490,3649957,5965.54
13490,3650255,5965.54
13490,3650538,5965.54
13490,3650876,5965.54
13490,3651178,5965.54
13490,3651466,5965.54
13490,3651697,5965.54
13490,3651978,5965.54
13490,3652333,5965.54
13490,3652628,5965.54
13490,3652849,5965.54
13490,3658621,5965.54
13490,3669875,5965.54
13490,3682305,5965.54
13490,3695360,5964.6
13490,3708749,5964.6
13490,3722628,5964.6
13490,3736687,5964.54
13490,3751000,5964.54
13490,3765387,5964.54
13490,3780098,5964.54
13490,3794793,5964.61
13490,3809430,5964.61
13490,3824256,5964.61
13490,3839284,5964.55
13490,3854580,5964.55
13490,3869683,5964.46
13490,3884656,5964.46
13490,3891832,5964.6
13490,3892066,5964.6
13490,3892356,5965.54
13490,3892711,5965.54
13490,3892922,5965.54
13490,3893225,5965.54
13490,3893572,5965.54
13490,3893803,5965.54
13490,3894146,5965.54
13490,3894358,5965.54
13490,3894654,5965.54
13490,3895011,5965.54
13490,3895300,5965.54
13490,3895531,5965.54
13490,3897742,5965.54
13490,3910197,5965.54
13490,3924101,5964.45
13490,3938675,5964.45
13490,3953296,5964.08
13490,3968555,5964.08
13490,3983529,5964.08
13490,3998584,5964.58
13490,4013312,5964.58
13490,4013502,5964.32
13490,4013784,5964.32
13490,4014072,5965.54
13490,4014358,5965.54
13490,4023262,5965.54
13490,4037537,5965.54
13490,4052142,5965.54
13490,4067212,5963.76
13490,4082246,5963.76
13490,4097439,5964.61
13490,4112693,5964.61
13490,4128039,5964.43
13490,4143296,5964.43
13490,4158645,5964.43
13490,4173988,5964.47
13490,4189362,5964.47
13490,4204704,5964.38
13490,4220198,5964.38
13490,4235705,5964.42
13490,4251448,5964.42
13490,4266981,5964.38
13490,4282536,5964.38
13490,4297901,5964.38
13490,4313263,5964.42
13490,4329139,5964.42
13490,4344615,5964.48
13490,4359989,5964.48
13490,4375582,5964.5
13490,4391121,5964.5
13490,4406610,5964.5
13490,4422185,5964.45
13490,4437547,5964.45
13490,4452917,5964.45
13490,4468537,5964.45
13490,4484022,5964.43
13490,4499628,5964.43
13490,4515252,5964.39
13490,4530630,5964.39
13490,4546213,5964.39
13490,4561440,5964.48
13490,4576983,5964.48
13490,4592430,5964.55
13490,4607826,5964.55
13490,4622866,5964.47
13490,4637983,5964.47
13490,4653475,5964.47
13490,4668735,5964.38
13490,4684198,5964.38
13490,4699443,5964.44
13490,4714934,5964.44
13490,4730341,5964.45
13490,4745894,5964.45
13490,4761339,5964.46
13490,4777133,5964.46
13490,4792490,5964.46
13490,4807986,5964.44
13490,4823200,5964.44
13490,4839028,5964.45
13490,4854834,5964.45
13490,4870346,5964.53
13490,4886074,5964.53
13490,4901925,5964.44
13490,4917749,5964.44
13490,4933563,5964.44
13490,4949133,5964.53
13490,4952343,5964.53
13490,4952677,5964.45
13490,4963015,5964.45
13490,4978244,5965.54
13490,4979093,5965.54
13490,4979396,5965.54
13490,4991226,5965.54
13490,5006067,5965.54
13490,5020791,5964.14
13490,5036035,5964.14
13490,5051148,5964.62
13490,5066008,5964.62
13490,5081469,5964.62
13490,5096842,5964.44
13490,5112358,5964.44
13490,5127696,5964.42
13490,5143294,5964.42
13490,5158651,5964.45
13490,5174022,5964.45
13490,5189393,5964.49
13490,5204852,5964.49
13490,5220089,5964.49
13490,5235332,5964.52
13490,5250606,5964.52
13490,5265934,5964.5
13490,5280894,5964.5
13490,5296278,5964.43
13490,5311754,5964.43
13490,5327481,5964.43
13490,5342981,5964.44
13490,5358463,5964.44
13490,5374120,5964.56
13490,5389724,5964.56
13490,5390370,5964.43
13490,5396644,5964.43
13490,5411629,5965.54
13490,5426992,5965.54
13490,5442529,5965.54
13490,5457973,5964.29
13490,5473598,5964.29
13490,5489184,5964.56
13490,5504557,5964.56
13490,5513314,5964.55
13490,5513556,5964.55
13490,5522002,5965.54
13490,5536999,5965.54
13490,5552074,5965.54
13490,5567076,5964.15
13490,5582545,5964.15
13490,5597899,5964.59
13490,5613290,5964.59
13490,5628892,5964.5
13490,5644248,5964.5
13490,5659613,5964.5
13490,5675098,5964.5
13490,5690909,5964.5
13490,5706291,5964.59
13490,5721737,5964.59
13490,5737188,5964.42
13490,5752535,5964.42
13490,5765810,5964.42
13490,5766063,5964.5
13490,5766401,5964.5
13490,5766626,5965.54
13490,5774088,5965.54
13490,5788642,5965.54
13490,5803544,5965.54
13490,5818781,5964.12
13490,5833835,5964.12
13490,5849190,5964.12
13490,5864302,5964.55
13490,5879678,5964.55
13490,5895143,5964.48
13490,5910512,5964.48
13490,5925878,5964.45
13490,5941137,5964.45
13490,5956615,5964.45
13490,5971950,5964.6
13490,5986924,5964.6
13490,6002135,5964.57
13490,6017259,5964.57
13490,6032486,5964.56
13490,6047716,5964.56
13490,6063087,5964.49
13490,6078827,5964.49
13490,6094312,5964.49
13490,6110186,5964.39
13490,6125668,5964.39
13490,6141417,5964.61
13490,6157159,5964.61
13490,6172799,5964.53
13490,6188648,5964.53
13490,6204140,5964.53
13490,6213005,5964.49
13537,540,5965.54
13537,887,5965.54
13537,1177,5965.54
13537,1464,5965.54
13537,1695,5965.54
13537,1981,5965.54
13537,2322,5965.54
13537,2555,5965.54
13537,2828,5965.54
13537,3196,5965.54
13537,3423,5965.54
13537,3763,5965.54
13537,4050,5965.54
13537,4342,5965.54
13537,4577,5965.54
13537,4861,5965.54
13537,5156,5965.54
13537,5502,5965.54
13537,5796,5965.54
13537,6067,5965.54
13537,6299,5965.54
13537,6586,5965.54
13537,6823,5965.54
13537,7165,5965.54
13537,7373,5965.54
13537,7682,5965.54
13537,8043,5965.54
13537,8317,5965.54
13537,8608,5965.54
13537,8843,5965.54
13537,9122,5965.54
13537,9422,5965.54
13537,9710,5965.54
13537,9999,5965.54
13537,10285,5965.54
13537,10618,5965.54
13537,10924,5965.54
13537,11140,5965.54
13537,11508,5965.54
13537,11720,5965.54
13537,12022,5965.54
13537,12362,5965.54
13537,12592,5965.54
13537,12881,5965.54
13537,13223,5965.54
13537,13527,5965.54
13537,13736,5965.54
13537,14044,5965.54
13537,14384,5965.54
13537,14618,5965.54
13537,14912,5965.54
13537,15263,5965.54
13537,15553,5965.54
13537,15763,5965.54
13537,16281,5965.54
13537,26300,5965.54
13537,42777,5965.54
13537,60452,5965.35
13537,79141,5965.35
13537,97931,5965.32
13537,117283,5965.32
13537,136483,5965.32
13537,155560,5965.33
13537,174574,5965.33
13537,194278,5965.34
13537,213259,5965.34
13537,232968,5965.42
13537,252453,5965.42
13537,272036,5965.42
13537,291714,5965.52
13537,311263,5965.52
13537,330910,5965.23
13537,350371,5965.23
13537,369897,5965.24
13537,388895,5965.24
13537,408292,5965.23
13537,427916,5965.23
13537,447250,5965.23
13537,466674,5965.25
13537,486052,5965.25
13537,505480,5965.18
13537,524818,5965.18
13537,544028,5965.21
13537,563371,5965.21
13537,582584,5965.15
13537,602138,5965.15
13537,621348,5965.15
13537,640748,5965.19
13537,660113,5965.19
13537,6617655,5965.79
13537,6637649,5965.97
13537,6657386,5965.97
13537,6677309,5965.95
13537,6697011,5965.95
13537,6716724,5966.06
13537,6736497,5966.06
13537,6756269,5966.04
13537,6775739,5966.04
13537,6795447,5966.04
13537,6815002,5965.96
13537,6834617,5965.96
13537,6854581,5966.04
13537,6874163,5966.04
13537,6893812,5965.97
13537,6913522,5965.97
13537,6933455,5966.07
13537,6953265,5966.07
13537,6973133,5966.07
13537,6992840,5965.98
13537,7012613,5965.98
13537,7032763,5966.1
13537,7052634,5966.1
13537,7072312,5966.17
13537,7092211,5966.17
13537,7112078,5966.17
13537,7131979,5966.2
13537,7151785,5966.2
13537,7171527,5966.23
13537,7191519,5966.23
13537,7211729,5966.24
13537,7231692,5966.24
13537,7251745,5966.31
13537,679826,5965.27
13537,699790,5965.27
13537,719501,5965.21
13537,739338,5965.21
13537,759358,5965.21
13537,779414,5965.2
13537,799250,5965.2
13537,818865,5965.18
13537,838795,5965.18
13537,859007,5965.21
13537,879002,5965.21
13537,898588,5965.21
13537,918643,5965.21
13537,938362,5965.21
13537,958102,5965.17
13537,977570,5965.17
13537,997278,5965.17
13537,1016595,5965.17
13537,1035927,5965.16
13537,1055886,5965.16
13537,1074853,5965.15
13537,1094189,5965.15
13537,1113878,5965.15
13537,1133591,5965.08
13537,1153035,5965.08
13537,1172446,5965.13
13537,1192096,5965.13
13537,1212309,5965.06
13537,1231894,5965.06
13537,1251733,5965.06
13537,1271309,5965.08
13537,1291147,5965.08
13537,1310988,5965.03
13537,7271832,5966.31
13537,7291985,5966.31
13537,7311979,5966.18
13537,7331975,5966.18
13537,7351872,5966.24
13537,7371741,5966.24
13537,7391774,5966.3
13537,7411519,5966.3
13537,7431481,5966.3
13537,7451450,5966.33
13537,7471355,5966.33
13537,7491507,5966.28
13537,7511251,5966.28
13537,7530994,5966.24
13537,7550832,5966.24
13537,7570635,5966.32
13537,7590347,5966.32
13537,7610055,5966.32
13537,7629921,5966.25
13537,7649600,5966.25
13537,7669441,5966.38
13537,7689152,5966.38
13537,7709115,5966.44
13537,7729077,5966.44
13537,7748790,5966.44
13537,7751227,5966.41
13537,7751517,5966.41
13537,7755249,5965.54
13537,7773436,5965.54
13537,7794363,5966.4
13537,7814951,5966.4
13537,7834943,5966.43
13537,7855474,5966.43
13537,7875497,5966.43
13537,7895612,5966.34
13537,7915828,5966.34
13537,7935785,5966.41
13537,7955499,5966.41
13537,7975331,5966.4
13537,7995197,5966.4
13537,8015188,5966.29
13537,8034863,5966.29
13537,8054414,5966.29
13537,8074156,5966.45
13537,8094178,5966.45
13537,8114361,5966.35
13537,8134074,5966.35
13537,8154004,5966.34
13537,8173713,5966.34
13537,8193420,5966.37
13537,8213386,5966.37
13537,8233255,5966.37
13537,8252966,5966.39
13537,8272676,5966.39
13537,8292386,5966.28
13537,8312504,5966.28
13537,8332336,5966.28
13537,8352170,5966.28
13537,8372384,5966.28
13537,8392629,5966.29
13537,8412748,5966.29
13537,8432708,5966.32
13537,8452795,5966.32
13537,8472407,5966.25
13537,8492239,5966.25
13537,8511982,5966.11
13537,8531591,5966.11
13537,8551429,5966.11
13537,8571169,5966.1
13537,8590909,5966.1
13537,8610427,5966.27
13537,8630324,5966.27
13537,8650283,5966.18
13537,8669860,5966.18
13537,8689758,5966.18
13537,8709403,5966.21
13537,8729147,5966.21
13537,8748860,5966.16
13537,8768542,5966.16
13537,8788282,5966.29
13537,8808024,5966.29
13537,8828430,5966.28
13537,8848169,5966.28
13537,8868410,5966.28
13537,8888309,5966.31
13537,8908341,5966.31
13537,8928050,5966.28
13537,8948014,5966.28
13537,8968355,5966.3
13537,8988474,5966.3
13537,9008432,5966.34
13537,9028173,5966.34
13537,9048295,5966.34
13537,9062437,5966.34
13537,9062730,5966.34
13537,9062950,5965.54
13537,9063315,5965.54
13537,9063565,5965.54
13537,9063880,5965.54
13537,9064167,5965.54
13537,9064396,5965.54
13537,9064675,5965.54
13537,9065025,5965.54
13537,9065270,5965.54
13537,9065555,5965.54
13537,9065839,5965.54
13537,9066134,5965.54
13537,9066480,5965.54
13537,9066769,5965.54
13537,9066985,5965.54
13537,9067359,5965.54
13537,9067644,5965.54
13537,9067871,5965.54
13537,9068158,5965.54
13537,9068424,5965.54
13537,9068734,5965.54
13537,9070673,5965.54
13537,9084879,5965.54
13537,9103067,5965.41
13537,9122004,5965.41
13537,9141324,5966.69
13537,9161025,5966.69
13537,9181047,5966.72
13537,9201227,5966.72
13537,9221023,5966.72
13537,9241049,5966.7
13537,9260757,5966.7
13537,9280589,5966.77
13537,9300425,5966.77
13537,9320352,5966.74
13537,9340122,5966.74
13537,9359829,5966.74
13537,9379665,5966.72
13537,9399728,5966.72
13537,9419377,5966.8
13537,9439055,5966.8
13537,9458987,5966.8
13537,9478854,5966.8
13537,9498692,5966.84
13537,9518688,5966.84
13537,9538369,5966.84
13537,9558361,5966.88
13537,9578452,5966.88
13537,9598413,5966.91
13537,9618371,5966.91
13537,9638587,5966.9
13537,9658516,5966.9
13537,9678539,5966.87
13537,9698846,5966.87
13537,9719126,5966.87
13537,9739086,5966.97
13537,9758951,5966.97
13537,9778753,5966.97
13537,9798618,5966.97
13537,9818710,5966.99
13537,9838670,5966.99
13537,9858506,5966.99
13537,9878847,5967.02
13537,9898969,5967.02
13537,9918678,5966.99
13537,9938638,5966.99
13537,9958597,5967.03
13537,9978462,5967.03
13537,9998519,5967.02
13537,10018450,5967.02
13537,10038563,5967.02
13537,10043569,5967.11
13537,1330961,5965.03
13537,1350489,5965.05
13537,1370010,5965.05
13537,1389846,5965.05
13537,1409938,5965
13537,1429654,5965
13537,1449493,5964.96
13537,1469338,5964.96
13537,1489186,5964.92
13537,1508838,5964.92
13537,1528614,5964.96
13537,1548294,5964.96
13537,1568006,5964.96
13537,1587780,5964.93
13537,1607689,5964.93
13537,1627556,5964.91
13537,1647518,5964.91
13537,1667102,5964.91
13537,1681073,5964.91
13537,1681417,5964.91
13537,1681638,5964.82
13537,1687917,5964.82
13537,1707235,5965.54
13537,1727966,5965.54
13537,1748586,5964.86
13537,1768673,5964.86
13537,1788413,5965.01
13537,1808376,5965.01
13537,1828087,5965.01
13537,1847923,5965.06
13537,1867240,5965.06
13537,1886762,5964.93
13537,1906418,5964.93
13537,1925987,5964.85
13537,1945354,5964.85
13537,1965100,5964.85
13537,1985124,5964.98
13537,2005215,5964.98
13537,2024930,5965.06
13537,2044770,5965.06
13537,2064704,5964.96
13537,2084381,5964.96
13537,2104191,5964.96
13537,2123624,5964.96
13537,2143456,5964.96
13537,2163167,5964.96
13537,2182882,5964.96
13537,2202749,5965
13537,2222583,5965
13537,2242671,5965.12
13537,2262381,5965.12
13537,2282125,5964.91
13537,2302056,5964.91
13537,2322272,5964.91
13537,2342266,5964.92
13537,2361854,5964.92
13537,2381382,5964.96
13537,2400871,5964.96
13537,2420361,5964.92
13537,2440293,5964.92
13537,2459999,5964.92
13537,2479584,5964.93
13537,2499582,5964.93
13537,2519515,5964.94
13537,2539322,5964.94
13537,2559358,5964.98
13537,2578784,5964.98
13537,2599032,5964.98
13537,2619342,5965
13537,2639713,5965
13537,2660022,5965.04
13537,2680169,5965.04
13537,2700130,5965.15
13537,2720241,5965.15
13537,2740334,5965.15
13537,2760517,5965.15
13537,2780786,5965.15
13537,2800812,5965.24
13537,2821057,5965.24
13537,2841208,5965.38
13537,2861168,5965.38
13537,2880814,5965.27
13537,2900338,5965.27
13537,2920049,5965.27
13537,2939758,5965.29
13537,2959595,5965.29
13537,2979304,5965.4
13537,2999271,5965.4
13537,3018984,5965.33
13537,3038946,5965.33
13537,3058918,5965.35
13537,3078736,5965.35
13537,3098477,5965.35
13537,3118069,5965.41
13537,3137626,5965.41
13537,3156851,5965.35
13537,3176167,5965.35
13537,3195731,5965.37
13537,3215474,5965.37
13537,3235468,5965.37
13537,3255528,5965.37
13537,3275490,5965.37
13537,3295609,5965.34
13537,3315472,5965.34
13537,3335403,5965.49
13537,3355365,5965.49
13537,3375201,5965.28
13537,3393262,5965.28
13537,3393577,5965.28
13537,3393872,5965.37
13537,3402651,5965.37
13537,3422229,5965.54
13537,3442370,5965.54
13537,3462702,5965.37
13537,3482698,5965.37
13537,3502348,5965.37
13537,3522065,5965.39
13537,3542028,5965.39
13537,3561619,5965.49
13537,3580957,5965.49
13537,3600922,5965.44
13537,3620896,5965.44
13537,3640985,5965.42
13537,3660825,5965.42
13537,3680512,5965.42
13537,3700003,5965.4
13537,3719720,5965.4
13537,3739685,5965.38
13537,3759496,5965.38
13537,3779207,5965.45
13537,3798682,5965.45
13537,3817886,5965.46
13537,3837207,5965.46
13537,3856676,5965.46
13537,3876364,5965.54
13537,3896206,5965.54
13537,3916273,5965.56
13537,3935829,5965.56
13537,3955639,5965.65
13537,3975446,5965.65
13537,3994907,5965.65
13537,4014745,5965.6
13537,4034400,5965.6
13537,4054083,5965.68
13537,4073864,5965.68
13537,4093328,5965.73
13537,4113035,5965.73
13537,4132873,5965.73
13537,4152736,5965.75
13537,4172695,5965.75
13537,4192815,5965.71
13537,4213059,5965.71
13537,4233269,5965.68
13537,4253452,5965.68
13537,4273637,5965.71
13537,4293851,5965.71
13537,4313810,5965.71
13537,4333588,5965.59
13537,4353554,5965.59
13537,4373390,5965.62
13537,4393506,5965.62
13537,4413596,5965.5
13537,4433438,5965.5
13537,4453536,5965.5
13537,4473225,5965.57
13537,4493195,5965.57
13537,4512912,5965.55
13537,4532875,5965.55
13537,4552710,5965.61
13537,4572579,5965.61
13537,4592787,5965.59
13537,4613278,5965.59
13537,4633619,5965.59
13537,4653831,5965.56
13537,4673610,5965.56
13537,4693292,5965.58
13537,4713101,5965.58
13537,4732963,5965.63
13537,4752647,5965.63
13537,4754666,5965.63
13537,4754955,5965.62
13537,4755294,5965.62
13537,4755585,5965.54
13537,4755879,5965.54
13537,4756105,5965.54
13537,4756325,5965.54
13537,4756614,5965.54
13537,4756904,5965.54
13537,4757192,5965.54
13537,4757483,5965.54
13537,4757763,5965.54
13537,4758064,5965.54
13537,4758412,5965.54
13537,4758625,5965.54
13537,4758922,5965.54
13537,4759218,5965.54
13537,4762373,5965.54
13537,4777094,5965.54
13537,4796932,5965.63
13537,4817026,5965.63
13537,4836789,5965.56
13537,4856688,5965.56
13537,4876679,5965.56
13537,4896262,5965.56
13537,4915451,5965.56
13537,4934637,5965.52
13537,4953994,5965.52
13537,4973141,5965.4
13537,4993136,5965.4
13537,5013349,5965.43
13537,5033215,5965.43
13537,5053176,5965.43
13537,5073169,5965.55
13537,5093227,5965.55
13537,5112815,5965.44
13537,5132553,5965.44
13537,5152298,5965.36
13537,5172104,5965.36
13537,5191943,5965.41
13537,5211652,5965.41
13537,5231396,5965.41
13537,5251329,5965.36
13537,5270533,5965.36
13537,5270805,5965.41
13537,5271158,5965.41
13537,5271380,5965.54
13537,5271720,5965.54
13537,5271960,5965.54
13537,5272177,5965.54
13537,5283574,5965.54
13537,5302769,5965.54
13537,5322724,5965.54
13537,5342835,5965.32
13537,5362669,5965.32
13537,5382532,5965.23
13537,5393228,5965.23
13537,5393507,5965.23
13537,5393857,5965.54
13537,5394089,5965.54
13537,5394373,5965.54
13537,5394712,5965.54
13537,5395015,5965.54
13537,5395311,5965.54
13537,5395536,5965.54
13537,5395824,5965.54
13537,5396163,5965.54
13537,5396397,5965.54
13537,5397580,5965.54
13537,5412390,5965.54
13537,5430703,5965.54
13537,5449806,5965.38
13537,5469386,5965.38
13537,5489087,5965.38
13537,5508790,5965.36
13537,5528655,5965.36
13537,5548241,5965.43
13537,5568138,5965.43
13537,5587659,5965.44
13537,5607497,5965.44
13537,5626802,5965.44
13537,5646173,5965.49
13537,5665541,5965.49
13537,5684787,5965.46
13537,5704133,5965.46
13537,5723320,5965.61
13537,5742662,5965.61
13537,5762559,5965.46
13537,5782144,5965.46
13537,5801665,5965.46
13537,5821373,5965.48
13537,5841592,5965.48
13537,5861330,5965.44
13537,5881039,5965.44
13537,5901098,5965.42
13537,5921219,5965.42
13537,5941434,5965.42
13537,5961427,5965.42
13537,5981109,5965.42
13537,6001229,5965.48
13537,6021819,5965.48
13537,6041654,5965.36
13537,6062026,5965.36
13537,6081957,5965.34
13537,6101917,5965.34
13537,6121941,5965.45
13537,6141878,5965.45
13537,6161592,5965.45
13537,6181175,5965.44
13537,6200632,5965.44
13537,6220262,5965.55
13537,6240069,5965.55
13537,6259662,5965.46
13537,6279244,5965.46
13537,6299077,5965.46
13537,6318946,5965.49
13537,6338873,5965.49
13537,6358487,5965.47
13537,6378290,5965.47
13537,6397754,5965.57
13537,6417214,5965.57
13537,6436956,5965.6
13537,6456758,5965.6
13537,6476973,5965.6
13537,6497188,5965.72
13537,6517277,5965.72
13537,6537334,5965.71
13537,6557202,5965.71
13537,6577481,5965.79
13537,6597694,5965.79
13538,45925,5967.28
13538,65882,5967.28
13538,85621,5967.28
13538,105333,5967.37
13538,124979,5967.37
13538,145005,5967.37
13538,165219,5967.37
13538,185339,5967.44
13538,205425,5967.44
13538,225510,5967.44
13538,245471,5967.4
13538,265872,5967.4
13538,285803,5967.46
13538,305886,5967.46
13538,326066,5967.5
13538,346217,5967.5
13538,366050,5967.44
13538,386015,5967.44
13538,406254,5967.44
13538,426621,5967.57
13538,446710,5967.57
13538,466795,5967.68
13538,487009,5967.68
13538,507351,5967.72
13538,527722,5967.72
13538,547904,5967.72
13538,567672,5967.73
13538,587631,5967.73
13538,607343,5967.61
13538,626953,5967.61
13538,646882,5967.62
13538,6598725,5964.51
13538,6618685,5964.53
13538,6638330,5964.53
13538,6658703,5964.48
13538,6679422,5964.48
13538,6699790,5964.5
13538,6720008,5964.5
13538,6740098,5964.59
13538,6760058,5964.59
13538,6780154,5964.59
13538,6800148,5964.5
13538,6819835,5964.5
13538,6839643,5964.59
13538,6859289,5964.59
13538,6879314,5964.5
13538,6898965,5964.5
13538,6918805,5964.5
13538,6938801,5964.52
13538,6958734,5964.52
13538,6978821,5964.49
13538,6998912,5964.49
13538,7018877,5964.51
13538,7039124,5964.51
13538,7059211,5964.51
13538,7079300,5964.55
13538,7099513,5964.55
13538,7119504,5964.53
13538,7139748,5964.53
13538,7159810,5964.47
13538,7179933,5964.47
13538,7199801,5964.53
13538,7219984,5964.53
13538,7240197,5964.53
13538,666620,5967.62
13538,686554,5967.58
13538,706198,5967.58
13538,726000,5967.58
13538,745836,5967.59
13538,765798,5967.59
13538,785788,5967.61
13538,805751,5967.61
13538,825836,5967.7
13538,845923,5967.7
13538,866135,5967.7
13538,886129,5967.69
13538,906085,5967.69
13538,926234,5967.54
13538,946412,5967.54
13538,966368,5967.63
13538,986359,5967.63
13538,1006444,5967.6
13538,1026531,5967.6
13538,1046897,5967.6
13538,1067109,5967.56
13538,1087477,5967.56
13538,1107689,5967.55
13538,1127806,5967.55
13538,1147891,5967.6
13538,1167848,5967.6
13538,1187968,5967.61
13538,1208309,5967.61
13538,1228650,5967.61
13538,1248737,5967.62
13538,1268602,5967.62
13538,1288309,5967.68
13538,1308051,5967.68
13538,7260352,5964.54
13538,7280376,5964.54
13538,7300625,5964.49
13538,7320839,5964.49
13538,7341052,5964.47
13538,7360948,5964.47
13538,7380877,5964.47
13538,7386649,5964.52
13538,7386937,5964.52
13538,7395262,5965.54
13538,7415726,5965.54
13538,7436759,5964.47
13538,7457603,5964.47
13538,7477749,5964.59
13538,7497803,5964.59
13538,7517771,5964.59
13538,7537607,5964.53
13538,7557510,5964.53
13538,7577412,5964.5
13538,7597376,5964.5
13538,7617371,5964.49
13538,7637207,5964.49
13538,7657112,5964.49
13538,7676632,5964.49
13538,7696597,5964.49
13538,7716434,5964.5
13538,7736649,5964.5
13538,7756888,5964.49
13538,7777574,5964.49
13538,7798220,5964.47
13538,7818838,5964.47
13538,7839559,5964.47
13538,7860056,5964.48
13538,7880424,5964.48
13538,7900955,5964.51
13538,7921290,5964.51
13538,7941599,5964.5
13538,7961813,5964.5
13538,7982027,5964.46
13538,8002209,5964.46
13538,8022391,5964.46
13538,8042950,5964.46
13538,8063325,5964.46
13538,8083597,5964.54
13538,8103625,5964.54
13538,8123712,5964.46
13538,8143607,5964.46
13538,8163288,5964.46
13538,8183127,5964.55
13538,8202898,5964.55
13538,8222800,5964.5
13538,8242634,5964.5
13538,8262350,5964.55
13538,8282311,5964.55
13538,8302270,5964.5
13538,8322515,5964.5
13538,8342347,5964.5
13538,8362373,5964.51
13538,8382555,5964.51
13538,8402638,5964.5
13538,8423234,5964.5
13538,8443602,5964.43
13538,8463818,5964.43
13538,8483781,5964.43
13538,8504436,5964.54
13538,8524743,5964.54
13538,8545119,5964.43
13538,8565206,5964.43
13538,8585387,5964.53
13538,8605232,5964.53
13538,8625349,5964.47
13538,8645185,5964.47
13538,8664741,5964.47
13538,8684264,5964.44
13538,8704448,5964.44
13538,8724252,5964.5
13538,8743876,5964.5
13538,8763467,5964.44
13538,8783273,5964.44
13538,8803145,5964.55
13538,8822725,5964.55
13538,8842434,5964.55
13538,8862021,5964.46
13538,8881857,5964.46
13538,8901820,5964.53
13538,8922065,5964.53
13538,8942407,5964.47
13538,8962647,5964.47
13538,8983109,5964.47
13538,9003477,5964.42
13538,9023566,5964.42
13538,9044036,5964.53
13538,9064529,5964.53
13538,9085020,5964.49
13538,9105362,5964.49
13538,9125697,5964.49
13538,9145941,5964.36
13538,9166153,5964.36
13538,9186028,5964.58
13538,9205961,5964.58
13538,9225424,5964.45
13538,9245037,5964.45
13538,9264966,5964.44
13538,9284552,5964.44
13538,9304267,5964.44
13538,9324109,5964.47
13538,9343948,5964.47
13538,9363558,5964.59
13538,9383237,5964.59
13538,9402976,5964.5
13538,9423061,5964.5
13538,9432281,5964.5
13538,9432560,5964.58
13538,9432862,5964.58
13538,9433149,5965.54
13538,9433442,5965.54
13538,9433731,5965.54
13538,9434005,5965.54
13538,9434313,5965.54
13538,9434589,5965.54
13538,9434879,5965.54
13538,9435157,5965.54
13538,9435460,5965.54
13538,9435728,5965.54
13538,9436028,5965.54
13538,9436328,5965.54
13538,9436621,5965.54
13538,9436901,5965.54
13538,9437125,5965.54
13538,9437478,5965.54
13538,9437715,5965.54
13538,9438007,5965.54
13538,9438219,5965.54
13538,9438499,5965.54
13538,9438786,5965.54
13538,9439071,5965.54
13538,9439371,5965.54
13538,9439656,5965.54
13538,9439817,5965.54
13538,1327982,5967.7
13538,1347847,5967.7
13538,1367655,5967.7
13538,1387651,5967.63
13538,1407354,5967.63
13538,1427130,5967.75
13538,1447027,5967.75
13538,1466986,5967.63
13538,1487071,5967.63
13538,1507124,5967.63
13538,1526898,5967.63
13538,1546732,5967.63
13538,1566602,5967.62
13538,1586439,5967.62
13538,1606211,5967.62
13538,1626140,5967.62
13538,1646073,5964.85
13538,1666039,5964.85
13538,1686131,5964.85
13538,1706092,5964.41
13538,1725679,5964.41
13538,1725953,5964.48
13538,1726182,5964.48
13538,1726470,5965.54
13538,1740872,5965.54
13538,1761353,5964.63
13538,1782331,5964.63
13538,1803191,5964.63
13538,1805476,5964.46
13538,1805872,5964.46
13538,1820353,5965.54
13538,1840209,5965.54
13538,1860419,5964.53
13538,1880856,5964.53
13538,1901123,5964.53
13538,1921332,5964.47
13538,1941575,5964.47
13538,1962007,5964.48
13538,1981904,5964.48
13538,2001866,5964.49
13538,2021731,5964.49
13538,2041531,5964.48
13538,2061684,5964.48
13538,2081329,5964.48
13538,2101353,5964.56
13538,2121284,5964.56
13538,2141244,5964.5
13538,2161395,5964.5
13538,2181072,5964.5
13538,2200903,5964.5
13538,2220676,5964.5
13538,2240828,5964.53
13538,2260596,5964.53
13538,2280652,5964.52
13538,2300489,5964.52
13538,2320452,5964.52
13538,2340545,5964.52
13538,2360507,5964.48
13538,2380533,5964.48
13538,2400240,5964.48
13538,2420042,5964.48
13538,2439909,5964.48
13538,2459840,5964.44
13538,2479673,5964.44
13538,2499762,5964.53
13538,2520000,5964.53
13538,2540087,5964.53
13538,2560202,5964.5
13538,2580416,5964.5
13538,2600630,5964.52
13538,2620964,5964.52
13538,2640954,5964.5
13538,2652565,5964.5
13538,2652877,5964.41
13538,2653092,5964.41
13538,2654083,5964.41
13538,2659356,5965.54
13538,2659642,5965.54
13538,2659935,5965.54
13538,2660163,5965.54
13538,2660447,5965.54
13538,2660781,5965.54
13538,2661081,5965.54
13538,2661370,5965.54
13538,2661602,5965.54
13538,2661887,5965.54
13538,2662173,5965.54
13538,2669293,5965.54
13538,2687653,5965.54
13538,2707502,5965.54
13538,2727450,5964.64
13538,2747572,5964.64
13538,2765725,5964.51
13538,2766035,5964.51
13538,2766325,5964.48
13538,2774226,5964.48
13538,2792268,5965.54
13538,2792552,5965.54
13538,2792838,5965.54
13538,2795761,5965.54
13538,2812524,5965.54
13538,2831472,5964.59
13538,2851143,5964.59
13538,2871135,5964.48
13538,2891064,5964.48
13538,2911215,5964.51
13538,2931171,5964.51
13538,2951415,5964.51
13538,2970935,5964.42
13538,2990708,5964.42
13538,3010383,5964.45
13538,3029804,5964.45
13538,3049705,5964.51
13538,3069537,5964.51
13538,3089182,5964.51
13538,3108824,5964.48
13538,3128533,5964.48
13538,3148337,5964.46
13538,3168111,5964.46
13538,3188012,5964.48
13538,3207652,5964.48
13538,3207998,5964.48
13538,3208287,5964.62
13538,3213904,5964.62
13538,3232765,5965.54
13538,3252997,5965.54
13538,3273490,5964.51
13538,3293797,5964.51
13538,3313759,5964.45
13538,3314194,5964.45
13538,3315014,5964.45
13538,3315621,5965.54
13538,3315829,5965.54
13538,3316133,5965.54
13538,3316487,5965.54
13538,3316769,5965.54
13538,3317006,5965.54
13538,3317298,5965.54
13538,3317588,5965.54
13538,3317949,5965.54
13538,3318212,5965.54
13538,3318448,5965.54
13538,3318737,5965.54
13538,3319007,5965.54
13538,3319245,5965.54
13538,3319514,5965.54
13538,3319869,5965.54
13538,3320116,5965.54
13538,3320404,5965.54
13538,3320695,5965.54
13538,3321035,5965.54
13538,3321307,5965.54
13538,3321554,5965.54
13538,3321845,5965.54
13538,3322192,5965.54
13538,3322489,5965.54
13538,3322717,5965.54
13538,3323007,5965.54
13538,3323349,5965.54
13538,3324461,5965.54
13538,3337037,5965.54
13538,3355116,5965.54
13538,3374117,5965.54
13538,3393373,5964.61
13538,3412787,5964.61
13538,3432145,5964.65
13538,3451472,5964.65
13538,3471026,5964.63
13538,3490456,5964.63
13538,3510042,5964.63
13538,3529560,5964.63
13538,3549049,5964.63
13538,3568412,5964.6
13538,3587994,5964.6
13538,3607611,5964.62
13538,3627162,5964.62
13538,3647000,5964.62
13538,3666617,5964.71
13538,3686054,5964.71
13538,3705764,5964.65
13538,3725471,5964.65
13538,3745180,5964.69
13538,3765017,5964.69
13538,3784474,5964.61
13538,3804209,5964.61
13538,3823950,5964.61
13538,3843880,5964.54
13538,3863718,5964.54
13538,3883997,5964.48
13538,3904056,5964.48
13538,3924146,5964.53
13538,3943852,5964.53
13538,3964066,5964.5
13538,3983907,5964.5
13538,4004120,5964.5
13538,4024492,5964.51
13538,4044708,5964.51
13538,4064671,5964.52
13538,4084919,5964.52
13538,4104884,5964.49
13538,4124971,5964.49
13538,4144803,5964.49
13538,4164763,5964.51
13538,4184755,5964.51
13538,4204589,5964.5
13538,4224549,5964.5
13538,4244922,5964.51
13538,4264914,5964.51
13538,4284844,5964.49
13538,4304811,5964.49
13538,4324775,5964.49
13538,4344864,5964.35
13538,4364573,5964.35
13538,4384316,5964.33
13538,4404185,5964.33
13538,4423989,5964.37
13538,4443823,5964.37
13538,4463840,5964.36
13538,4483993,5964.36
13538,4503983,5964.36
13538,4523945,5964.45
13538,4544030,5964.45
13538,4564404,5964.3
13538,4584583,5964.3
13538,4604826,5964.31
13538,4624884,5964.31
13538,4644937,5964.31
13538,4664644,5964.26
13538,4684830,5964.26
13538,4704414,5964.3
13538,4724127,5964.3
13538,4743711,5964.24
13538,4763549,5964.24
13538,4783135,5964.24
13538,4803133,5964.24
13538,4823192,5964.24
13538,4843313,5964.2
13538,4863156,5964.2
13538,4883085,5964.21
13538,4903578,5964.21
13538,4923695,5964.21
13538,4943905,5964.21
13538,4964150,5964.21
13538,4984115,5964.11
13538,5004208,5964.11
13538,5024164,5964.11
13538,5043871,5964.11
13538,5063863,5964.07
13538,5083693,5964.07
13538,5083981,5964.07
13538,5084277,5964.14
13538,5095822,5964.14
13538,5106145,5965.54
13538,5106504,5965.54
13538,5106787,5965.54
13538,5108409,5965.54
13538,5117265,5965.54
13538,5117602,5965.54
13538,5117879,5965.54
13538,5118115,5965.54
13538,5118457,5965.54
13538,5118679,5965.54
13538,5118912,5965.54
13538,5119203,5965.54
13538,5119494,5965.54
13538,5124290,5965.54
13538,5137742,5965.54
13538,5154384,5965.54
13538,5160927,5963.89
13538,5161218,5963.89
13538,5161444,5965.54
13538,5161744,5965.54
13538,5169830,5965.54
13538,5188630,5965.54
13538,5208365,5965.54
13538,5211780,5963.87
13538,5212119,5963.87
13538,5212353,5965.54
13538,5225620,5965.54
13538,5244938,5963.94
13538,5264515,5963.94
13538,5284442,5963.94
13538,5303829,5964.76
13538,5323665,5964.76
13538,5343439,5964.5
13538,5363083,5964.5
13538,5382158,5964.57
13538,5401738,5964.57
13538,5421572,5964.51
13538,5441280,5964.51
13538,5460989,5964.51
13538,5480663,5964.42
13538,5500433,5964.42
13538,5520456,5964.51
13538,5540138,5964.51
13538,5559815,5964.55
13538,5579686,5964.55
13538,5599429,5964.55
13538,5619203,5964.53
13538,5639040,5964.53
13538,5658877,5964.52
13538,5678650,5964.52
13538,5698454,5964.46
13538,5718163,5964.46
13538,5737743,5964.54
13538,5757832,5964.54
13538,5777696,5964.54
13538,5797624,5964.51
13538,5817614,5964.51
13538,5838226,5964.51
13538,5858791,5964.51
13538,5879065,5964.55
13538,5899656,5964.55
13538,5920024,5964.59
13538,5940173,5964.59
13538,5959820,5964.59
13538,5979656,5964.51
13538,5999586,5964.51
13538,6019458,5964.46
13538,6039517,5964.46
13538,6059256,5964.55
13538,6079054,5964.55
13538,6098707,5964.55
13538,6118680,5964.55
13538,6138640,5964.55
13538,6158606,5964.55
13538,6178697,5964.55
13538,6198782,5964.52
13538,6219129,5964.52
13538,6239246,5964.53
13538,6259335,5964.53
13538,6279519,5964.53
13538,6299545,5964.5
13538,6319763,5964.5
13538,6339596,5964.51
13538,6359843,5964.51
13538,6379897,5964.55
13538,6400048,5964.55
13538,6420108,5964.59
13538,6440192,5964.59
13538,6460185,5964.59
13538,6480273,5964.49
13538,6500239,5964.49
13538,6519946,5964.55
13538,6539244,5964.55
13538,6559025,5964.51
13538,6578731,5964.51
13539,13853,5965.54
13539,21019,5964.64
13539,28318,5964.64
13539,35972,5964.57
13539,43653,5964.57
13539,47929,5964.57
13539,48214,5964.37
13539,49328,5964.37
13539,52372,5965.54
13539,52670,5965.54
13539,54760,5965.54
13539,59729,5965.54
13539,61606,5964.24
13539,61923,5964.24
13539,62213,5964.24
13539,62505,5965.54
13539,62794,5965.54
13539,63086,5965.54
13539,63375,5965.54
13539,63667,5965.54
13539,63939,5965.54
13539,64237,5965.54
13539,64528,5965.54
13539,64817,5965.54
13539,65100,5965.54
13539,65398,5965.54
13539,65634,5965.54
13539,65922,5965.54
13539,66213,5965.54
13539,66502,5965.54
13539,66782,5965.54
13539,67082,5965.54
13539,67373,5965.54
13539,67650,5965.54
13539,67945,5965.54
13539,68232,5965.54
13539,68521,5965.54
13539,68812,5965.54
13539,69083,5965.54
13539,69384,5965.54
13539,69668,5965.54
13539,69956,5965.54
13539,70235,5965.54
13539,70527,5965.54
13539,70811,5965.54
13539,71099,5965.54
13539,71398,5965.54
13539,71691,5965.54
13539,71977,5965.54
13539,72263,5965.54
13539,72518,5965.54
13539,72914,5965.54
13539,73205,5965.54
13539,73418,5965.54
13539,73646,5965.54
13539,73939,5965.54
13539,74284,5965.54
13539,74515,5965.54
13539,74809,5965.54
13539,75143,5965.54
13539,75446,5965.54
13539,75667,5965.54
13539,76022,5965.54
13539,76307,5965.54
13539,76524,5965.54
13539,76829,5965.54
13539,77171,5965.54
13539,77397,5965.54
13539,77688,5965.54
13539,77966,5965.54
13539,78311,5965.54
13539,78613,5965.54
13539,78846,5965.54
13539,79135,5965.54
13539,79428,5965.54
13539,79773,5965.54
13539,80062,5965.54
13539,80289,5965.54
13539,80639,5965.54
13539,80925,5965.54
13539,81162,5965.54
13539,81507,5965.54
13539,81715,5965.54
13539,82092,5965.54
13539,82306,5965.54
13539,82662,5965.54
13539,82947,5965.54
13539,83236,5965.54
13539,83470,5965.54
13539,83762,5965.54
13539,84049,5965.54
13539,84400,5965.54
13539,84685,5965.54
13539,84973,5965.54
13539,85186,5965.54
13539,85471,5965.54
13539,85760,5965.54
13539,85990,5965.54
13539,86279,5965.54
13539,86638,5965.54
13539,86849,5965.54
13539,87198,5965.54
13539,87438,5965.54
13539,87722,5965.54
13539,88071,5965.54
13539,88368,5965.54
13539,88584,5965.54
13539,88880,5965.54
13539,89220,5965.54
13539,89465,5965.54
13539,89758,5965.54
13539,90032,5965.54
13539,90394,5965.54
13539,90678,5965.54
13539,90899,5965.54
13539,91199,5965.54
13539,91485,5965.54
13539,91827,5965.54
13539,92066,5965.54
13539,92339,5965.54
13539,92641,5965.54
13539,92937,5965.54
13539,93216,5965.54
13539,93566,5965.54
13539,93853,5965.54
13539,94067,5965.54
13539,94434,5965.54
13539,94731,5965.54
13539,94995,5965.54
13539,95290,5965.54
13539,95526,5965.54
13539,95877,5965.54
13539,96105,5965.54
13539,96447,5965.54
13539,96689,5965.54
13539,96978,5965.54
13539,97194,5965.54
13539,97545,5965.54
13539,97836,5965.54
13539,98112,5965.54
13539,98349,5965.54
13539,98676,5965.54
13539,98911,5965.54
13539,99206,5965.54
13539,99503,5965.54
13539,99852,5965.54
13539,100072,5965.54
13539,100420,5965.54
13539,100717,5965.54
13539,100944,5965.54
13539,101235,5965.54
13539,101523,5965.54
13539,101877,5965.54
13539,102097,5965.54
13539,102384,5965.54
13539,102684,5965.54
13539,102970,5965.54
13539,103308,5965.54
13539,103606,5965.54
13539,103824,5965.54
13539,104127,5965.54
13539,104472,5965.54
13539,104759,5965.54
13539,105053,5965.54
13539,105288,5965.54
13539,105575,5965.54
13539,105930,5965.54
13539,106142,5965.54
13539,106441,5965.54
13539,106733,5965.54
13539,107076,5965.54
13539,107363,5965.54
13539,107658,5965.54
13539,107868,5965.54
13539,108177,5965.54
13539,108517,5965.54
13539,108746,5965.54
13539,108957,5965.54
13539,109255,5965.54
13539,109601,5965.54
13539,109894,5965.54
13539,110120,5965.54
13539,110392,5965.54
13539,110702,5965.54
13539,111039,5965.54
13539,111328,5965.54
13539,111558,5965.54
13539,111899,5965.54
13539,112157,5965.54
13539,112481,5965.54
13539,112784,5965.54
13539,113006,5965.54
13539,113289,5965.54
13539,113638,5965.54
13539,113937,5965.54
13539,114160,5965.54
13539,114440,5965.54
13539,114801,5965.54
13539,115032,5965.54
13539,115320,5965.54
13539,115669,5965.54
13539,115962,5965.54
13539,116191,5965.54
13539,116538,5965.54
13539,116762,5965.54
13539,117107,5965.54
13539,117343,5965.54
13539,117684,5965.54
13539,117981,5965.54
13539,118211,5965.54
13539,118481,5965.54
13539,118778,5965.54
13539,119084,5965.54
13539,119422,5965.54
13539,119719,5965.54
13539,119944,5965.54
13539,120231,5965.54
13539,120593,5965.54
13539,120877,5965.54
13539,121105,5965.54
13539,121389,5965.54
13539,121610,5965.54
13539,121951,5965.54
13539,122241,5965.54
13539,122528,5965.54
13539,122747,5965.54
13539,123056,5965.54
13539,123408,5965.54
13539,123693,5965.54
13539,123975,5965.54
13539,124198,5965.54
13539,124500,5965.54
13539,124780,5965.54
13539,125125,5965.54
13539,125425,5965.54
13539,125713,5965.54
13539,125925,5965.54
13539,126226,5965.54
13539,126555,5965.54
13539,126781,5965.54
13539,127088,5965.54
13539,127442,5965.54
13539,127734,5965.54
13539,127957,5965.54
13539,128246,5965.54
13539,128598,5965.54
13539,128885,5965.54
13539,129108,5965.54
13539,129437,5965.54
13539,129748,5965.54
13539,129967,5965.54
13539,130324,5965.54
13539,130540,5965.54
13539,130849,5965.54
13539,131129,5965.54
13539,131477,5965.54
13539,131772,5965.54
13539,132001,5965.54
13539,132334,5965.54
13539,132609,5965.54
13539,132869,5965.54
13539,133159,5965.54
13539,133422,5965.54
13539,133664,5965.54
13539,134007,5965.54
13539,134278,5965.54
13539,134579,5965.54
13539,134797,0
13539,135162,0
13539,135441,0
13539,135673,0
13539,135971,0
13539,136240,5965.54
13539,136543,5965.54
13539,136830,5965.54
13539,137172,5965.54
13539,137471,5965.54
13539,137694,5965.54
13539,137985,5965.54
13539,138269,5965.54
13539,138563,5965.54
13539,138851,5965.54
13539,139201,5965.54
13539,139464,5965.54
13539,139713,5965.54
13539,140005,5965.54
13539,140358,5965.54
13539,142960,5965.54
13539,147333,5965.54
13539,151821,5965.54
13539,156690,5964.31
13539,161657,5964.31
13539,166784,5964.31
13539,171893,5964.38
13539,177013,5964.38
13539,182267,5964.38
13539,187502,5964.38
13539,192890,5964.36
13539,198134,5964.36
13539,203403,5964.36
13539,208764,5964.51
13539,214009,5964.51
13539,219508,5964.44
13539,224933,5964.44
13539,231058,5964.47
13539,231332,5964.47
13539,231626,5965.54
13539,236751,5965.54
13539,244580,5965.54
13539,252491,5964.62
13539,260579,5964.62
13539,268618,5964.47
13539,276310,5964.47
13539,276606,5964.35
13539,276895,5964.35
13539,281946,5964.35
13539,282160,5965.54
13539,284731,5965.54
13539,299574,5965.54
13539,317493,5965.54
13539,335566,5964.19
13539,353613,5964.19
13539,371409,5964.19
13539,389276,5964.44
13539,407492,5964.44
13539,425577,5964.53
13539,443919,5964.53
13539,462384,5964.41
13539,480970,5964.41
13539,499408,5964.52
13539,518340,5964.52
13539,537150,5964.52
13539,555706,5964.57
13539,574298,5964.57
13539,592956,5964.46
13539,611764,5964.46
13539,630450,5964.39
13539,649264,5964.39
13539,667733,5964.48
13539,686521,5964.48
13539,705406,5964.48
13539,724285,5964.39
13539,743226,5964.39
13539,6663608,5964.5
13539,6683697,5964.5
13539,6703931,5964.5
13539,6724268,5964.41
13539,6744382,5964.41
13539,6750074,5964.53
13539,6750365,5964.53
13539,6754229,5965.54
13539,6772275,5965.54
13539,6792252,5965.54
13539,6812340,5964.68
13539,6832393,5964.68
13539,6851874,5964.43
13539,6872050,5964.43
13539,6891690,5964.36
13539,6911775,5964.36
13539,6931759,5964.36
13539,6951468,5964.36
13539,6971331,5964.36
13539,6991417,5964.53
13539,7011531,5964.53
13539,7031203,5964.39
13539,7050904,5964.39
13539,7070642,5964.41
13539,7090535,5964.41
13539,7110841,5964.48
13539,7130672,5964.48
13539,7150628,5964.48
13539,7170521,5964.39
13539,7190729,5964.39
13539,7210935,5964.39
13539,7231272,5964.39
13539,7251510,5964.45
13539,7271747,5964.45
13539,7291705,5964.45
13539,762038,5964.46
13539,781043,5964.46
13539,800200,5964.39
13539,819645,5964.39
13539,838586,5964.39
13539,857912,5964.46
13539,877134,5964.46
13539,896322,5964.44
13539,915516,5964.44
13539,934707,5964.43
13539,954310,5964.43
13539,973747,5964.46
13539,992974,5964.46
13539,1012329,5964.46
13539,1031490,5964.43
13539,1050559,5964.43
13539,1070038,5964.49
13539,1089202,5964.49
13539,1108430,5964.39
13539,1127628,5964.39
13539,1146791,5964.51
13539,1165859,5964.51
13539,1185093,5964.51
13539,1204166,5964.49
13539,1223396,5964.49
13539,1242431,5964.39
13539,1261506,5964.39
13539,1280827,5964.54
13539,1300122,5964.54
13539,1319474,5964.54
13539,1337530,5964.38
13539,1337778,5964.38
13539,1339830,5964.46
13539,1354418,5964.46
13539,1374636,5964.56
13539,1395070,5964.56
13539,7311224,5964.54
13539,7330992,5964.54
13539,7350697,5964.45
13539,7370654,5964.45
13539,7390578,5964.4
13539,7410594,5964.4
13539,7430303,5964.53
13539,7449947,5964.53
13539,7469745,5964.53
13539,7489673,5964.49
13539,7509661,5964.49
13539,7529394,5964.34
13539,7548971,5964.34
13539,7568958,5964.41
13539,7588915,5964.41
13539,7609253,5964.41
13539,7629497,5964.59
13539,7649853,5964.59
13539,7669812,5964.31
13539,7689893,5964.31
13539,7709752,5964.51
13539,7729648,5964.51
13539,7749285,5964.46
13539,7769212,5964.46
13539,7789107,5964.46
13539,7808877,5964.39
13539,7828928,5964.39
13539,7848792,5964.38
13539,7868559,5964.38
13539,7888170,5964.47
13539,7907620,5964.47
13539,7927358,5964.34
13539,7946934,5964.34
13539,7966637,5964.34
13539,7986726,5964.54
13539,8006617,5964.54
13539,8026516,5964.43
13539,8034484,5964.43
13539,8034771,5964.43
13539,8035055,5964.43
13539,8035405,5964.43
13539,8043423,5965.54
13539,8062733,5965.54
13539,8082331,5964.68
13539,8102161,5964.68
13539,8122018,5964.48
13539,8142104,5964.48
13539,8161935,5964.5
13539,8182177,5964.5
13539,8202131,5964.5
13539,8222246,5964.43
13539,8242329,5964.43
13539,8262448,5964.41
13539,8282656,5964.41
13539,8302922,5964.45
13539,8323161,5964.45
13539,8343179,5964.45
13539,8362909,5964.44
13539,8382735,5964.44
13539,8402692,5964.41
13539,8422400,5964.41
13539,8441664,5964.57
13539,8461460,5964.57
13539,8480914,5964.34
13539,8500362,5964.34
13539,8519966,5964.34
13539,8539921,5964.48
13539,8559594,5964.48
13539,8579240,5964.45
13539,8599073,5964.45
13539,8619190,5964.53
13539,8639368,5964.53
13539,8659487,5964.42
13539,8679443,5964.42
13539,8699404,5964.42
13539,8719483,5964.4
13539,8739596,5964.4
13539,8759457,5964.44
13539,8779667,5964.44
13539,8799629,5964.45
13539,8819871,5964.45
13539,8840071,5964.45
13539,8860453,5964.48
13539,8880913,5964.48
13539,8901430,5964.44
13539,8921804,5964.44
13539,8941919,5964.49
13539,8962317,5964.49
13539,8982641,5964.4
13539,9002657,5964.4
13539,9022859,5964.4
13539,9043091,5964.47
13539,9063051,5964.47
13539,9083037,5964.47
13539,9103119,5964.47
13539,9123103,5964.42
13539,9142812,5964.42
13539,9162641,5964.42
13539,9182190,5964.41
13539,9201930,5964.41
13539,9221574,5964.48
13539,9241368,5964.48
13539,9261194,5964.37
13539,9281281,5964.37
13539,9301518,5964.37
13539,9321627,5964.47
13539,9341857,5964.47
13539,9362411,5964.54
13539,9383057,5964.54
13539,9403352,5964.45
13539,9423116,5964.45
13539,9442820,5964.44
13539,9462687,5964.44
13539,9482389,5964.44
13539,9502001,5964.45
13539,9521803,5964.45
13539,9541542,5964.49
13539,9561373,5964.49
13539,9581707,5964.43
13539,9602070,5964.43
13539,9622433,5964.49
13539,9642898,5964.49
13539,9663641,5964.49
13539,9683813,5964.36
13539,9704078,5964.36
13539,9724696,5964.46
13539,9744845,5964.46
13539,9765276,5964.47
13539,9785633,5964.47
13539,9805782,5964.47
13539,9825924,5964.39
13539,9845914,5964.39
13539,9866153,5964.38
13539,9886226,5964.38
13539,9906715,5964.45
13539,9926922,5964.45
13539,9947350,5964.45
13539,9967518,5964.47
13539,9987350,5964.47
13539,10007710,5964.47
13539,10027568,5964.47
13539,10047241,5964.55
13539,10066597,5964.55
13539,10085981,5964.31
13539,10096533,5964.31
13539,1414854,5964.13
13539,1434048,5964.13
13539,1453497,5964.13
13539,1473169,5964.4
13539,1492422,5964.4
13539,1511873,5964.57
13539,1531192,5964.57
13539,1550830,5964.48
13539,1570251,5964.48
13539,1590085,5964.48
13539,1609658,5964.44
13539,1629104,5964.44
13539,1648459,5964.67
13539,1667782,5964.67
13539,1687233,5964.43
13539,1706930,5964.43
13539,1726536,5964.44
13539,1745854,5964.44
13539,1765581,5964.44
13539,1785221,5964.5
13539,1804983,5964.5
13539,1824968,5964.5
13539,1844445,5964.5
13539,1864015,5964.26
13539,1883342,5964.26
13539,1903011,5964.55
13539,1922870,5964.55
13539,1942603,5964.55
13539,1962432,5964.35
13539,1982157,5964.35
13539,2001666,5964.46
13539,2021175,5964.46
13539,2040715,5964.4
13539,2060484,5964.4
13539,2080278,5964.6
13539,2100072,5964.6
13539,2119871,5964.6
13539,2139575,5964.51
13539,2159056,5964.51
13539,2178753,5964.39
13539,2198329,5964.39
13539,2218062,5964.39
13539,2237891,5964.39
13539,2257592,5964.39
13539,2276917,5964.4
13539,2296396,5964.4
13539,2316224,5964.48
13539,2336180,5964.48
13539,2355911,5964.51
13539,2375901,5964.51
13539,2395796,5964.39
13539,2415556,5964.39
13539,2435665,5964.39
13539,2455364,5964.39
13539,2475000,5964.39
13539,2494913,5964.59
13539,2514962,5964.59
13539,2535009,5964.47
13539,2554936,5964.47
13539,2574794,5964.49
13539,2594619,5964.49
13539,2614477,5964.49
13539,2634055,5964.38
13539,2654132,5964.38
13539,2674120,5964.42
13539,2693952,5964.42
13539,2713910,5964.44
13539,2734025,5964.44
13539,2753847,5964.44
13539,2773956,5964.42
13539,2793779,5964.42
13539,2813389,5964.43
13539,2833395,5964.43
13539,2853187,5964.46
13539,2873017,5964.46
13539,2892623,5964.44
13539,2912454,5964.44
13539,2938815,5964.44
13539,2958263,5964.45
13539,2977741,5964.45
13539,2997665,5964.38
13539,3017114,5964.38
13539,3036882,5964.51
13539,3056463,5964.51
13539,3076169,5964.39
13539,3095623,5964.39
13539,3115169,5964.39
13539,3134644,5964.38
13539,3154310,5964.38
13539,3173947,5964.43
13539,3193808,5964.43
13539,3213258,5964.48
13539,3233123,5964.48
13539,3236348,5964.37
13539,3236642,5964.37
13539,3236880,5964.37
13539,3246612,5965.54
13539,3250590,5965.54
13539,3250875,5964.44
13539,3251165,5964.44
13539,3256787,5965.54
13539,3275393,5965.54
13539,3295090,5965.54
13539,3314377,5964.3
13539,3333981,5964.3
13539,3353210,5964.47
13539,3372822,5964.47
13539,3392210,5964.39
13539,3411788,5964.39
13539,3431264,5964.38
13539,3450967,5964.38
13539,3470702,5964.38
13539,3490404,5964.31
13539,3509918,5964.31
13539,3529685,5964.46
13539,3549298,5964.46
13539,3568875,5964.49
13539,3588711,5964.49
13539,3608412,5964.49
13539,3628265,5964.52
13539,3647845,5964.52
13539,3667666,5964.36
13539,3687398,5964.36
13539,3706847,5964.41
13539,3726268,5964.41
13539,3746314,5964.4
13539,3765734,5964.4
13539,3785437,5964.4
13539,3804924,5964.46
13539,3824750,5964.46
13539,3844322,5964.53
13539,3863962,5964.53
13539,3883884,5964.51
13539,3903835,5964.51
13539,3923886,5964.51
13539,3943807,5964.46
13539,3963603,5964.46
13539,3972326,5964.38
13539,3972606,5964.38
13539,3972891,5965.54
13539,3973185,5965.54
13539,3973474,5965.54
13539,3973767,5965.54
13539,3973976,5965.54
13539,3974349,5965.54
13539,3986391,5965.54
13539,4005439,5965.54
13539,4025134,5965.54
13539,4030923,5964.41
13539,4031204,5964.41
13539,4031489,5964.41
13539,4031776,5965.54
13539,4032059,5965.54
13539,4032343,5965.54
13539,4032648,5965.54
13539,4032927,5965.54
13539,4033166,5965.54
13539,4033501,5965.54
13539,4033745,5965.54
13539,4034040,5965.54
13539,4034329,5965.54
13539,4034672,5965.54
13539,4040892,5965.54
13539,4058418,5965.54
13539,4077129,5964.8
13539,4096196,5964.8
13539,4115578,5964.8
13539,4134966,5964.3
13539,4154416,5964.3
13539,4173744,5964.48
13539,4193166,5964.48
13539,4212804,5964.47
13539,4232257,5964.47
13539,4251706,5964.48
13539,4271253,5964.48
13539,4290952,5964.48
13539,4310938,5964.41
13539,4330671,5964.41
13539,4350496,5964.43
13539,4370350,5964.43
13539,4390080,5964.4
13539,4409783,5964.4
13539,4429763,5964.4
13539,4449591,5964.52
13539,4469458,5964.52
13539,4489416,5964.49
13539,4509248,5964.49
13539,4529108,5964.4
13539,4548656,5964.4
13539,4568706,5964.41
13539,4588601,5964.41
13539,4608300,5964.41
13539,4627906,5964.42
13539,4647860,5964.42
13539,4667846,5964.4
13539,4687640,5964.4
13539,4707780,5964.39
13539,4727708,5964.39
13539,4747717,5964.39
13539,4767803,5964.44
13539,4787847,5964.44
13539,4807638,5964.49
13539,4827721,5964.49
13539,4847803,5964.49
13539,4868016,5964.49
13539,4887472,5964.56
13539,4907272,5964.56
13539,4927169,5964.56
13539,4947186,5964.47
13539,4966955,5964.47
13539,4986937,5964.44
13539,5006897,5964.44
13539,5026669,5964.39
13539,5046471,5964.39
13539,5066238,5964.34
13539,5086357,5964.34
13539,5106349,5964.34
13539,5126052,5964.46
13539,5145824,5964.46
13539,5165491,5964.43
13539,5185075,5964.43
13539,5204721,5964.41
13539,5224773,5964.41
13539,5244225,5964.41
13539,5264311,5964.36
13539,5284144,5964.36
13539,5304134,5964.5
13539,5324095,5964.5
13539,5344021,5964.47
13539,5364295,5964.47
13539,5384375,5964.43
13539,5404108,5964.43
13539,5423939,5964.43
13539,5443764,5964.43
13539,5463631,5964.43
13539,5483718,5964.39
13539,5503427,5964.39
13539,5523386,5964.41
13539,5543249,5964.41
13539,5563324,5964.41
13539,5583684,5964.38
13539,5604144,5964.38
13539,5624506,5964.5
13539,5644742,5964.5
13539,5665104,5964.42
13539,5685308,5964.42
13539,5705922,5964.41
13539,5725786,5964.41
13539,5746120,5964.41
13539,5766463,5964.39
13539,5786698,5964.39
13539,5807027,5964.44
13539,5826760,5964.44
13539,5846688,5964.5
13539,5866679,5964.5
13539,5886700,5964.5
13539,5906623,5964.49
13539,5926235,5964.49
13539,5945813,5964.48
13539,5965773,5964.48
13539,5985827,5964.47
13539,6005807,5964.47
13539,6026162,5964.44
13539,6046653,5964.44
13539,6066891,5964.44
13539,6087000,5964.37
13539,6107210,5964.37
13539,6127041,5964.5
13539,6146997,5964.5
13539,6166706,5964.45
13539,6186696,5964.45
13539,6206401,5964.64
13539,6226326,5964.64
13539,6246066,5964.64
13539,6265840,5964.45
13539,6285642,5964.45
13539,6305219,5964.49
13539,6324828,5964.49
13539,6344884,5964.51
13539,6364620,5964.51
13539,6384422,5964.51
13539,6404157,5964.45
13539,6423701,5964.45
13539,6443569,5964.44
13539,6463654,5964.44
13539,6483672,5964.49
13539,6503531,5964.49
13539,6523392,5964.37
13539,6543412,5964.37
13539,6563214,5964.37
13539,6583295,5964.54
13539,6603124,5964.54
13539,6623362,5964.47
13539,6643376,5964.47
13540,48736,5964.35
13540,68344,5964.35
13540,88241,5964.45
13540,108007,5964.45
13540,127714,5964.45
13540,147449,5964.51
13540,167154,5964.51
13540,187112,5964.38
13540,206714,5964.38
13540,226423,5964.37
13540,246575,5964.37
13540,266565,5964.59
13540,286458,5964.59
13540,306415,5964.59
13540,326250,5964.45
13540,346108,5964.45
13540,365555,5964.44
13540,385640,5964.44
13540,405749,5964.48
13540,425828,5964.48
13540,445906,5964.48
13540,466044,5964.45
13540,486256,5964.45
13540,506090,5964.5
13540,526175,5964.5
13540,546383,5964.39
13540,557670,5964.39
13540,557955,5964.39
13540,558246,5964.45
13540,558593,5964.45
13540,558821,5965.54
13540,559106,5965.54
13540,559389,5965.54
13540,559684,5965.54
13540,562132,5965.54
13540,577763,5965.54
13540,598051,5965.54
13540,618515,5964.67
13540,638562,5964.67
13540,6560390,5964.47
13540,6580852,5964.47
13540,6600955,5964.43
13540,6621695,5964.43
13540,6641904,5964.4
13540,6662083,5964.4
13540,6682477,5964.41
13540,6702711,5964.41
13540,6722919,5964.41
13540,6742778,5964.41
13540,6762572,5964.41
13540,6782436,5964.49
13540,6786493,5964.49
13540,6786728,5964.4
13540,6787016,5964.4
13540,6787369,5965.54
13540,6790955,5965.54
13540,6807935,5965.54
13540,6827448,5965.54
13540,6847016,5965.54
13540,6866879,5964.57
13540,6886957,5964.57
13540,6907264,5964.44
13540,6927026,5964.44
13540,6946981,5964.44
13540,6966846,5964.52
13540,6986553,5964.52
13540,7006448,5964.4
13540,7026248,5964.4
13540,7045794,5964.55
13540,7054477,5964.55
13540,7054826,5964.49
13540,7055119,5964.49
13540,7067608,5964.49
13540,7087295,5965.54
13540,7106996,5965.54
13540,7126911,5964.33
13540,7146366,5964.33
13540,7165881,5964.38
13540,7185802,5964.38
13540,7193363,5964.48
13540,7193663,5964.48
13540,7197372,5964.48
13540,658390,5964.4
13540,678285,5964.4
13540,697802,5964.31
13540,717223,5964.31
13540,736643,5964.49
13540,756316,5964.49
13540,775924,5964.49
13540,795597,5964.47
13540,815176,5964.47
13540,834912,5964.43
13540,854991,5964.43
13540,874827,5964.5
13540,895072,5964.5
13540,914999,5964.5
13540,935134,5964.4
13540,955314,5964.4
13540,975581,5964.36
13540,996195,5964.36
13540,1016565,5964.52
13540,1036771,5964.52
13540,1057110,5964.52
13540,1077473,5964.38
13540,1097433,5964.38
13540,1117389,5964.49
13540,1137506,5964.49
13540,1157466,5964.37
13540,1176983,5964.37
13540,1196755,5964.52
13540,1216712,5964.52
13540,1236575,5964.52
13540,1256151,5964.37
13540,1261835,5964.37
13540,1262126,5964.46
13540,1262414,5964.46
13540,1262754,5965.54
13540,1262972,5965.54
13540,1263280,5965.54
13540,1263622,5965.54
13540,1272730,5965.54
13540,1291862,5965.54
13540,1311621,5965.54
13540,7215812,5965.54
13540,7237088,5965.54
13540,7257916,5964.22
13540,7278144,5964.22
13540,7297874,5964.54
13540,7317698,5964.54
13540,7337902,5964.54
13540,7358270,5964.5
13540,7378292,5964.5
13540,7398561,5964.48
13540,7418712,5964.48
13540,7438924,5964.38
13540,7459005,5964.38
13540,7479015,5964.47
13540,7498967,5964.47
13540,7518953,5964.47
13540,7538720,5964.52
13540,7558739,5964.52
13540,7578444,5964.47
13540,7598494,5964.47
13540,7618324,5964.41
13540,7638339,5964.41
13540,7658102,5964.42
13540,7678458,5964.42
13540,7698717,5964.42
13540,7718798,5964.49
13540,7739068,5964.49
13540,7759304,5964.38
13540,7779789,5964.38
13540,7800015,5964.29
13540,7820476,5964.29
13540,7840838,5964.29
13540,7861074,5964.43
13540,7881338,5964.43
13540,7901389,5964.4
13540,7921088,5964.4
13540,7941106,5964.44
13540,7961159,5964.44
13540,7981116,5964.38
13540,8000944,5964.38
13540,8020929,5964.38
13540,8041044,5964.47
13540,8060747,5964.47
13540,8080707,5964.46
13540,8100793,5964.46
13540,8120593,5964.52
13540,8140612,5964.52
13540,8160319,5964.36
13540,8180559,5964.36
13540,8200640,5964.36
13540,8220906,5964.44
13540,8240737,5964.44
13540,8261068,5964.45
13540,8280987,5964.45
13540,8300753,0
13540,8320961,0
13540,8340695,0
13540,8360907,0
13540,8381014,0
13540,8400840,5964.38
13540,8421398,5964.38
13540,8441792,5964.5
13540,8462151,5964.5
13540,8482644,5964.5
13540,8503370,5964.52
13540,8523854,5964.52
13540,8544206,5964.42
13540,8564569,5964.42
13540,8585050,5964.38
13540,8605440,5964.38
13540,8625680,5964.42
13540,8645886,5964.42
13540,8666058,5964.42
13540,8686234,5964.43
13540,8706255,5964.43
13540,8726613,5964.4
13540,8746571,5964.4
13540,8766526,5964.4
13540,8786262,5964.4
13540,8806093,5964.4
13540,8825796,5964.46
13540,8845915,5964.46
13540,8865616,5964.51
13540,8885450,5964.51
13540,8905410,5964.47
13540,8925119,5964.47
13540,8944826,5964.53
13540,8964531,5964.53
13540,8984525,5964.53
13540,9004574,5964.47
13540,9024594,5964.47
13540,9044549,5964.47
13540,9064719,5964.47
13540,9084582,5964.41
13540,9104667,5964.41
13540,9124713,5964.41
13540,9145044,5964.65
13540,9165507,5964.65
13540,9185743,5964.41
13540,9206446,5964.41
13540,9226802,5964.47
13540,9247194,5964.47
13540,9267394,5964.5
13540,9288006,5964.5
13540,9308020,5964.5
13540,9327947,5964.41
13540,9347827,5964.41
13540,9367685,5964.53
13540,9387580,5964.53
13540,9407558,5964.39
13540,9427517,5964.39
13540,9447503,5964.45
13540,9467333,5964.45
13540,9487223,5964.45
13540,9507148,5964.45
13540,9527228,5964.45
13540,9547590,5964.37
13540,9567828,5964.37
13540,9587659,5964.49
13540,9607585,5964.49
13540,9627790,5964.29
13540,9647552,5964.29
13540,9667786,5964.29
13540,9688386,5964.46
13540,9708681,5964.46
13540,9729140,5964.39
13540,9748936,5964.39
13540,9768517,5964.48
13540,9788318,5964.48
13540,9807899,5964.48
13540,9827914,5964.45
13540,9847653,5964.45
13540,9867354,5964.54
13540,9887312,5964.54
13540,9907397,5964.56
13540,9927356,5964.56
13540,9947344,5964.42
13540,9967421,5964.42
13540,9987536,5964.42
13540,10007366,5964.46
13540,10027284,5964.46
13540,10047576,5964.44
13540,10051280,5964.44
13540,1331478,5964.35
13540,1351184,5964.35
13540,1370887,5964.41
13540,1390873,5964.41
13540,1410953,5964.41
13540,1431184,5964.46
13540,1451265,5964.46
13540,1471339,5964.51
13540,1491326,5964.51
13540,1511190,5964.48
13540,1531115,5964.48
13540,1550753,5964.44
13540,1570428,5964.44
13540,1590289,5964.44
13540,1609746,5964.41
13540,1629453,5964.41
13540,1649158,5964.52
13540,1668863,5964.52
13540,1688598,5964.39
13540,1708309,5964.39
13540,1728509,5964.39
13540,1748499,5964.43
13540,1768200,5964.43
13540,1787904,5964.47
13540,1807895,5964.47
13540,1827750,5964.56
13540,1847702,5964.56
13540,1867912,5964.46
13540,1888583,5964.46
13540,1909009,5964.46
13540,1929497,5964.51
13540,1949980,5964.51
13540,1970437,5964.42
13540,1990677,5964.42
13540,2010289,5964.34
13540,2029716,5964.34
13540,2048918,5964.34
13540,2068655,5964.49
13540,2088324,5964.49
13540,2108282,5964.47
13540,2128080,5964.47
13540,2148001,5964.45
13540,2167958,5964.45
13540,2188173,5964.49
13540,2208253,5964.49
13540,2228244,5964.49
13540,2248166,5964.4
13540,2252704,5964.4
13540,2253009,5964.49
13540,2253356,5964.49
13540,2253646,5965.54
13540,2253870,5965.54
13540,2254212,5965.54
13540,2254507,5965.54
13540,2254723,5965.54
13540,2255028,5965.54
13540,2255360,5965.54
13540,2255601,5965.54
13540,2258607,5965.54
13540,2273740,5965.54
13540,2293314,5965.54
13540,2313007,5965.54
13540,2332267,5964.33
13540,2351968,5964.33
13540,2371770,5964.45
13540,2391785,5964.45
13540,2411330,5964.48
13540,2431033,5964.48
13540,2451023,5964.46
13540,2471233,5964.46
13540,2491316,5964.46
13540,2511682,5964.41
13540,2531794,5964.41
13540,2551809,5964.53
13540,2571573,5964.53
13540,2591407,5964.53
13540,2611399,5964.53
13540,2630975,5964.53
13540,2651086,5964.47
13540,2671167,5964.47
13540,2691128,5964.53
13540,2711237,5964.53
13540,2731187,5964.39
13540,2751172,5964.39
13540,2771193,5964.51
13540,2791088,5964.51
13540,2810825,5964.51
13540,2830405,5964.51
13540,2850238,5964.51
13540,2869696,5964.42
13540,2889527,5964.42
13540,2909803,5964.46
13540,2930007,5964.46
13540,2950337,5964.39
13540,2970579,5964.39
13540,2990820,5964.39
13540,3011185,5964.4
13540,3031737,5964.4
13540,3052096,5964.53
13540,3072587,5964.53
13540,3093042,5964.54
13540,3113535,5964.54
13540,3133900,5964.54
13540,3154361,5964.48
13540,3174856,5964.48
13540,3195314,5964.53
13540,3215678,5964.53
13540,3235785,5964.47
13540,3255745,5964.47
13540,3275486,5964.41
13540,3295409,5964.41
13540,3315147,5964.41
13540,3334791,5964.43
13540,3354910,5964.43
13540,3375018,5964.43
13540,3395007,5964.43
13540,3415397,5964.5
13540,3435951,5964.5
13540,3456195,5964.43
13540,3476336,5964.43
13540,3496506,5964.43
13540,3516997,5964.48
13540,3537201,5964.48
13540,3557277,5964.4
13540,3577611,5964.4
13540,3598347,5964.59
13540,3618611,5964.59
13540,3639072,5964.59
13540,3659462,5964.36
13540,3679827,5964.36
13540,3700248,5964.37
13540,3720391,5964.37
13540,3740591,5964.47
13540,3761019,5964.47
13540,3780662,5964.34
13540,3800498,5964.34
13540,3820104,5964.34
13540,3840024,5964.48
13540,3859636,5964.48
13540,3879492,5964.3
13540,3899573,5964.3
13540,3919305,5964.51
13540,3938755,5964.51
13540,3958333,5964.44
13540,3978072,5964.44
13540,3997969,5964.44
13540,4017735,5964.42
13540,4037693,5964.42
13540,4057778,5964.51
13540,4077834,5964.51
13540,4097850,5964.56
13540,4118081,5964.56
13540,4136253,5964.56
13540,4136572,5964.39
13540,4136847,5964.39
13540,4139516,5965.54
13540,4154369,5965.54
13540,4174753,5964.57
13540,4195972,5964.57
13540,4216691,5964.37
13540,4236927,5964.37
13540,4256877,5964.37
13540,4276988,5964.5
13540,4297194,5964.5
13540,4317529,5964.36
13540,4337511,5964.36
13540,4357362,5964.51
13540,4377350,5964.51
13540,4397313,5964.51
13540,4417396,5964.4
13540,4437356,5964.4
13540,4457374,5964.29
13540,4477552,5964.29
13540,4497665,5964.43
13540,4517618,5964.43
13540,4537733,5964.47
13540,4558132,5964.47
13540,4578433,5964.47
13540,4598649,5964.45
13540,4618606,5964.45
13540,4638837,5964.46
13540,4658859,5964.46
13540,4678818,5964.5
13540,4699119,5964.5
13540,4719259,5964.47
13540,4739309,5964.47
13540,4759138,5964.47
13540,4779001,5964.47
13540,4798952,5964.47
13540,4818939,5964.42
13540,4838772,5964.42
13540,4858730,5964.45
13540,4878592,5964.45
13540,4898615,5964.44
13540,4918512,5964.44
13540,4938471,5964.44
13540,4958243,5964.43
13540,4978294,5964.43
13540,4997997,5964.42
13540,5017829,5964.42
13540,5037817,5964.5
13540,5057835,5964.5
13540,5078007,5964.5
13540,5098245,5964.47
13540,5118294,5964.47
13540,5138152,5964.45
13540,5158139,5964.45
13540,5178221,5964.45
13540,5198077,5964.45
13540,5218031,5964.45
13540,5238211,5964.45
13540,5258233,5964.45
13540,5278251,5964.4
13540,5298552,5964.4
13540,5319037,5964.45
13540,5339645,5964.45
13540,5360252,5964.39
13540,5380484,5964.39
13540,5401063,5964.39
13540,5421171,5964.44
13540,5441562,5964.44
13540,5461487,5964.42
13540,5481465,5964.42
13540,5501043,5964.43
13540,5520687,5964.43
13540,5540486,5964.49
13540,5560193,5964.49
13540,5579767,5964.49
13540,5599633,5964.5
13540,5619179,5964.5
13540,5638886,5964.38
13540,5658718,5964.38
13540,5678722,5964.37
13540,5698684,5964.37
13540,5718642,5964.37
13540,5738216,5964.38
13540,5758012,5964.38
13540,5778028,5964.56
13540,5797610,5964.56
13540,5817597,5964.48
13540,5837301,5964.48
13540,5856882,5964.39
13540,5876872,5964.39
13540,5896953,5964.39
13540,5917365,5964.51
13540,5937789,5964.51
13540,5957891,5964.37
13540,5978189,5964.37
13540,5998462,5964.4
13540,6018541,5964.4
13540,6038650,5964.56
13540,6058921,5964.56
13540,6079341,5964.56
13540,6099571,5964.44
13540,6119622,5964.44
13540,6139642,5964.47
13540,6159721,5964.47
13540,6179584,5964.47
13540,6199198,5964.47
13540,6219000,5964.47
13540,6238828,5964.53
13540,6258691,5964.53
13540,6278802,5964.42
13540,6299109,5964.42
13540,6318848,5964.4
13540,6338677,5964.4
13540,6358503,5964.43
13540,6378305,5964.43
13540,6398229,5964.43
13540,6418438,5964.31
13540,6438237,5964.31
13540,6458311,5964.44
13540,6478701,5964.44
13540,6498933,5964.51
13540,6519416,5964.51
13540,6540028,5964.47
13541,48855,5964.47
13541,69185,5964.47
13541,89332,5964.42
13541,109407,5964.42
13541,129641,5964.42
13541,149875,5964.43
13541,170380,5964.43
13541,190705,5964.46
13541,210867,5964.46
13541,231150,5964.43
13541,251384,5964.43
13541,271896,5964.5
13541,292068,5964.5
13541,312768,5964.5
13541,333088,5964.33
13541,353603,5964.33
13541,374055,5964.4
13541,394485,5964.4
13541,414245,5964.47
13541,433916,5964.47
13541,453493,5964.47
13541,473318,5964.36
13541,492803,5964.36
13541,512764,5964.52
13541,532619,5964.52
13541,552542,5964.44
13541,573034,5964.44
13541,592888,5964.39
13541,613087,5964.39
13541,633468,5964.39
13541,6534181,5964.45
13541,6554229,5964.4
13541,6574211,5964.4
13541,6594043,5964.39
13541,6614150,5964.39
13541,6634137,5964.32
13541,6654242,5964.32
13541,6674189,5964.32
13541,6694551,5964.45
13541,6714498,5964.45
13541,6734195,5964.39
13541,6754430,5964.39
13541,6774506,5964.34
13541,6794361,5964.34
13541,6814595,5964.34
13541,6834550,5964.35
13541,6854908,5964.35
13541,6874892,5964.48
13541,6895092,5964.48
13541,6915078,5964.48
13541,6935029,5964.48
13541,6955162,5964.48
13541,6975393,5964.4
13541,6995569,5964.4
13541,7015868,5964.44
13541,7036167,5964.44
13541,7056045,5964.47
13541,7076093,5964.47
13541,7096300,5964.41
13541,7116308,5964.41
13541,7136534,5964.41
13541,7156732,5964.36
13541,7176585,5964.36
13541,653948,5964.45
13541,674082,5964.45
13541,694259,5964.33
13541,714615,5964.33
13541,734944,5964.48
13541,755308,5964.48
13541,775639,5964.48
13541,795803,5964.43
13541,815873,5964.43
13541,835730,5964.46
13541,855833,5964.46
13541,876106,5964.46
13541,896235,5964.46
13541,916246,5964.54
13541,936696,5964.54
13541,956680,5964.54
13541,976823,5964.43
13541,996960,5964.43
13541,1016813,5964.52
13541,1036641,5964.52
13541,1056619,5964.44
13541,1076569,5964.44
13541,1096429,5964.44
13541,1115878,5964.44
13541,1135363,5964.44
13541,1155068,5964.4
13541,1174643,5964.4
13541,1194223,5964.38
13541,1214048,5964.38
13541,1233785,5964.38
13541,1253737,5964.21
13541,1274005,5964.21
13541,1294206,5964.39
13541,7196912,5964.46
13541,7217008,5964.46
13541,7236989,5964.47
13541,7257213,5964.47
13541,7277068,5964.51
13541,7297014,5964.51
13541,7317247,5964.51
13541,7337456,5964.46
13541,7357442,5964.46
13541,7377646,5964.33
13541,7397629,5964.33
13541,7417679,5964.39
13541,7438078,5964.39
13541,7458029,5964.39
13541,7478104,5964.43
13541,7497862,5964.43
13541,7517935,5964.33
13541,7538036,5964.33
13541,7558175,5964.54
13541,7578401,5964.54
13541,7598320,5964.54
13541,7618333,5964.47
13541,7638504,5964.47
13541,7658454,5964.31
13541,7678656,5964.31
13541,7699012,5964.48
13541,7719153,5964.48
13541,7739892,5964.4
13541,7760238,5964.4
13541,7780997,5964.4
13541,7801349,5964.39
13541,7821736,5964.39
13541,7831662,5964.37
13541,7831950,5964.37
13541,7832281,5965.54
13541,7832517,5965.54
13541,7832811,5965.54
13541,7833166,5965.54
13541,7833395,5965.54
13541,7833725,5965.54
13541,7833970,5965.54
13541,7839130,5965.54
13541,7857517,5965.54
13541,7877404,5965.54
13541,7897128,5963.84
13541,7916798,5963.84
13541,7936842,5964.44
13541,7956977,5964.44
13541,7976582,5964.51
13541,7996279,5964.51
13541,8016299,5964.38
13541,8036093,5964.38
13541,8055505,5964.38
13541,8075137,5964.41
13541,8094840,5964.41
13541,8114667,5964.44
13541,8134776,5964.44
13541,8154475,5964.45
13541,8174202,5964.45
13541,8194408,5964.45
13541,8214295,5964.44
13541,8234344,5964.44
13541,8254192,5964.52
13541,8274234,5964.52
13541,8294344,5964.36
13541,8314474,5964.36
13541,8334818,5964.36
13541,8354919,5964.44
13541,8375150,5964.44
13541,8395299,5964.43
13541,8415158,5964.43
13541,8435330,5964.53
13541,8455787,5964.53
13541,8476083,5964.43
13541,8496467,5964.43
13541,8516475,5964.43
13541,8536651,5964.31
13541,8556663,5964.31
13541,8576768,5964.41
13541,8596994,5964.41
13541,8617193,5964.4
13541,8637303,5964.4
13541,8656871,5964.4
13541,8676732,5964.44
13541,8696371,5964.44
13541,8716136,5964.41
13541,8736178,5964.41
13541,8755936,5964.44
13541,8775885,5964.44
13541,8795888,5964.44
13541,8816021,5964.44
13541,8836326,5964.44
13541,8856492,5964.27
13541,8877044,5964.27
13541,8897279,5964.41
13541,8917611,5964.41
13541,8937967,5964.43
13541,8958324,5964.43
13541,8978682,5964.4
13541,8998784,5964.4
13541,9019049,5964.4
13541,9039338,5964.44
13541,9059449,5964.44
13541,9079120,5964.46
13541,9099045,5964.46
13541,9118971,5964.48
13541,9138673,5964.48
13541,9158659,5964.48
13541,9178447,5964.39
13541,9198059,5964.39
13541,9217605,5964.4
13541,9237486,5964.4
13541,9257346,5964.42
13541,9277102,5964.42
13541,9296959,5964.42
13541,9317069,5964.4
13541,9337177,5964.4
13541,9357315,5964.4
13541,9377009,5964.4
13541,9397106,5964.41
13541,9416936,5964.41
13541,9436854,5964.46
13541,9456773,5964.46
13541,9476848,5964.46
13541,9496830,5964.38
13541,9516782,5964.38
13541,9536353,5964.49
13541,9556335,5964.49
13541,9576001,5964.34
13541,9596012,5964.34
13541,9615744,5964.34
13541,9635826,5964.41
13541,9655709,5964.41
13541,9675753,5964.33
13541,9695860,5964.33
13541,9716222,5964.51
13541,9736048,5964.51
13541,9756018,5964.44
13541,9776036,5964.44
13541,9795951,5964.44
13541,9815963,5964.49
13541,9835940,5964.49
13541,9856115,5964.51
13541,9876470,5964.51
13541,9896319,5964.43
13541,9916547,5964.43
13541,9936627,5964.48
13541,9956773,5964.48
13541,9967150,5964.48
13541,9967487,5964.36
13541,9972118,5964.36
13541,9990668,5965.54
13541,10010774,5965.54
13541,10031247,5964.12
13541,10051281,5964.12
13541,10071196,5964.12
13541,10090900,5964.43
13541,10107397,5964.43
13541,10107397,5964.42
13541,1314554,5964.39
13541,1334972,5964.37
13541,1355139,5964.37
13541,1375341,5964.44
13541,1395577,5964.44
13541,1415931,5964.44
13541,1435573,5964.48
13541,1455214,5964.48
13541,1475048,5964.45
13541,1494686,5964.45
13541,1501822,5964.5
13541,1502206,5964.5
13541,1502444,5964.5
13541,1502735,5965.54
13541,1503081,5965.54
13541,1503316,5965.54
13541,1503668,5965.54
13541,1503957,5965.54
13541,1504216,5965.54
13541,1504530,5965.54
13541,1504756,5965.54
13541,1512688,5965.54
13541,1530998,5965.54
13541,1550213,5965.54
13541,1569681,5964.15
13541,1589632,5964.15
13541,1609334,5964.44
13541,1628913,5964.44
13541,1648388,5964.44
13541,1668378,5964.42
13541,1688049,5964.42
13541,1708027,5964.38
13541,1728223,5964.38
13541,1748555,5964.37
13541,1768821,5964.37
13541,1789024,5964.5
13541,1809415,5964.5
13541,1829718,5964.5
13541,1850019,5964.4
13541,1870217,5964.4
13541,1890172,5964.52
13541,1910380,5964.52
13541,1930352,5964.38
13541,1950651,5964.38
13541,1971198,5964.38
13541,1991671,5964.47
13541,2012310,5964.47
13541,2033107,5964.5
13541,2053780,5964.5
13541,2074119,5964.46
13541,2094317,5964.46
13541,2114552,5964.52
13541,2134511,5964.52
13541,2154715,5964.52
13541,2174857,5964.4
13541,2194810,5964.4
13541,2215043,5964.48
13541,2234873,5964.48
13541,2254576,5964.4
13541,2274439,5964.4
13541,2294138,5964.4
13541,2314243,5964.44
13541,2334542,5964.44
13541,2355154,5964.43
13541,2375415,5964.43
13541,2395768,5964.45
13541,2416257,5964.45
13541,2436611,5964.47
13541,2456843,5964.47
13541,2477396,5964.47
13541,2497855,5964.46
13541,2518271,5964.46
13541,2538376,5964.5
13541,2558578,5964.5
13541,2579069,5964.47
13541,2599208,5964.47
13541,2619651,5964.47
13541,2640133,5964.47
13541,2660432,5964.47
13541,2680321,5964.41
13541,2700291,5964.41
13541,2720744,5964.54
13541,2740853,5964.54
13541,2760870,5964.43
13541,2780538,5964.43
13541,2800109,5964.43
13541,2819847,5964.44
13541,2839394,5964.44
13541,2859289,5964.52
13541,2879465,5964.52
13541,2899196,5964.43
13541,2919273,5964.43
13541,2939160,5964.52
13541,2959180,5964.52
13541,2979324,5964.52
13541,2999148,5964.32
13541,3019005,5964.32
13541,3039237,5964.33
13541,3059592,5964.33
13541,3079922,5964.47
13541,3100538,5964.47
13541,3120768,5964.47
13541,3141257,5964.44
13541,3161459,5964.44
13541,3181819,5964.37
13541,3202154,5964.37
13541,3222386,5964.5
13541,3242417,5964.5
13541,3262495,5964.5
13541,3282288,5964.35
13541,3302368,5964.35
13541,3321972,5964.37
13541,3341457,5964.37
13541,3355261,5964.43
13541,3355461,5964.43
13541,3357092,5965.54
13541,3370666,5965.54
13541,3390747,5965.54
13541,3410820,5964.39
13541,3431087,5964.39
13541,3450957,5964.38
13541,3471372,5964.38
13541,3491626,5964.49
13541,3511977,5964.49
13541,3532117,5964.49
13541,3551907,5964.39
13541,3571759,5964.39
13541,3591707,5964.45
13541,3611939,5964.45
13541,3631913,5964.42
13541,3652022,5964.42
13541,3671974,5964.47
13541,3691832,5964.47
13541,3711689,5964.47
13541,3731610,5964.49
13541,3751723,5964.49
13541,3771802,5964.48
13541,3791657,5964.48
13541,3811417,5964.51
13541,3831463,5964.51
13541,3851632,5964.4
13541,3871647,5964.4
13541,3891760,5964.4
13541,3911805,5964.54
13541,3931817,5964.54
13541,3951919,5964.55
13541,3972125,5964.55
13541,3992360,5964.45
13541,4012564,5964.45
13541,4032579,5964.45
13541,4053031,5964.42
13541,4073174,5964.42
13541,4093469,5964.45
13541,4113303,5964.45
13541,4133277,5964.42
13541,4153354,5964.42
13541,4173723,5964.4
13541,4193703,5964.4
13541,4213528,5964.4
13541,4233503,5964.48
13541,4253354,5964.48
13541,4273087,5964.41
13541,4293198,5964.41
13541,4312990,5964.39
13541,4332712,5964.39
13541,4352508,5964.39
13541,4372641,5964.48
13541,4392752,5964.48
13541,4412710,5964.53
13541,4432665,5964.53
13541,4452809,5964.4
13541,4472984,5964.4
13541,4493098,5964.48
13541,4513203,5964.48
13541,4533153,5964.48
13541,4553009,5964.44
13541,4573016,5964.44
13541,4592932,5964.38
13541,4613005,5964.38
13541,4632983,5964.42
13541,4653221,5964.42
13541,4673631,5964.39
13541,4694057,5964.39
13541,4714136,5964.39
13541,4734460,5964.4
13541,4754847,5964.4
13541,4774964,5964.37
13541,4795189,5964.37
13541,4815390,5964.42
13541,4835629,5964.42
13541,4855645,5964.42
13541,4875950,5964.38
13541,4895904,5964.38
13541,4916009,5964.45
13541,4935777,5964.45
13541,4955954,5964.37
13541,4975911,5964.37
13541,4995767,5964.47
13541,5015338,5964.47
13541,5035167,5964.47
13541,5055032,5964.46
13541,5074985,5964.46
13541,5094874,5964.46
13541,5114667,5964.46
13541,5134619,5964.41
13541,5154504,5964.41
13541,5174488,5964.41
13541,5194411,5964.33
13541,5214771,5964.33
13541,5235102,5964.43
13541,5255607,5964.43
13541,5275676,5964.39
13541,5295534,5964.39
13541,5315864,5964.32
13541,5335724,5964.32
13541,5355577,5964.32
13541,5375537,5964.44
13541,5395621,5964.44
13541,5415512,5964.41
13541,5435563,5964.41
13541,5455512,5964.43
13541,5475178,5964.43
13541,5482595,5964.43
13541,5482835,5964.4
13541,5483118,5964.4
13541,5483471,5965.54
13541,5483763,5965.54
13541,5484041,5965.54
13541,5484265,5965.54
13541,5484619,5965.54
13541,5484854,5965.54
13541,5485133,5965.54
13541,5485429,5965.54
13541,5487253,5965.54
13541,5501189,5965.54
13541,5521474,5965.54
13541,5541878,5963.95
13541,5561859,5963.95
13541,5581707,5963.95
13541,5601670,5964.49
13541,5621523,5964.49
13541,5641472,5964.43
13541,5661072,5964.43
13541,5680773,5964.42
13541,5700470,5964.42
13541,5720327,5964.38
13541,5740246,5964.38
13541,5759878,5964.38
13541,5779733,5964.35
13541,5799563,5964.35
13541,5811598,5964.44
13541,5811943,5964.44
13541,5817740,5965.54
13541,5836856,5965.54
13541,5856367,5965.54
13541,5875715,5964.43
13541,5895382,5964.43
13541,5915394,5964.36
13541,5935131,5964.36
13541,5954796,5964.36
13541,5974719,5964.36
13541,5994386,5964.36
13541,6014145,5964.48
13541,6033782,5964.48
13541,6053738,5964.4
13541,6073463,5964.4
13541,6093194,5964.37
13541,6113281,5964.37
13541,6133209,5964.25
13541,6153352,5964.25
13541,6173428,5964.25
13541,6193469,5964.41
13541,6213740,5964.41
13541,6233722,5964.37
13541,6254172,5964.37
13541,6274669,5964.4
13541,6294901,5964.4
13541,6314988,5964.4
13541,6334913,5964.46
13541,6354799,5964.46
13541,6374720,5964.39
13541,6394733,5964.39
13541,6414494,5964.36
13541,6434548,5964.36
13541,6454661,5964.45
13541,6474734,5964.45
13541,6494471,5964.45
13541,6514576,5964.45
13542,45940,5964.33
13542,65985,5964.33
13542,86395,5964.33
13542,106334,5964.39
13542,126821,5964.39
13542,147169,5964.31
13542,167772,5964.31
13542,188165,5964.47
13542,208708,5964.47
13542,228967,5964.23
13542,249229,5964.23
13542,269304,5964.23
13542,289631,5964.44
13542,309613,5964.44
13542,329584,5964.33
13542,349812,5964.33
13542,369758,5964.43
13542,389460,5964.43
13542,409096,5964.43
13542,428924,5964.47
13542,448435,5964.47
13542,468205,5964.44
13542,487775,5964.44
13542,507129,5964.49
13542,526702,5964.49
13542,546311,5964.39
13542,565729,5964.39
13542,585436,5964.39
13542,605295,5964.5
13542,625099,5964.5
13542,645111,5964.45
13542,6547888,5964.48
13542,6567951,5964.48
13542,6587939,5964.48
13542,6607668,5964.46
13542,6627622,5964.46
13542,6647666,5964.41
13542,6667401,5964.41
13542,6687323,5964.37
13542,6707115,5964.37
13542,6714636,5964.37
13542,6714974,5964.45
13542,6720766,5964.45
13542,6740228,5965.54
13542,6760049,5965.54
13542,6780183,5964.17
13542,6800356,5964.17
13542,6820085,5964.45
13542,6840257,5964.45
13542,6860020,5964.45
13542,6880105,5964.33
13542,6900027,5964.33
13542,6919879,5964.42
13542,6940142,5964.42
13542,6960124,5964.33
13542,6979782,5964.33
13542,6999516,5964.33
13542,7018997,5964.42
13542,7038853,5964.42
13542,7058552,5964.37
13542,7078720,5964.37
13542,7098732,5964.36
13542,7118813,5964.36
13542,7138883,5964.36
13542,7159273,5964.49
13542,7179536,5964.49
13542,664939,5964.45
13542,685082,5964.34
13542,704876,5964.34
13542,724983,5964.34
13542,738517,5964.33
13542,738733,5964.33
13542,739086,5964.36
13542,739368,5964.36
13542,739658,5965.54
13542,739890,5965.54
13542,740240,5965.54
13542,741147,5965.54
13542,754250,5965.54
13542,772561,5965.54
13542,791341,5965.54
13542,810731,5964.38
13542,830268,5964.38
13542,850062,5964.47
13542,869910,5964.47
13542,890032,5964.47
13542,910393,5964.45
13542,930749,5964.45
13542,950822,5964.39
13542,971046,5964.39
13542,991268,5964.39
13542,1011368,5964.39
13542,1031216,5964.4
13542,1050915,5964.4
13542,1070678,5964.4
13542,1090733,5964.53
13542,1110311,5964.53
13542,1129912,5964.44
13542,1149737,5964.44
13542,1169442,5964.41
13542,1189394,5964.41
13542,1209339,5964.41
13542,1229507,5964.46
13542,1249709,5964.46
13542,1269729,5964.33
13542,1289892,5964.33
13542,7199733,5964.41
13542,7220090,5964.41
13542,7240189,5964.37
13542,7260455,5964.37
13542,7280376,5964.48
13542,7300480,5964.48
13542,7320578,5964.48
13542,7340805,5964.38
13542,7360995,5964.38
13542,7381225,5964.44
13542,7401434,5964.44
13542,7421035,5964.3
13542,7440896,5964.3
13542,7460379,5964.3
13542,7480047,5964.34
13542,7500033,5964.34
13542,7519771,5964.47
13542,7539190,5964.47
13542,7558638,5964.32
13542,7578344,5964.32
13542,7598070,5964.34
13542,7617922,5964.34
13542,7637876,5964.34
13542,7657976,5964.26
13542,7678461,5964.26
13542,7698652,5964.37
13542,7718912,5964.37
13542,7739112,5964.47
13542,7759337,5964.47
13542,7779440,5964.47
13542,7799537,5964.41
13542,7819882,5964.41
13542,7840354,5964.44
13542,7860478,5964.44
13542,7880681,5964.45
13542,7900939,5964.45
13542,7921014,5964.43
13542,7941124,5964.43
13542,7960983,5964.43
13542,7981254,5964.39
13542,8001013,5964.39
13542,8020993,5964.33
13542,8040915,5964.33
13542,8061044,5964.39
13542,8080999,5964.39
13542,8100888,5964.39
13542,8121066,5964.46
13542,8140927,5964.46
13542,8160975,5964.38
13542,8180729,5964.38
13542,8200612,5964.39
13542,8220658,5964.39
13542,8240731,5964.44
13542,8260739,5964.44
13542,8280686,5964.44
13542,8300796,5964.31
13542,8320551,5964.31
13542,8340592,5964.36
13542,8360571,5964.36
13542,8380521,5964.33
13542,8400371,5964.33
13542,8420481,5964.45
13542,8440432,5964.45
13542,8460418,5964.45
13542,8480614,5964.32
13542,8500600,5964.32
13542,8520323,5964.4
13542,8540022,5964.4
13542,8559343,5964.33
13542,8579040,5964.33
13542,8598391,5964.33
13542,8618089,5964.42
13542,8637819,5964.42
13542,8657639,5964.4
13542,8677748,5964.4
13542,8697729,5964.47
13542,8717703,5964.47
13542,8737687,5964.43
13542,8757754,5964.43
13542,8777986,5964.43
13542,8798194,5964.35
13542,8818045,5964.35
13542,8837903,5964.42
13542,8857576,5964.42
13542,8877556,5964.35
13542,8897441,5964.35
13542,8917367,5964.35
13542,8937489,5964.42
13542,8957441,5964.42
13542,8977520,5964.42
13542,8997284,5964.42
13542,9017140,5964.38
13542,9036902,5964.38
13542,9056760,5964.44
13542,9076708,5964.44
13542,9096686,5964.44
13542,9116478,5964.36
13542,9136484,5964.36
13542,9156611,5964.38
13542,9176686,5964.38
13542,9196639,5964.39
13542,9216615,5964.39
13542,9237069,5964.39
13542,9257330,5964.39
13542,9277557,5964.39
13542,9297843,5964.42
13542,9317975,5964.42
13542,9338243,5964.36
13542,9358825,5964.36
13542,9378928,5964.38
13542,9399031,5964.38
13542,9419384,5964.38
13542,9439625,5964.28
13542,9459631,5964.28
13542,9479385,5964.41
13542,9494266,5964.41
13542,9494532,5964.32
13542,9494885,5964.32
13542,9495117,5965.54
13542,9495404,5965.54
13542,9495743,5965.54
13542,9496039,5965.54
13542,9496334,5965.54
13542,9496616,5965.54
13542,9496846,5965.54
13542,9497157,5965.54
13542,9497423,5965.54
13542,9497703,5965.54
13542,9502470,5965.54
13542,9518504,5965.54
13542,9538032,5964.75
13542,9558509,5964.75
13542,9578527,5964.34
13542,9598436,5964.34
13542,9618537,5964.34
13542,9638397,5964.48
13542,9658367,5964.48
13542,9678442,5964.28
13542,9698290,5964.28
13542,9718272,5964.41
13542,9737965,5964.41
13542,9757783,5964.47
13542,9777452,5964.47
13542,9797246,5964.47
13542,9817193,5964.38
13542,9836892,5964.38
13542,9856493,5964.3
13542,9876462,5964.3
13542,9896408,5964.47
13542,9916800,5964.47
13542,9937006,5964.47
13542,9956832,5964.39
13542,9976959,5964.39
13542,9997131,5964.35
13542,10017260,5964.35
13542,10037363,5964.36
13542,10057222,5964.36
13542,10077426,5964.46
13542,10097529,5964.46
13542,10117505,5964.46
13542,10137236,5964.39
13542,10157562,5964.39
13542,10177264,5964.41
13542,10197240,5964.41
13542,10217319,5964.4
13542,10237388,5964.4
13542,10238909,5964.4
13542,1310374,5964.36
13542,1330721,5964.36
13542,1350818,5964.42
13542,1371050,5964.42
13542,1391277,5964.42
13542,1411388,5964.45
13542,1431339,5964.45
13542,1450792,5964.49
13542,1470840,5964.49
13542,1490723,5964.39
13542,1510671,5964.39
13542,1530404,5964.39
13542,1550511,5964.45
13542,1570616,5964.45
13542,1590509,5964.34
13542,1610806,5964.34
13542,1631317,5964.48
13542,1651735,5964.48
13542,1672398,5964.48
13542,1692658,5964.48
13542,1712822,5964.48
13542,1733176,5964.51
13542,1753394,5964.51
13542,1773743,5964.48
13542,1793685,5964.48
13542,1813481,5964.47
13542,1833242,5964.47
13542,1852845,5964.47
13542,1872673,5964.38
13542,1892657,5964.38
13542,1912740,5964.39
13542,1932725,5964.39
13542,1952677,5964.43
13542,1972598,5964.43
13542,1992363,5964.43
13542,2012219,5964.45
13542,2032290,5964.45
13542,2052526,5964.36
13542,2072354,5964.36
13542,2092334,5964.43
13542,2112168,5964.43
13542,2131873,5964.53
13542,2151732,5964.53
13542,2171807,5964.53
13542,2191732,5964.43
13542,2210865,5964.43
13542,2211162,5964.49
13542,2211429,5964.49
13542,2213585,5965.54
13542,2228420,5965.54
13542,2247772,5964.74
13542,2267720,5964.74
13542,2287476,5964.74
13542,2307110,5964.51
13542,2327130,5964.51
13542,2347207,5964.4
13542,2366787,5964.4
13542,2386520,5964.45
13542,2406003,5964.45
13542,2425864,5964.45
13542,2445914,5964.39
13542,2465747,5964.39
13542,2485298,5964.4
13542,2505155,5964.4
13542,2524888,5964.41
13542,2544721,5964.41
13542,2564423,5964.4
13542,2583899,5964.4
13542,2603856,5964.4
13542,2623275,5964.45
13542,2642909,5964.45
13542,2662511,5964.56
13542,2682610,5964.56
13542,2702990,5964.39
13542,2722939,5964.39
13542,2743390,5964.39
13542,2763711,5964.46
13542,2783849,5964.46
13542,2804298,5964.4
13542,2824283,5964.4
13542,2844361,5964.43
13542,2864687,5964.43
13542,2884428,5964.36
13542,2904232,5964.36
13542,2924218,5964.36
13542,2936413,5964.35
13542,2936682,5964.35
13542,2936967,5965.54
13542,2937260,5965.54
13542,2937601,5965.54
13542,2937828,5965.54
13542,2938171,5965.54
13542,2938369,5965.54
13542,2938697,5965.54
13542,2944837,5965.54
13542,2963552,5965.54
13542,2984147,5964.71
13542,3004237,5964.71
13542,3024212,5964.54
13542,3044033,5964.54
13542,3063889,5964.54
13542,3083869,5964.39
13542,3103694,5964.39
13542,3123905,5964.39
13542,3144005,5964.39
13542,3163736,5964.43
13542,3184063,5964.43
13542,3204235,5964.42
13542,3224281,5964.42
13542,3243984,5964.42
13542,3263806,5964.41
13542,3283792,5964.41
13542,3303617,5964.45
13542,3323592,5964.45
13542,3343164,5964.39
13542,3363015,5964.39
13542,3382813,5964.39
13542,3402451,5964.39
13542,3422526,5964.39
13542,3442166,5964.29
13542,3462088,5964.29
13542,3481789,5964.39
13542,3501902,5964.39
13542,3521764,5964.39
13542,3541558,5964.36
13542,3561533,5964.36
13542,3581266,5964.49
13542,3600969,5964.49
13542,3620825,5964.34
13542,3640777,5964.34
13542,3660570,5964.38
13542,3680962,5964.38
13542,3701118,5964.38
13542,3721559,5964.35
13542,3742027,5964.35
13542,3762198,5964.48
13542,3782707,5964.48
13542,3802618,5964.26
13542,3822660,5964.26
13542,3842577,5964.26
13542,3862462,5964.43
13542,3882415,5964.43
13542,3902153,5964.4
13542,3922102,5964.4
13542,3941834,5964.31
13542,3961407,5964.31
13542,3981300,5964.31
13542,4000969,5964.44
13542,4020422,5964.44
13542,4039999,5964.43
13542,4059850,5964.43
13542,4079830,5964.4
13542,4099650,5964.4
13542,4119475,5964.3
13542,4139802,5964.3
13542,4160218,5964.3
13542,4180610,5964.35
13542,4200957,5964.35
13542,4221183,5964.35
13542,4232895,5964.35
13542,4233179,5964.36
13542,4236713,5964.36
13542,4254119,5964.36
13542,4273586,5965.54
13542,4293314,5965.54
13542,4313382,5964.32
13542,4333455,5964.32
13542,4353503,5964.42
13542,4373194,5964.42
13542,4393145,5964.39
13542,4411053,5964.39
13542,4431237,5964.39
13542,4451191,5964.39
13542,4471358,5964.39
13542,4491712,5964.43
13542,4511781,5964.43
13542,4531890,5964.47
13542,4551995,5964.47
13542,4571818,5964.47
13542,4591964,5964.39
13542,4611627,5964.39
13542,4631486,5964.42
13542,4651441,5964.42
13542,4671161,5964.39
13542,4690855,5964.39
13542,4710710,5964.36
13542,4730536,5964.36
13542,4750141,5964.36
13542,4770219,5964.3
13542,4790854,5964.3
13542,4811268,5964.41
13542,4831476,5964.41
13542,4851989,5964.39
13542,4872001,5964.39
13542,4892326,5964.39
13542,4912678,5964.36
13542,4932908,5964.36
13542,4952882,5964.38
13542,4972987,5964.38
13542,4993181,5964.4
13542,5013040,5964.4
13542,5032838,5964.4
13542,5052603,5964.36
13542,5072302,5964.36
13542,5092034,5964.36
13542,5111878,5964.36
13542,5131856,5964.25
13542,5151933,5964.25
13542,5172409,5964.53
13542,5192918,5964.53
13542,5213240,5964.53
13542,5233215,5964.3
13542,5233481,5964.3
13542,5234081,5964.4
13542,5245068,5964.4
13542,5265454,5964.74
13542,5286315,5964.74
13542,5307261,5964.32
13542,5327388,5964.32
13542,5347604,5964.32
13542,5367834,5964.42
13542,5388187,5964.42
13542,5408164,5964.43
13542,5428261,5964.43
13542,5448485,5964.39
13542,5468461,5964.39
13542,5488410,5964.39
13542,5508505,5964.42
13542,5528517,5964.42
13542,5548556,5964.36
13542,5568683,5964.36
13542,5589006,5964.35
13542,5608669,5964.35
13542,5628342,5964.35
13542,5648162,5964.4
13542,5667895,5964.4
13542,5687598,5964.33
13542,5707386,5964.33
13542,5727025,5964.47
13542,5746849,5964.47
13542,5766740,5964.47
13542,5786881,5964.36
13542,5806803,5964.36
13542,5826726,5964.42
13542,5846582,5964.42
13542,5866623,5964.35
13542,5886625,5964.35
13542,5906597,5964.45
13542,5926675,5964.45
13542,5946780,5964.45
13542,5967133,5964.37
13542,5987172,5964.37
13542,6007589,5964.47
13542,6027693,5964.47
13542,6048051,5964.51
13542,6068657,5964.51
13542,6088886,5964.38
13542,6108960,5964.38
13542,6128847,5964.38
13542,6149105,5964.37
13542,6169043,5964.37
13542,6189084,5964.42
13542,6209315,5964.42
13542,6229168,5964.45
13542,6249482,5964.45
13542,6269560,5964.45
13542,6289577,5964.46
13542,6309557,5964.46
13542,6329502,5964.42
13542,6349516,5964.42
13542,6369587,5964.42
13542,6389282,5964.42
13542,6409114,5964.49
13542,6428783,5964.49
13542,6448327,5964.49
13542,6468142,5964.47
13542,6488090,5964.47
13542,6508068,5964.45
13542,6527805,5964.45
13543,43932,5964.42
13543,63880,5964.32
13543,83688,5964.32
13543,103672,5964.43
13543,123771,5964.43
13543,143716,5964.33
13543,163700,5964.33
13543,183656,5964.33
13543,203892,5964.3
13543,223840,5964.3
13543,244072,5964.5
13543,264428,5964.5
13543,284401,5964.37
13543,304504,5964.37
13543,324706,5964.37
13543,344620,5964.43
13543,364435,5964.43
13543,384513,5964.3
13543,404838,5964.3
13543,424690,5964.43
13543,444509,5964.43
13543,464363,5964.4
13543,483972,5964.4
13543,504258,5964.4
13543,524151,5964.31
13543,544361,5964.31
13543,564218,5964.37
13543,584293,5964.37
13543,604270,5964.37
13543,624281,5964.37
13543,644384,5964.37
13543,664553,5964.42
13543,684907,5964.42
13543,705008,5964.38
13543,725099,5964.38
13543,745325,5964.41
13543,765178,5964.41
13543,785066,5964.41
13543,805050,5964.36
13543,825184,5964.36
13543,845168,5964.37
13543,865141,5964.37
13543,885091,5964.42
13543,905072,5964.42
13543,925427,5964.44
13543,945398,5964.44
13543,965224,5964.44
13543,985329,5964.37
13543,1005459,5964.37
13543,1025348,5964.43
13543,1044980,5964.43
13543,1064554,5964.34
13543,1084384,5964.34
13543,1103859,5964.34
13543,1123681,5964.34
13543,1143542,5964.34
13543,1163363,5964.45
13543,1183467,5964.45
13543,1203477,5964.37
13543,1223519,5964.37
13543,1243687,5964.35
13543,1264352,5964.35
13543,1284584,5964.35
13543,1304974,5964.36
13543,1324915,5964.36
13543,1345180,5964.32
13543,1365101,5964.32
13543,1385205,5964.41
13543,1405281,5964.41
13543,1424889,5964.41
13543,1444588,5964.35
13543,1464187,5964.35
13543,1483512,5964.38
13543,1503308,5964.38
13543,1523069,5964.35
13543,1542890,5964.35
13543,1562837,5964.31
13543,1582438,5964.31
13543,1602160,5964.31
13543,1622259,5964.43
13543,1641981,5964.43
13543,1661841,5964.36
13543,1681507,5964.36
13543,1701486,5964.42
13543,1721336,5964.42
13543,1741290,5964.42
13543,1761020,5964.37
13543,1780969,5964.37
13543,1801046,5964.39
13543,1820929,5964.39
13543,1840626,5964.42
13543,1860346,5964.42
13543,1880203,5964.5
13543,1900149,5964.5
13543,1919973,5964.5
13543,1939424,5964.35
13543,1959086,5964.35
13543,1978999,5964.36
13543,1998688,5964.36
13543,2018787,5964.5
13543,2038628,5964.5
13543,2058410,5964.5
13543,2078672,5964.29
13543,2098937,5964.29
13543,2118881,5964.44
13543,2138852,5964.44
13543,2158917,5964.4
13543,2178923,5964.4
13543,2198899,5964.4
13543,2219073,5964.36
13543,2239330,5964.36
13543,2259432,5964.52
13543,2279537,5964.52
13543,2299507,5964.37
13543,2319768,5964.37
13543,2339994,5964.34
13543,2360038,5964.34
13543,2380267,5964.34
13543,2400378,5964.39
13543,2420539,5964.39
13543,2440677,5964.34
13543,2460662,5964.34
13543,2480357,5964.3
13543,2500089,5964.3
13543,2519700,5964.3
13543,2539013,5964.26
13543,2558655,5964.26
13543,2578160,5964.32
13543,2597990,5964.32
13543,2617715,5964.4
13543,2637287,5964.4
13543,2657037,5964.4
13543,2676709,5964.3
13543,2696596,5964.3
13543,2716732,5964.46
13543,2736621,5964.46
13543,2756841,5964.37
13543,2777194,5964.37
13543,2797613,5964.31
13543,2817653,5964.31
13543,2837627,5964.31
13543,2851582,5964.35
13543,2851835,5964.35
13543,2854969,5965.54
13543,2872502,5965.54
13543,2892476,5964.27
13543,2912193,5964.27
13543,2932171,5964.27
13543,2952400,5964.28
13543,2972605,5964.28
13543,2992712,5964.31
13543,3012030,5964.31
13543,3031763,5964.4
13543,3051205,5964.4
13543,3070680,5964.33
13543,3090277,5964.33
13543,3109719,5964.33
13543,3129167,5964.32
13543,3148800,5964.32
13543,3168721,5964.28
13543,3188481,5964.28
13543,3208366,5964.47
13543,3228216,5964.47
13543,3248319,5964.34
13543,3268429,5964.34
13543,3288497,5964.34
13543,3308692,5964.38
13543,3328959,5964.38
13543,3348937,5964.29
13543,3369004,5964.29
13543,3389079,5964.38
13543,3409181,5964.38
13543,3412945,5964.36
13543,3413294,5964.36
13543,3413579,5964.36
13543,3413814,5965.54
13543,3414157,5965.54
13543,3414389,5965.54
13543,3414730,5965.54
13543,3414889,5965.54
13543,3415180,5965.54
13543,3415527,5965.54
13543,3415760,5965.54
13543,3416052,5965.54
13543,3416393,5965.54
13543,3416620,5965.54
13543,3416912,5965.54
13543,3417253,5965.54
13543,3417549,5965.54
13543,3417782,5965.54
13543,3418059,5965.54
13543,3418413,5965.54
13543,3418711,5965.54
13543,3418932,5965.54
13543,3419273,5965.54
13543,3419512,5965.54
13543,3419790,5965.54
13543,3421990,5965.54
13543,3424612,5965.54
13543,3424916,5965.54
13543,3425267,5965.54
13543,3434091,5965.54
13543,3451386,5964.44
13543,3469558,5964.44
13543,3488111,5964.16
13543,3507138,5964.16
13543,3526518,5964.16
13543,3545980,5964.3
13543,3565545,5964.3
13543,3584793,5964.41
13543,3604326,5964.41
13543,3624050,5964.4
13543,3643835,5964.4
13543,3663618,5964.4
13543,3683344,5964.4
13543,3703296,5964.4
13543,3722866,5964.42
13543,3742462,5964.42
13543,3762284,5964.46
13543,3781889,5964.46
13543,3801834,5964.45
13543,3821465,5964.45
13543,3841395,5964.45
13543,3861092,5964.42
13543,3880817,5964.42
13543,3900637,5964.41
13543,3920230,5964.41
13543,3940339,5964.42
13543,3948145,5964.42
13543,3948373,5964.33
13543,3956330,5964.33
13543,3976034,5964.33
13543,3995881,5964.7
13543,4015790,5964.7
13543,4035168,5964.36
13543,4054895,5964.36
13543,4074146,5964.45
13543,4081247,5964.45
13543,4081593,5964.45
13543,4081882,5965.54
13543,4082165,5965.54
13543,4082392,5965.54
13543,4082688,5965.54
13543,4082958,5965.54
13543,4083271,5965.54
13543,4083603,5965.54
13543,4083840,5965.54
13543,4084118,5965.54
13543,4093025,5965.54
13543,4111061,5965.54
13543,4130150,5964.48
13543,4149586,5964.48
13543,4169239,5964.48
13543,4188678,5964.48
13543,4208344,5964.45
13543,4227878,5964.45
13543,4247441,5964.45
13543,4267138,5964.49
13543,4286866,5964.49
13543,4306656,5964.39
13543,4326476,5964.39
13543,4346332,5964.38
13543,4366151,5964.38
13543,4385880,5964.38
13543,4405325,5964.38
13543,4424803,5964.38
13543,4444121,5964.43
13543,4463565,5964.43
13543,4483424,5964.36
13543,4503118,5964.36
13543,4522438,5964.45
13543,4542008,5964.45
13543,4561364,5964.45
13543,4581040,5964.34
13543,4601180,5964.34
13543,4620814,5964.38
13543,4641354,5964.38
13543,4661848,5964.4
13543,4682192,5964.4
13543,4702418,5964.45
13543,4722246,5964.45
13543,4741966,5964.45
13543,4761951,5964.5
13543,4781905,5964.5
13543,4802010,5964.42
13543,4821834,5964.42
13543,4841684,5964.36
13543,4861540,5964.36
13543,4881235,5964.33
13543,4901123,5964.33
13543,4920774,5964.33
13543,4940754,5964.41
13543,4960883,5964.41
13543,4980950,5964.4
13543,5000584,5964.4
13543,5020501,5964.42
13543,5040203,5964.42
13543,5060370,5964.42
13543,5080283,5964.36
13543,5100233,5964.36
13543,5120336,5964.47
13543,5140316,5964.47
13543,5160292,5964.34
13543,5179865,5964.34
13543,5199991,5964.4
13543,5219935,5964.4
13543,5232414,5964.4
13543,5232414,5964.38
13573,42855,5964.43
13573,60139,5964.43
13573,77784,5964.45
13573,94974,5964.45
13573,112370,5964.36
13573,129619,5964.36
13573,147046,5964.41
13573,164705,5964.41
13573,182423,5964.35
13573,200272,5964.35
13573,218157,5964.35
13573,235761,5964.36
13573,253548,5964.36
13573,271720,5964.41
13573,289665,5964.41
13573,307431,5964.46
13573,325035,5964.46
13573,342905,5964.33
13573,360435,5964.33
13573,377861,5964.33
13573,395713,5964.4
13573,413461,5964.4
13573,431105,5964.38
13573,448393,5964.38
13573,465653,5964.43
13573,483169,5964.43
13573,500601,5964.43
13573,517879,5964.52
13573,535495,5964.52
13573,553062,5964.33
13573,570356,5964.33
13573,587693,5964.45
13573,604915,5964.45
13573,622238,5964.35
13573,6348476,5964.35
13573,6366250,5964.35
13573,6384060,5964.35
13573,6401783,5964.63
13573,6419444,5964.63
13573,6436897,5963.89
13573,6454874,5963.89
13573,6472634,5965.38
13573,6490733,5965.38
13573,6508202,5964.43
13573,6525846,5964.43
13573,6543423,5964.43
13573,6560802,5964.47
13573,6578714,5964.47
13573,6596526,5964.41
13573,6614243,5964.41
13573,6632190,5964.5
13573,6649889,5964.5
13573,6667515,5964.5
13573,6685234,5964.5
13573,6702899,5964.5
13573,6720545,5964.58
13573,6738354,5964.58
13573,6756023,5964.41
13573,6773693,5964.41
13573,6791332,5964.37
13573,6808870,5964.37
13573,6826658,5964.37
13573,6844325,5964.4
13573,6861998,5964.4
13573,6879664,5964.49
13573,6897189,5964.49
13573,6914725,5964.51
13573,6932532,5964.51
13573,6950312,5964.47
13573,6967623,5964.47
13573,639854,5964.35
13573,657504,5964.35
13573,675582,5964.47
13573,693112,5964.47
13573,710901,5964.38
13573,728933,5964.38
13573,746916,5964.5
13573,764869,5964.5
13573,782450,5964.5
13573,800235,5964.3
13573,818059,5964.3
13573,835810,5964.44
13573,853596,5964.44
13573,871410,5964.51
13573,889325,5964.51
13573,907498,5964.42
13573,925047,5964.42
13573,942365,5964.42
13573,960171,5964.43
13573,977654,5964.43
13573,995296,5964.42
13573,1013245,5964.42
13573,1030736,5964.44
13573,1048431,5964.44
13573,1066220,5964.42
13573,1084250,5964.42
13573,1102076,5964.42
13573,1119992,5964.39
13573,1137751,5964.39
13573,1155306,5964.48
13573,1172844,5964.48
13573,1190134,5964.42
13573,1207416,5964.42
13573,1224724,5964.42
13573,1242078,5964.48
13573,1259508,5964.48
13573,6985204,5964.47
13573,7002542,5964.47
13573,7019829,5964.47
13573,7037615,5964.51
13573,7055107,5964.51
13573,7072712,5964.53
13573,7090227,5964.53
13573,7107925,5964.58
13573,7125670,5964.58
13573,7143092,5964.58
13573,7160719,5964.58
13573,7178174,5964.58
13573,7195732,5964.57
13573,7213219,5964.57
13573,7230757,5964.62
13573,7248187,5964.62
13573,7265591,5964.62
13573,7283399,5964.53
13573,7300912,5964.53
13573,7318332,5964.63
13573,7335729,5964.63
13573,7353128,5964.52
13573,7370544,5964.52
13573,7388221,5964.51
13573,7405484,5964.51
13573,7422890,5964.51
13573,7440440,5964.54
13573,7458092,5964.54
13573,7475673,5964.56
13573,7493499,5964.56
13573,7511089,5964.59
13573,7528611,5964.59
13573,7546051,5964.58
13573,7563657,5964.58
13573,7581112,5964.58
13573,7599008,5964.59
13573,7616568,5964.59
13573,7634106,5964.64
13573,7652020,5964.64
13573,7667237,5964.55
13573,7667488,5964.55
13573,7667779,5965.54
13573,7669053,5965.54
13573,7676005,5965.54
13573,7691239,5965.54
13573,7709138,5965.54
13573,7726649,5964.68
13573,7744392,5964.68
13573,7761877,5964.53
13573,7779304,5964.53
13573,7796709,5964.53
13573,7813882,5964.56
13573,7831277,5964.56
13573,7848661,5964.54
13573,7866068,5964.54
13573,7883300,5964.52
13573,7900381,5964.52
13573,7918031,5964.63
13573,7935327,5964.63
13573,7952850,5964.63
13573,7970197,5964.53
13573,7987676,5964.53
13573,8005347,5964.56
13573,8022796,5964.56
13573,8040036,5964.57
13573,8057567,5964.57
13573,8074859,5964.5
13573,8092497,5964.5
13573,8110208,5964.5
13573,8127448,5964.56
13573,8145142,5964.56
13573,8163144,5964.51
13573,8180833,5964.51
13573,8198999,5964.57
13573,8216538,5964.57
13573,8234572,5964.56
13573,8252157,5964.56
13573,8269929,5964.56
13573,8287575,5964.57
13573,8305279,5964.57
13573,8323048,5964.52
13573,8341030,5964.52
13573,8359086,5964.63
13573,8377039,5964.63
13573,8394706,5964.63
13573,8412324,5964.51
13573,8430282,5964.51
13573,8447831,5964.57
13573,8456116,5964.57
13573,8456457,5964.63
13573,8456752,5964.63
13573,8457359,5965.54
13573,8463239,5965.54
13573,8477452,5965.54
13573,8494757,5964.64
13573,8512240,5964.64
13573,8529811,5964.21
13573,8547216,5964.21
13573,8564617,5964.5
13573,8582152,5964.5
13573,8599298,5964.5
13573,8617020,5964.56
13573,8634558,5964.56
13573,8652191,5964.41
13573,8669949,5964.41
13573,8687373,5964.53
13573,8704637,5964.53
13573,8721731,5964.49
13573,8739092,5964.49
13573,8756108,5964.49
13573,8773404,5964.41
13573,8790789,5964.41
13573,8807992,5964.62
13573,8825721,5964.62
13573,8843304,5964.41
13573,8861219,5964.41
13573,8878990,5964.41
13573,8896516,5964.42
13573,8914232,5964.42
13573,8932226,5964.4
13573,8950135,5964.4
13573,8967995,5964.4
13573,8985961,5964.4
13573,9003673,5964.49
13573,9021185,5964.49
13573,9038853,5964.49
13573,9056188,5964.46
13573,9074044,5964.46
13573,9091592,5964.46
13573,9108775,5964.46
13573,9126272,5964.47
13573,9143851,5964.47
13573,9161825,5964.36
13573,9179781,5964.36
13573,9197461,5964.36
13573,9215375,5964.43
13573,9233332,5964.43
13573,9251197,5964.4
13573,9269242,5964.4
13573,9287175,5964.45
13573,9304892,5964.45
13573,9322630,5964.58
13573,9340447,5964.58
13573,9358380,5964.58
13573,9375870,5964.43
13573,9383543,5964.43
13573,9383774,5964.49
13573,9384060,5964.49
13573,9384345,5965.54
13573,9385707,5965.54
13573,9393636,5965.54
13573,9409257,5965.54
13573,9426434,5965.54
13573,9443933,5964.67
13573,9461129,5964.67
13573,9478905,5964.53
13573,9496453,5964.53
13573,9514485,5964.5
13573,9520290,5964.5
13573,9520569,5964.5
13573,9520855,5965.54
13573,9521204,5965.54
13573,9521498,5965.54
13573,9521728,5965.54
13573,9522007,5965.54
13573,9522373,5965.54
13573,9522601,5965.54
13573,9522950,5965.54
13573,9523234,5965.54
13573,9523463,5965.54
13573,9523745,5965.54
13573,9524097,5965.54
13573,9524334,5965.54
13573,9524621,5965.54
13573,9524968,5965.54
13573,9525194,5965.54
13573,9525481,5965.54
13573,9525826,5965.54
13573,9526118,5965.54
13573,9526339,5965.54
13573,9526689,5965.54
13573,9526991,5965.54
13573,9527267,5965.54
13573,9527553,5965.54
13573,9527853,5965.54
13573,9528137,5965.54
13573,9528374,5965.54
13573,9528661,5965.54
13573,9528997,5965.54
13573,9529294,5965.54
13573,9529508,5965.54
13573,9529867,5965.54
13573,9530158,5965.54
13573,9530452,5965.54
13573,9530719,5965.54
13573,9530719,5965.54
13573,1277309,5964.49
13573,1294950,5964.49
13573,1312379,5964.39
13573,1330035,5964.39
13573,1347327,5964.47
13573,1364835,5964.47
13573,1382465,5964.47
13573,1399961,5964.43
13573,1417915,5964.43
13573,1435754,5964.49
13573,1453290,5964.49
13573,1470957,5964.38
13573,1488963,5964.38
13573,1507038,5964.39
13573,1524981,5964.39
13573,1543032,5964.39
13573,1552035,5964.44
13573,1552260,5964.44
13573,1552553,5965.54
13573,1552773,5965.54
13573,1553116,5965.54
13573,1555947,5965.54
13573,1565788,5965.54
13573,1581826,5964.48
13573,1599303,5964.48
13573,1617090,5964.49
13573,1635049,5964.49
13573,1653097,5964.41
13573,1670887,5964.41
13573,1688677,5964.37
13573,1706223,5964.37
13573,1723588,5964.37
13573,1741028,5964.44
13573,1758551,5964.44
13573,1776097,5964.37
13573,1793395,5964.37
13573,1810490,5964.47
13573,1827942,5964.47
13573,1845721,5964.47
13573,1863412,5964.4
13573,1881139,5964.4
13573,1898719,5964.45
13573,1916387,5964.45
13573,1934180,5964.42
13573,1951588,5964.42
13573,1969148,5964.43
13573,1986797,5964.43
13573,2004466,5964.43
13573,2022125,5964.4
13573,2039910,5964.4
13573,2057834,5964.42
13573,2076149,5964.42
13573,2093982,5964.43
13573,2111612,5964.43
13573,2129141,5964.43
13573,2146873,5964.43
13573,2164701,5964.43
13573,2182264,5964.34
13573,2200184,5964.34
13573,2217831,5964.38
13573,2235497,5964.38
13573,2253042,5964.35
13573,2270488,5964.35
13573,2287720,5964.35
13573,2305248,5964.4
13573,2314702,5964.4
13573,2315074,5964.38
13573,2315290,5964.38
13573,2315590,5965.54
13573,2320634,5965.54
13573,2333444,5964.49
13573,2350787,5964.49
13573,2368770,5964.49
13573,2386818,5964.39
13573,2404605,5964.39
13573,2422269,5964.41
13573,2439809,5964.41
13573,2457363,5964.4
13573,2474757,5964.4
13573,2492377,5964.4
13573,2510220,5964.41
13573,2528126,5964.41
13573,2545576,5964.33
13573,2563471,5964.33
13573,2580736,5964.42
13573,2598153,5964.42
13573,2615532,5964.4
13573,2632782,5964.4
13573,2650236,5964.4
13573,2667952,5964.42
13573,2685581,5964.42
13573,2703094,5964.44
13573,2720763,5964.44
13573,2738685,5964.42
13573,2756479,5964.42
13573,2774526,5964.38
13573,2792342,5964.38
13573,2810616,5964.38
13573,2828918,5964.43
13573,2847104,5964.43
13573,2865145,5964.36
13573,2883344,5964.36
13573,2901171,5964.44
13573,2919044,5964.44
13573,2936592,5964.44
13573,2953934,5964.4
13573,2971536,5964.4
13573,2988809,5964.43
13573,3006390,5964.43
13573,3023733,5964.43
13573,3041053,5964.43
13573,3058428,5964.46
13573,3076135,5964.46
13573,3093370,5964.46
13573,3110661,5964.43
13573,3127983,5964.43
13573,3145228,5964.48
13573,3163012,5964.48
13573,3180811,5964.4
13573,3198580,5964.4
13573,3216512,5964.43
13573,3234449,5964.43
13573,3252367,5964.43
13573,3270049,5964.44
13573,3287790,5964.44
13573,3305291,5964.43
13573,3322634,5964.43
13573,3340409,5964.41
13573,3358327,5964.41
13573,3375872,5964.57
13573,3393654,5964.57
13573,3411319,5964.57
13573,3428875,5964.44
13573,3446529,5964.44
13573,3463938,5964.57
13573,3481481,5964.57
13573,3499138,5964.49
13573,3516805,5964.49
13573,3534467,5964.49
13573,3552014,5964.58
13573,3569541,5964.58
13573,3587238,5964.55
13573,3604855,5964.55
13573,3622534,5964.43
13573,3640094,5964.43
13573,3657849,5964.43
13573,3675382,5964.48
13573,3692933,5964.48
13573,3710628,5964.49
13573,3728375,5964.49
13573,3745786,5964.48
13573,3763469,5964.48
13573,3780605,5964.52
13573,3798141,5964.52
13573,3805660,5964.52
13573,3805924,5964.64
13573,3806277,5964.64
13573,3806490,5965.54
13573,3806793,5965.54
13573,3811856,5965.54
13573,3825138,5965.54
13573,3841798,5964.45
13573,3859083,5964.45
13573,3876595,5964.45
13573,3894133,5964.41
13573,3911959,5964.41
13573,3929620,5964.55
13573,3947126,5964.55
13573,3964983,5964.46
13573,3982479,5964.46
13573,4000243,5964.46
13573,4017549,5964.42
13573,4034429,5964.42
13573,4047170,5964.53
13573,4047403,5964.53
13573,4047744,5965.54
13573,4048844,5965.54
13573,4055923,5965.54
13573,4071254,5965.54
13573,4088163,5965.54
13573,4105581,5964.22
13573,4123245,5964.22
13573,4141068,5964.42
13573,4158558,5964.42
13573,4176438,5964.4
13573,4194020,5964.4
13573,4211056,5964.42
13573,4228585,5964.42
13573,4245757,5964.42
13573,4263383,5964.42
13573,4280919,5964.42
13573,4298461,5964.21
13573,4316224,5964.21
13573,4333654,5964.33
13573,4351328,5964.33
13573,4369007,5964.33
13573,4386924,5964.43
13573,4404975,5964.43
13573,4422750,5964.42
13573,4440673,5964.42
13573,4458582,5964.38
13573,4476239,5964.38
13573,4494126,5964.52
13573,4512013,5964.52
13573,4529966,5964.52
13573,4547690,5964.48
13573,4565779,5964.48
13573,4583663,5964.24
13573,4601113,5964.24
13573,4618963,5964.32
13573,4636637,5964.32
13573,4654480,5964.32
13573,4672215,5964.39
13573,4689894,5964.39
13573,4707528,5964.43
13573,4724594,5964.43
13573,4741985,5964.48
13573,4758884,5964.48
13573,4775777,5964.55
13573,4792920,5964.55
13573,4809847,5964.55
13573,4827248,5964.5
13573,4844374,5964.5
13573,4862176,5964.43
13573,4879980,5964.43
13573,4897645,5964.47
13573,4915196,5964.47
13573,4932697,5964.47
13573,4944382,5964.45
13573,4944644,5964.45
13573,4944927,5965.54
13573,4945215,5965.54
13573,4945508,5965.54
13573,4945781,5965.54
13573,4946070,5965.54
13573,4946303,5965.54
13573,4946593,5965.54
13573,4946941,5965.54
13573,4947330,5965.54
13573,4952077,5965.54
13573,4965190,5965.54
13573,4981407,5964.42
13573,4998180,5964.42
13573,5015634,5964.42
13573,5033372,5964.47
13573,5051116,5964.47
13573,5068949,5964.6
13573,5086889,5964.6
13573,5104290,5964.41
13573,5121806,5964.41
13573,5139609,5964.44
13573,5157276,5964.44
13573,5175075,5964.44
13573,5192589,5964.44
13573,5210279,5964.44
13573,5227817,5964.41
13573,5245344,5964.41
13573,5263138,5964.39
13573,5280786,5964.39
13573,5297829,5964.39
13573,5314987,5964.35
13573,5332521,5964.35
13573,5349771,5964.44
13573,5366816,5964.44
13573,5384089,5964.48
13573,5401635,5964.48
13573,5419293,5964.48
13573,5437078,5964.43
13573,5454726,5964.43
13573,5472295,5964.33
13573,5489960,5964.33
13573,5507877,5964.4
13573,5525661,5964.4
13573,5543315,5964.46
13573,5561088,5964.46
13573,5578892,5964.46
13573,5596577,5964.44
13573,5614237,5964.44
13573,5632154,5964.33
13573,5649856,5964.33
13573,5667354,5964.39
13573,5685013,5964.39
13573,5702948,5964.4
13573,5720641,5964.4
13573,5738279,5964.4
13573,5755932,5964.31
13573,5773217,5964.31
13573,5790753,5964.28
13573,5807891,5964.28
13573,5825176,5964.47
13573,5842192,5964.47
13573,5859341,5964.47
13573,5877021,5964.41
13573,5894425,5964.41
13573,5912430,5964.39
13573,5930524,5964.39
13573,5948441,5964.4
13573,5966284,5964.4
13573,5983886,5964.43
13573,6001918,5964.43
13573,6019932,5964.43
13573,6037907,5964.36
13573,6055707,5964.36
13573,6073244,5964.37
13573,6090891,5964.37
13573,6108308,5964.37
13573,6125732,5964.37
13573,6143013,5964.33
13573,6160266,5964.33
13573,6177677,5964.33
13573,6195358,5964.37
13573,6212900,5964.37
13573,6227872,5964.38
13573,6228119,5964.38
13573,6228420,5965.54
13573,6228651,5965.54
13573,6232362,5965.54
13573,6243960,5965.54
13573,6260517,5965.54
13573,6277972,5964.08
13573,6295466,5964.08
13573,6313011,5963.71
13573,6330709,5963.71
13574,43621,5964.59
13574,60903,5964.53
13574,78188,5964.53
13574,95469,5964.57
13574,112756,5964.57
13574,129785,5964.46
13574,147183,5964.46
13574,164539,5964.52
13574,181728,5964.52
13574,198947,5964.52
13574,216431,5964.56
13574,233704,5964.56
13574,250873,5964.44
13574,268478,5964.44
13574,285671,5964.6
13574,303014,5964.6
13574,320445,5964.6
13574,338163,5964.52
13574,355809,5964.52
13574,373496,5964.4
13574,391031,5964.4
13574,408296,5964.57
13574,426097,5964.57
13574,443752,5964.57
13574,461238,5964.45
13574,478968,5964.45
13574,496737,5964.42
13574,514407,5964.42
13574,531951,5964.49
13574,549473,5964.49
13574,566899,5964.41
13574,584562,5964.41
13574,602224,5964.41
13574,620219,5964.53
13574,6355355,5964.58
13574,6373142,5964.66
13574,6390698,5964.66
13574,6408360,5964.64
13574,6426160,5964.64
13574,6443695,5964.65
13574,6461357,5964.65
13574,6479068,5964.65
13574,6497004,5964.53
13574,6514837,5964.53
13574,6533043,5964.49
13574,6550991,5964.49
13574,6568624,5964.63
13574,6586382,5964.63
13574,6604056,5964.57
13574,6622111,5964.57
13574,6639762,5964.57
13574,6657560,5964.6
13574,6675365,5964.6
13574,6693425,5964.6
13574,6711363,5964.6
13574,6729051,5964.52
13574,6747043,5964.52
13574,6764511,5964.52
13574,6782129,5964.58
13574,6799894,5964.58
13574,6817706,5964.63
13574,6835479,5964.63
13574,6853292,5964.54
13574,6870811,5964.54
13574,6888854,5964.66
13574,6906720,5964.66
13574,6924602,5964.66
13574,6942242,5964.63
13574,6960161,5964.63
13574,6978000,5964.58
13574,637679,5964.53
13574,655218,5964.51
13574,672756,5964.51
13574,690158,5964.51
13574,707566,5964.51
13574,725072,5964.51
13574,742644,5964.54
13574,760125,5964.54
13574,777821,5964.45
13574,795215,5964.45
13574,812737,5964.49
13574,829937,5964.49
13574,847359,5964.53
13574,864873,5964.53
13574,882676,5964.53
13574,900111,5964.59
13574,917969,5964.59
13574,935672,5964.49
13574,953441,5964.49
13574,971298,5964.5
13574,988916,5964.5
13574,1006694,5964.53
13574,1024513,5964.53
13574,1042165,5964.53
13574,1059946,5964.46
13574,1077475,5964.46
13574,1095119,5964.56
13574,1112686,5964.56
13574,1130352,5964.52
13574,1147754,5964.52
13574,1165331,5964.52
13574,1183199,5964.49
13574,1201108,5964.49
13574,1218930,5964.46
13574,1236603,5964.46
13574,1254538,5964.46
13574,6995995,5964.58
13574,7013936,5964.48
13574,7031718,5964.48
13574,7049244,5964.48
13574,7067157,5964.59
13574,7084892,5964.59
13574,7102504,5964.55
13574,7120304,5964.55
13574,7138164,5964.63
13574,7156015,5964.63
13574,7173923,5964.67
13574,7191582,5964.67
13574,7209243,5964.67
13574,7227024,5964.61
13574,7244982,5964.61
13574,7262697,5964.55
13574,7280163,5964.55
13574,7298169,5964.62
13574,7315873,5964.62
13574,7333544,5964.62
13574,7351315,5964.62
13574,7369266,5964.62
13574,7387309,5964.56
13574,7390472,5964.56
13574,7390693,5964.61
13574,7390991,5964.61
13574,7392422,5965.54
13574,7399459,5965.54
13574,7414305,5965.54
13574,7431838,5964.46
13574,7449563,5964.46
13574,7457479,5964.65
13574,7457759,5964.65
13574,7457993,5965.54
13574,7458289,5965.54
13574,7458640,5965.54
13574,7458837,5965.54
13574,7459215,5965.54
13574,7459442,5965.54
13574,7459784,5965.54
13574,7461081,5965.54
13574,7468179,5965.54
13574,7483165,5964.54
13574,7499539,5964.54
13574,7516457,5964.54
13574,7533480,5964.51
13574,7550560,5964.51
13574,7567773,5964.62
13574,7585532,5964.62
13574,7603177,5964.6
13574,7621021,5964.6
13574,7638557,5964.6
13574,7656459,5964.53
13574,7674149,5964.53
13574,7691942,5964.56
13574,7709486,5964.56
13574,7727171,5964.51
13574,7744947,5964.51
13574,7762656,5964.66
13574,7779887,5964.66
13574,7797293,5964.66
13574,7814444,5964.45
13574,7831712,5964.45
13574,7849083,5964.48
13574,7866519,5964.48
13574,7884065,5964.51
13574,7901722,5964.51
13574,7919279,5964.6
13574,7936679,5964.6
13574,7954199,5964.6
13574,7971625,5964.56
13574,7989181,5964.56
13574,8006644,5964.53
13574,8023985,5964.53
13574,8041484,5964.68
13574,8058905,5964.68
13574,8076455,5964.68
13574,8094531,5964.65
13574,8112547,5964.65
13574,8130594,5964.62
13574,8148657,5964.62
13574,8166841,5964.61
13574,8184526,5964.61
13574,8202032,5964.66
13574,8219700,5964.66
13574,8237082,5964.66
13574,8254620,5964.49
13574,8272094,5964.49
13574,8289457,5964.63
13574,8306964,5964.63
13574,8324512,5964.63
13574,8342071,5964.63
13574,8359850,5964.7
13574,8378137,5964.7
13574,8396334,5964.7
13574,8414395,5964.61
13574,8432816,5964.61
13574,8450727,5964.72
13574,8468658,5964.72
13574,8486936,5964.59
13574,8504761,5964.59
13574,8522581,5964.7
13574,8540464,5964.7
13574,8558510,5964.7
13574,8576209,5964.68
13574,8593721,5964.68
13574,8611025,5964.65
13574,8628769,5964.65
13574,8646297,5964.66
13574,8663578,5964.66
13574,8681132,5964.66
13574,8698685,5964.66
13574,8716451,5964.66
13574,8733844,5964.67
13574,8751259,5964.67
13574,8768677,5964.66
13574,8786479,5964.66
13574,8804255,5964.67
13574,8821927,5964.67
13574,8839583,5964.67
13574,8857265,5964.64
13574,8875166,5964.64
13574,8892952,5964.65
13574,8910514,5964.65
13574,8928406,5964.67
13574,8946080,5964.67
13574,8963751,5964.64
13574,8981395,5964.64
13574,8999425,5964.64
13574,9017023,5964.72
13574,9034920,5964.72
13574,9052414,5964.61
13574,9070269,5964.61
13574,9088149,5964.68
13574,9105665,5964.68
13574,9123356,5964.68
13574,9140895,5964.66
13574,9159045,5964.66
13574,9176725,5964.65
13574,9194658,5964.65
13574,9212454,5964.62
13574,9230235,5964.62
13574,9248295,5964.62
13574,9266085,5964.56
13574,9283715,5964.56
13574,9301428,5964.6
13574,9319207,5964.6
13574,9337457,5964.63
13574,9355309,5964.63
13574,9373443,5964.63
13574,9391556,5964.63
13574,9409713,5964.63
13574,9427743,5964.6
13574,9445798,5964.6
13574,9463771,5964.58
13574,9482029,5964.58
13574,9500027,5964.64
13574,9517485,5964.64
13574,9534885,5964.64
13574,9552410,5964.59
13574,9569817,5964.59
13574,9588014,5964.6
13574,9605894,5964.6
13574,9623835,5964.56
13574,9641765,5964.56
13574,9659755,5964.66
13574,9677471,5964.66
13574,9694896,5964.66
13574,9712813,5964.52
13574,9730706,5964.52
13574,9748309,5964.56
13574,9753762,5964.56
13574,9753979,5964.41
13574,9755713,5964.41
13574,9764041,5964.41
13574,9767728,5965.54
13574,9767966,5965.54
13574,9768259,5965.54
13574,9772153,5965.54
13574,9784575,5965.54
13574,9800961,5965.54
13574,9818219,5964.6
13574,9836021,5964.6
13574,9853742,5964.6
13574,9871592,5964.48
13574,9889393,5964.48
13574,9907158,5964.55
13574,9924982,5964.55
13574,9943158,5964.51
13574,9960931,5964.51
13574,9979124,5964.51
13574,9997118,5964.57
13574,10015122,5964.57
13574,10033277,5964.63
13574,10051063,5964.63
13574,10069115,5964.49
13574,10086912,5964.49
13574,10104673,5964.49
13574,10122627,5964.6
13574,10137448,5964.6
13574,10137570,5964.56
13574,1272291,5964.46
13574,1290207,5964.52
13574,1307836,5964.52
13574,1325471,5964.52
13574,1343081,5964.39
13574,1360630,5964.39
13574,1378401,5964.51
13574,1395947,5964.51
13574,1413746,5964.33
13574,1431562,5964.33
13574,1449170,5964.51
13574,1466813,5964.51
13574,1484284,5964.51
13574,1501816,5964.49
13574,1519228,5964.49
13574,1536755,5964.56
13574,1553916,5964.56
13574,1571307,5964.49
13574,1588839,5964.49
13574,1606127,5964.49
13574,1623668,5964.45
13574,1640946,5964.45
13574,1658323,5964.46
13574,1675878,5964.46
13574,1693161,5964.48
13574,1710445,5964.48
13574,1727867,5964.44
13574,1745304,5964.44
13574,1763043,5964.44
13574,1780495,5964.49
13574,1798115,5964.49
13574,1815532,5964.53
13574,1833441,5964.53
13574,1851127,5964.41
13574,1868854,5964.41
13574,1886780,5964.57
13574,1904738,5964.57
13574,1922913,5964.57
13574,1940706,5964.49
13574,1958767,5964.49
13574,1976804,5964.59
13574,1994872,5964.59
13574,2012656,5964.43
13574,2030335,5964.43
13574,2047856,5964.43
13574,2065521,5964.49
13574,2082981,5964.49
13574,2100119,5964.43
13574,2117476,5964.43
13574,2135068,5964.56
13574,2152489,5964.56
13574,2169976,5964.59
13574,2187257,5964.59
13574,2204640,5964.59
13574,2222010,5964.51
13574,2239465,5964.51
13574,2256765,5964.5
13574,2274019,5964.5
13574,2291703,5964.59
13574,2309482,5964.59
13574,2327030,5964.59
13574,2344691,5964.47
13574,2362357,5964.47
13574,2380009,5964.53
13574,2397806,5964.53
13574,2415279,5964.46
13574,2432882,5964.46
13574,2450811,5964.61
13574,2468349,5964.61
13574,2486006,5964.61
13574,2503910,5964.57
13574,2521579,5964.57
13574,2538998,5964.52
13574,2556701,5964.52
13574,2574318,5964.56
13574,2591725,5964.56
13574,2609637,5964.53
13574,2627048,5964.53
13574,2644977,5964.53
13574,2662760,5964.57
13574,2680312,5964.57
13574,2697726,5964.52
13574,2715125,5964.52
13574,2732636,5964.51
13574,2750107,5964.51
13574,2767465,5964.51
13574,2785048,5964.53
13574,2802683,5964.53
13574,2803579,5964.46
13574,2803930,5964.46
13574,2804146,5965.54
13574,2805948,5965.54
13574,2809696,5964.6
13574,2821075,5964.6
13574,2838385,5964.6
13574,2855804,5964.33
13574,2873062,5964.33
13574,2890465,5964.45
13574,2908068,5964.45
13574,2925652,5964.53
13574,2942931,5964.53
13574,2960838,5964.53
13574,2978511,5964.56
13574,2996038,5964.56
13574,3013321,5964.48
13574,3030724,5964.48
13574,3048382,5964.52
13574,3065824,5964.52
13574,3083234,5964.45
13574,3100636,5964.45
13574,3118292,5964.45
13574,3135478,5964.51
13574,3153104,5964.51
13574,3170435,5964.56
13574,3188322,5964.56
13574,3206618,5964.42
13574,3224288,5964.42
13574,3242013,5964.42
13574,3260107,5964.56
13574,3277772,5964.56
13574,3295663,5964.42
13574,3313488,5964.42
13574,3330993,5964.5
13574,3348388,5964.5
13574,3365848,5964.49
13574,3383254,5964.49
13574,3400922,5964.49
13574,3418332,5964.51
13574,3435485,5964.51
13574,3452893,5964.48
13574,3470041,5964.48
13574,3487311,5964.51
13574,3499890,5964.51
13574,3500172,5964.51
13574,3501450,5964.44
13574,3508666,5964.44
13574,3523988,5965.54
13574,3541522,5965.54
13574,3559259,5964.37
13574,3577173,5964.37
13574,3595030,5964.44
13574,3612576,5964.44
13574,3630359,5964.44
13574,3647957,5964.47
13574,3665835,5964.47
13574,3683243,5964.47
13574,3700863,5964.47
13574,3718167,5964.49
13574,3735601,5964.49
13574,3752835,5964.54
13574,3770258,5964.54
13574,3787819,5964.54
13574,3805228,5964.39
13574,3820167,5964.39
13574,3820405,5964.49
13574,3820679,5964.49
13574,3821043,5965.54
13574,3821334,5965.54
13574,3825815,5965.54
13574,3838227,5965.54
13574,3855391,5965.54
13574,3872645,5964.46
13574,3879887,5964.46
13574,3880231,5964.48
13574,3880463,5964.48
13574,3881189,5965.54
13574,3886832,5965.54
13574,3900767,5965.54
13574,3918062,5964.56
13574,3935463,5964.56
13574,3952746,5964.48
13574,3966427,5964.48
13574,3966769,5964.51
13574,3967074,5964.51
13574,3967362,5965.54
13574,3967582,5965.54
13574,3967876,5965.54
13574,3968165,5965.54
13574,3968512,5965.54
13574,3968796,5965.54
13574,3969036,5965.54
13574,3969382,5965.54
13574,3969670,5965.54
13574,3969893,5965.54
13574,3970500,5965.54
13574,3975568,5965.54
13574,3988034,5965.54
13574,4003912,5965.54
13574,4020431,5964.51
13574,4037066,5964.51
13574,4054185,5964.49
13574,4071813,5964.49
13574,4089459,5964.49
13574,4107065,5964.59
13574,4124737,5964.59
13574,4142540,5964.57
13574,4148474,5964.57
13574,4148760,5964.54
13574,4149049,5964.54
13574,4149336,5964.54
13574,4149628,5965.54
13574,4154231,5965.54
13574,4167025,5965.54
13574,4182767,5965.54
13574,4199175,5964.46
13574,4216051,5964.46
13574,4233244,5964.51
13574,4250501,5964.51
13574,4267743,5964.51
13574,4285168,5964.58
13574,4302497,5964.58
13574,4320003,5964.65
13574,4337287,5964.65
13574,4354699,5964.67
13574,4372120,5964.67
13574,4389880,5964.67
13574,4407181,5964.6
13574,4424595,5964.6
13574,4442121,5964.58
13574,4459584,5964.58
13574,4477177,5964.71
13574,4494833,5964.71
13574,4512760,5964.62
13574,4530749,5964.62
13574,4548724,5964.62
13574,4566516,5964.57
13574,4584064,5964.57
13574,4601989,5964.73
13574,4619677,5964.73
13574,4637523,5964.62
13574,4655239,5964.62
13574,4673035,5964.62
13574,4690559,5964.65
13574,4708209,5964.65
13574,4726206,5964.55
13574,4743925,5964.55
13574,4761341,5964.61
13574,4778885,5964.61
13574,4796418,5964.56
13574,4814092,5964.56
13574,4831574,5964.56
13574,4849278,5964.56
13574,4866937,5964.56
13574,4884756,5964.56
13574,4902403,5964.56
13574,4917248,5964.57
13574,4917505,5964.57
13574,4917797,5965.54
13574,4918142,5965.54
13574,4918683,5965.54
13574,4924328,5965.54
13574,4938268,5965.54
13574,4955831,5964.54
13574,4973676,5964.54
13574,4991998,5964.52
13574,5009557,5964.52
13574,5027264,5964.52
13574,5044524,5964.46
13574,5061665,5964.46
13574,5079150,5964.31
13574,5096618,5964.31
13574,5114016,5964.6
13574,5131637,5964.6
13574,5149117,5964.51
13574,5166580,5964.51
13574,5184273,5964.51
13574,5201841,5964.6
13574,5219494,5964.6
13574,5237024,5964.47
13574,5254803,5964.47
13574,5272511,5964.58
13574,5290299,5964.58
13574,5308306,5964.62
13574,5326239,5964.62
13574,5343852,5964.62
13574,5361560,5964.64
13574,5379476,5964.64
13574,5397399,5964.58
13574,5415208,5964.58
13574,5432993,5964.67
13574,5450836,5964.67
13574,5468702,5964.67
13574,5486770,5964.64
13574,5504538,5964.64
13574,5522705,5964.51
13574,5539992,5964.51
13574,5557950,5964.6
13574,5575713,5964.6
13574,5593567,5964.63
13574,5611549,5964.63
13574,5629350,5964.63
13574,5647261,5964.64
13574,5665071,5964.64
13574,5682730,5964.57
13574,5700391,5964.57
13574,5718057,5964.63
13574,5735706,5964.63
13574,5753558,5964.63
13574,5771248,5964.56
13574,5789099,5964.56
13574,5807117,5964.67
13574,5824667,5964.67
13574,5842068,5964.71
13574,5859858,5964.71
13574,5877273,5964.71
13574,5894943,5964.52
13574,5912354,5964.52
13574,5930159,5964.51
13574,5947805,5964.51
13574,5965476,5964.52
13574,5983212,5964.52
13574,6000955,5964.57
13574,6018718,5964.57
13574,6036057,5964.57
13574,6054061,5964.64
13574,6071851,5964.64
13574,6089243,5964.53
13574,6106926,5964.53
13574,6124462,5964.62
13574,6141985,5964.62
13574,6159800,5964.52
13574,6177558,5964.52
13574,6195241,5964.52
13574,6212894,5964.59
13574,6230807,5964.59
13574,6248602,5964.62
13574,6266401,5964.62
13574,6284190,5964.8
13574,6301843,5964.8
13574,6319648,5964.58
13574,6337788,5964.58
13575,42357,5964.51
13575,60387,5964.51
13575,77673,5964.56
13575,95089,5964.56
13575,112357,5964.56
13575,129688,5964.48
13575,146935,5964.48
13575,164590,5964.22
13575,181992,5964.22
13575,199417,5964.57
13575,216818,5964.57
13575,234297,5964.57
13575,251989,5964.66
13575,269690,5964.66
13575,287365,5964.6
13575,305271,5964.6
13575,323139,5964.7
13575,340964,5964.7
13575,359168,5964.62
13575,376801,5964.62
13575,394601,5964.62
13575,412394,5964.64
13575,430447,5964.64
13575,448310,5964.68
13575,466235,5964.68
13575,484082,5964.63
13575,501484,5964.63
13575,501821,5964.63
13575,502106,5964.61
13575,502397,5964.61
13575,502686,5965.54
13575,502972,5965.54
13575,503199,5965.54
13575,503417,5965.54
13575,503705,5965.54
13575,504055,5965.54
13575,504340,5965.54
13575,504625,5965.54
13575,504920,5965.54
13575,505151,5965.54
13575,507823,5965.54
13575,518205,5965.54
13575,533951,5965.54
13575,550732,5965.54
13575,567558,5964.56
13575,584657,5964.56
13575,602059,5964.58
13575,619392,5964.58
13575,6370695,5964.44
13575,6387951,5964.44
13575,6405447,5964.44
13575,6422899,5964.53
13575,6440298,5964.53
13575,6457779,5964.55
13575,6475520,5964.55
13575,6493177,5964.41
13575,6511107,5964.41
13575,6528922,5964.49
13575,6546824,5964.49
13575,6564606,5964.49
13575,6582376,5964.46
13575,6599937,5964.46
13575,6612094,5964.48
13575,6612298,5964.48
13575,6612579,5965.54
13575,6612879,5965.54
13575,6613175,5965.54
13575,6617406,5965.54
13575,6629822,5965.54
13575,6646827,5964.78
13575,6663979,5964.78
13575,6681515,5964.46
13575,6699311,5964.46
13575,6717381,5964.55
13575,6735295,5964.55
13575,6753235,5964.55
13575,6771287,5964.45
13575,6789573,5964.45
13575,6807607,5964.49
13575,6825659,5964.49
13575,6843314,5964.44
13575,6860996,5964.44
13575,6878644,5964.44
13575,6896319,5964.52
13575,6913525,5964.52
13575,6930997,5964.5
13575,6948382,5964.5
13575,6951518,5964.54
13575,6951871,5964.54
13575,6952109,5964.54
13575,6956727,5965.54
13575,6969269,5965.54
13575,6986422,5964.71
13575,636867,5964.55
13575,654154,5964.55
13575,671476,5964.6
13575,689031,5964.6
13575,706764,5964.6
13575,724415,5964.61
13575,742048,5964.61
13575,759357,5964.59
13575,776543,5964.59
13575,793999,5964.62
13575,811404,5964.62
13575,828699,5964.65
13575,845758,5964.65
13575,862927,5964.65
13575,880073,5964.66
13575,897687,5964.66
13575,915274,5964.62
13575,916922,5964.62
13575,917213,5965.54
13575,917508,5965.54
13575,917794,5965.54
13575,918029,5965.54
13575,918360,5965.54
13575,918601,5965.54
13575,918945,5965.54
13575,919232,5965.54
13575,919496,5965.54
13575,919806,5965.54
13575,920108,5965.54
13575,920330,5965.54
13575,920628,5965.54
13575,920912,5965.54
13575,921254,5965.54
13575,921545,5965.54
13575,921778,5965.54
13575,922070,5965.54
13575,922350,5965.54
13575,922641,5965.54
13575,922927,5965.54
13575,923258,5965.54
13575,923509,5965.54
13575,923796,5965.54
13575,924148,5965.54
13575,924370,5965.54
13575,924661,5965.54
13575,924993,5965.54
13575,925288,5965.54
13575,925585,5965.54
13575,925792,5965.54
13575,926099,5965.54
13575,926390,5965.54
13575,926743,5965.54
13575,927021,5965.54
13575,927316,5965.54
13575,927550,5965.54
13575,927831,5965.54
13575,928048,5965.54
13575,928343,5965.54
13575,928631,5965.54
13575,928973,5965.54
13575,929268,5965.54
13575,929482,5965.54
13575,929834,5965.54
13575,930078,5965.54
13575,930411,5965.54
13575,930645,5965.54
13575,930997,5965.54
13575,931219,5965.54
13575,931558,5965.54
13575,931855,5965.54
13575,932143,5965.54
13575,932382,5965.54
13575,932671,5965.54
13575,932936,5965.54
13575,933246,5965.54
13575,934168,5965.54
13575,938632,5965.54
13575,950905,5965.54
13575,965888,5964.71
13575,981912,5964.71
13575,998045,5964.51
13575,1014401,5964.51
13575,1030921,5964.53
13575,1047687,5964.53
13575,1064710,5964.53
13575,1081623,5964.54
13575,1098509,5964.54
13575,1115440,5964.51
13575,1132566,5964.51
13575,1149595,5964.54
13575,1166652,5964.54
13575,1183767,5964.54
13575,1200911,5964.53
13575,1217896,5964.53
13575,1234955,5964.6
13575,1251981,5964.6
13575,1269126,5964.55
13575,7003942,5964.71
13575,7021737,5964.52
13575,7039660,5964.52
13575,7057745,5964.6
13575,7075629,5964.6
13575,7093298,5964.6
13575,7110960,5964.56
13575,7128786,5964.56
13575,7146274,5964.53
13575,7163709,5964.53
13575,7181114,5964.54
13575,7198774,5964.54
13575,7216680,5964.53
13575,7234292,5964.53
13575,7251898,5964.53
13575,7269367,5964.56
13575,7286951,5964.56
13575,7304397,5964.44
13575,7322050,5964.44
13575,7339779,5964.52
13575,7357222,5964.52
13575,7374505,5964.52
13575,7392148,5964.63
13575,7409711,5964.63
13575,7427378,5964.62
13575,7445429,5964.62
13575,7462960,5964.5
13575,7480758,5964.5
13575,7498181,5964.59
13575,7515742,5964.59
13575,7533478,5964.59
13575,7551039,5964.5
13575,7568310,5964.5
13575,7585783,5964.58
13575,7603243,5964.58
13575,7620773,5964.61
13575,7638458,5964.61
13575,7656117,5964.61
13575,7673783,5964.54
13575,7691235,5964.54
13575,7708765,5964.59
13575,7726640,5964.59
13575,7744440,5964.63
13575,7762372,5964.63
13575,7780245,5964.6
13575,7798192,5964.6
13575,7816152,5964.6
13575,7834201,5964.59
13575,7852207,5964.59
13575,7869989,5964.6
13575,7887653,5964.6
13575,7905445,5964.62
13575,7922877,5964.62
13575,7940662,5964.62
13575,7958337,5964.57
13575,7975994,5964.57
13575,7993774,5964.71
13575,8011183,5964.71
13575,8028598,5964.66
13575,8046400,5964.66
13575,8064268,5964.65
13575,8081971,5964.65
13575,8099761,5964.65
13575,8117567,5964.59
13575,8134904,5964.59
13575,8152741,5964.56
13575,8170517,5964.56
13575,8188089,5964.65
13575,8205884,5964.65
13575,8223741,5964.65
13575,8241575,5964.65
13575,8259378,5964.65
13575,8277054,5964.66
13575,8294952,5964.66
13575,8312634,5964.7
13575,8330433,5964.7
13575,8348467,5964.67
13575,8366515,5964.67
13575,8384376,5964.67
13575,8402550,5964.59
13575,8420284,5964.59
13575,8438174,5964.59
13575,8455802,5964.59
13575,8473470,5964.67
13575,8491177,5964.67
13575,8509036,5964.67
13575,8526884,5964.55
13575,8544595,5964.55
13575,8562373,5964.73
13575,8580399,5964.73
13575,8598334,5964.57
13575,8615843,5964.57
13575,8633665,5964.57
13575,8651424,5964.59
13575,8669233,5964.59
13575,8687031,5964.53
13575,8704944,5964.53
13575,8722724,5964.55
13575,8740451,5964.55
13575,8758199,5964.52
13575,8775477,5964.52
13575,8793151,5964.52
13575,8810788,5964.59
13575,8828466,5964.59
13575,8845929,5964.59
13575,8863313,5964.59
13575,8880913,5964.51
13575,8898443,5964.51
13575,8916070,5964.53
13575,8933562,5964.53
13575,8951078,5964.53
13575,8968612,5964.52
13575,8986560,5964.52
13575,9004458,5964.51
13575,9022273,5964.51
13575,9040196,5964.45
13575,9057973,5964.45
13575,9075765,5964.45
13575,9093637,5964.45
13575,9111291,5964.45
13575,9129394,5964.46
13575,9147195,5964.46
13575,9165121,5964.51
13575,9182893,5964.51
13575,9200833,5964.32
13575,9218608,5964.32
13575,9236239,5964.32
13575,9254190,5964.4
13575,9271981,5964.4
13575,9289788,5964.44
13575,9307366,5964.44
13575,9325194,5964.38
13575,9342815,5964.38
13575,9360699,5964.39
13575,9378748,5964.39
13575,9396659,5964.39
13575,9414420,5964.43
13575,9432247,5964.43
13575,9450038,5964.44
13575,9467184,5964.44
13575,9484335,5964.46
13575,9501899,5964.46
13575,9519565,5964.46
13575,9536892,5964.41
13575,9554293,5964.41
13575,9571649,5964.46
13575,9589159,5964.46
13575,9606581,5964.47
13575,9624416,5964.47
13575,9642097,5964.48
13575,9659688,5964.48
13575,9677360,5964.48
13575,9694894,5964.42
13575,9712420,5964.42
13575,9730124,5964.52
13575,9747760,5964.52
13575,9765418,5964.47
13575,9782960,5964.47
13575,9800498,5964.47
13575,9818096,5964.24
13575,9835542,5964.24
13575,9853105,5964.61
13575,9870696,5964.61
13575,9888510,5964.4
13575,9906476,5964.4
13575,9924143,5964.5
13575,9941943,5964.5
13575,9959873,5964.5
13575,9977767,5964.47
13575,9995769,5964.47
13575,10013727,5964.49
13575,10031416,5964.49
13575,10049213,5964.53
13575,10067091,5964.53
13575,10084784,5964.54
13575,10102707,5964.54
13575,10120740,5964.54
13575,10138674,5964.47
13575,10156650,5964.47
13575,10174564,5964.55
13575,10192176,5964.55
13575,10209841,5964.53
13575,10227499,5964.53
13575,10245332,5964.53
13575,10262976,5964.51
13575,10280626,5964.51
13575,10298286,5964.64
13575,10315823,5964.64
13575,10333484,5964.57
13575,10350911,5964.57
13575,10357486,5964.61
13575,1286154,5964.55
13575,1303062,5964.55
13575,1320416,5964.55
13575,1338050,5964.55
13575,1355667,5964.56
13575,1373196,5964.56
13575,1391003,5964.49
13575,1408602,5964.49
13575,1426325,5964.52
13575,1443756,5964.52
13575,1461525,5964.43
13575,1479054,5964.43
13575,1497004,5964.43
13575,1514899,5964.56
13575,1532434,5964.56
13575,1550361,5964.49
13575,1568010,5964.49
13575,1585813,5964.55
13575,1603593,5964.55
13575,1621165,5964.55
13575,1638796,5964.46
13575,1656467,5964.46
13575,1674002,5964.65
13575,1691671,5964.65
13575,1709030,5964.5
13575,1716044,5964.5
13575,1716406,5964.47
13575,1716635,5964.47
13575,1716994,5964.47
13575,1720390,5965.54
13575,1730906,5965.54
13575,1748449,5964.76
13575,1766104,5964.76
13575,1783890,5964.61
13575,1801419,5964.61
13575,1819083,5964.61
13575,1836768,5964.57
13575,1854039,5964.57
13575,1871435,5964.53
13575,1888858,5964.53
13575,1906393,5964.5
13575,1923923,5964.5
13575,1941581,5964.49
13575,1958997,5964.49
13575,1976412,5964.49
13575,1993715,5964.54
13575,2011351,5964.54
13575,2028765,5964.46
13575,2046173,5964.46
13575,2063543,5964.49
13575,2080866,5964.49
13575,2098444,5964.43
13575,2116197,5964.43
13575,2133535,5964.43
13575,2150866,5964.49
13575,2168540,5964.49
13575,2185932,5964.49
13575,2203267,5964.49
13575,2220765,5964.46
13575,2238436,5964.46
13575,2256224,5964.46
13575,2274261,5964.54
13575,2291922,5964.54
13575,2309720,5964.53
13575,2327767,5964.53
13575,2345426,5964.62
13575,2363599,5964.62
13575,2381134,5964.61
13575,2399006,5964.61
13575,2412660,5964.61
13575,2412990,5964.6
13575,2413223,5964.6
13575,2413571,5965.54
13575,2413799,5965.54
13575,2414007,5965.54
13575,2414295,5965.54
13575,2419298,5965.54
13575,2431699,5965.54
13575,2448866,5965.54
13575,2466273,5964.28
13575,2484063,5964.28
13575,2501391,5964.62
13575,2518870,5964.62
13575,2536483,5964.6
13575,2553812,5964.6
13575,2571303,5964.6
13575,2588766,5964.53
13575,2606521,5964.53
13575,2623722,5964.64
13575,2641308,5964.64
13575,2659175,5964.55
13575,2676699,5964.55
13575,2694346,5964.55
13575,2712092,5964.73
13575,2730062,5964.73
13575,2747979,5964.53
13575,2765675,5964.53
13575,2783719,5964.64
13575,2797250,5964.64
13575,2797478,5964.66
13575,2797763,5964.66
13575,2799869,5964.66
13575,2808323,5965.54
13575,2825606,5965.54
13575,2843284,5964.58
13575,2860830,5964.58
13575,2878222,5964.64
13575,2896271,5964.64
13575,2913797,5964.52
13575,2931360,5964.52
13575,2948768,5964.52
13575,2966175,5964.57
13575,2983740,5964.57
13575,3001334,5964.65
13575,3018651,5964.65
13575,3036177,5964.57
13575,3053747,5964.57
13575,3071020,5964.57
13575,3088695,5964.63
13575,3106230,5964.63
13575,3123655,5964.58
13575,3141265,5964.58
13575,3159074,5964.5
13575,3176718,5964.5
13575,3183654,5964.57
13575,3183877,5964.57
13575,3184225,5964.57
13575,3187872,5965.54
13575,3199009,5965.54
13575,3216172,5964.56
13575,3233836,5964.56
13575,3251624,5964.54
13575,3269917,5964.54
13575,3287915,5964.54
13575,3305776,5964.58
13575,3323563,5964.58
13575,3341228,5964.55
13575,3358624,5964.55
13575,3375913,5964.47
13575,3393493,5964.47
13575,3411125,5964.54
13575,3428649,5964.54
13575,3446177,5964.54
13575,3463733,5964.44
13575,3481375,5964.44
13575,3498924,5964.5
13575,3516495,5964.5
13575,3534178,5964.63
13575,3551660,5964.63
13575,3569486,5964.63
13575,3587204,5964.53
13575,3604917,5964.53
13575,3622585,5964.75
13575,3640115,5964.75
13575,3658014,5964.36
13575,3675763,5964.36
13575,3693341,5964.57
13575,3711035,5964.57
13575,3728559,5964.57
13575,3746339,5964.44
13575,3764281,5964.44
13575,3782047,5964.66
13575,3799735,5964.66
13575,3817256,5964.46
13575,3834929,5964.46
13575,3852351,5964.46
13575,3870005,5964.53
13575,3887518,5964.53
13575,3905318,5964.49
13575,3923102,5964.49
13575,3940901,5964.45
13575,3958436,5964.45
13575,3976238,5964.45
13575,3993900,5964.45
13575,4011688,5964.45
13575,4029339,5964.61
13575,4047154,5964.61
13575,4065122,5964.45
13575,4082729,5964.45
13575,4100721,5964.45
13575,4118581,5964.45
13575,4136438,5964.45
13575,4154144,5964.52
13575,4172189,5964.52
13575,4190254,5964.48
13575,4204823,5964.48
13575,4205064,5964.44
13575,4205355,5964.44
13575,4205645,5965.54
13575,4205981,5965.54
13575,4206208,5965.54
13575,4206560,5965.54
13575,4206790,5965.54
13575,4207084,5965.54
13575,4207348,5965.54
13575,4209347,5965.54
13575,4217189,5965.54
13575,4217511,5965.54
13575,4217792,5964.58
13575,4221130,5964.58
13575,4231764,5965.54
13575,4248011,5965.54
13575,4264914,5964.31
13575,4282177,5964.31
13575,4299731,5964.45
13575,4317340,5964.45
13575,4335035,5964.45
13575,4352698,5964.53
13575,4370234,5964.53
13575,4387831,5964.51
13575,4405190,5964.51
13575,4422734,5964.56
13575,4440121,5964.56
13575,4457545,5964.52
13575,4475216,5964.52
13575,4492757,5964.52
13575,4510478,5964.48
13575,4527818,5964.48
13575,4545385,5964.56
13575,4555064,5964.56
13575,4555342,5964.56
13575,4555678,5964.56
13575,4559588,5964.56
13575,4570883,5965.54
13575,4588268,5965.54
13575,4606074,5964.25
13575,4624108,5964.25
13575,4642045,5964.5
13575,4644180,5964.5
13575,4644508,5965.54
13575,4646474,5965.54
13575,4655821,5965.54
13575,4671952,5964.83
13575,4689100,5964.83
13575,4706634,5964.48
13575,4723907,5964.48
13575,4741185,5964.58
13575,4759108,5964.58
13575,4776596,5964.58
13575,4794138,5964.62
13575,4811801,5964.62
13575,4826682,5964.5
13575,4826946,5964.5
13575,4827268,5965.54
13575,4829191,5965.54
13575,4838031,5965.54
13575,4854270,5965.54
13575,4871192,5965.54
13575,4888503,5964.55
13575,4905991,5964.55
13575,4923413,5964.48
13575,4940847,5964.48
13575,4958595,5964.46
13575,4976271,5964.46
13575,4994072,5964.46
13575,5011327,5964.59
13575,5028935,5964.59
13575,5046642,5964.43
13575,5064213,5964.43
13575,5082027,5964.43
13575,5099791,5964.43
13575,5117555,5964.62
13575,5135437,5964.62
13575,5153158,5964.62
13575,5171315,5964.4
13575,5188977,5964.4
13575,5207049,5964.5
13575,5224622,5964.5
13575,5242385,5964.48
13575,5260011,5964.48
13575,5277703,5964.48
13575,5295495,5964.39
13575,5313238,5964.39
13575,5330968,5964.46
13575,5348618,5964.46
13575,5366166,5964.42
13575,5383955,5964.42
13575,5401748,5964.48
13575,5419393,5964.48
13575,5425242,5964.48
13575,5425582,5964.45
13575,5425869,5964.45
13575,5427606,5965.54
13575,5435806,5965.54
13575,5451558,5964.65
13575,5469225,5964.65
13575,5487534,5964.48
13575,5505527,5964.48
13575,5523263,5964.48
13575,5540902,5964.48
13575,5558473,5964.48
13575,5576107,5964.48
13575,5593470,5964.48
13575,5610873,5964.42
13575,5628344,5964.42
13575,5645997,5964.42
13575,5663392,5964.51
13575,5680809,5964.51
13575,5698160,5964.43
13575,5715713,5964.43
13575,5733325,5964.43
13575,5750882,5964.43
13575,5768467,5964.49
13575,5786152,5964.49
13575,5803957,5964.49
13575,5821611,5964.41
13575,5839386,5964.41
13575,5857338,5964.47
13575,5875102,5964.47
13575,5892380,5964.45
13575,5909927,5964.45
13575,5927342,5964.45
13575,5945003,5964.46
13575,5962863,5964.46
13575,5979170,5964.56
13575,5979482,5964.56
13575,5979773,5965.54
13575,5980071,5965.54
13575,5981155,5965.54
13575,5987700,5965.54
13575,6001908,5965.54
13575,6018553,5964.56
13575,6035972,5964.56
13575,6053396,5964.45
13575,6070907,5964.45
13575,6088553,5964.41
13575,6106354,5964.41
13575,6124276,5964.41
13575,6141948,5964.52
13575,6159621,5964.52
13575,6177415,5964.42
13575,6195071,5964.42
13575,6212587,5964.48
13575,6230371,5964.48
13575,6248252,5964.52
13575,6266090,5964.52
13575,6283908,5964.52
13575,6301809,5964.47
13575,6318958,5964.47
13575,6336297,5964.47
13575,6353538,5964.47
13576,7945,5964.6
13576,8281,5964.6
13576,8584,5965.54
13576,13837,5965.54
13576,26647,5965.54
13576,43657,5964.72
13576,61077,5964.72
13576,78463,5964.51
13576,96006,5964.51
13576,113703,5964.56
13576,131465,5964.56
13576,149130,5964.62
13576,166708,5964.62
13576,184627,5964.62
13576,202638,5964.6
13576,220303,5964.6
13576,238280,5964.6
13576,255999,5964.6
13576,273799,5964.57
13576,291661,5964.57
13576,309381,5964.57
13576,326809,5964.56
13576,344385,5964.56
13576,362318,5964.53
13576,380152,5964.53
13576,397570,5964.6
13576,415189,5964.6
13576,432941,5964.59
13576,450690,5964.59
13576,468100,5964.59
13576,485637,5964.54
13576,503244,5964.54
13576,520972,5964.47
13576,538725,5964.47
13576,556657,5964.5
13576,574341,5964.5
13576,592330,5964.61
13576,609952,5964.61
13576,628008,5964.61
13576,6341023,5964.64
13576,6358939,5964.64
13576,6376595,5964.64
13576,6394663,5964.61
13576,6412736,5964.61
13576,6430885,5964.55
13576,6449046,5964.55
13576,6466877,5964.68
13576,6484753,5964.68
13576,6502696,5964.62
13576,6520435,5964.62
13576,6538280,5964.62
13576,6556029,5964.64
13576,6573776,5964.64
13576,6591453,5964.52
13576,6609361,5964.52
13576,6627396,5964.68
13576,6644891,5964.68
13576,6662331,5964.59
13576,6680141,5964.59
13576,6697758,5964.59
13576,6715432,5964.64
13576,6733214,5964.64
13576,6750748,5964.59
13576,6768682,5964.59
13576,6786201,5964.62
13576,6792833,5964.62
13576,6793126,5964.58
13576,6793416,5964.58
13576,6793764,5964.58
13576,6794056,5965.54
13576,6794339,5965.54
13576,6794573,5965.54
13576,6794912,5965.54
13576,6795142,5965.54
13576,6795495,5965.54
13576,6795710,5965.54
13576,6796080,5965.54
13576,6796921,5965.54
13576,6803214,5965.54
13576,6817163,5965.54
13576,6833697,5964.45
13576,6850991,5964.45
13576,6868391,5964.48
13576,6885894,5964.48
13576,6903568,5964.48
13576,6921414,5964.6
13576,6939392,5964.6
13576,6957353,5964.61
13576,645718,5964.51
13576,650268,5964.51
13576,650610,5964.59
13576,650913,5964.59
13576,651645,5965.54
13576,657395,5965.54
13576,671465,5965.54
13576,688365,5964.7
13576,705917,5964.7
13576,723178,5964.47
13576,740615,5964.47
13576,758250,5964.47
13576,775927,5964.47
13576,793888,5964.59
13576,811779,5964.59
13576,829431,5964.59
13576,847242,5964.52
13576,864699,5964.52
13576,882167,5964.5
13576,899610,5964.5
13576,917748,5964.48
13576,935259,5964.48
13576,952954,5964.6
13576,970505,5964.6
13576,988134,5964.6
13576,1005935,5964.53
13576,1023735,5964.53
13576,1041529,5964.56
13576,1059176,5964.56
13576,1076595,5964.76
13576,1093894,5964.76
13576,1111400,5964.76
13576,1128942,5964.54
13576,1146616,5964.54
13576,1164151,5964.64
13576,1181698,5964.64
13576,1199441,5964.58
13576,1217152,5964.58
13576,1235019,5964.62
13576,1252597,5964.62
13576,6975117,5964.61
13576,6993051,5964.6
13576,7011339,5964.6
13576,7029244,5964.55
13576,7047174,5964.55
13576,7065159,5964.55
13576,7083137,5964.6
13576,7101092,5964.6
13576,7118974,5964.71
13576,7137056,5964.71
13576,7154833,5964.52
13576,7172471,5964.52
13576,7190151,5964.52
13576,7207962,5964.67
13576,7225616,5964.67
13576,7243296,5964.69
13576,7261010,5964.69
13576,7278729,5964.66
13576,7296395,5964.66
13576,7313956,5964.64
13576,7331166,5964.64
13576,7348471,5964.64
13576,7366060,5964.62
13576,7383691,5964.62
13576,7401464,5964.57
13576,7419015,5964.57
13576,7436931,5964.55
13576,7454977,5964.55
13576,7472601,5964.67
13576,7490555,5964.67
13576,7508283,5964.67
13576,7526233,5964.61
13576,7544072,5964.61
13576,7561809,5964.66
13576,7579539,5964.66
13576,7597203,5964.6
13576,7615204,5964.6
13576,7632913,5964.6
13576,7650583,5964.62
13576,7668232,5964.62
13576,7686033,5964.6
13576,7703923,5964.6
13576,7721483,5964.68
13576,7739274,5964.68
13576,7756944,5964.59
13576,7774708,5964.59
13576,7792529,5964.59
13576,7810196,5964.59
13576,7828239,5964.59
13576,7846019,5964.63
13576,7863497,5964.63
13576,7881341,5964.57
13576,7899131,5964.57
13576,7916936,5964.61
13576,7934600,5964.61
13576,7952015,5964.61
13576,7969677,5964.66
13576,7987438,5964.66
13576,8004914,5964.67
13576,8022408,5964.67
13576,8039963,5964.68
13576,8057715,5964.68
13576,8075294,5964.68
13576,8092809,5964.67
13576,8110362,5964.67
13576,8127744,5964.77
13576,8145286,5964.77
13576,8162942,5964.74
13576,8180596,5964.74
13576,8198009,5964.83
13576,8215419,5964.83
13576,8233074,5964.83
13576,8251272,5964.68
13576,8269242,5964.68
13576,8287151,5964.63
13576,8305023,5964.63
13576,8322828,5964.71
13576,8340730,5964.71
13576,8358664,5964.71
13576,8376455,5964.6
13576,8394273,5964.6
13576,8412160,5964.56
13576,8429937,5964.56
13576,8447743,5964.58
13576,8465794,5964.58
13576,8483714,5964.63
13576,8501245,5964.63
13576,8519416,5964.63
13576,8537343,5964.71
13576,8555014,5964.71
13576,8573059,5964.66
13576,8590984,5964.66
13576,8608896,5964.72
13576,8626556,5964.72
13576,8644491,5964.72
13576,8662137,5964.62
13576,8679936,5964.62
13576,8697466,5964.66
13576,8715134,5964.66
13576,8733059,5964.64
13576,8750904,5964.64
13576,8768763,5964.61
13576,8786434,5964.61
13576,8804213,5964.61
13576,8821876,5964.67
13576,8839571,5964.67
13576,8857077,5964.63
13576,8875055,5964.63
13576,8892714,5964.71
13576,8910337,5964.71
13576,8927875,5964.61
13576,8945598,5964.61
13576,8963401,5964.61
13576,8980992,5964.64
13576,8998908,5964.64
13576,9016701,5964.63
13576,9034500,5964.63
13576,9052431,5964.67
13576,9070208,5964.67
13576,9087860,5964.67
13576,9105406,5964.68
13576,9122953,5964.68
13576,9140312,5964.67
13576,9158002,5964.67
13576,9175676,5964.66
13576,9193489,5964.66
13576,9211005,5964.72
13576,9228655,5964.72
13576,9246340,5964.72
13576,9248907,5964.62
13576,9249206,5964.62
13576,9249497,5965.54
13576,9249789,5965.54
13576,9251763,5965.54
13576,9260495,5965.54
13576,9276475,5965.54
13576,9293605,5964.65
13576,9310932,5964.65
13576,9328323,5964.67
13576,9345789,5964.67
13576,9363578,5964.69
13576,9381201,5964.69
13576,9398971,5964.64
13576,9416513,5964.64
13576,9434156,5964.64
13576,9452078,5964.59
13576,9469640,5964.59
13576,9487290,5964.57
13576,9505474,5964.57
13576,9523250,5964.62
13576,9529684,5964.62
13576,9529951,5964.65
13576,9530201,5964.65
13576,9530488,5964.65
13576,9530778,5965.54
13576,9531068,5965.54
13576,9531414,5965.54
13576,9531816,5965.54
13576,9536830,5965.54
13576,9550518,5965.54
13576,9567765,5965.54
13576,9585072,5964.41
13576,9602385,5964.41
13576,9619910,5964.53
13576,9636928,5964.53
13576,9654315,5964.58
13576,9671485,5964.58
13576,9689150,5964.6
13576,9706423,5964.6
13576,9723973,5964.6
13576,9741326,5964.59
13576,9759034,5964.59
13576,9776625,5964.54
13576,9793861,5964.54
13576,9811110,5964.53
13576,9828801,5964.53
13576,9846143,5964.61
13576,9863650,5964.61
13576,9881220,5964.61
13576,9898694,5964.57
13576,9916083,5964.57
13576,9933633,5964.51
13576,9951599,5964.51
13576,9969830,5964.56
13576,9987919,5964.56
13576,9996479,5964.56
13576,1270278,5964.62
13576,1288046,5964.54
13576,1305984,5964.54
13576,1323767,5964.62
13576,1341420,5964.62
13576,1359121,5964.57
13576,1377016,5964.57
13576,1394559,5964.63
13576,1412345,5964.63
13576,1429870,5964.63
13576,1447810,5964.73
13576,1465476,5964.73
13576,1483123,5964.62
13576,1500922,5964.62
13576,1518823,5964.51
13576,1536778,5964.51
13576,1554684,5964.51
13576,1572467,5964.66
13576,1590083,5964.66
13576,1607791,5964.68
13576,1625845,5964.68
13576,1643368,5964.65
13576,1660910,5964.65
13576,1678640,5964.69
13576,1696501,5964.69
13576,1714281,5964.69
13576,1732287,5964.62
13576,1750167,5964.62
13576,1767932,5964.61
13576,1785969,5964.61
13576,1803897,5964.62
13576,1822076,5964.62
13576,1839793,5964.72
13576,1858032,5964.72
13576,1876137,5964.72
13576,1894065,5964.65
13576,1911926,5964.65
13576,1929702,5964.58
13576,1947626,5964.58
13576,1965456,5964.57
13576,1983386,5964.57
13576,2001272,5964.73
13576,2018946,5964.73
13576,2036598,5964.73
13576,2054143,5964.64
13576,2071531,5964.64
13576,2089205,5964.57
13576,2106729,5964.57
13576,2124644,5964.69
13576,2142381,5964.69
13576,2160127,5964.69
13576,2177820,5964.59
13576,2195804,5964.59
13576,2213365,5964.61
13576,2230909,5964.61
13576,2248354,5964.58
13576,2266209,5964.58
13576,2283714,5964.68
13576,2301542,5964.68
13576,2319466,5964.68
13576,2337304,5964.54
13576,2355059,5964.54
13576,2372948,5964.61
13576,2390783,5964.61
13576,2409451,5964.55
13576,2427650,5964.55
13576,2445700,5964.58
13576,2463983,5964.58
13576,2480000,5964.58
13576,2480366,5964.46
13576,2480596,5964.46
13576,2480893,5965.54
13576,2481184,5965.54
13576,2482100,5965.54
13576,2488878,5965.54
13576,2504363,5965.54
13576,2521891,5964.71
13576,2539575,5964.71
13576,2557244,5964.61
13576,2574771,5964.61
13576,2592187,5964.53
13576,2609721,5964.53
13576,2627371,5964.49
13576,2644923,5964.49
13576,2662053,5964.49
13576,2679460,5964.57
13576,2697004,5964.57
13576,2714154,5964.47
13576,2731426,5964.47
13576,2748714,5964.49
13576,2766131,5964.49
13576,2783914,5964.5
13576,2801962,5964.5
13576,2819761,5964.5
13576,2837524,5964.51
13576,2847391,5964.51
13576,2847688,5964.56
13576,2848030,5964.56
13576,2848254,5965.54
13576,2848539,5965.54
13576,2848758,5965.54
13576,2849063,5965.54
13576,2849356,5965.54
13576,2849705,5965.54
13576,2849932,5965.54
13576,2850218,5965.54
13576,2850557,5965.54
13576,2850791,5965.54
13576,2851082,5965.54
13576,2851431,5965.54
13576,2851715,5965.54
13576,2852006,5965.54
13576,2852240,5965.54
13576,2852522,5965.54
13576,2852863,5965.54
13576,2853156,5965.54
13576,2853393,5965.54
13576,2853744,5965.54
13576,2854032,5965.54
13576,2854321,5965.54
13576,2854548,5965.54
13576,2854885,5965.54
13576,2855168,5965.54
13576,2855471,5965.54
13576,2855766,5965.54
13576,2856057,5965.54
13576,2856280,5965.54
13576,2856571,5965.54
13576,2856907,5965.54
13576,2857196,5965.54
13576,2857426,5965.54
13576,2857713,5965.54
13576,2858054,5965.54
13576,2858363,5965.54
13576,2858635,5965.54
13576,2858871,5965.54
13576,2859164,5965.54
13576,2859441,5965.54
13576,2859801,5965.54
13576,2860010,5965.54
13576,2860311,5965.54
13576,2860656,5965.54
13576,2860872,5965.54
13576,2861158,5965.54
13576,2861388,5965.54
13576,2861733,5965.54
13576,2862027,5965.54
13576,2862247,5965.54
13576,2862591,5965.54
13576,2862891,5965.54
13576,2863180,5965.54
13576,2863412,5965.54
13576,2863707,5965.54
13576,2863988,5965.54
13576,2864339,5965.54
13576,2864630,5965.54
13576,2864853,5965.54
13576,2865202,5965.54
13576,2865436,5965.54
13576,2865801,5965.54
13576,2865994,5965.54
13576,2866366,5965.54
13576,2866638,5965.54
13576,2866871,5965.54
13576,2868753,5965.54
13576,2877217,5965.54
13576,2891294,5965.54
13576,2906513,5964.32
13576,2922394,5964.32
13576,2938917,5964.53
13576,2955442,5964.53
13576,2972459,5964.53
13576,2989663,5964.55
13576,3006888,5964.55
13576,3024167,5964.59
13576,3041377,5964.59
13576,3058716,5964.58
13576,3076008,5964.58
13576,3093397,5964.6
13576,3110931,5964.6
13576,3128324,5964.6
13576,3145816,5964.58
13576,3163343,5964.58
13576,3180965,5964.63
13576,3198759,5964.63
13576,3216395,5964.62
13576,3234067,5964.62
13576,3251480,5964.62
13576,3259297,5964.57
13576,3259574,5964.57
13576,3259870,5965.54
13576,3260157,5965.54
13576,3260407,5965.54
13576,3260690,5965.54
13576,3260976,5965.54
13576,3261268,5965.54
13576,3261608,5965.54
13576,3261905,5965.54
13576,3262114,5965.54
13576,3262419,5965.54
13576,3262710,5965.54
13576,3262996,5965.54
13576,3263342,5965.54
13576,3264771,5965.54
13576,3271701,5965.54
13576,3286018,5965.54
13576,3302025,5964.43
13576,3318792,5964.43
13576,3335878,5964.6
13576,3352831,5964.6
13576,3370230,5964.59
13576,3387844,5964.59
13576,3405434,5964.59
13576,3423418,5964.5
13576,3441045,5964.5
13576,3458687,5964.62
13576,3476217,5964.62
13576,3493246,5964.61
13576,3510649,5964.61
13576,3528005,5964.64
13576,3545468,5964.64
13576,3563015,5964.64
13576,3580622,5964.59
13576,3598110,5964.59
13576,3615630,5964.56
13576,3633635,5964.56
13576,3651600,5964.54
13576,3669639,5964.54
13576,3687549,5964.54
13576,3705285,5964.49
13576,3723147,5964.49
13576,3741064,5964.53
13576,3758798,5964.53
13576,3776668,5964.49
13576,3794325,5964.49
13576,3812231,5964.51
13576,3829625,5964.51
13576,3847352,5964.51
13576,3865106,5964.51
13576,3882571,5964.51
13576,3899921,5964.52
13576,3917559,5964.52
13576,3934921,5964.44
13576,3952332,5964.44
13576,3969666,5964.44
13576,3987089,5964.48
13576,4004282,5964.48
13576,4021680,5964.43
13576,4038786,5964.43
13576,4056331,5964.48
13576,4073739,5964.48
13576,4091449,5964.54
13576,4109185,5964.54
13576,4126992,5964.54
13576,4144758,5964.59
13576,4162945,5964.59
13576,4181238,5964.5
13576,4199466,5964.5
13576,4217620,5964.47
13576,4235498,5964.47
13576,4253190,5964.47
13576,4270587,5964.49
13576,4288131,5964.49
13576,4301578,5964.56
13576,4301846,5964.56
13576,4302187,5965.54
13576,4302406,5965.54
13576,4302638,5965.54
13576,4302956,5965.54
13576,4303274,5965.54
13576,4303553,5965.54
13576,4303786,5965.54
13576,4304074,5965.54
13576,4304425,5965.54
13576,4304641,5965.54
13576,4304938,5965.54
13576,4307336,5965.54
13576,4317061,5965.54
13576,4333180,5965.54
13576,4350484,5964.17
13576,4368190,5964.17
13576,4385784,5964.46
13576,4403430,5964.46
13576,4420996,5964.46
13576,4438687,5964.52
13576,4456323,5964.52
13576,4473622,5964.66
13576,4491066,5964.66
13576,4508856,5964.59
13576,4526211,5964.59
13576,4543858,5964.57
13576,4561602,5964.57
13576,4579208,5964.57
13576,4595978,5964.56
13576,4596251,5964.56
13576,4596489,5964.61
13576,4597407,5964.61
13576,4602914,5965.54
13576,4616906,5965.54
13576,4634645,5965.54
13576,4652823,5964.46
13576,4670876,5964.46
13576,4689172,5964.58
13576,4707112,5964.58
13576,4724889,5964.66
13576,4742690,5964.66
13576,4760358,5964.62
13576,4777768,5964.62
13576,4795297,5964.62
13576,4812573,5964.6
13576,4830099,5964.6
13576,4847393,5964.7
13576,4864937,5964.7
13576,4882416,5964.51
13576,4900135,5964.51
13576,4917791,5964.51
13576,4935504,5964.62
13576,4952996,5964.62
13576,4970533,5964.57
13576,4988058,5964.57
13576,5005554,5964.57
13576,5023506,5964.57
13576,5041162,5964.58
13576,5058851,5964.58
13576,5076636,5964.58
13576,5094318,5964.61
13576,5112226,5964.61
13576,5129895,5964.63
13576,5148072,5964.63
13576,5165860,5964.68
13576,5183779,5964.68
13576,5201554,5964.58
13576,5219313,5964.58
13576,5237267,5964.58
13576,5255074,5964.52
13576,5272869,5964.52
13576,5290876,5964.63
13576,5308817,5964.63
13576,5326539,5964.56
13576,5344541,5964.56
13576,5362587,5964.56
13576,5380779,5964.57
13576,5398699,5964.57
13576,5416829,5964.61
13576,5434794,5964.61
13576,5452745,5964.62
13576,5470763,5964.62
13576,5488786,5964.56
13576,5506558,5964.56
13576,5524390,5964.56
13576,5541903,5964.53
13576,5559703,5964.53
13576,5577363,5964.59
13576,5594901,5964.59
13576,5612698,5964.47
13576,5630450,5964.47
13576,5647940,5964.47
13576,5665433,5964.52
13576,5682856,5964.52
13576,5700390,5964.57
13576,5717665,5964.57
13576,5735150,5964.51
13576,5752611,5964.51
13576,5770261,5964.67
13576,5787554,5964.67
13576,5805175,5964.67
13576,5822876,5964.5
13576,5840269,5964.5
13576,5857804,5964.72
13576,5875825,5964.72
13576,5894014,5964.59
13576,5912097,5964.59
13576,5930415,5964.62
13576,5948723,5964.62
13576,5966869,5964.62
13576,5984680,5964.71
13576,6002727,5964.71
13576,6020500,5964.52
13576,6038451,5964.52
13576,6056347,5964.69
13576,6074504,5964.69
13576,6092213,5964.69
13576,6110121,5964.61
13576,6128049,5964.61
13576,6145703,5964.64
13576,6163498,5964.64
13576,6181161,5964.57
13576,6198722,5964.57
13576,6216608,5964.49
13576,6234527,5964.49
13576,6252062,5964.49
13576,6269886,5964.51
13576,6287731,5964.51
13576,6305466,5964.56
13576,6323232,5964.56
13577,42451,5964.57
13577,59945,5964.57
13577,77741,5964.52
13577,95358,5964.52
13577,112703,5964.56
13577,130110,5964.56
13577,147276,5964.56
13577,164527,5964.61
13577,181924,5964.61
13577,198965,5964.6
13577,216377,5964.6
13577,233772,5964.72
13577,251560,5964.72
13577,269354,5964.7
13577,287123,5964.7
13577,305267,5964.7
13577,322869,5964.64
13577,340535,5964.64
13577,358189,5964.68
13577,376253,5964.68
13577,394413,5964.65
13577,412255,5964.65
13577,430256,5964.61
13577,448178,5964.61
13577,465952,5964.61
13577,483512,5964.71
13577,501287,5964.71
13577,519100,5964.65
13577,536910,5964.65
13577,554919,5964.66
13577,572838,5964.66
13577,590261,5964.66
13577,607660,5964.7
13577,625071,5964.7
13577,6353592,5964.63
13577,6371584,5964.63
13577,6389610,5964.74
13577,6393908,5964.74
13577,6394252,5964.6
13577,6395057,5964.6
13577,6402084,5965.54
13577,6417896,5965.54
13577,6435252,5965.54
13577,6453298,5964.52
13577,6460661,5964.52
13577,6460988,5964.6
13577,6461336,5964.6
13577,6462576,5965.54
13577,6470083,5965.54
13577,6485364,5964.81
13577,6502514,5964.81
13577,6519886,5964.81
13577,6537334,5964.75
13577,6554854,5964.75
13577,6572394,5964.54
13577,6590076,5964.54
13577,6607474,5964.54
13577,6625197,5964.54
13577,6643321,5964.54
13577,6661386,5964.53
13577,6679409,5964.53
13577,6697212,5964.54
13577,6715232,5964.54
13577,6733414,5964.61
13577,6751483,5964.61
13577,6769220,5964.63
13577,6787072,5964.63
13577,6805117,5964.63
13577,6823009,5964.56
13577,6840824,5964.56
13577,6858737,5964.46
13577,6876409,5964.46
13577,6893954,5964.6
13577,6911469,5964.6
13577,6928898,5964.55
13577,6946565,5964.55
13577,6964400,5964.55
13577,642625,5964.56
13577,660167,5964.56
13577,677954,5964.6
13577,695608,5964.6
13577,713778,5964.6
13577,731815,5964.6
13577,749624,5964.6
13577,767539,5964.58
13577,785326,5964.58
13577,803180,5964.58
13577,820860,5964.58
13577,838748,5964.68
13577,856763,5964.68
13577,874674,5964.68
13577,892722,5964.56
13577,910529,5964.56
13577,928181,5964.6
13577,945449,5964.6
13577,962589,5964.59
13577,979897,5964.59
13577,997417,5964.59
13577,1014581,5964.62
13577,1032247,5964.62
13577,1049794,5964.74
13577,1067429,5964.74
13577,1084863,5964.55
13577,1102395,5964.55
13577,1120048,5964.69
13577,1138083,5964.69
13577,1156017,5964.69
13577,1173739,5964.64
13577,1191624,5964.64
13577,1209393,5964.73
13577,1227321,5964.73
13577,1245106,5964.62
13577,1263160,5964.62
13577,6982245,5964.55
13577,6999876,5964.55
13577,7017759,5964.59
13577,7035788,5964.59
13577,7053580,5964.56
13577,7071500,5964.56
13577,7089132,5964.56
13577,7106916,5964.59
13577,7124493,5964.59
13577,7142258,5964.63
13577,7160156,5964.63
13577,7178059,5964.55
13577,7195493,5964.55
13577,7213544,5964.54
13577,7231232,5964.54
13577,7249151,5964.54
13577,7266892,5964.64
13577,7284473,5964.64
13577,7302264,5964.62
13577,7319914,5964.62
13577,7337716,5964.58
13577,7355617,5964.58
13577,7373377,5964.58
13577,7391213,5964.51
13577,7408770,5964.51
13577,7426452,5964.51
13577,7444241,5964.51
13577,7462120,5964.49
13577,7479749,5964.49
13577,7497444,5964.57
13577,7515312,5964.57
13577,7533171,5964.57
13577,7550982,5964.56
13577,7568711,5964.56
13577,7586205,5964.65
13577,7603583,5964.65
13577,7620740,5964.5
13577,7638131,5964.5
13577,7655414,5964.5
13577,7672556,5964.65
13577,7690050,5964.65
13577,7707237,5964.62
13577,7724765,5964.62
13577,7742335,5964.57
13577,7759601,5964.57
13577,7776988,5964.58
13577,7794206,5964.58
13577,7811825,5964.58
13577,7829226,5964.59
13577,7846777,5964.59
13577,7864188,5964.58
13577,7881572,5964.58
13577,7899239,5964.56
13577,7916790,5964.56
13577,7934460,5964.64
13577,7951855,5964.64
13577,7969643,5964.64
13577,7987095,5964.68
13577,8004856,5964.68
13577,8022398,5964.6
13577,8039911,5964.6
13577,8057880,5964.67
13577,8075519,5964.67
13577,8093064,5964.67
13577,8110453,5964.53
13577,8128131,5964.53
13577,8145938,5964.64
13577,8163810,5964.64
13577,8181546,5964.57
13577,8199418,5964.57
13577,8217300,5964.55
13577,8235121,5964.55
13577,8253054,5964.55
13577,8270972,5964.71
13577,8289126,5964.71
13577,8306682,5964.51
13577,8324583,5964.51
13577,8342374,5964.53
13577,8360319,5964.53
13577,8378112,5964.57
13577,8395776,5964.57
13577,8413572,5964.57
13577,8431616,5964.6
13577,8449661,5964.6
13577,8467306,5964.57
13577,8484982,5964.57
13577,8502629,5964.64
13577,8518524,5964.64
13577,8518748,5964.64
13577,8519052,5964.61
13577,8520229,5964.61
13577,8527538,5965.54
13577,8542638,5965.54
13577,8560038,5964.4
13577,8577585,5964.4
13577,8595222,5964.53
13577,8613185,5964.53
13577,8631349,5964.53
13577,8641879,5964.58
13577,8642156,5964.58
13577,8644460,5965.54
13577,8653322,5965.54
13577,8669571,5964.4
13577,8686680,5964.4
13577,8704130,5964.4
13577,8721653,5964.68
13577,8739206,5964.68
13577,8756738,5964.58
13577,8773884,5964.58
13577,8791192,5964.51
13577,8808601,5964.51
13577,8826480,5964.51
13577,8844016,5964.69
13577,8861593,5964.69
13577,8879105,5964.6
13577,8896632,5964.6
13577,8914184,5964.7
13577,8931577,5964.7
13577,8949203,5964.67
13577,8966649,5964.67
13577,8984344,5964.67
13577,9001861,5964.71
13577,9016972,5964.71
13577,9017279,5964.56
13577,9018087,5964.56
13577,9025386,5965.54
13577,9039971,5965.54
13577,9057964,5965.54
13577,9076440,5964.33
13577,9094354,5964.33
13577,9112158,5964.66
13577,9130043,5964.66
13577,9147359,5964.63
13577,9164758,5964.63
13577,9182095,5964.68
13577,9199319,5964.68
13577,9216747,5964.68
13577,9234272,5964.76
13577,9251551,5964.76
13577,9268965,5964.72
13577,9286635,5964.72
13577,9304492,5964.73
13577,9321972,5964.73
13577,9339748,5964.73
13577,9357268,5964.7
13577,9374692,5964.7
13577,9392344,5964.68
13577,9409872,5964.68
13577,9427812,5964.59
13577,9445554,5964.59
13577,9463131,5964.59
13577,9480929,5964.59
13577,9498464,5964.59
13577,9516132,5964.65
13577,9533743,5964.65
13577,9551551,5964.44
13577,9569257,5964.44
13577,9586909,5964.62
13577,9604404,5964.62
13577,9621786,5964.62
13577,9639402,5964.6
13577,9656795,5964.6
13577,9674061,5964.67
13577,9691498,5964.67
13577,9709146,5964.5
13577,9726810,5964.5
13577,9744095,5964.47
13577,9761744,5964.47
13577,9779515,5964.47
13577,9797130,5964.53
13577,9814886,5964.53
13577,9832983,5964.57
13577,9850716,5964.57
13577,9868495,5964.54
13577,9886417,5964.54
13577,9904128,5964.61
13577,9921986,5964.61
13577,9939686,5964.61
13577,9957351,5964.53
13577,9974694,5964.53
13577,9992382,5964.54
13577,10009849,5964.54
13577,10027262,5964.58
13577,10044616,5964.58
13577,10062254,5964.46
13577,10079819,5964.46
13577,10097621,5964.46
13577,10115575,5964.47
13577,10133330,5964.47
13577,10150875,5964.49
13577,10162983,5964.49
13577,10162983,5964.41
13577,1280957,5964.62
13577,1298737,5964.56
13577,1316534,5964.56
13577,1334340,5964.63
13577,1352233,5964.63
13577,1369783,5964.61
13577,1387965,5964.61
13577,1405754,5964.56
13577,1423665,5964.56
13577,1441074,5964.56
13577,1458512,5964.73
13577,1475907,5964.73
13577,1493433,5964.64
13577,1510706,5964.64
13577,1528250,5964.57
13577,1545637,5964.57
13577,1563020,5964.63
13577,1580593,5964.63
13577,1597860,5964.63
13577,1615291,5964.64
13577,1632823,5964.64
13577,1650344,5964.61
13577,1668145,5964.61
13577,1685555,5964.63
13577,1703354,5964.63
13577,1721379,5964.63
13577,1738918,5964.63
13577,1757250,5964.63
13577,1774924,5964.68
13577,1793203,5964.68
13577,1811370,5964.6
13577,1829566,5964.6
13577,1847483,5964.71
13577,1865259,5964.71
13577,1883270,5964.71
13577,1900868,5964.62
13577,1918603,5964.62
13577,1936192,5964.7
13577,1953975,5964.7
13577,1971504,5964.73
13577,1989163,5964.73
13577,2006922,5964.69
13577,2024632,5964.69
13577,2042544,5964.69
13577,2060332,5964.61
13577,2077913,5964.61
13577,2095822,5964.58
13577,2113580,5964.58
13577,2131390,5964.61
13577,2149041,5964.61
13577,2166831,5964.61
13577,2184761,5964.58
13577,2202273,5964.58
13577,2220091,5964.66
13577,2238015,5964.66
13577,2255810,5964.5
13577,2273598,5964.5
13577,2291245,5964.67
13577,2308919,5964.67
13577,2326457,5964.67
13577,2344053,5964.64
13577,2361785,5964.64
13577,2379697,5964.58
13577,2397372,5964.58
13577,2414992,5964.58
13577,2432704,5964.58
13577,2450508,5964.68
13577,2468033,5964.68
13577,2485567,5964.68
13577,2503605,5964.63
13577,2520919,5964.63
13577,2538866,5964.76
13577,2556757,5964.76
13577,2574532,5964.65
13577,2592193,5964.65
13577,2609599,5964.65
13577,2627247,5964.57
13577,2644795,5964.57
13577,2662058,5964.6
13577,2679480,5964.6
13577,2696873,5964.64
13577,2714444,5964.64
13577,2732041,5964.7
13577,2749836,5964.7
13577,2767273,5964.7
13577,2784945,5964.59
13577,2788736,5964.59
13577,2789024,5964.68
13577,2789379,5964.68
13577,2790784,5965.54
13577,2798930,5965.54
13577,2815047,5965.54
13577,2832204,5964.7
13577,2849558,5964.7
13577,2867417,5964.58
13577,2885213,5964.58
13577,2902853,5964.57
13577,2920259,5964.57
13577,2938061,5964.64
13577,2955810,5964.64
13577,2973454,5964.64
13577,2991074,5964.65
13577,3008752,5964.65
13577,3026427,5964.6
13577,3043912,5964.6
13577,3061619,5964.61
13577,3079239,5964.61
13577,3096666,5964.61
13577,3114203,5964.58
13577,3131768,5964.58
13577,3149225,5964.57
13577,3166812,5964.57
13577,3184587,5964.6
13577,3202079,5964.6
13577,3219797,5964.65
13577,3237322,5964.65
13577,3254878,5964.65
13577,3272141,5964.68
13577,3289536,5964.68
13577,3306769,5964.62
13577,3324364,5964.62
13577,3342172,5964.52
13577,3360018,5964.52
13577,3377378,5964.52
13577,3395020,5964.65
13577,3412954,5964.65
13577,3430489,5964.63
13577,3448030,5964.63
13577,3465945,5964.73
13577,3483761,5964.73
13577,3501259,5964.61
13577,3518930,5964.61
13577,3536978,5964.61
13577,3555018,5964.67
13577,3573199,5964.67
13577,3591126,5964.63
13577,3609298,5964.63
13577,3627296,5964.65
13577,3645020,5964.65
13577,3662849,5964.65
13577,3680587,5964.65
13577,3698651,5964.65
13577,3711589,5964.58
13577,3711869,5964.58
13577,3712182,5965.54
13577,3712451,5965.54
13577,3714471,5965.54
13577,3723215,5965.54
13577,3739541,5965.54
13577,3757001,5964.62
13577,3774565,5964.62
13577,3792526,5964.7
13577,3810253,5964.7
13577,3828389,5964.59
13577,3846055,5964.59
13577,3863620,5964.65
13577,3881364,5964.65
13577,3898905,5964.65
13577,3916734,5964.6
13577,3934241,5964.6
13577,3952095,5964.62
13577,3969912,5964.62
13577,3987562,5964.6
13577,4005270,5964.6
13577,4023073,5964.73
13577,4040739,5964.73
13577,4058581,5964.73
13577,4062496,5964.61
13577,4062843,5964.61
13577,4063140,5965.54
13577,4063349,5965.54
13577,4063702,5965.54
13577,4063866,5965.54
13577,4064160,5965.54
13577,4064445,5965.54
13577,4064720,5965.54
13577,4065019,5965.54
13577,4065371,5965.54
13577,4065659,5965.54
13577,4065956,5965.54
13577,4066177,5965.54
13577,4066476,5965.54
13577,4066761,5965.54
13577,4067107,5965.54
13577,4067392,5965.54
13577,4067686,5965.54
13577,4069635,5965.54
13577,4078191,5965.54
13577,4092798,5965.54
13577,4108798,5965.54
13577,4125258,5964.61
13577,4141804,5964.61
13577,4159100,5964.74
13577,4176133,5964.74
13577,4193525,5964.56
13577,4210689,5964.56
13577,4228483,5964.56
13577,4246136,5964.68
13577,4264062,5964.68
13577,4281780,5964.64
13577,4299253,5964.64
13577,4316550,5964.66
13577,4333700,5964.66
13577,4350848,5964.72
13577,4368646,5964.72
13577,4386243,5964.72
13577,4404098,5964.63
13577,4422062,5964.63
13577,4439925,5964.69
13577,4457710,5964.69
13577,4475565,5964.64
13577,4493193,5964.64
13577,4510971,5964.64
13577,4528760,5964.6
13577,4546273,5964.6
13577,4563583,5964.62
13577,4580972,5964.62
13577,4598282,5964.68
13577,4615810,5964.68
13577,4633423,5964.76
13577,4650776,5964.76
13577,4668218,5964.76
13577,4686064,5964.73
13577,4703613,5964.73
13577,4721217,5964.65
13577,4738934,5964.65
13577,4756716,5964.73
13577,4774396,5964.73
13577,4792172,5964.73
13577,4809993,5964.58
13577,4827756,5964.58
13577,4845571,5964.61
13577,4863366,5964.61
13577,4881075,5964.7
13577,4898924,5964.7
13577,4916535,5964.78
13577,4934270,5964.78
13577,4951807,5964.78
13577,4969309,5964.66
13577,4986556,5964.66
13577,5003925,5964.66
13577,5021289,5964.66
13577,5039123,5964.67
13577,5056489,5964.67
13577,5074023,5964.74
13577,5091694,5964.74
13577,5109627,5964.74
13577,5127225,5964.65
13577,5144870,5964.65
13577,5162628,5964.72
13577,5180534,5964.72
13577,5198342,5964.77
13577,5215926,5964.77
13577,5233782,5964.77
13577,5251442,5964.7
13577,5269028,5964.7
13577,5286648,5964.67
13577,5304427,5964.67
13577,5322717,5964.75
13577,5340794,5964.75
13577,5359072,5964.75
13577,5377265,5964.74
13577,5395074,5964.74
13577,5412727,5964.74
13577,5430269,5964.74
13577,5447814,5964.73
13577,5465593,5964.73
13577,5483259,5964.66
13577,5500846,5964.66
13577,5518589,5964.66
13577,5536263,5964.71
13577,5553838,5964.71
13577,5571403,5964.72
13577,5589110,5964.72
13577,5606799,5964.76
13577,5624523,5964.76
13577,5642351,5964.76
13577,5659759,5964.68
13577,5677529,5964.68
13577,5695109,5964.8
13577,5712555,5964.8
13577,5730298,5964.7
13577,5748026,5964.7
13577,5765606,5964.58
13577,5783570,5964.58
13577,5801503,5964.58
13577,5819518,5964.66
13577,5837320,5964.66
13577,5855007,5964.67
13577,5872772,5964.67
13577,5890297,5964.65
13577,5908142,5964.65
13577,5925879,5964.65
13577,5943569,5964.66
13577,5961217,5964.66
13577,5978901,5964.63
13577,5996843,5964.63
13577,6014581,5964.71
13577,6032515,5964.71
13577,6050452,5964.63
13577,6067993,5964.63
13577,6085582,5964.63
13577,6103390,5964.66
13577,6121210,5964.66
13577,6138989,5964.56
13577,6156920,5964.56
13577,6174584,5964.58
13577,6192231,5964.58
13577,6210093,5964.58
13577,6228178,5964.63
13577,6246021,5964.63
13577,6263916,5964.56
13577,6281837,5964.56
13577,6299763,5964.6
13577,6317812,5964.6
13577,6335848,5964.63
13578,7209,5964.46
13578,10230,5964.46
13578,20730,5965.54
13578,37507,5965.54
13578,55014,5965.54
13578,72695,5964.52
13578,90226,5964.52
13578,107791,5964.48
13578,125543,5964.48
13578,142965,5964.43
13578,160707,5964.43
13578,178129,5964.41
13578,195950,5964.41
13578,213636,5964.41
13578,231043,5964.53
13578,248716,5964.53
13578,265981,5964.51
13578,266682,5964.51
13578,266970,5965.54
13578,267200,5965.54
13578,267489,5965.54
13578,267779,5965.54
13578,268141,5965.54
13578,268423,5965.54
13578,272860,5965.54
13578,285303,5965.54
13578,301680,5965.54
13578,318467,5964.51
13578,335611,5964.51
13578,352794,5964.51
13578,370261,5964.46
13578,387805,5964.46
13578,405327,5964.43
13578,422988,5964.43
13578,440545,5964.58
13578,457860,5964.58
13578,475484,5964.53
13578,493261,5964.53
13578,510937,5964.53
13578,528580,5964.53
13578,546005,5964.53
13578,563666,5964.43
13578,581276,5964.43
13578,598733,5964.55
13578,616276,5964.55
13578,633935,5964.55
13578,6374201,5964.58
13578,6391651,5964.58
13578,6409586,5964.58
13578,6427532,5964.55
13578,6445417,5964.55
13578,6462687,5964.51
13578,6480547,5964.51
13578,6498272,5964.54
13578,6516079,5964.54
13578,6533599,5964.45
13578,6551402,5964.45
13578,6568748,5964.45
13578,6586102,5964.54
13578,6603888,5964.54
13578,6613235,5964.6
13578,6613570,5964.6
13578,6614691,5965.54
13578,6622503,5965.54
13578,6638387,5964.7
13578,6656097,5964.7
13578,6673730,5964.7
13578,6691505,5964.46
13578,6709678,5964.46
13578,6727398,5964.58
13578,6745125,5964.58
13578,6762791,5964.5
13578,6780186,5964.5
13578,6797640,5964.5
13578,6815325,5964.52
13578,6832802,5964.52
13578,6850347,5964.55
13578,6867869,5964.55
13578,6885278,5964.58
13578,6902870,5964.58
13578,6920315,5964.5
13578,6937807,5964.5
13578,6955285,5964.5
13578,6972707,5964.63
13578,6977822,5964.63
13578,6978059,5964.61
13578,6982012,5964.61
13578,6994194,5965.54
13578,651854,5964.58
13578,669767,5964.58
13578,687242,5964.53
13578,705106,5964.53
13578,722831,5964.6
13578,740498,5964.6
13578,758224,5964.66
13578,775675,5964.66
13578,793412,5964.66
13578,811330,5964.64
13578,829162,5964.64
13578,847017,5964.57
13578,864746,5964.57
13578,882547,5964.63
13578,900260,5964.63
13578,918085,5964.45
13578,935775,5964.45
13578,953421,5964.45
13578,971045,5964.53
13578,988864,5964.53
13578,1004634,5964.57
13578,1004889,5964.57
13578,1005105,5965.54
13578,1006547,5965.54
13578,1014112,5965.54
13578,1030228,5965.54
13578,1047420,5965.54
13578,1065063,5964.69
13578,1082483,5964.69
13578,1100265,5964.64
13578,1117798,5964.64
13578,1134957,5964.54
13578,1152273,5964.54
13578,1169640,5964.54
13578,1186769,5964.54
13578,1197823,5964.54
13578,1198047,5964.55
13578,1198662,5964.55
13578,1205310,5965.54
13578,1220339,5965.54
13578,1237709,5964.32
13578,1255200,5964.32
13578,7011525,5965.54
13578,7029780,5964.66
13578,7047696,5964.66
13578,7065234,5964.66
13578,7082627,5964.49
13578,7100177,5964.49
13578,7117569,5964.64
13578,7134983,5964.64
13578,7152011,5964.52
13578,7169422,5964.52
13578,7186673,5964.52
13578,7203930,5964.63
13578,7221130,5964.63
13578,7238540,5964.5
13578,7255699,5964.5
13578,7273225,5964.52
13578,7291024,5964.52
13578,7308815,5964.56
13578,7326425,5964.56
13578,7344000,5964.56
13578,7361584,5964.49
13578,7379302,5964.49
13578,7396885,5964.56
13578,7414457,5964.56
13578,7432208,5964.52
13578,7449859,5964.52
13578,7467528,5964.58
13578,7485271,5964.58
13578,7502986,5964.58
13578,7520781,5964.63
13578,7538562,5964.63
13578,7556175,5964.5
13578,7573762,5964.5
13578,7591252,5964.57
13578,7608975,5964.57
13578,7626368,5964.57
13578,7644037,5964.5
13578,7661469,5964.5
13578,7678983,5964.59
13578,7696515,5964.59
13578,7713841,5964.5
13578,7731353,5964.5
13578,7748757,5964.5
13578,7766401,5964.5
13578,7779858,5964.5
13578,7780198,5964.52
13578,7780471,5964.52
13578,7781595,5965.54
13578,7789034,5965.54
13578,7804163,5964.66
13578,7820949,5964.66
13578,7838437,5964.53
13578,7855074,5964.53
13578,7855368,5964.53
13578,7855608,5964.43
13578,7858610,5964.43
13578,7869543,5965.54
13578,7886532,5965.54
13578,7903959,5964.56
13578,7921550,5964.56
13578,7939402,5964.56
13578,7957058,5964.36
13578,7974450,5964.36
13578,7991865,5964.5
13578,8009527,5964.5
13578,8027072,5964.51
13578,8044738,5964.51
13578,8062025,5964.44
13578,8079496,5964.44
13578,8096962,5964.44
13578,8114357,5964.44
13578,8131777,5964.44
13578,8149253,5964.47
13578,8166600,5964.47
13578,8184128,5964.51
13578,8201578,5964.51
13578,8219122,5964.46
13578,8236445,5964.46
13578,8254009,5964.46
13578,8271553,5964.51
13578,8288857,5964.51
13578,8306098,5964.57
13578,8323701,5964.57
13578,8341428,5964.23
13578,8355262,5964.23
13578,8355489,5964.23
13578,8355837,5964.52
13578,8360830,5964.52
13578,8374778,5965.54
13578,8386719,5965.54
13578,8387018,5964.44
13578,8387231,5964.44
13578,8391649,5965.54
13578,8404358,5965.54
13578,8421344,5965.54
13578,8439016,5964.33
13578,8456946,5964.33
13578,8474581,5964.48
13578,8492149,5964.48
13578,8509668,5964.47
13578,8527088,5964.47
13578,8544487,5964.47
13578,8561891,5964.5
13578,8579441,5964.5
13578,8596589,5964.61
13578,8613979,5964.61
13578,8631512,5964.56
13578,8648812,5964.56
13578,8666205,5964.56
13578,8683514,5964.5
13578,8700901,5964.5
13578,8718371,5964.52
13578,8735803,5964.52
13578,8753118,5964.46
13578,8770532,5964.46
13578,8787816,5964.43
13578,8805490,5964.43
13578,8823262,5964.43
13578,8840683,5964.23
13578,8858082,5964.23
13578,8875489,5964.64
13578,8892898,5964.64
13578,8910318,5964.51
13578,8927703,5964.51
13578,8945250,5964.69
13578,8962780,5964.69
13578,8980311,5964.69
13578,8997984,5964.58
13578,9015547,5964.58
13578,9032940,5964.67
13578,9050200,5964.67
13578,9067636,5964.65
13578,9085201,5964.65
13578,9103042,5964.65
13578,9120436,5964.57
13578,9137828,5964.57
13578,9155170,5964.87
13578,9172698,5964.87
13578,9190217,5964.65
13578,9207578,5964.65
13578,9224935,5964.44
13578,9242465,5964.44
13578,9259740,5964.44
13578,9276890,5964.54
13578,9294700,5964.54
13578,9297992,5964.63
13578,9298241,5964.63
13578,9300339,5965.54
13578,9309065,5965.54
13578,9325059,5964.2
13578,9342246,5964.2
13578,9359745,5964.2
13578,9377071,5964.53
13578,9379543,5964.53
13578,9379873,5964.55
13578,9385870,5964.55
13578,9400243,5964.52
13578,9417518,5964.52
13578,9434664,5964.52
13578,9452164,5964.54
13578,9469725,5964.54
13578,9487279,5964.56
13578,9504958,5964.56
13578,9523104,5964.56
13578,9540512,5964.56
13578,9557938,5964.61
13578,9575609,5964.61
13578,9592914,5964.61
13578,9610216,5964.4
13578,9627324,5964.4
13578,9644564,5964.6
13578,9662054,5964.6
13578,9679418,5964.58
13578,9696823,5964.58
13578,9714102,5964.58
13578,9731624,5964.58
13578,9748914,5964.58
13578,9766426,5964.64
13578,9783360,5964.64
13578,9800293,5964.48
13578,9817401,5964.48
13578,9834415,5964.54
13578,9851822,5964.54
13578,9868984,5964.54
13578,9886271,5964.62
13578,9903947,5964.62
13578,9921503,5964.61
13578,9939237,5964.61
13578,9957036,5964.64
13578,9974589,5964.64
13578,9992240,5964.62
13578,10010029,5964.62
13578,10027579,5964.62
13578,10045257,5964.63
13578,10062840,5964.63
13578,10062961,5964.52
13578,1272632,5964.32
13578,1290057,5964.54
13578,1307852,5964.54
13578,1325258,5964.59
13578,1342926,5964.59
13578,1360353,5964.6
13578,1377986,5964.6
13578,1395386,5964.62
13578,1412922,5964.62
13578,1430390,5964.62
13578,1448034,5964.57
13578,1465677,5964.57
13578,1483371,5964.55
13578,1500736,5964.55
13578,1518226,5964.58
13578,1535809,5964.58
13578,1553536,5964.58
13578,1570950,5964.59
13578,1588662,5964.59
13578,1606332,5964.62
13578,1623733,5964.62
13578,1641673,5964.57
13578,1659839,5964.57
13578,1678028,5964.55
13578,1696075,5964.55
13578,1708527,5964.55
13578,1708784,5964.52
13578,1709075,5964.52
13578,1711432,5965.54
13578,1720399,5965.54
13578,1737258,5964.77
13578,1755112,5964.77
13578,1772906,5964.63
13578,1790945,5964.63
13578,1808863,5964.63
13578,1826794,5964.63
13578,1844322,5964.63
13578,1861732,5964.66
13578,1879244,5964.66
13578,1896670,5964.55
13578,1914080,5964.55
13578,1931475,5964.55
13578,1949136,5964.64
13578,1966762,5964.64
13578,1984352,5964.53
13578,2002128,5964.53
13578,2019668,5964.56
13578,2037349,5964.56
13578,2054990,5964.56
13578,2072912,5964.61
13578,2090952,5964.61
13578,2108883,5964.58
13578,2126779,5964.58
13578,2144498,5964.58
13578,2162284,5964.58
13578,2179665,5964.56
13578,2196997,5964.56
13578,2214357,5964.56
13578,2232173,5964.6
13578,2249955,5964.6
13578,2267362,5964.56
13578,2284643,5964.56
13578,2302060,5964.84
13578,2319853,5964.84
13578,2337382,5964.49
13578,2355187,5964.49
13578,2372864,5964.49
13578,2390363,5964.56
13578,2408028,5964.56
13578,2425776,5964.47
13578,2443237,5964.47
13578,2460841,5964.5
13578,2478698,5964.5
13578,2496210,5964.5
13578,2514132,5964.6
13578,2531541,5964.6
13578,2549172,5964.54
13578,2566762,5964.54
13578,2584415,5964.75
13578,2601936,5964.75
13578,2619472,5964.58
13578,2637106,5964.58
13578,2654548,5964.58
13578,2672469,5964.66
13578,2690154,5964.66
13578,2707874,5964.57
13578,2725550,5964.57
13578,2743217,5964.64
13578,2761196,5964.64
13578,2778864,5964.64
13578,2796649,5964.68
13578,2814424,5964.68
13578,2832261,5964.7
13578,2850025,5964.7
13578,2867819,5964.73
13578,2885473,5964.73
13578,2902882,5964.62
13578,2920551,5964.62
13578,2938467,5964.62
13578,2956243,5964.61
13578,2973933,5964.61
13578,2991230,5964.6
13578,3008509,5964.6
13578,3026009,5964.53
13578,3043305,5964.53
13578,3060433,5964.53
13578,3077600,5964.67
13578,3094961,5964.67
13578,3112446,5964.61
13578,3130475,5964.61
13578,3148296,5964.6
13578,3165659,5964.6
13578,3165975,5964.61
13578,3166205,5964.61
13578,3166502,5964.61
13578,3169255,5965.54
13578,3179761,5965.54
13578,3196978,5964.59
13578,3214571,5964.59
13578,3232121,5964.5
13578,3249393,5964.5
13578,3266289,5964.5
13578,3283689,5964.68
13578,3300719,5964.68
13578,3317774,5964.63
13578,3334780,5964.63
13578,3352123,5964.63
13578,3369448,5964.63
13578,3386848,5964.61
13578,3388253,5964.61
13578,3388556,5964.61
13578,3388892,5965.54
13578,3389123,5965.54
13578,3389416,5965.54
13578,3389692,5965.54
13578,3390038,5965.54
13578,3390348,5965.54
13578,3390638,5965.54
13578,3390865,5965.54
13578,3391151,5965.54
13578,3391438,5965.54
13578,3391781,5965.54
13578,3392076,5965.54
13578,3392364,5965.54
13578,3392596,5965.54
13578,3392879,5965.54
13578,3393227,5965.54
13578,3393440,5965.54
13578,3396659,5965.54
13578,3407410,5965.54
13578,3423149,5965.54
13578,3439576,5964.65
13578,3456276,5964.65
13578,3473277,5964.65
13578,3490610,5964.55
13578,3508040,5964.55
13578,3525516,5964.65
13578,3542972,5964.65
13578,3560387,5964.61
13578,3577894,5964.61
13578,3595588,5964.62
13578,3613358,5964.62
13578,3631302,5964.62
13578,3648707,5964.54
13578,3666433,5964.54
13578,3684027,5964.55
13578,3701554,5964.55
13578,3719220,5964.58
13578,3736747,5964.58
13578,3754662,5964.58
13578,3772080,5964.53
13578,3789228,5964.53
13578,3806918,5964.58
13578,3824575,5964.58
13578,3841849,5964.5
13578,3859389,5964.5
13578,3874196,5964.6
13578,3874439,5964.6
13578,3874652,5964.6
13578,3878180,5965.54
13578,3889702,5965.54
13578,3906605,5964.74
13578,3923742,5964.74
13578,3941029,5964.54
13578,3958290,5964.54
13578,3975597,5964.61
13578,3993131,5964.61
13578,4010676,5964.61
13578,4028200,5964.56
13578,4045619,5964.56
13578,4062974,5964.51
13578,4072591,5964.51
13578,4072889,5964.6
13578,4073152,5964.6
13578,4074486,5964.6
13578,4081205,5965.54
13578,4096022,5965.54
13578,4113264,5964.65
13578,4130682,5964.65
13578,4148092,5964.54
13578,4165476,5964.54
13578,4183020,5964.59
13578,4200089,5964.59
13578,4217198,5964.59
13578,4234780,5964.56
13578,4252179,5964.56
13578,4269681,5964.6
13578,4287209,5964.6
13578,4304617,5964.56
13578,4322082,5964.56
13578,4339175,5964.56
13578,4356963,5964.49
13578,4374771,5964.49
13578,4392157,5964.48
13578,4409961,5964.48
13578,4427777,5964.54
13578,4445276,5964.54
13578,4462888,5964.57
13578,4464517,5964.57
13578,4464856,5964.57
13578,4466349,5965.54
13578,4474416,5965.54
13578,4487338,5964.61
13578,4487549,5964.61
13578,4487836,5965.54
13578,4488128,5965.54
13578,4488470,5965.54
13578,4489266,5965.54
13578,4495159,5965.54
13578,4509109,5965.54
13578,4525232,5965.54
13578,4541897,5964.38
13578,4559049,5964.38
13578,4576322,5964.57
13578,4593585,5964.57
13578,4611124,5964.57
13578,4628679,5964.61
13578,4646163,5964.61
13578,4663755,5964.52
13578,4681502,5964.52
13578,4699116,5964.65
13578,4716852,5964.65
13578,4734662,5964.65
13578,4752319,5964.62
13578,4770092,5964.62
13578,4787763,5964.63
13578,4805357,5964.63
13578,4822967,5964.59
13578,4840380,5964.59
13578,4857906,5964.7
13578,4875458,5964.7
13578,4892868,5964.7
13578,4910155,5964.61
13578,4927688,5964.61
13578,4944965,5964.58
13578,4962281,5964.58
13578,4979779,5964.54
13578,4997176,5964.54
13578,5014471,5964.54
13578,5031989,5964.56
13578,5049671,5964.56
13578,5067191,5964.58
13578,5084920,5964.58
13578,5102388,5964.66
13578,5120068,5964.66
13578,5137717,5964.64
13578,5155660,5964.64
13578,5173443,5964.64
13578,5190962,5964.6
13578,5208684,5964.6
13578,5226429,5964.61
13578,5244218,5964.61
13578,5262009,5964.57
13578,5279565,5964.57
13578,5297131,5964.56
13578,5315022,5964.56
13578,5332677,5964.56
13578,5350343,5964.58
13578,5367882,5964.58
13578,5385287,5964.54
13578,5402820,5964.54
13578,5420218,5964.63
13578,5437886,5964.63
13578,5455688,5964.63
13578,5473479,5964.58
13578,5490878,5964.58
13578,5508541,5964.61
13578,5526181,5964.61
13578,5543992,5964.66
13578,5561926,5964.66
13578,5579584,5964.65
13578,5597261,5964.65
13578,5614639,5964.65
13578,5632441,5964.61
13578,5650014,5964.61
13578,5668034,5964.56
13578,5685706,5964.56
13578,5703770,5964.61
13578,5721672,5964.61
13578,5739667,5964.61
13578,5757625,5964.57
13578,5775671,5964.57
13578,5793944,5964.65
13578,5811785,5964.65
13578,5829581,5964.58
13578,5846836,5964.58
13578,5864264,5964.67
13578,5881785,5964.67
13578,5899073,5964.67
13578,5916211,5964.71
13578,5934019,5964.71
13578,5951443,5964.63
13578,5968854,5964.63
13578,5986492,5964.78
13578,6004543,5964.78
13578,6022330,5964.64
13578,6039767,5964.64
13578,6057275,5964.64
13578,6075200,5964.65
13578,6092879,5964.65
13578,6099894,5964.53
13578,6100233,5964.53
13578,6102226,5965.54
13578,6111085,5965.54
13578,6127346,5965.54
13578,6144538,5964.63
13578,6162133,5964.63
13578,6179806,5964.59
13578,6197226,5964.59
13578,6214918,5964.64
13578,6232688,5964.64
13578,6250389,5964.54
13578,6268281,5964.54
13578,6285937,5964.54
13578,6303587,5964.55
13578,6320908,5964.55
13578,6338681,5964.47
13578,6356337,5964.47
13580,48246,5964.4
13580,68336,5964.47
13580,88855,5964.47
13580,109251,5964.45
13580,129521,5964.45
13580,149736,5964.36
13580,170101,5964.36
13580,190219,5964.36
13580,210412,5964.41
13580,230374,5964.41
13580,250488,5964.42
13580,270830,5964.42
13580,291197,5964.49
13580,311651,5964.49
13580,332320,5964.4
13580,352700,5964.4
13580,373116,5964.4
13580,393327,5964.52
13580,413940,5964.52
13580,434413,5964.47
13580,455180,5964.47
13580,475806,5964.42
13580,496779,5964.42
13580,517623,5964.42
13580,538335,5964.44
13580,559094,5964.44
13580,579818,5964.48
13580,600216,5964.48
13580,621169,5964.45
13580,6424967,5964.64
13580,6445492,5964.63
13580,6466371,5964.63
13580,6487615,5964.63
13580,6508562,5964.53
13580,6529528,5964.53
13580,6550320,5964.51
13580,6571457,5964.51
13580,6592346,5964.55
13580,6612980,5964.55
13580,6633922,5964.55
13580,6655031,5964.51
13580,6675517,5964.51
13580,6696569,5964.59
13580,6717509,5964.59
13580,6738404,5964.56
13580,6759214,5964.56
13580,6780241,5964.54
13580,6800952,5964.54
13580,6821573,5964.54
13580,6842545,5964.51
13580,6863158,5964.51
13580,6883786,5964.51
13580,6904127,5964.51
13580,6924858,5964.43
13580,6945864,5964.43
13580,6966863,5964.43
13580,6988099,5964.59
13580,7008951,5964.59
13580,7030086,5964.61
13580,7051260,5964.61
13580,641802,5964.45
13580,662773,5964.44
13580,683630,5964.44
13580,704436,5964.44
13580,725498,5964.5
13580,746207,5964.5
13580,766946,5964.45
13580,787573,5964.45
13580,808579,5964.44
13580,829564,5964.44
13580,850920,5964.44
13580,872119,5964.47
13580,893025,5964.47
13580,914436,5964.45
13580,935328,5964.45
13580,956529,5964.52
13580,977864,5964.52
13580,998780,5964.52
13580,1020009,5964.53
13580,1040609,5964.53
13580,1061368,5964.52
13580,1082226,5964.52
13580,1103325,5964.46
13580,1124197,5964.46
13580,1145103,5964.42
13580,1165948,5964.42
13580,1186798,5964.42
13580,1207404,5964.49
13580,1228270,5964.49
13580,1248914,5964.52
13580,1270007,5964.52
13580,7072583,5964.58
13580,7093692,5964.58
13580,7114854,5964.46
13580,7135800,5964.46
13580,7156927,5964.46
13580,7178084,5964.55
13580,7198922,5964.55
13580,7219760,5964.59
13580,7240836,5964.59
13580,7261899,5964.49
13580,7282878,5964.49
13580,7304031,5964.61
13580,7325108,5964.61
13580,7346356,5964.61
13580,7367421,5964.53
13580,7388722,5964.53
13580,7409583,5964.54
13580,7430344,5964.54
13580,7451066,5964.63
13580,7472071,5964.63
13580,7492719,5964.63
13580,7513529,5964.57
13580,7534284,5964.57
13580,7555126,5964.52
13580,7575854,5964.52
13580,7596923,5964.65
13580,7617858,5964.65
13580,7639109,5964.67
13580,7659977,5964.67
13580,7681152,5964.67
13580,7702078,5964.6
13580,7723050,5964.6
13580,7744067,5964.53
13580,7764980,5964.53
13580,7786081,5964.56
13580,7807413,5964.56
13580,7828427,5964.56
13580,7849537,5964.58
13580,7870704,5964.58
13580,7891968,5964.67
13580,7913294,5964.67
13580,7934508,5964.59
13580,7955525,5964.59
13580,7976485,5964.5
13580,7997233,5964.5
13580,8018379,5964.5
13580,8039365,5964.56
13580,8060174,5964.56
13580,8081066,5964.59
13580,8102005,5964.59
13580,8123325,5964.56
13580,8144306,5964.56
13580,8165425,5964.56
13580,8186421,5964.54
13580,8207218,5964.54
13580,8228042,5964.48
13580,8248765,5964.48
13580,8269489,5964.59
13580,8290500,5964.59
13580,8311098,5964.55
13580,8331869,5964.55
13580,8352954,5964.55
13580,8374022,5964.71
13580,8394929,5964.71
13580,8415937,5964.53
13580,8437045,5964.53
13580,8457928,5964.62
13580,8478920,5964.62
13580,8499891,5964.62
13580,8520739,5964.62
13580,8541569,5964.62
13580,8562479,5964.42
13580,8583352,5964.42
13580,8604355,5964.55
13580,8625096,5964.55
13580,8645946,5964.54
13580,8666802,5964.54
13580,8687539,5964.54
13580,8708269,5964.59
13580,8729394,5964.59
13580,8750367,5964.64
13580,8771414,5964.64
13580,8792433,5964.52
13580,8813398,5964.52
13580,8834351,5964.62
13580,8855003,5964.62
13580,8875834,5964.62
13580,8896885,5964.48
13580,8917820,5964.48
13580,8938848,5964.44
13580,8959437,5964.44
13580,8980405,5964.51
13580,9001507,5964.51
13580,9022667,5964.51
13580,9043381,5964.58
13580,9064423,5964.58
13580,9085367,5964.64
13580,9106449,5964.64
13580,9127363,5964.58
13580,9148347,5964.58
13580,9169482,5964.58
13580,9190561,5964.6
13580,9211696,5964.6
13580,9232694,5964.58
13580,9253690,5964.58
13580,9274554,5964.55
13580,9295484,5964.55
13580,9322681,5964.63
13580,9343432,5964.63
13580,9364111,5964.59
13580,9384897,5964.59
13580,9405762,5964.59
13580,9426651,5964.54
13580,9447732,5964.54
13580,9468472,5964.6
13580,9489208,5964.6
13580,9510196,5964.53
13580,9531111,5964.53
13580,9551926,5964.53
13580,9572547,5964.55
13580,9593295,5964.55
13580,9614012,5964.66
13580,9635205,5964.66
13580,9656108,5964.57
13580,9676736,5964.57
13580,9697522,5964.65
13580,9718580,5964.65
13580,9739753,5964.65
13580,9760952,5964.68
13580,9781754,5964.68
13580,9802747,5964.66
13580,9823758,5964.66
13580,9844674,5964.68
13580,9865649,5964.68
13580,9886390,5964.68
13580,9907293,5964.62
13580,9928776,5964.62
13580,9949873,5964.66
13580,9970756,5964.66
13580,9992015,5964.64
13580,10013286,5964.64
13580,10034164,5964.59
13580,10055091,5964.59
13580,10075973,5964.59
13580,10097351,5964.66
13580,10118188,5964.66
13580,10139202,5964.66
13580,10160254,5964.66
13580,10181012,5964.58
13580,10202296,5964.58
13580,10223178,5964.58
13580,10230862,5964.52
13580,1290853,5964.49
13580,1311792,5964.49
13580,1332705,5964.47
13580,1353233,5964.47
13580,1374068,5964.47
13580,1395060,5964.49
13580,1416223,5964.49
13580,1437166,5964.45
13580,1458169,5964.45
13580,1479009,5964.52
13580,1500018,5964.52
13580,1521082,5964.52
13580,1542034,5964.54
13580,1562974,5964.54
13580,1583963,5964.44
13580,1605243,5964.44
13580,1626193,5964.46
13580,1647466,5964.46
13580,1668423,5964.46
13580,1689443,5964.43
13580,1710180,5964.43
13580,1730736,5964.53
13580,1751842,5964.53
13580,1772535,5964.55
13580,1793522,5964.55
13580,1814892,5964.52
13580,1836202,5964.52
13580,1857251,5964.52
13580,1878278,5964.55
13580,1899073,5964.55
13580,1920112,5964.48
13580,1941497,5964.48
13580,1962730,5964.56
13580,1984113,5964.56
13580,2005716,5964.56
13580,2027099,5964.48
13580,2048498,5964.48
13580,2070000,5964.52
13580,2091473,5964.52
13580,2112661,5964.49
13580,2134140,5964.49
13580,2155765,5964.48
13580,2177163,5964.48
13580,2198881,5964.48
13580,2220515,5964.58
13580,2241416,5964.58
13580,2262382,5964.51
13580,2283278,5964.51
13580,2304487,5964.51
13580,2325472,5964.51
13580,2346474,5964.44
13580,2367122,5964.44
13580,2388184,5964.44
13580,2409074,5964.45
13580,2430083,5964.45
13580,2451295,5964.47
13580,2472238,5964.47
13580,2493510,5964.53
13580,2514659,5964.53
13580,2535639,5964.53
13580,2556707,5964.43
13580,2577917,5964.43
13580,2598893,5964.51
13580,2619961,5964.51
13580,2641132,5964.42
13580,2662302,5964.42
13580,2683245,5964.42
13580,2704119,5964.44
13580,2724862,5964.44
13580,2745709,5964.38
13580,2766358,5964.38
13580,2787284,5964.49
13580,2808569,5964.49
13580,2829428,5964.54
13580,2850416,5964.54
13580,2871675,5964.54
13580,2892577,5964.49
13580,2913896,5964.49
13580,2935008,5964.57
13580,2956513,5964.57
13580,2977713,5964.46
13580,2999400,5964.46
13580,3020405,5964.46
13580,3041768,5964.51
13580,3063258,5964.51
13580,3084267,5964.56
13580,3105127,5964.56
13580,3126565,5964.56
13580,3147887,5964.56
13580,3168596,5964.62
13580,3189374,5964.62
13580,3210604,5964.62
13580,3231355,5964.56
13580,3251944,5964.56
13580,3263119,5964.61
13580,3263369,5964.61
13580,3263717,5965.54
13580,3264582,5965.54
13580,3273194,5965.54
13580,3291202,5965.54
13580,3311554,5965.54
13580,3332284,5964.61
13580,3352883,5964.61
13580,3373803,5964.53
13580,3394868,5964.53
13580,3415940,5964.56
13580,3436978,5964.56
13580,3457584,5964.56
13580,3478320,5964.72
13580,3499468,5964.72
13580,3520304,5964.55
13580,3541237,5964.55
13580,3562473,5964.64
13580,3583198,5964.64
13580,3604161,5964.7
13580,3625219,5964.7
13580,3646132,5964.7
13580,3667013,5964.58
13580,3688249,5964.58
13580,3709296,5964.64
13580,3730383,5964.64
13580,3751734,5964.59
13580,3772998,5964.59
13580,3794124,5964.59
13580,3815146,5964.54
13580,3836478,5964.54
13580,3857458,5964.54
13580,3878361,5964.54
13580,3899523,5964.58
13580,3920575,5964.58
13580,3941312,5964.74
13580,3962518,5964.74
13580,3983548,5964.74
13580,4004532,5964.72
13580,4025640,5964.72
13580,4046525,5964.53
13580,4067259,5964.53
13580,4088369,5964.67
13580,4109899,5964.67
13580,4131402,5964.67
13580,4152512,5964.67
13580,4173871,5964.67
13580,4195378,5964.63
13580,4216645,5964.63
13580,4237647,5964.63
13580,4259000,5964.63
13580,4279912,5964.64
13580,4301048,5964.64
13580,4322107,5964.64
13580,4343371,5964.59
13580,4364481,5964.59
13580,4385590,5964.51
13580,4406833,5964.51
13580,4427976,5964.46
13580,4448971,5964.46
13580,4469820,5964.46
13580,4490689,5964.55
13580,4511955,5964.55
13580,4533003,5964.53
13580,4554134,5964.53
13580,4575186,5964.53
13580,4596277,5964.53
13580,4617143,5964.6
13580,4638005,5964.6
13580,4659123,5964.6
13580,4680154,5964.47
13580,4700854,5964.47
13580,4721852,5964.49
13580,4742709,5964.49
13580,4763654,5964.48
13580,4784461,5964.48
13580,4805319,5964.48
13580,4826043,5964.49
13580,4846914,5964.49
13580,4868032,5964.45
13580,4888804,5964.45
13580,4909464,5964.48
13580,4929996,5964.48
13580,4950274,5964.53
13580,4970827,5964.53
13580,4991742,5964.53
13580,5012302,5964.51
13580,5032958,5964.51
13580,5054015,5964.55
13580,5075139,5964.55
13580,5096248,5964.51
13580,5117129,5964.51
13580,5138233,5964.51
13580,5159167,5964.53
13580,5180267,5964.53
13580,5201401,5964.61
13580,5222340,5964.61
13580,5243723,5964.49
13580,5264819,5964.49
13580,5286067,5964.65
13580,5306958,5964.65
13580,5327950,5964.65
13580,5349169,5964.48
13580,5370168,5964.48
13580,5391287,5964.56
13580,5412454,5964.56
13580,5433488,5964.53
13580,5454559,5964.53
13580,5475297,5964.53
13580,5496255,5964.66
13580,5517467,5964.66
13580,5538425,5964.5
13580,5559372,5964.5
13580,5580484,5964.48
13580,5601278,5964.48
13580,5622471,5964.57
13580,5643446,5964.57
13580,5664715,5964.57
13580,5685821,5964.54
13580,5706742,5964.54
13580,5727804,5964.49
13580,5749045,5964.49
13580,5770221,5964.56
13580,5791325,5964.56
13580,5812531,5964.56
13580,5833901,5964.57
13580,5854800,5964.57
13580,5875662,5964.52
13580,5896624,5964.52
13580,5917635,5964.55
13580,5938786,5964.55
13580,5960048,5964.6
13580,5981253,5964.6
13580,6002442,5964.6
13580,6023758,5964.5
13580,6045131,5964.5
13580,6066106,5964.57
13580,6087496,5964.57
13580,6108616,5964.6
13580,6129994,5964.6
13580,6151242,5964.6
13580,6172298,5964.52
13580,6193196,5964.52
13580,6214103,5964.57
13580,6235209,5964.57
13580,6256317,5964.56
13580,6277304,5964.56
13580,6298436,5964.7
13580,6319423,5964.7
13580,6340552,5964.7
13580,6361420,5964.6
13580,6382510,5964.6
13580,6403561,5964.64
